Date,RELIANCE,TCS,HDFCBANK,INFY,HINDUNILVR,ICICIBANK,BHARTIARTL,SBIN,LT,ITC
2016-02-16,201.635223,896.084473,223.787842,411.875,683.257629,166.900818,269.163635,141.165298,629.529968,132.458832
2016-02-17,206.413101,900.03949,224.121155,419.012085,691.211243,161.93454,272.791718,143.466934,640.050659,134.408707
2016-02-18,203.704559,915.979248,227.466125,428.763763,703.843872,166.518784,274.200317,144.234146,655.560791,136.918915
2016-02-19,204.625458,917.482239,227.431625,430.233093,704.013977,168.768463,278.340637,148.656815,656.045532,136.515518
2016-02-22,208.514908,915.99884,227.305161,430.004089,732.979248,168.471359,280.944366,148.882477,655.617798,134.408707
2016-02-23,205.773895,895.471191,223.006195,428.95459,711.882385,162.995697,274.285645,143.06076,644.441467,131.696762
2016-02-24,206.42395,874.488342,218.304932,429.507996,711.797729,158.751007,276.547882,141.075073,634.605042,128.917618
2016-02-25,204.57132,875.239929,216.707184,423.763916,716.944275,155.35527,275.352814,137.013397,619.5224,128.290039
2016-02-26,205.925568,874.310608,220.925705,427.904938,722.983826,156.883362,271.425903,140.714005,633.322021,130.41925
2016-02-29,209.457504,860.981384,223.420013,413.745178,706.395874,161.340286,269.334351,143.286423,613.563599,132.526031
2016-03-01,212.631912,900.474426,226.247681,429.546112,701.079163,173.989426,273.773499,146.264984,640.905945,145.839172
2016-03-02,217.008957,917.165771,231.546661,441.206024,722.430969,186.76593,278.59671,163.504471,648.860596,143.239288
2016-03-03,219.468307,938.64325,233.535217,446.282257,722.13324,185.068039,284.615143,164.948639,688.320129,142.61174
2016-03-04,218.070694,932.472656,234.615738,446.797455,722.005554,187.190384,281.072449,170.048248,680.394165,141.289398
2016-03-07,218.070694,932.472656,234.615738,446.797455,722.005554,187.190384,281.072449,170.048248,680.394165,141.289398
2016-03-08,222.534393,931.187317,233.14444,444.049469,702.865723,184.091782,282.993164,165.490173,677.115356,143.553085
2016-03-09,225.71962,932.353882,235.592758,449.793518,714.264526,183.667313,285.639557,165.535294,691.598999,143.396179
2016-03-10,219.229965,928.814087,234.776642,436.053528,712.478027,182.945694,287.090759,162.917786,676.373962,141.692841
2016-03-11,219.825836,935.518372,236.489304,436.244415,724.429993,181.544952,287.901794,162.556732,676.088989,144.023758
2016-03-14,220.96344,931.463989,236.224976,435.557373,729.151245,188.166641,290.889618,164.046021,675.262146,145.704681
2016-03-15,221.125931,921.53595,236.029541,432.961975,715.242798,187.912003,292.725067,167.250229,673.294739,141.872131
2016-03-16,221.396759,920.409241,236.891632,439.851044,718.092468,192.199081,288.968811,167.159958,674.691833,144.35994
2016-03-17,222.629593,930.297424,234.12149,443.400635,722.771179,193.345184,290.889618,168.197937,680.422668,145.077133
2016-03-18,225.083771,959.487,236.420364,455.480377,721.665222,195.425079,293.920197,172.620636,683.87262,145.570206
2016-03-21,227.296906,967.555786,240.374481,456.052917,748.29126,199.372589,301.9021,177.630005,700.323547,148.573502
2016-03-22,229.608688,978.175964,242.271103,454.163605,740.2099,198.311462,299.554413,178.261826,705.541016,144.853027
2016-03-23,225.522018,978.452515,241.236572,460.976288,743.144775,198.820801,305.786285,177.449493,708.53479,145.346085
2016-03-24,225.522018,978.452515,241.236572,460.976288,743.144775,198.820801,305.786285,177.449493,708.53479,145.346085
2016-03-25,225.522018,978.452515,241.236572,460.976288,743.144775,198.820801,305.786285,177.449493,708.53479,145.346085
2016-03-28,223.593719,978.294434,240.811279,459.869446,734.680542,191.392624,298.615417,169.957977,687.892639,144.53923
2016-03-29,227.066818,976.712097,242.259628,456.949799,732.554016,189.652298,302.627686,171.041122,680.821777,143.441025
2016-03-30,229.433365,984.662415,244.822861,460.270172,732.979248,201.622299,302.03009,178.306961,700.266479,146.735672
2016-03-31,229.027985,996.844727,246.24823,464.983826,739.657043,200.900696,299.469055,175.328415,693.794312,147.139069
2016-04-01,226.672394,970.581604,244.707916,460.079346,738.210876,202.301437,286.365143,176.592026,705.883362,150.635452
2016-04-04,226.803879,977.443909,245.765427,474.678101,741.953796,202.683472,297.505585,175.734573,704.714233,148.237305
2016-04-05,225.028976,974.081909,243.098679,465.556213,738.806458,191.519958,282.139465,166.392761,681.50592,146.332275
2016-04-06,226.519028,981.656433,244.029785,458.266449,741.528442,188.930679,285.554138,165.941467,691.02887,146.085709
2016-04-07,227.285934,977.266113,242.650421,450.938477,731.575684,187.020569,282.779724,164.226532,674.520813,143.194473
2016-04-08,227.088745,961.939331,243.535507,444.927307,723.409119,187.827103,285.639557,165.264526,679.852295,143.978912
2016-04-11,227.954285,991.445618,246.202271,451.854523,735.233459,190.75589,297.292236,169.912857,691.884277,146.690842
2016-04-12,229.510056,995.994019,244.374603,451.205658,742.208984,194.194107,298.871521,169.506699,697.044739,144.51683
2016-04-13,233.596725,999.17804,248.685089,447.579956,763.645813,204.296448,299.853271,173.207306,704.172607,148.483871
2016-04-14,233.596725,999.17804,248.685089,447.579956,763.645813,204.296448,299.853271,173.207306,704.172607,148.483871
2016-04-15,233.596725,999.17804,248.685089,447.579956,763.645813,204.296448,299.853271,173.207306,704.172607,148.483871
2016-04-18,233.311859,996.626953,250.075912,472.769836,764.879272,201.32515,306.810669,168.558975,714.493713,150.344116
2016-04-19,233.311859,996.626953,250.075912,472.769836,764.879272,201.32515,306.810669,168.558975,714.493713,150.344116
2016-04-20,227.296906,969.177917,252.386322,474.639893,769.090088,202.089203,304.463043,169.055405,721.877991,150.388931
2016-04-21,228.140533,958.913452,250.846069,468.037201,769.047607,214.823257,304.975311,175.418701,713.894836,147.901108
2016-04-22,227.658463,956.006531,251.075897,462.293091,752.161804,213.931854,301.432526,180.653687,721.393433,146.040894
2016-04-25,222.826797,969.533081,251.328812,464.048798,752.119385,214.738342,306.426483,177.855698,721.621582,143.866852
2016-04-26,222.837738,984.781189,256.064575,470.269836,753.480347,215.67218,307.664337,181.375793,730.460022,146.758118
2016-04-27,223.374557,993.205811,258.443939,473.323212,758.967285,207.649719,318.463318,177.04335,727.86554,149.514816
2016-04-28,218.400513,999.791382,256.087585,461.491516,745.399048,203.829514,318.164581,173.342712,718.228699,144.740952
2016-04-29,215.332733,1002.856628,260.317596,461.090851,738.295837,201.15538,310.396179,170.589798,715.406006,145.659866
2016-05-02,216.264023,999.37616,256.938202,458.400024,734.935852,192.496231,305.444824,167.882034,713.210571,143.956497
2016-05-03,213.820816,980.152954,257.018677,449.526367,723.919678,187.699738,314.45105,166.121979,713.581238,141.670395
2016-05-04,214.324799,980.113708,259.168091,453.743774,725.961243,182.054337,308.560699,162.421341,710.958374,140.146347
2016-05-05,213.700272,977.06842,260.306122,455.117798,723.196533,182.224121,302.542297,162.782394,726.382935,142.387589
2016-05-06,212.319824,978.294434,257.39798,450.938477,725.961243,185.577408,306.554565,166.392761,718.741882,142.410004
2016-05-09,215.420395,993.77948,262.398102,457.636749,719.240906,191.265259,313.127838,170.319031,738.186401,145.592621
2016-05-10,215.299896,997.872742,263.202698,462.884644,733.65979,191.435059,314.877869,171.041122,752.727356,145.009903
2016-05-11,213.73317,996.053406,261.800385,458.705475,733.744812,190.119202,306.383881,166.979462,757.118042,142.544495
2016-05-12,217.545929,1014.999451,264.168304,461.816071,725.621033,196.783325,309.11557,170.138504,750.475037,142.63414
2016-05-13,214.33577,998.070862,262.283142,460.766479,707.586548,192.284012,302.969116,166.84404,733.596313,143.149628
2016-05-16,213.853683,1009.046387,267.31781,463.724274,719.878906,189.949387,301.731323,159.578201,731.74292,147.654602
2016-05-17,212.363632,1016.581482,265.168274,463.438019,709.500732,191.817078,299.810516,159.623322,736.219299,148.147675
2016-05-18,212.67041,1009.027161,262.225708,461.758698,702.2276,192.241547,299.853271,162.421341,746.911072,149.133835
2016-05-19,208.430374,1011.34082,261.915314,460.193939,693.380554,191.477524,294.347046,155.877548,721.963623,145.615005
2016-05-20,204.705261,1000.404175,262.283142,458.610016,691.08374,186.850815,291.914062,154.659058,715.691101,148.080444
2016-05-23,203.784943,985.433594,261.329102,453.419312,697.20874,187.699738,295.243378,151.996414,707.764954,155.476593
2016-05-24,206.074814,976.039673,262.064758,453.323914,700.185852,190.628586,294.645844,152.989273,708.306702,156.014526
2016-05-25,208.430374,999.276733,269.731689,461.300751,714.647217,199.499954,300.194672,158.043777,736.504333,159.600555
2016-05-26,207.477173,1008.07782,272.019043,471.033173,723.366638,204.720917,301.219086,166.212219,840.599182,162.469345
2016-05-27,213.579773,1017.550232,272.835175,476.12851,732.596436,206.418793,299.853271,176.817673,841.026917,161.057343
2016-05-30,212.265015,1042.765381,271.214386,483.799957,726.769348,207.564819,303.822815,179.480347,847.983643,163.827225
2016-05-31,209.887543,1016.265137,271.70874,476.567444,721.537598,207.692184,299.981323,184.986145,840.257019,161.322662
2016-06-01,208.956253,1041.638062,270.156982,480.21228,727.44989,203.787079,310.097351,178.938766,835.410278,166.078949
2016-06-02,209.536911,1048.203613,270.110931,481.490936,738.551086,204.890717,312.615662,181.01474,842.366821,164.516495
2016-06-03,210.281952,1040.055664,269.375305,483.532776,752.714844,206.928162,305.743622,179.780212,832.872742,162.63237
2016-06-06,209.219238,1044.032104,269.225861,483.475555,748.036011,206.715927,297.719055,181.883453,837.20636,163.41362
2016-06-07,209.274002,1051.485229,269.823547,479.906952,763.093079,215.714645,298.060547,192.171005,848.439941,166.699341
2016-06-08,209.065811,1044.271973,267.27179,472.540802,763.22052,218.728348,301.04837,192.673935,861.726074,166.722305
2016-06-09,212.80188,1029.945312,266.536133,457.73349,745.569153,216.096664,299.853271,191.988113,850.463928,162.724304
2016-06-10,214.018021,1021.353271,266.984406,455.841614,744.038025,214.441238,299.725189,188.330338,848.325806,161.161835
2016-06-13,214.982132,1017.856812,265.041809,455.957336,743.655212,206.928162,292.298157,184.535355,836.037292,160.794205
2016-06-14,213.919418,1013.000793,264.800446,453.679352,736.424316,207.946854,292.511627,189.930603,832.844177,162.356628
2016-06-15,215.7491,1021.792786,268.869568,459.451752,744.038025,210.493668,300.408112,197.566238,863.208679,165.22879
2016-06-16,213.930359,1022.372314,267.168365,457.926544,748.121216,207.1147,295.798279,197.520508,852.032227,163.091919
2016-06-17,213.623566,1040.076172,268.973022,455.416779,749.737488,206.594849,304.761871,195.18866,844.077637,165.366669
2016-06-20,216.976166,1062.734985,269.444275,466.710571,748.078552,206.291595,311.164398,197.429047,859.359619,164.539505
2016-06-21,216.296875,1059.497681,268.202881,465.687347,740.295044,206.075012,309.200928,195.69162,852.374329,164.746292
2016-06-22,214.850693,1066.071655,269.31781,463.138977,739.004944,207.071365,309.926575,194.68573,850.521118,163.000031
2016-06-23,214.839752,1057.160278,273.593811,467.810944,747.691345,208.717545,311.420532,198.937912,854.54126,165.550476
2016-06-24,208.485153,1028.626587,267.11087,461.227814,738.875916,200.096817,303.780121,193.176895,815.765808,162.724304
2016-06-27,209.405457,997.415588,266.662567,450.281586,738.66095,201.612991,299.767914,198.572113,836.379578,164.953064
2016-06-28,209.876572,984.667419,268.271851,447.559479,763.516663,202.002884,304.847198,197.429047,840.542297,169.341721
2016-06-29,211.870605,1000.232605,270.786652,454.393707,760.119263,205.035309,304.078918,198.617859,845.759827,168.330734
2016-06-30,212.363632,1020.294312,272.675629,452.057739,772.805298,208.414322,313.127838,200.080963,853.34375,169.295746
2016-07-01,213.305862,999.413696,272.223694,452.675415,771.98822,208.241028,314.45105,200.812531,879.659729,173.948639
2016-07-04,216.209259,996.756165,271.82962,457.13504,768.074829,214.998978,318.719421,203.921631,894.171997,168.813248
2016-07-05,217.611664,993.199097,270.160797,453.853027,765.623718,212.35643,312.359589,204.37886,898.733765,167.88266
2016-07-06,217.611664,993.199097,270.160797,453.853027,765.623718,212.35643,312.359589,204.37886,898.733765,167.88266
2016-07-07,216.472198,971.019897,274.807953,446.825775,789.791382,212.139847,310.182678,201.224045,886.416931,170.260788
2016-07-08,214.390564,969.740967,272.304718,447.192719,791.855469,209.627274,303.097229,199.623734,873.957397,169.468094
2016-07-11,217.480164,984.747009,278.076019,453.698669,799.338013,216.471909,307.194855,205.476196,889.439087,171.742844
2016-07-12,219.868622,985.066833,278.632324,454.277832,795.811768,226.738815,310.139984,207.305084,894.115051,171.22583
2016-07-13,221.040924,996.316101,277.612457,460.938263,797.660889,226.262283,310.481476,208.219543,884.649231,170.329712
2016-07-14,220.197281,1007.825684,278.215149,454.162048,802.391113,232.717041,313.25592,212.151657,892.090698,171.432632
2016-07-15,221.79689,977.234375,283.627075,414.122345,809.744751,230.247787,323.457336,211.694427,904.293518,171.536041
2016-07-18,220.493118,972.478882,284.496307,417.75174,792.930542,228.211731,309.585144,209.179718,897.764404,171.570496
2016-07-19,223.024002,985.566345,282.387085,419.682343,769.881104,233.193573,310.993622,209.957001,896.852112,171.673874
2016-07-20,224.163437,997.055725,285.597229,418.195831,779.986755,231.763992,310.225342,211.374359,895.740051,172.501099
2016-07-21,220.515015,1001.491333,284.762848,416.960236,782.695862,226.912109,314.0242,206.344894,888.156128,172.742325
2016-07-22,222.377579,1005.108398,285.272797,414.08374,776.804504,228.255035,313.597443,204.37886,897.536133,172.225342
2016-07-25,224.108658,1025.281372,289.015991,417.327057,780.029785,232.760315,317.524292,210.231308,904.32196,173.535049
2016-07-26,224.393539,1022.737427,287.126984,420.358063,776.37439,226.695511,315.731567,207.305084,908.199585,173.535049
2016-07-27,221.994095,1032.733765,286.698212,419.064545,777.363525,234.44986,318.036438,209.636948,913.588135,170.536545
2016-07-28,224.897491,1049.44165,289.363647,416.033569,782.136841,235.662811,317.481659,211.237198,899.389648,175.292801
2016-07-29,222.388535,1049.461914,288.842133,414.624268,793.446594,227.778503,309.072906,209.774094,888.897461,174.017578
2016-08-01,221.205276,1085.101074,287.938263,419.02597,795.553772,216.16864,310.73761,207.853775,851.747192,172.742325
2016-08-02,221.928391,1081.474976,288.170013,418.466125,797.61792,212.529739,305.444824,208.539597,857.249817,179.773346
2016-08-03,217.797913,1064.286377,287.50943,418.890808,785.921143,209.757263,306.341156,207.259369,843.136658,174.189896
2016-08-04,217.589752,1062.563599,287.636963,413.832794,789.576355,208.241028,312.658356,206.344894,837.748108,173.776306
2016-08-05,222.684357,1061.401367,289.549072,412.365631,795.983765,213.092911,310.73761,212.837494,862.296387,174.086533
2016-08-08,225.53299,1061.561768,289.630219,416.496979,799.424011,212.486404,300.109344,213.294724,859.416687,172.29425
2016-08-09,225.850677,1061.842163,289.073914,418.311615,803.509338,212.573059,298.316589,215.032166,855.881409,170.708862
2016-08-10,219.923401,1071.939087,284.368835,417.90625,795.510742,207.374619,295.755615,211.694427,845.759827,169.916138
2016-08-11,222.213257,1085.761841,284.681732,415.975677,804.713379,210.277115,296.83548,207.716568,840.912842,173.46611
2016-08-12,226.968231,1097.201294,284.786011,410.261292,804.154236,213.092911,298.078156,222.484924,850.720642,175.154922
2016-08-15,226.968231,1097.201294,284.786011,410.261292,804.154236,213.092911,298.078156,222.484924,850.720642,175.154922
2016-08-16,224.579773,1078.470215,284.461578,406.110565,796.585876,215.345566,293.492981,225.639755,858.960388,175.844223
2016-08-17,222.037933,1051.56543,286.223022,398.967529,785.40509,214.522491,296.235504,225.182526,856.765137,174.879196
2016-08-18,223.078796,1057.174805,290.302338,395.14505,779.986755,219.114441,302.6633,227.14859,855.523987,173.81076
2016-08-19,222.388535,1043.131348,289.050781,394.334198,783.211975,219.980835,301.163544,236.384491,862.595276,172.983627
2016-08-22,221.7202,1021.174744,289.79245,392.0755,799.896973,218.551285,300.13504,233.001038,861.613892,175.154922
2016-08-23,221.413437,1042.149536,290.058929,401.419312,792.715576,216.775131,303.177551,232.955322,852.666748,173.293762
2016-08-24,223.615631,1030.530762,292.457916,408.272858,790.737305,215.258926,302.191956,232.635254,850.559753,172.501099
2016-08-25,221.906494,1022.116333,291.704651,400.067993,783.340881,213.959305,296.535492,228.748871,839.678894,174.706879
2016-08-26,225.237152,1011.658875,291.36853,393.928833,777.922485,212.529739,294.778534,225.502579,823.83374,174.948151
2016-08-29,231.712265,1001.882629,286.964722,394.913391,778.524658,217.035049,293.621582,227.742981,842.478516,174.25882
2016-08-30,233.673416,1019.351746,294.045532,401.709015,795.381592,222.016891,284.408356,230.669205,851.800842,177.360733
2016-08-31,232.271011,1006.18988,299.272156,399.952087,788.716309,223.533112,284.237,230.897827,873.331787,179.256378
2016-09-01,225.522018,1004.667358,297.533813,400.608521,796.24176,226.089005,266.410583,230.440582,869.955017,179.911194
2016-09-02,222.048904,1007.59259,297.858276,398.407684,791.898499,226.392288,273.309723,232.818161,868.771545,181.220917
2016-09-05,222.048904,1007.59259,297.858276,398.407684,791.898499,226.392288,273.309723,232.818161,868.771545,181.220917
2016-09-06,223.484161,995.272095,301.404572,403.485046,806.605408,236.269287,275.538055,237.84761,875.323303,181.014114
2016-09-07,222.99115,977.843018,298.240753,407.095215,802.434143,240.991226,274.381042,243.97438,876.391235,181.151978
2016-09-08,226.442322,930.384094,298.85495,400.647125,818.388245,239.431656,278.023468,245.391815,888.657593,182.599533
2016-09-09,228.885529,942.544067,299.086761,399.817017,799.811096,237.482285,276.052246,241.505432,876.073669,178.050049
2016-09-12,229.312836,945.188599,296.653107,406.959991,789.920227,232.370468,272.581238,231.126419,844.614319,173.8797
2016-09-13,229.312836,945.188599,296.653107,406.959991,789.920227,232.370468,272.581238,231.126419,844.614319,173.8797
2016-09-14,228.929382,932.928345,294.230988,403.716675,781.319763,235.186295,274.123932,235.515778,851.598816,173.603989
2016-09-15,233.366638,932.327515,296.583527,402.403839,786.093079,234.44986,276.566498,234.098389,848.683838,176.395676
2016-09-16,235.678375,946.250305,300.813507,409.334564,784.11499,231.634018,277.33786,232.543839,850.386719,179.46315
2016-09-19,237.179398,966.183594,299.028839,409.73999,784.330017,235.316238,277.809204,233.77832,854.196411,178.429199
2016-09-20,235.382568,964.200073,298.634766,405.473572,776.54657,235.749451,273.566833,232.680984,851.974182,177.119507
2016-09-21,234.955276,966.964905,299.689362,407.635742,785.276062,233.843369,275.837952,229.6633,849.751648,174.844742
2016-09-22,238.614639,952.78125,302.911102,408.813354,782.781799,238.695251,280.251801,235.835831,865.827881,175.947662
2016-09-23,241.649475,960.835022,304.255402,402.539093,783.125793,235.013016,280.208893,232.772446,864.124939,174.706879
2016-09-26,242.613647,962.036682,300.419464,399.971436,767.687805,227.475281,274.55246,230.120529,846.057373,170.984589
2016-09-27,243.336731,976.060242,300.859894,401.457977,771.730225,225.26593,269.795959,227.697266,829.144287,169.468094
2016-09-28,238.987167,970.831604,300.210907,401.149048,763.000549,225.915741,275.752258,232.040878,840.40033,170.226334
2016-09-29,234.99913,976.741211,296.096832,397.384491,755.389099,216.90509,270.567261,226.096954,829.837036,169.36467
2016-09-30,237.464233,973.936462,295.019043,400.029358,746.401306,218.464615,269.110291,229.754745,827.26825,166.366165
2016-10-03,238.998093,966.283691,298.345062,400.820862,747.175354,221.930237,273.138306,233.458282,848.943481,167.021011
2016-10-04,240.23616,963.659241,298.889771,405.10672,739.994019,223.706406,277.680634,237.527573,836.504028,166.262787
2016-10-05,238.713226,956.126648,298.090118,402.133636,749.067749,221.323761,275.709442,238.533478,839.274841,165.573471
2016-10-06,243.402481,957.088257,297.128265,396.689514,760.678284,217.68486,276.223663,234.829941,839.592346,163.643372
2016-10-07,243.008041,948.694702,296.815338,390.95578,754.48584,217.121689,273.781128,236.567429,841.006409,164.711807
2016-10-10,240.23616,953.703125,297.684509,397.674042,753.539917,216.688477,270.738617,234.647049,836.994751,165.504517
2016-10-11,240.23616,953.703125,297.684509,397.674042,753.539917,216.688477,270.738617,234.647049,836.994751,165.504517
2016-10-12,240.23616,953.703125,297.684509,397.674042,753.539917,216.688477,270.738617,234.647049,836.994751,165.504517
2016-10-13,231.646515,933.108582,292.67804,406.322998,741.413086,208.934143,262.896698,228.291626,830.298828,164.711807
2016-10-14,236.138535,948.053528,292.457916,396.592957,724.384033,209.453979,261.739685,230.532059,851.339111,165.366669
2016-10-17,232.413437,946.551086,286.872009,394.758972,730.404358,224.182922,258.22583,231.537933,835.81134,165.849197
2016-10-18,236.894547,961.676025,291.542389,401.187653,735.865723,234.233261,262.811066,234.921371,859.074158,169.537033
2016-10-19,238.264038,959.632751,291.658264,402.249573,727.609009,229.641296,263.068085,233.549713,860.690308,165.056442
2016-10-20,238.307877,962.056702,290.997681,400.261017,722.706726,240.514679,264.910736,237.939072,867.963623,164.987534
2016-10-21,233.19136,973.075134,294.520721,405.197754,732.08136,240.341415,265.467834,236.384491,872.11969,165.538986
2016-10-24,232.99411,975.304626,292.863495,400.826843,729.630249,246.536255,262.811066,240.453812,861.613892,166.366165
2016-10-25,232.457245,963.553955,289.79245,396.963379,715.869202,250.608353,267.224731,239.082138,856.678528,164.573929
2016-10-26,230.967224,962.6698,287.24295,395.792725,724.899963,241.20784,272.281281,236.613113,855.639587,164.573929
2016-10-27,229.794907,971.448242,290.209595,391.616943,722.706726,246.319641,276.909302,233.549713,851.598816,167.572449
2016-10-28,231.164444,963.654175,291.820496,389.275513,719.438477,239.864899,273.266846,235.927261,854.716003,167.572449
2016-10-31,231.164444,963.654175,291.820496,389.275513,719.438477,239.864899,273.266846,235.927261,854.716003,167.572449
2016-11-01,230.298904,944.089539,291.994324,386.133972,724.425659,238.565292,272.067017,236.796021,844.58551,165.401138
2016-11-02,224.327774,925.629395,288.830566,382.855774,729.499451,235.576187,265.339264,229.571854,836.215393,163.574417
2016-11-03,224.371613,931.816101,290.870178,377.31424,728.025085,233.713409,264.782166,224.63385,833.64679,165.64238
2016-11-04,220.339737,936.275635,288.262695,378.933807,735.483887,233.756699,262.853821,222.07341,819.562195,171.673874
2016-11-07,219.375626,914.782532,289.595428,381.646118,726.507202,241.467728,261.911194,231.080688,806.978333,176.809296
2016-11-08,219.890533,917.253174,290.719543,383.460724,732.534973,245.366592,261.311218,231.034988,806.516602,176.188889
2016-11-09,220.131577,871.716125,290.012604,373.97757,718.397827,243.850342,257.968811,237.756165,802.620178,171.053528
2016-11-10,221.402512,865.930969,296.34021,366.601929,709.941406,253.510788,264.525085,257.233826,815.117432,173.052521
2016-11-11,219.507065,844.116577,295.702759,359.635895,695.370422,239.475021,258.311554,249.643982,801.667725,167.46907
2016-11-14,219.507065,844.116577,295.702759,359.635895,695.370422,239.475021,258.311554,249.643982,801.667725,167.46907
2016-11-15,215.924408,852.211426,290.823883,360.416382,698.579712,233.713409,259.382843,254.399109,790.988892,163.712296
2016-11-16,216.176376,879.650513,288.413361,367.187317,701.44165,230.637634,265.38208,253.484665,794.019348,159.162827
2016-11-17,214.248108,858.599243,285.133667,362.855438,703.957031,231.893936,254.669189,253.713242,791.392944,159.576416
2016-11-18,216.384552,853.738159,280.776245,359.030975,696.324646,229.251419,260.325592,252.204453,791.075439,157.06041
2016-11-21,217.261078,856.871582,277.832642,355.557709,691.901367,226.305618,256.683167,235.332886,778.058777,154.544403
2016-11-22,219.44133,857.715271,277.681976,356.767578,711.112427,227.605225,260.49704,235.332886,767.466309,155.854111
2016-11-23,221.095718,866.292542,274.599335,359.128571,721.346741,229.554642,257.583069,236.521652,783.455872,154.854599
2016-11-24,216.351685,879.188416,270.137634,363.050537,715.795959,224.659424,259.168579,239.356461,779.068848,154.06189
2016-11-25,217.743118,924.14325,275.653931,381.470428,722.994568,225.35257,257.968811,238.624908,791.219849,157.715256
2016-11-28,216.198288,917.012329,274.529816,382.348541,726.680725,221.193802,273.223999,231.857971,783.282715,161.092926
2016-11-29,218.619614,907.872681,273.20871,379.558197,722.213928,221.323761,278.409058,231.080688,780.685242,159.266235
2016-11-30,216.943314,914.380798,278.04129,380.709442,732.014771,230.074478,278.194855,236.247345,798.175476,160.265732
2016-12-01,218.630554,909.31897,277.496613,380.728943,735.570679,224.529495,272.709808,233.77832,801.408081,160.955032
2016-12-02,217.973206,892.606628,275.607605,376.397186,721.130005,224.832718,273.052673,232.360931,786.111267,157.508469
2016-12-05,217.77597,878.204102,277.287964,375.284943,732.795288,226.002396,280.037476,234.921371,782.820923,160.300232
2016-12-06,220.263046,876.737793,276.847595,377.177704,725.076233,226.132339,281.83725,236.933167,786.284424,158.680298
2016-12-07,218.937332,865.569519,273.869293,377.138641,723.081299,224.139603,281.237274,233.732605,781.464417,156.612335
2016-12-08,223.517029,882.120972,278.018127,384.260712,731.147278,227.648544,284.922638,237.664703,789.055115,160.817215
2016-12-09,225.467224,881.920227,277.73999,386.094879,732.925354,232.587067,284.536957,243.83725,786.313293,162.781723
2016-12-12,225.083771,887.122986,274.529816,381.411865,722.127319,229.468018,282.094421,241.093918,787.900635,160.127869
2016-12-13,227.844711,883.948914,274.947021,386.426666,720.869629,229.078125,282.822845,243.38002,794.106018,162.437073
2016-12-14,232.161453,886.881592,272.50177,390.153473,712.760315,225.742447,276.480774,240.408051,785.014587,160.713776
2016-12-15,230.726181,907.651672,272.710388,387.265625,707.773254,225.525848,272.924072,242.694153,783.224915,158.335632
2016-12-16,231.646515,917.032227,274.031525,392.260895,708.553833,221.45372,265.896362,242.099777,785.389648,156.026443
2016-12-19,232.829773,919.542969,272.745209,392.065796,702.309204,222.753342,261.825409,238.990662,776.355896,156.474472
2016-12-20,231.810867,939.790894,273.938782,394.992645,695.066956,217.988098,259.29715,232.772446,782.445801,158.507965
2016-12-21,232.983154,929.466125,273.498444,390.855957,691.077393,219.417694,258.568634,233.503998,774.653076,155.991959
2016-12-22,230.813828,927.095764,271.899139,384.280243,682.621033,219.157761,250.469635,228.428818,758.865723,156.853607
2016-12-23,231.679367,919.221558,274.947021,385.743713,684.746033,218.204712,253.297852,227.834412,772.026733,154.889069
2016-12-26,229.520996,921.230591,272.339508,383.519226,695.413879,214.998978,253.769257,223.307907,772.113342,155.095871
2016-12-27,233.300873,933.403015,274.703705,389.841309,699.707092,219.677597,256.76886,227.468643,782.50354,161.334183
2016-12-28,230.014023,929.38562,275.062897,389.66568,702.786133,218.118057,256.683167,226.554199,779.242126,162.29921
2016-12-29,233.465256,944.772461,279.339233,387.265625,709.89801,217.554901,259.6828,226.462738,773.036865,162.678329
2016-12-30,237.179398,950.336792,279.571045,394.387695,716.706482,221.193802,261.953949,228.794586,778.751465,166.572968
2017-01-02,237.771027,948.649353,277.461823,390.680328,715.839233,218.291351,266.539154,222.759232,784.812439,166.090454
2017-01-03,238.713226,951.421082,275.79306,387.851074,719.742065,220.414047,260.925537,223.948029,789.199463,167.744812
2017-01-04,233.837753,955.940735,274.773224,389.373016,712.586731,217.554901,269.024536,222.119125,794.625488,169.192337
2017-01-05,236.083771,937.82251,274.935425,388.748596,722.60437,222.883301,275.195251,224.359512,803.688049,170.08844
2017-01-06,235.546936,916.530212,276.66217,379.421631,723.124634,223.663086,274.038208,224.862457,802.908752,167.296738
2017-01-09,236.14949,925.488892,277.021393,378.680176,720.78302,224.139603,272.495575,225.914078,796.963379,169.468094
2017-01-10,238.811859,930.169128,281.460022,378.758179,720.349365,225.439209,274.338135,227.057144,800.917358,171.60495
2017-01-11,237.979187,933.805054,286.014465,378.192352,729.846313,229.338043,276.609314,230.577759,815.261719,170.639923
2017-01-12,237.376587,941.819763,286.246216,390.270569,716.316223,232.500443,275.795135,229.754745,836.619568,168.6409
2017-01-13,238.932388,903.634521,285.666809,380.806976,718.094299,232.240509,274.423889,229.434692,830.500854,172.087479
2017-01-16,235.831772,907.350586,289.178253,372.943451,717.704041,233.323517,273.052673,233.869781,832.838562,171.501572
2017-01-17,228.162445,915.465454,287.057465,372.845917,729.109192,232.543747,272.966919,234.098389,834.541504,173.672913
2017-01-18,226.256073,922.033936,288.007721,371.05072,750.185059,232.587067,269.024536,236.247345,838.408936,172.914642
2017-01-19,226.508072,920.386658,286.547546,373.899506,746.151855,233.670105,271.76709,236.293045,836.677368,175.189407
2017-01-20,224.776993,918.117065,286.559113,370.231201,746.282043,228.255035,274.723816,229.571854,816.647217,176.051056
2017-01-23,222.607681,929.337341,288.48291,371.792175,747.973267,223.143234,273.952515,232.406662,804.409668,178.980621
2017-01-24,225.105682,934.031311,293.790649,369.001862,746.195374,222.796661,271.252838,233.092484,819.562195,179.1185
2017-01-25,222.914459,947.991394,299.133118,365.509125,753.870972,225.22261,266.839081,237.024628,836.850403,183.013123
2017-01-26,222.914459,947.991394,299.133118,365.509125,753.870972,225.22261,266.839081,237.024628,836.850403,183.013123
2017-01-27,224.623611,949.924927,299.434418,367.67511,742.379028,235.662811,277.4664,243.654373,831.164673,177.429672
2017-01-30,228.940323,939.893066,297.823547,370.484863,740.297485,234.623123,296.235504,241.368256,832.838562,176.5336
2017-01-31,229.027985,898.355347,298.21759,362.387146,741.9021,233.020279,298.420959,238.076218,834.830139,177.912186
2017-02-01,230.003067,873.416504,302.632965,357.762634,740.731201,243.46048,295.76416,247.540741,860.228577,185.908234
2017-02-02,228.655502,889.431702,301.010498,365.236023,733.142212,247.619247,302.79184,249.91832,852.291443,189.079102
2017-02-03,226.497101,899.463623,303.872925,365.314026,737.001709,243.936996,303.220367,253.804718,854.716003,188.217484
2017-02-06,228.250122,902.767212,304.579895,364.9823,746.368774,251.518036,304.463104,253.347534,856.50531,190.802399
2017-02-07,225.894501,904.318359,302.969055,367.714111,741.771912,249.611984,302.6633,254.124771,866.029907,191.009171
2017-02-08,224.634567,914.934448,302.621338,365.470154,739.777283,247.619247,301.849152,253.484665,869.810669,189.423752
2017-02-09,226.299896,933.608032,300.767181,369.17749,737.869019,246.926102,304.463104,252.250122,860.488342,191.388306
2017-02-10,225.730179,966.100769,302.14621,377.880066,737.999084,243.980347,306.434296,252.707367,866.9823,188.42424
2017-02-13,225.664429,972.66803,303.675934,384.143616,747.886597,244.023651,306.862854,248.409454,865.943115,186.528595
2017-02-14,230.035965,969.444641,303.884583,385.450958,735.614075,246.622879,316.204498,247.083496,861.585083,186.666489
2017-02-15,230.364639,972.446228,306.457306,383.148499,737.261841,243.243881,313.076324,245.940445,854.311707,188.45871
2017-02-16,233.914474,986.164429,307.778442,394.973083,733.835999,241.554398,313.419189,247.35788,848.683838,183.805832
2017-02-17,235.667419,970.109497,319.170319,390.290131,729.629517,245.193298,316.675903,246.306259,853.157349,184.839813
2017-02-20,235.645523,1008.10199,326.598785,394.251129,741.078247,244.630142,321.689606,246.580566,855.841553,183.392212
2017-02-21,238.450302,993.255127,328.093842,395.558502,748.276733,246.752869,310.976624,247.540741,856.216675,181.393219
2017-02-22,264.591736,971.56012,324.292664,386.407135,749.491089,247.922485,309.391083,249.00383,852.55127,181.600021
2017-02-23,259.168457,999.883057,323.168549,393.704834,744.374023,246.492889,313.890533,247.312149,858.121582,183.116501
2017-02-24,259.168457,999.883057,323.168549,393.704834,744.374023,246.492889,313.890533,247.312149,858.121582,183.116501
2017-02-27,271.472198,1003.125977,323.006287,395.09021,751.485901,241.597717,304.848785,245.300339,846.143921,182.392746
2017-02-28,271.28595,993.618164,322.195038,395.09021,751.008972,239.431656,312.947784,246.169083,848.077759,180.738388
2017-03-01,270.508087,998.97644,322.554321,400.065887,759.335266,241.814301,310.8909,248.500916,852.089355,185.08107
2017-03-02,271.001129,1007.799255,319.877258,399.343964,761.069702,241.424408,305.834351,244.431625,850.819519,182.496124
2017-03-03,275.777954,1004.817993,319.158752,402.42691,760.766113,239.085098,305.234436,242.37413,848.741638,180.290329
2017-03-06,286.032959,996.135864,320.027954,403.480621,757.25354,239.778259,309.81958,246.763489,857.544312,182.04808
2017-03-07,285.945343,1007.134766,321.291077,397.978027,756.342712,239.128433,309.476807,244.888855,858.006287,182.151505
2017-03-08,282.932373,1012.130493,322.681793,393.295044,755.692322,237.742188,309.133972,246.809174,852.176025,182.082565
2017-03-09,281.957275,1015.172546,323.145386,394.758484,754.825012,236.962418,308.705414,249.872589,852.5224,182.634003
2017-03-10,280.839722,1024.237061,324.512817,398.778046,759.075012,234.40654,312.733551,248.775253,861.007812,181.600021
2017-03-13,280.839722,1024.237061,324.512817,398.778046,759.075012,234.40654,312.733551,248.775253,861.007812,181.600021
2017-03-14,282.559845,1034.409912,326.969727,403.831848,792.509949,248.875519,309.476807,251.152802,899.394043,184.116028
2017-03-15,285.945343,1006.530518,328.337189,394.914581,781.018005,247.056061,311.276581,253.621811,894.083557,184.874268
2017-03-16,284.345734,1015.635559,328.511017,401.509827,785.961731,246.492889,309.091095,255.404953,906.869446,185.0466
2017-03-17,285.014008,1017.589478,330.48111,405.97821,782.796021,243.113922,297.263977,250.695572,896.19043,193.869843
2017-03-20,280.653503,999.15741,332.856873,398.641479,779.23999,238.305359,299.449432,250.466995,887.589661,194.317871
2017-03-21,276.928467,1001.856934,333.980957,403.070831,783.576721,235.706131,299.87796,249.049606,894.170105,198.453781
2017-03-22,276.029999,998.734619,331.651611,401.061035,784.877502,229.597961,289.850586,244.614517,883.087219,192.904816
2017-03-23,279.010071,991.240662,331.651611,406.036682,782.319031,231.28746,290.107635,245.528946,891.197388,191.353821
2017-03-24,281.957275,977.885254,330.133484,402.504913,780.75769,238.045441,291.821777,252.844543,895.411194,193.697525
2017-03-27,274.145569,971.781677,326.772644,401.509827,779.543518,236.65918,290.279083,255.54216,891.197388,194.111069
2017-03-28,272.973236,978.993103,329.171539,403.968414,783.273071,239.994843,292.036011,257.965424,891.399414,193.352875
2017-03-29,275.361694,984.89563,331.11853,402.680603,791.469299,244.500153,295.549866,263.772217,898.499329,195.213989
2017-03-30,278.429413,983.445068,339.833374,400.202454,797.236877,243.763718,300.992065,266.149719,899.018921,194.903778
2017-03-31,289.440338,979.738403,334.351807,398.934174,790.775269,239.864899,300.0065,268.298706,909.091736,193.214996
2017-04-03,301.218262,971.64032,332.184692,393.685303,798.494385,248.399002,292.935913,268.070038,958.792114,194.07663
2017-04-04,301.218262,971.64032,332.184692,393.685303,798.494385,248.399002,292.935913,268.070038,958.792114,194.07663
2017-04-05,310.059875,967.430359,331.987671,388.670532,811.243958,246.796188,295.249908,271.910767,979.254883,192.284378
2017-04-06,315.209259,966.946899,333.413116,390.095001,810.636841,243.330521,292.935913,267.795746,971.606628,188.941208
2017-04-07,308.219269,978.630493,333.494232,383.050903,801.833557,240.29808,295.421356,264.686646,972.934082,187.941696
2017-04-10,302.686371,975.89093,332.404877,372.06543,803.091187,240.558029,296.278351,264.595215,966.325073,188.562088
2017-04-11,300.714294,974.702271,333.644867,377.431335,801.139832,245.75647,300.13504,269.304596,984.13269,194.42128
2017-04-12,296.69339,964.207153,334.618408,378.094757,801.183167,243.287186,300.649261,265.326721,982.920471,194.317871
2017-04-13,299.059875,938.181152,333.830322,363.479858,801.269775,245.020035,291.607513,266.606934,968.922363,192.422272
2017-04-14,299.059875,938.181152,333.830322,363.479858,801.269775,245.020035,291.607513,266.606934,968.922363,192.422272
2017-04-17,304.987213,932.620911,333.019135,360.943176,792.77002,244.673447,292.507385,265.098114,970.538635,192.387802
2017-04-18,300.243134,930.183533,335.452789,360.065186,791.642639,245.539871,290.364807,265.463928,963.698486,192.353378
2017-04-19,299.93634,926.295532,335.846832,358.718811,788.000061,243.070587,291.350372,259.748596,964.304626,192.112045
2017-04-20,300.100739,936.911743,338.894745,361.879791,794.201172,236.312622,293.750092,260.434448,970.452087,192.663528
2017-04-21,307.320862,930.989319,346.879425,360.474945,786.135315,233.193573,293.79303,258.056885,974.088623,189.113571
2017-04-24,310.585815,937.959229,355.327789,361.587097,784.530518,232.760315,295.37851,261.577484,1000.17981,190.767883
2017-04-25,313.960297,931.271179,356.254883,362.679749,801.399902,236.095993,303.348938,261.577484,1007.914856,193.904343
2017-04-26,310.377625,930.808228,359.407074,356.787018,816.447815,239.908188,306.434296,261.943298,1010.916565,200.521698
2017-04-27,308.854675,927.705505,363.567474,361.079834,821.608459,237.525574,306.734222,257.919739,1019.834778,197.006226
2017-04-28,305.721222,915.82074,358.44516,358.621216,810.897095,241.294479,304.677307,264.960968,1010.050659,191.629578
2017-05-01,305.721222,915.82074,358.44516,358.621216,810.897095,241.294479,304.677307,264.960968,1010.050659,191.629578
2017-05-02,300.319824,922.568848,357.077667,360.045654,804.955933,238.781891,297.906799,263.63501,999.804749,192.456757
2017-05-03,300.221252,941.665955,357.935211,364.611633,810.072998,236.312622,296.83548,265.006683,992.964417,191.112579
2017-05-04,297.558899,938.764893,355.733398,365.918884,829.76123,258.016144,296.535492,273.465302,999.573669,193.835358
2017-05-05,291.050842,934.897278,355.130737,363.51889,827.332642,258.665955,295.464172,270.676239,995.388733,191.043655
2017-05-08,289.549927,943.740479,355.733398,368.982361,828.156616,262.478119,301.077728,273.78537,986.845459,188.148514
2017-05-09,291.511108,947.80957,355.953552,369.431213,825.72821,260.442078,295.8927,271.133453,1007.077881,187.149033
2017-05-10,297.810913,939.711609,359.673645,368.260437,864.15033,258.752594,319.461304,269.258881,1003.960754,188.837814
2017-05-11,297.909515,946.560364,358.421997,368.436096,848.885437,260.095551,313.676239,272.596588,1002.575317,190.69899
2017-05-12,295.915436,951.072876,359.638855,376.299622,850.143066,256.933167,312.904968,272.413696,1004.73999,189.527115
2017-05-15,294.524048,952.865784,360.044434,371.343353,852.78833,261.481781,312.090729,275.614258,1005.778992,191.595108
2017-05-16,297.197327,978.670898,361.493073,372.689819,867.663025,262.21817,320.83255,281.192383,1004.797729,195.386353
2017-05-17,296.496124,989.226562,360.913696,371.831268,875.468811,268.36969,322.203796,281.329529,1013.312073,194.145569
2017-05-18,290.853699,1021.799438,360.902008,375.324036,858.859619,266.81015,317.747192,277.031647,994.349731,191.560593
2017-05-19,288.99115,1010.095825,361.863892,373.841034,874.254333,266.030365,319.461304,281.649628,995.475281,197.281906
2017-05-22,290.152496,1019.845825,365.282654,375.206909,883.447998,263.257904,319.289825,269.121643,1011.291565,209.276047
2017-05-23,286.076813,1015.957764,363.68335,373.587311,888.825378,265.163971,318.732849,264.137939,1004.82666,206.897873
2017-05-24,284.35672,1031.045654,363.138702,372.611694,900.317444,265.727142,315.690308,258.925568,972.328125,206.725601
2017-05-25,285.397552,1057.414917,374.820343,383.733887,905.000854,275.25766,317.704376,265.281036,1021.046936,206.828964
2017-05-26,293.033966,1038.740967,376.871521,388.573029,902.832581,278.593353,320.189789,266.157623,1031.869995,213.06723
2017-05-29,297.328857,1036.565552,378.239044,384.455872,929.979553,272.831696,319.761261,262.051544,1028.86853,217.720139
2017-05-30,297.865662,1027.802979,377.578522,388.768158,930.283142,278.463348,317.704376,266.526703,1020.29657,214.687164
2017-05-31,293.778992,1025.98938,379.235657,381.294769,925.426086,282.838715,318.432831,266.019226,1016.342651,214.928421
2017-06-01,291.050842,1028.810181,377.474213,384.900604,950.014648,277.337067,314.447601,265.234894,1034.871826,216.582779
2017-06-02,290.283936,1033.362793,378.783783,384.127899,942.252136,275.647552,319.889832,264.865814,1029.792114,220.029312
2017-06-05,291.291931,1049.095459,379.085052,379.888245,952.096191,277.033813,319.161316,265.050323,1041.856445,222.257812
2017-06-06,287.665466,1086.180664,379.873138,388.050598,946.718872,276.340668,316.247406,265.096466,1024.683716,217.776993
2017-06-07,293.406494,1053.647705,380.30191,380.898651,959.555176,281.32254,319.504181,268.095306,1032.44751,218.617126
2017-06-08,291.806885,1015.917297,381.217407,378.976837,948.409973,277.423676,315.13324,266.296021,1024.164185,218.162079
2017-06-09,292.68338,1010.035461,386.328094,375.866455,950.014648,279.113159,315.218964,266.249878,1026.444092,214.241257
2017-06-12,289.12262,1002.058289,386.78009,381.908966,953.744019,273.568146,312.990662,262.928101,1002.43103,213.121048
2017-06-13,288.005096,998.73822,388.622711,379.51178,956.432678,272.788361,311.276581,261.913116,1003.816528,213.716202
2017-06-14,297.460297,1006.335938,387.3479,379.828827,965.929932,276.427307,313.247742,262.236053,1018.507019,209.93544
2017-06-15,303.256104,982.299988,385.760223,377.253296,957.516541,274.43454,313.076324,262.051544,1001.709473,211.370697
2017-06-16,304.318878,977.614746,386.896027,372.557892,946.935608,274.217987,312.690674,263.850861,996.71637,214.801361
2017-06-19,308.799927,990.651733,392.377533,368.437042,950.27478,277.770233,314.961792,266.526703,1013.513977,217.671906
2017-06-20,309.479218,996.069641,390.905701,373.865417,948.019714,280.909454,314.190521,267.680084,1010.454773,216.131607
2017-06-21,311.593781,980.303467,393.721771,373.786224,974.386047,279.612701,314.790436,268.418243,1012.590515,216.306656
2017-06-22,313.927429,975.63916,393.559631,372.518311,957.409119,278.171906,313.847656,271.740051,1002.315796,217.951996
2017-06-23,314.628632,962.133911,389.074707,373.746613,960.778381,280.333099,313.847656,266.618988,994.407471,217.741943
2017-06-26,314.628632,962.133911,389.074707,373.746613,960.778381,280.333099,313.847656,266.618988,994.407471,217.741943
2017-06-27,314.913483,954.454834,386.525116,367.327667,955.702698,276.53894,318.347137,258.037659,982.285522,218.687088
2017-06-28,306.444336,957.387878,386.247009,366.396484,953.86499,278.892303,323.275116,255.038879,983.180237,215.886581
2017-06-29,305.173401,950.543701,388.020233,368.575745,952.202209,281.677887,327.774597,251.39415,983.411255,218.162079
2017-06-30,302.390564,962.398926,385.453705,370.695557,944.763794,278.700226,325.417725,252.501419,974.146484,226.598694
2017-07-03,302.620605,966.982178,386.981903,377.174042,960.647034,278.604187,327.431763,253.608673,973.944397,239.796188
2017-07-04,311.582825,964.232239,385.757019,381.235413,952.202209,278.075867,325.07486,251.901627,971.693115,236.120468
2017-07-05,316.118622,959.811951,384.683777,376.777771,959.728333,281.29364,322.503723,253.6548,978.591064,231.779648
2017-07-06,316.096771,956.369324,386.876892,375.232483,956.052612,282.158112,326.78894,259.283356,979.918701,236.015472
2017-07-07,326.746124,950.014343,388.988464,370.636169,960.603149,278.268005,330.731323,258.452942,983.844055,234.055054
2017-07-10,327.118683,991.975525,391.123352,379.214539,959.33429,279.948914,347.700714,263.48172,999.862671,233.354996
2017-07-11,327.447388,1008.617554,392.068298,386.465668,968.260315,278.21994,338.916107,261.636261,1005.028687,231.32457
2017-07-12,331.117676,993.808777,392.266632,385.276886,990.31311,280.813385,340.3302,265.419403,1004.134094,230.239304
2017-07-13,336.179413,996.639709,392.803253,387.139252,992.981995,286.144379,346.387543,266.434418,1029.901123,237.170715
2017-07-14,338.752502,976.698486,391.963257,385.158081,997.007568,286.48056,349.695496,269.064209,1026.483154,236.050476
2017-07-17,342.728058,975.883484,392.523254,389.912842,1008.952942,291.523376,350.941345,270.355957,1026.526978,227.648865
2017-07-18,335.693481,981.138672,392.803253,390.527039,1013.240906,291.907623,350.812439,268.510529,1032.355225,199.223358
2017-07-19,338.575775,997.94397,394.844788,388.248657,1010.177856,290.322693,361.939117,270.632751,1035.334961,204.054337
2017-07-20,337.681305,995.947632,399.184479,384.127899,1008.909302,288.737854,360.693329,268.464386,1039.147827,202.689087
2017-07-21,350.071808,1014.891174,397.352997,388.347748,1013.940735,290.130585,353.390015,268.187561,1033.538452,202.268951
2017-07-24,356.753021,1033.888184,404.830811,392.488373,1014.553528,291.091125,360.908081,271.786163,1032.442749,205.314575
2017-07-25,353.85968,1050.556396,405.892395,393.79599,1006.021118,292.147705,367.566864,273.21637,1026.17627,204.019318
2017-07-26,358.409515,1044.223755,407.735626,393.875183,1019.104004,298.103058,366.235138,272.939545,1034.414795,205.594635
2017-07-27,352.236298,1013.869934,417.558319,384.76181,1025.536133,295.077423,357.471252,275.292511,1035.992554,202.023911
2017-07-28,352.159027,1014.931824,414.956818,395.182831,1009.740356,284.46344,355.108459,275.984558,1017.894043,204.124329
2017-07-31,356.742004,1017.995728,416.333374,400.670654,1011.403015,290.658905,359.962982,288.348938,1046.421875,199.713455
2017-08-01,354.179932,1022.020386,419.319855,398.431915,1027.329834,290.658905,358.330505,285.119415,1043.003906,201.533813
2017-08-02,359.834076,1010.642456,418.024963,393.59787,1022.77948,289.938507,357.299469,283.919922,1031.391235,199.8535
2017-08-03,364.450165,1017.03595,415.295135,389.893097,1023.78595,284.031219,364.473785,277.322449,1029.594482,197.017975
2017-08-04,358.277039,1030.660645,417.698334,389.794067,1043.213135,284.559479,361.638397,281.659241,1030.558472,196.562836
2017-08-07,356.995972,1022.755615,417.301636,383.652496,1038.137573,288.305573,358.674133,287.149414,1034.151855,195.93277
2017-08-08,353.948029,1022.59198,414.816895,381.908966,1042.250488,283.83905,358.974884,280.182892,1026.483154,191.941971
2017-08-09,353.119781,1026.248657,411.67868,384.088287,1037.306274,279.132446,357.471252,278.937225,1011.320801,191.031815
2017-08-10,349.928284,1026.023804,410.745392,388.803375,1024.485718,277.355438,357.643097,273.77002,1014.651001,191.206848
2017-08-11,341.513306,1019.732422,408.085602,391.359161,1008.821472,275.626495,356.182465,258.499023,1004.227051,190.086639
2017-08-14,347.432495,1008.84491,409.987091,388.88266,1011.359314,280.285126,351.027222,256.699768,1017.490295,189.911575
2017-08-15,347.432495,1008.84491,409.987091,388.88266,1011.359314,280.285126,351.027222,256.699768,1017.490295,189.911575
2017-08-16,345.897491,1018.220764,415.59845,386.406219,1038.181152,283.310791,350.339813,261.221069,1013.364807,195.477692
2017-08-17,346.118347,1015.483521,411.90033,404.494293,1030.261597,281.581818,357.729004,259.144958,1006.045593,196.037796
2017-08-18,347.951538,1026.983887,408.808899,365.821991,1052.051636,281.581818,361.724335,257.161133,1003.029236,197.333008
2017-08-21,345.522003,1033.112183,406.720673,346.069733,1042.644531,281.917969,360.134857,253.424118,999.924194,197.157974
2017-08-22,344.561249,1020.345215,407.6073,346.862183,1049.776489,282.35025,362.669495,252.732071,991.584839,198.068146
2017-08-23,349.420288,1017.03595,413.545197,353.756744,1039.756714,286.816772,371.089661,257.437927,997.307312,197.823105
2017-08-24,346.328125,1019.957336,411.223724,361.423798,1032.361938,285.952271,371.991821,258.637482,1004.005188,197.052979
2017-08-25,346.328125,1019.957336,411.223724,361.423798,1032.361938,285.952271,371.991821,258.637482,1004.005188,197.052979
2017-08-28,345.996857,1016.157898,411.165436,372.855103,1049.863892,289.02597,373.237671,257.760895,1010.392639,197.753067
2017-08-29,338.399078,1009.437256,407.408997,367.486145,1041.769165,287.681244,367.824707,255.592484,1002.541382,196.212769
2017-08-30,345.455688,1015.033997,412.635315,367.169159,1053.889526,288.449646,368.597931,255.223404,1011.058105,197.438034
2017-08-31,352.170074,1019.854797,414.478485,362.533203,1067.410034,286.288452,367.480957,256.284546,1008.086243,197.613098
2017-09-01,355.615601,1003.55426,412.413635,364.514374,1064.259277,286.528564,363.056061,256.376801,1010.658813,198.558258
2017-09-04,356.333374,1003.451904,408.517212,356.688751,1047.632568,285.375946,357.772034,256.284546,1003.073792,198.208191
2017-09-05,360.585052,1014.952576,409.555511,357.362396,1054.677124,285.856232,349.265869,255.177277,999.524902,198.033173
2017-09-06,363.412109,1002.226807,410.617035,354.866089,1055.727173,283.695007,345.829071,253.055038,991.496094,193.027191
2017-09-07,361.380127,1005.04541,412.16864,354.925507,1057.783569,281.101532,341.361237,253.008942,1001.698608,189.316498
2017-09-08,360.850037,1009.334961,417.091675,350.388641,1056.733521,280.477234,346.688293,250.794342,1040.112793,190.681732
2017-09-11,361.291809,1002.737061,425.421112,348.169708,1067.541016,279.324524,346.215668,250.010056,1080.43457,191.55687
2017-09-12,363.875977,1016.627258,428.185974,350.289612,1093.706787,279.708801,348.148895,252.316864,1091.435425,194.392471
2017-09-13,375.029663,1016.933655,429.737518,350.170746,1094.713013,280.477234,345.098755,252.270706,1085.314087,190.086639
2017-09-14,372.754669,1016.014526,429.165955,353.598206,1092.000488,282.110107,342.735992,253.008942,1077.196167,190.436707
2017-09-15,371.849152,1023.818176,431.394104,359.87851,1090.38147,280.092987,340.244293,250.517563,1075.599609,188.546326
2017-09-18,373.505646,1020.957947,434.07724,360.215271,1120.178589,281.437744,340.802765,249.502563,1098.266357,186.935989
2017-09-19,370.435577,1020.631104,431.569092,361.463409,1119.522217,283.022614,339.213196,247.103516,1087.576172,187.531158
2017-09-20,374.212463,1018.711182,431.370758,361.641754,1102.064087,279.084381,340.974579,249.179596,1096.492065,190.121643
2017-09-21,371.650391,1031.518677,429.095917,360.393524,1099.744995,273.705414,343.766968,247.749405,1089.483521,188.721375
2017-09-22,361.070923,1022.816833,425.59613,355.935944,1084.43042,266.165192,339.685791,241.613342,1051.11377,187.951202
2017-09-25,362.904114,1025.737793,419.914795,354.766998,1091.387695,268.470428,334.874207,238.75293,1033.725342,183.610382
2017-09-26,362.26358,1010.98938,418.176666,358.947327,1065.309692,271.592224,332.812134,238.291565,1031.684814,183.750397
2017-09-27,353.009369,1019.303162,414.490204,356.530243,1055.289795,265.492767,331.609283,231.048233,1008.884399,180.984848
2017-09-28,347.399384,1011.724854,418.876587,355.024597,1052.576782,265.060608,328.258392,233.032074,1005.468872,183.12027
2017-09-29,344.947754,995.179077,421.30307,356.569946,1027.286133,265.684875,334.616455,234.231628,1013.187378,180.844833
2017-10-02,344.947754,995.179077,421.30307,356.569946,1027.286133,265.684875,334.616455,234.231628,1013.187378,180.844833
2017-10-03,352.655914,1000.28595,422.038055,358.016144,1038.181152,267.413879,330.49231,231.878677,1006.844055,183.015289
2017-10-04,361.711456,997.773438,419.273193,356.450989,1047.938965,265.204651,324.048248,233.631821,1009.860535,187.21608
2017-10-05,364.052612,992.584961,419.646515,357.817963,1039.31897,261.07428,324.520905,232.155502,1004.315796,185.7108
2017-10-06,369.750946,999.550354,419.99649,364.593597,1056.514526,261.218445,328.473175,236.907486,1012.965637,186.340912
2017-10-09,366.923859,1002.594116,418.923248,366.079498,1067.847412,261.026276,325.59491,236.999741,1012.211304,187.636169
2017-10-10,372.46756,1004.698303,420.603149,370.655975,1058.177368,259.153229,330.449341,237.092041,1013.763916,186.3759
2017-10-11,371.120331,1021.488953,417.674988,368.773895,1065.922119,257.0401,346.731232,232.2939,1005.912476,185.815796
2017-10-12,385.520752,1041.037476,424.359558,367.426666,1086.005981,256.992004,343.895844,231.786392,1014.606934,186.935989
2017-10-13,387.155121,1045.286255,431.825745,368.536133,1092.656494,260.594055,370.230438,232.616852,1010.170898,186.200867
2017-10-16,387.309784,1055.826538,433.307312,372.062592,1121.272827,263.427612,389.476562,232.570724,1015.538452,187.286087
2017-10-17,386.227539,1059.973633,431.930756,368.694611,1122.016479,263.091461,400.34549,231.740265,1019.131348,187.111053
2017-10-18,403.963043,1056.725464,435.955475,366.257751,1106.089478,252.765625,396.908691,224.91217,1012.610474,189.281464
2017-10-19,401.931061,1055.62207,431.265778,367.287994,1100.620239,247.674805,407.047302,223.989471,1011.146973,188.791367
2017-10-20,401.931061,1055.62207,431.265778,367.287994,1100.620239,247.674805,407.047302,223.989471,1011.146973,188.791367
2017-10-23,415.11673,1057.256226,434.742249,372.260742,1093.837769,252.189346,427.324402,226.942154,1007.598145,186.971039
2017-10-24,412.687225,1053.375488,435.628845,367.10965,1111.427856,256.031464,431.362701,234.785233,1013.631104,186.935989
2017-10-25,415.183014,1048.664307,418.829895,370.596497,1113.528076,293.636597,443.133728,299.790649,1068.324585,188.511307
2017-10-26,418.495972,1040.041504,418.888275,375.371155,1114.621704,287.441101,439.310333,295.730652,1085.447144,187.916183
2017-10-27,410.743591,1058.660156,417.884949,374.974915,1102.764038,289.266083,416.971069,287.010956,1086.467163,188.581345
2017-10-30,416.331512,1071.728149,423.472931,374.083435,1080.055176,288.689789,423.500977,287.887573,1097.379272,185.640762
2017-10-31,415.602631,1074.922729,421.956329,370.367035,1082.899048,288.257568,427.195557,282.166718,1084.382446,186.025864
2017-11-01,420.770874,1066.258911,424.919556,372.456268,1108.045898,301.032684,463.196136,295.13092,1078.172363,188.931412
2017-11-02,418.142548,1075.803833,425.129486,370.789001,1093.512939,304.15448,466.718903,290.055969,1074.312744,185.990814
2017-11-03,417.568359,1073.325317,427.135986,372.295593,1091.751343,303.434082,465.043396,299.882874,1095.649414,185.815796
2017-11-06,411.914185,1091.944214,426.646088,373.119202,1092.720215,303.62616,457.56839,303.573761,1086.511475,185.465714
2017-11-07,400.517517,1110.173706,425.502808,383.886444,1087.08313,300.120209,441.930878,292.685699,1074.401855,185.745789
2017-11-08,392.168793,1120.394409,426.027802,382.60083,1088.052124,293.444458,425.56308,285.626923,1080.744995,185.815796
2017-11-09,397.778778,1120.967773,426.471069,383.48468,1103.554199,299.015564,433.25293,289.456207,1078.704468,182.070099
2017-11-10,390.423981,1109.640747,425.106232,386.518005,1136.804077,305.931458,432.565643,307.772095,1122.219971,183.225281
2017-11-13,386.625122,1130.205688,423.134613,382.460205,1126.983398,301.849152,427.882904,305.465332,1100.57312,180.844833
2017-11-14,391.682861,1112.037354,420.521454,381.315186,1130.858765,301.705109,428.01178,303.666016,1073.647583,179.619583
2017-11-15,390.357697,1108.227661,420.031494,382.399872,1114.21167,303.049805,418.216919,299.836761,1073.026611,177.344177
2017-11-16,399.258606,1125.166748,421.769684,397.104553,1124.340698,306.363739,420.923401,307.633759,1081.720947,178.604385
2017-11-17,402.814545,1109.046875,425.934448,390.093719,1125.794189,312.270996,424.016479,311.41687,1084.826172,180.634811
2017-11-20,406.768036,1107.469604,428.874329,385.915344,1122.579102,305.979462,423.286224,307.264648,1091.036255,181.474976
2017-11-21,411.936249,1094.975708,430.76413,388.205505,1125.089478,307.276215,432.393738,305.096252,1084.692749,179.094513
2017-11-22,411.141144,1098.129883,432.864014,388.225494,1119.011963,306.315674,428.828064,309.386871,1084.737183,180.739822
2017-11-23,418.319305,1098.37561,429.970886,398.249603,1116.413574,306.843994,426.465271,309.063934,1078.748657,180.739822
2017-11-24,420.130432,1101.161377,431.965729,405.601868,1115.048584,304.682739,426.851868,306.710999,1081.011353,182.560165
2017-11-27,420.240845,1100.26001,433.400665,401.262878,1110.072266,304.490601,427.882904,309.709839,1086.55603,181.509964
2017-11-28,416.70694,1100.034424,435.22052,395.618011,1116.721802,300.840607,422.727722,306.341919,1074.978271,179.934677
2017-11-29,417.877533,1088.912842,437.075439,394.814484,1124.032471,302.425476,425.949738,303.481506,1080.43457,180.6698
2017-11-30,407.077209,1080.248413,432.502319,392.162781,1120.773682,295.413513,426.551178,295.592285,1079.28125,179.269547
2017-12-01,402.019409,1077.360718,431.219086,385.212341,1101.439941,293.204346,415.983002,288.57962,1074.934082,178.674423
2017-12-04,398.264679,1078.343506,427.929352,395.87915,1117.382446,292.243805,416.111877,289.363922,1080.124146,178.604385
2017-12-05,403.609619,1079.654419,424.744507,395.477417,1110.688599,293.204346,421.56778,294.438873,1073.38147,177.729248
2017-12-06,409.330048,1078.732666,420.743134,397.867889,1123.548218,287.681244,415.3815,288.256683,1056.835938,176.153946
2017-12-07,411.494507,1072.157715,422.224701,401.684631,1137.949097,293.732605,442.231567,291.94751,1080.922485,177.37915
2017-12-08,406.834259,1065.705933,429.3992,402.50827,1168.512939,298.487274,451.210297,288.902588,1082.652466,183.575378
2017-12-11,404.691864,1090.121094,430.799133,403.894348,1166.223267,299.159668,457.697266,293.792938,1083.983032,186.410904
2017-12-12,404.448975,1070.068726,424.61618,405.983551,1157.943237,295.461578,450.093353,293.839142,1067.171509,183.12027
2017-12-13,404.029297,1076.725586,424.954498,403.271637,1158.295898,290.995087,444.508484,289.087097,1055.061768,181.33493
2017-12-14,407.055145,1047.804077,428.850952,407.028137,1164.064941,292.339813,447.043152,289.733032,1054.662476,185.010651
2017-12-15,406.282166,1042.806396,437.110443,410.965393,1166.663452,291.187164,445.024078,288.118286,1067.748047,185.255676
2017-12-18,406.834259,1057.103271,438.393616,408.434235,1173.005127,296.710297,452.155365,294.254333,1080.479004,184.275482
2017-12-19,409.020874,1054.9729,439.688568,403.351959,1188.81543,301.320923,461.048187,295.084778,1082.253052,185.010651
2017-12-20,405.575317,1060.564819,435.87381,408.132965,1200.221924,303.337982,454.432312,292.962494,1093.431641,184.345505
2017-12-21,403.278351,1063.330078,435.908844,410.623871,1187.714233,303.001831,450.308105,292.270477,1116.763916,184.170471
2017-12-22,406.569214,1084.24292,437.857056,417.574432,1194.80481,304.106415,454.131561,295.13092,1123.284668,184.205475
2017-12-25,406.569214,1084.24292,437.857056,417.574432,1194.80481,304.106415,454.131561,295.13092,1123.284668,184.205475
2017-12-26,410.721497,1085.348511,435.920471,416.067871,1187.406372,305.595276,466.50412,292.639557,1126.434082,184.940628
2017-12-27,408.049042,1073.24353,433.213989,415.525543,1191.237671,300.45636,459.372711,290.517334,1115.921143,183.540375
2017-12-28,408.247772,1076.131348,438.183655,415.123688,1193.043091,302.857697,456.537354,284.565796,1111.396729,183.330307
2017-12-29,406.856384,1106.548096,436.865417,418.659271,1204.802002,301.609039,455.076691,285.94989,1116.276001,184.310516
2018-01-01,401.864838,1083.771362,432.688995,415.244263,1184.235352,298.055023,453.57309,283.366272,1118.449585,183.645386
2018-01-02,402.483246,1077.872559,436.85376,413.697388,1179.038696,297.478699,443.821106,279.813812,1108.734985,182.560165
2018-01-03,404.09552,1080.924316,432.257385,410.322632,1189.387939,302.56958,445.238831,279.444702,1131.402222,182.84024
2018-01-04,406.525085,1088.482544,433.948975,407.952271,1191.061401,302.281433,449.363037,284.658081,1167.24353,183.12027
2018-01-05,407.828186,1101.632568,434.812225,406.586121,1194.848999,300.552429,463.969421,282.674255,1166.533936,184.06546
2018-01-08,410.169342,1111.955566,434.112274,416.248688,1205.286133,301.753113,443.649292,282.166718,1187.249146,185.955811
2018-01-09,415.64679,1109.743042,434.835541,418.377991,1199.032471,300.264252,438.021515,280.782623,1182.369873,189.421494
2018-01-10,416.265198,1149.725464,434.952209,422.757172,1202.996216,299.687988,435.10022,277.829987,1174.385498,188.616333
2018-01-11,414.233276,1143.129883,436.900452,432.218842,1214.314575,297.286591,442.274597,278.84494,1174.208008,188.896393
2018-01-12,419.202698,1137.333374,435.208832,433.283386,1210.21875,305.163025,437.806702,278.891052,1179.175903,187.321075
2018-01-15,419.269012,1124.94165,442.78006,434.368256,1204.229248,316.305298,433.467743,279.21405,1176.337036,187.356079
2018-01-16,407.695648,1167.852295,443.340057,451.121765,1217.265137,320.915863,427.238525,273.262512,1176.55896,183.225281
2018-01-17,408.380341,1183.460205,441.088501,462.873444,1207.752441,329.704773,429.515411,283.366272,1200.645508,186.270859
2018-01-18,406.26001,1195.442017,451.307861,463.114532,1195.201294,332.490326,425.305359,279.813812,1207.254761,191.416885
2018-01-19,411.384094,1212.278687,455.484222,459.398163,1200.045288,339.646332,427.796997,285.350098,1216.702881,192.222031
2018-01-22,429.141663,1279.661865,458.085754,462.029694,1193.571777,337.629181,421.610809,282.812622,1241.011353,191.591934
2018-01-23,434.332031,1273.748901,455.274231,472.917603,1205.242065,348.003021,422.81366,293.516144,1251.524414,193.657303
2018-01-24,426.86676,1303.560303,456.755798,476.412964,1203.084229,338.829895,394.803619,304.404205,1243.096191,197.052979
2018-01-25,426.667999,1281.571411,460.792175,472.234467,1209.117676,346.562195,388.961029,288.94873,1256.6698,196.912933
2018-01-26,426.667999,1281.571411,460.792175,472.234467,1209.117676,346.562195,388.961029,288.94873,1256.6698,196.912933
2018-01-29,426.049591,1313.518066,466.555267,475.247803,1230.741455,343.536499,378.564697,287.979858,1270.376587,192.992203
2018-01-30,419.821136,1294.629517,465.586975,470.326324,1233.339844,339.31012,381.02066,289.317749,1268.557983,192.677109
2018-01-31,424.636017,1277.998901,467.966766,462.130188,1206.123169,339.022003,380.372101,289.040985,1256.6698,190.016586
2018-02-01,416.927826,1288.777588,464.572021,459.860199,1207.796753,332.538422,379.118195,282.39743,1291.358154,192.747147
2018-02-02,399.479462,1294.957397,454.504303,459.317841,1208.633301,321.876404,365.238464,274.369781,1255.738159,192.782135
2018-02-05,398.507629,1274.241455,446.536438,457.28894,1194.144287,316.689484,380.674774,275.015686,1209.783081,195.512665
2018-02-06,394.068268,1230.736206,442.55835,445.055145,1167.36792,317.650055,379.766754,269.202545,1200.379272,191.486877
2018-02-07,395.084229,1213.408081,436.95871,445.577515,1156.181885,319.426971,372.070221,270.171387,1183.256958,192.642136
2018-02-08,399.56778,1221.271606,438.860229,455.701874,1171.067261,320.675781,371.681091,278.106781,1195.366821,191.906952
2018-02-09,396.608215,1220.245117,431.52243,445.617645,1174.150269,313.855927,365.368225,273.493225,1179.264893,189.981613
2018-02-12,404.404755,1218.43811,437.857056,443.066498,1184.191406,313.375641,367.011292,266.434418,1198.117065,188.931412
2018-02-13,404.404755,1218.43811,437.857056,443.066498,1184.191406,313.375641,367.011292,266.434418,1198.117065,188.931412
2018-02-14,412.42218,1195.648682,439.373627,441.037537,1188.551514,306.363739,376.004944,254.85434,1207.609619,186.585938
2018-02-15,413.305664,1201.418091,439.08197,447.747009,1196.258179,315.680908,370.945984,257.161133,1197.983765,187.706177
2018-02-16,406.966827,1204.374268,438.311981,453.21106,1190.928955,308.380859,362.946808,250.655945,1178.51062,186.550934
2018-02-19,409.48468,1200.493896,438.218628,454.697632,1176.6604,307.132172,358.320282,247.749405,1149.322998,184.905624
2018-02-20,406.878418,1209.178833,434.718842,456.786713,1173.04895,304.730774,361.563232,248.810532,1144.975708,184.310516
2018-02-21,410.522736,1249.234741,433.365692,460.985199,1171.992188,306.603851,362.903564,252.178452,1138.055786,187.776184
2018-02-22,408.314117,1252.47876,432.385681,466.348694,1168.336548,305.787415,359.833618,251.532578,1146.217896,187.006012
2018-02-23,412.687225,1262.990601,438.766937,464.299805,1165.43042,310.013763,368.005737,254.715912,1154.823486,188.371307
2018-02-26,414.652924,1244.88208,445.999847,457.449615,1174.370239,314.144073,365.930359,253.239563,1192.572266,186.620972
2018-02-27,419.865295,1249.255371,443.899963,462.110138,1185.864746,309.437408,372.286377,246.918976,1187.115967,186.515945
2018-02-28,421.654327,1246.257812,439.618561,471.109741,1160.673706,300.888641,370.600128,247.288071,1169.417114,185.570755
2018-03-01,418.937714,1247.345947,437.320404,466.348694,1166.398926,292.916199,369.908264,241.890152,1166.800171,184.835617
2018-03-02,418.937714,1247.345947,437.320404,466.348694,1166.398926,292.916199,369.908264,241.890152,1166.800171,184.835617
2018-03-05,408.203644,1275.330078,436.293762,464.400177,1144.819458,291.379303,364.460175,243.135834,1153.936157,182.210114
2018-03-06,402.350677,1249.440308,430.76413,462.572083,1139.050049,283.406799,357.931122,236.722946,1138.588257,179.584595
2018-03-07,393.030212,1243.137085,427.579376,459.659393,1139.622681,275.386353,348.67804,227.588043,1120.756348,181.965057
2018-03-08,402.615753,1233.487549,432.304077,464.701538,1139.005981,285.231842,347.034912,236.953613,1138.942993,181.229935
2018-03-09,403.344635,1245.868042,431.884125,467.413391,1145.700439,281.149597,347.769989,233.677979,1144.887085,181.509964
2018-03-12,410.942352,1253.279297,435.663818,476.392822,1166.354736,288.785828,364.546631,233.308884,1162.231079,189.10643
2018-03-13,411.627045,1185.383301,434.03064,475.609406,1163.140137,292.339813,368.654327,235.0159,1155.755005,188.651352
2018-03-14,410.390198,1185.424194,435.022186,474.404083,1159.925415,293.972748,365.454681,237.184311,1156.198486,187.671158
2018-03-15,402.770386,1178.361206,438.825317,475.087097,1144.995728,289.55426,363.595428,234.093201,1148.967896,185.920822
2018-03-16,397.580017,1160.294067,432.339081,470.828522,1144.291016,286.336487,360.395782,232.801392,1126.079224,182.385117
2018-03-19,395.57016,1162.470093,430.997437,460.72403,1153.318848,282.926544,345.608063,228.787582,1135.172607,181.439941
2018-03-20,393.052216,1176.369873,429.18924,467.875458,1156.710205,280.477234,346.256622,229.848709,1147.548706,181.474976
2018-03-21,396.188568,1173.043945,433.715637,469.060669,1158.780151,277.787689,361.649689,228.83371,1161.610107,181.369949
2018-03-22,401.158051,1162.614624,435.780518,466.569763,1155.477173,272.07254,359.401276,222.882187,1149.988281,180.844833
2018-03-23,394.863373,1157.194092,429.667572,469.100891,1146.492798,264.676361,356.893402,216.653854,1124.837158,179.234558
2018-03-26,398.043823,1156.72168,441.776794,464.138977,1166.442993,270.535645,364.503448,227.449646,1151.008545,180.704803
2018-03-27,397.469543,1169.328003,441.578491,463.636749,1173.92981,272.696838,357.325806,234.692963,1160.013184,181.264923
2018-03-28,389.916016,1169.922852,440.06189,454.717651,1174.41394,267.365845,344.786499,230.586868,1162.985352,178.88446
2018-03-29,389.916016,1169.922852,440.06189,454.717651,1174.41394,267.365845,344.786499,230.586868,1162.985352,178.88446
2018-03-30,389.916016,1169.922852,440.06189,454.717651,1174.41394,267.365845,344.786499,230.586868,1162.985352,178.88446
2018-04-02,394.443695,1194.765625,450.584503,456.867035,1190.224731,251.516983,341.673279,227.126678,1185.20874,180.809845
2018-04-03,397.3591,1195.422974,447.014801,458.192932,1187.670288,259.393372,347.813263,231.140518,1180.285034,180.984848
2018-04-04,395.305145,1195.279175,439.396942,451.664185,1195.641357,258.048615,341.630066,228.187836,1149.89978,181.054886
2018-04-05,401.180115,1214.598755,445.381561,461.045563,1217.441528,267.653992,340.63562,239.260391,1178.865601,181.790024
2018-04-06,402.416962,1211.45752,448.764648,452.789185,1210.923706,269.575073,332.895844,239.629517,1167.997803,182.630157
2018-04-09,404.62558,1200.617188,452.416107,446.461334,1225.720825,269.767212,328.874634,240.506073,1178.067139,186.095856
2018-04-10,405.089447,1206.242798,448.169708,447.325195,1225.632568,277.403442,333.414703,242.951279,1197.584717,186.725983
2018-04-11,411.185333,1237.675781,447.703064,451.684296,1241.179199,273.321198,333.198578,237.184311,1200.113037,185.640762
2018-04-12,410.235626,1289.044678,450.024597,467.091949,1244.349609,275.434387,328.788147,234.185471,1204.282593,183.400314
2018-04-13,414.719147,1294.813965,449.138031,470.647552,1242.411987,276.875183,326.799164,231.55574,1201.975952,182.560165
2018-04-16,413.924072,1308.918579,453.127716,455.28006,1250.295166,276.250824,325.718201,229.756439,1213.731079,185.150696
2018-04-17,417.104553,1300.275146,454.620972,452.06601,1273.239868,280.237091,330.388,228.972122,1206.145996,187.356079
2018-04-18,414.343719,1297.195312,450.911163,452.36731,1277.599976,278.604187,332.290497,227.403503,1206.633789,192.782135
2018-04-19,416.243164,1310.355835,452.404449,455.139496,1280.859009,278.171906,341.889526,227.126678,1228.724121,194.182449
2018-04-20,409.882202,1397.120483,456.347534,473.460022,1292.837769,271.0159,347.640289,222.55925,1211.025269,193.377258
2018-04-23,413.460236,1399.66626,451.646118,477.1763,1279.581665,268.37439,348.375397,223.712631,1206.545166,192.887161
2018-04-24,428.50119,1390.222046,451.47113,463.837708,1285.659302,272.888947,351.315582,222.00563,1222.514282,193.237244
2018-04-25,428.699982,1424.960571,448.146393,466.188019,1285.262817,267.894165,363.076538,218.868393,1209.11792,191.906952
2018-04-26,430.842377,1453.293335,450.362915,472.656433,1313.492676,267.8461,353.866669,215.17749,1195.189453,194.8125
2018-04-27,440.096588,1417.446045,448.764648,476.171875,1298.254639,276.53894,353.477509,223.851044,1222.292358,195.617676
2018-04-30,425.519501,1450.357544,453.641022,481.917084,1329.038574,272.984985,354.169373,227.357376,1242.830078,197.052979
2018-05-01,425.519501,1450.357544,453.641022,481.917084,1329.038574,272.984985,354.169373,227.357376,1242.830078,197.052979
2018-05-02,429.671722,1437.073853,459.52066,480.9328,1296.493164,265.973053,353.218079,222.37468,1244.826294,201.113754
2018-05-03,424.768585,1429.723633,459.147339,475.107239,1279.097168,270.775726,349.715698,223.205139,1222.292358,199.538437
2018-05-04,421.389313,1429.271973,463.953705,471.310547,1289.666748,271.688324,343.100189,223.251297,1214.263306,194.042389
2018-05-07,428.920837,1404.716675,461.363861,475.287994,1319.349731,278.363983,344.397369,227.449646,1232.405884,197.613098
2018-05-08,427.19809,1413.031494,458.949036,468.277191,1317.720459,297.094452,346.905182,230.725296,1210.892334,197.928146
2018-05-09,431.438721,1432.782715,461.597168,470.346222,1317.676514,294.693146,348.029449,228.83371,1220.429199,197.648056
2018-05-10,433.404358,1417.158325,464.933624,469.261627,1309.308716,294.741211,356.374512,228.787582,1208.496704,196.142792
2018-05-11,436.982422,1419.499268,469.378326,474.384003,1324.810791,298.679382,334.322693,231.002121,1230.853516,198.593307
2018-05-14,435.811829,1409.890869,471.711548,477.819153,1324.326538,297.862946,331.339203,234.000946,1225.840942,199.398422
2018-05-15,432.432587,1429.949707,475.456299,479.928375,1334.851685,296.085938,330.301483,228.83371,1219.1427,197.333008
2018-05-16,422.361084,1434.671265,472.084808,478.080261,1386.466675,285.52002,324.593994,224.312408,1208.630005,200.133591
2018-05-17,417.590424,1433.809204,473.11145,475.247803,1382.679321,284.319336,317.891968,223.943314,1202.951782,195.302597
2018-05-18,412.510468,1438.018311,469.47168,475.368408,1414.387939,274.809998,312.487091,220.390854,1167.110596,197.648056
2018-05-21,411.406219,1460.479248,465.015289,473.881866,1390.474609,277.883728,311.319641,225.558075,1165.070068,197.68306
2018-05-22,409.374237,1440.830933,464.280365,479.647156,1386.643066,278.844238,312.919464,234.27774,1171.19165,195.162613
2018-05-23,402.969147,1435.164551,459.054016,476.051331,1381.182007,280.525177,308.552368,242.859039,1177.179932,191.451859
2018-05-24,404.559357,1479.757935,463.370392,490.555145,1375.016235,285.952271,321.610535,247.749405,1187.071777,192.432068
2018-05-25,406.745941,1472.407349,468.666687,493.488068,1387.920044,283.983124,325.9776,246.319214,1190.57605,194.430176
2018-05-28,406.569214,1438.018311,476.482849,487.903503,1394.17395,287.441101,324.42099,251.025055,1221.138916,196.572235
2018-05-29,405.266174,1446.825928,474.243042,488.827423,1385.233521,278.460083,327.880127,243.873978,1224.820557,195.679733
2018-05-30,404.669769,1442.966309,477.917816,486.818634,1396.772217,273.657379,324.983154,246.503738,1211.557617,194.144562
2018-05-31,406.988892,1441.724243,502.36142,494.894165,1419.364502,274.52182,323.080627,248.718277,1215.771484,193.966064
2018-06-01,411.052856,1434.602783,495.587189,490.474579,1399.458618,277.883728,331.81485,246.088547,1217.546021,192.752197
2018-06-04,415.602631,1444.374023,480.465485,497.947662,1376.866089,275.434387,321.956421,242.674484,1204.637695,192.002518
2018-06-05,418.606384,1425.61792,484.551178,490.494751,1376.513672,272.888947,315.038147,243.181961,1183.256958,191.002823
2018-06-06,421.588074,1429.053955,483.083618,497.164185,1383.868408,272.696838,328.398987,249.271896,1198.161499,193.073517
2018-06-07,429.075409,1437.169678,484.222412,503.190582,1411.965698,279.420593,328.571991,248.810532,1202.242188,193.537613
2018-06-08,434.817963,1446.733765,481.205139,506.24408,1405.403809,276.875183,326.49646,251.901627,1192.305664,191.288452
2018-06-11,434.067017,1448.886719,479.549713,507.18811,1410.512695,275.098145,336.22525,252.824387,1191.685059,192.25238
2018-06-12,440.472107,1474.80603,479.913666,505.621155,1443.14624,276.058685,329.177277,260.990387,1212.2229,192.966415
2018-06-13,442.835327,1510.49585,477.002014,512.170105,1427.952393,279.27652,324.853394,265.465607,1205.436035,191.252731
2018-06-14,445.242828,1480.229614,478.399139,510.27652,1417.735107,273.513306,325.58847,260.759705,1191.463501,190.824326
2018-06-15,448.003601,1523.703857,476.567627,527.379089,1428.040771,271.352081,327.101807,256.00769,1179.841309,188.860748
2018-06-18,448.599945,1514.553711,474.113892,521.678406,1416.810547,281.437744,320.745697,255.454117,1173.897339,188.896454
2018-06-19,439.986176,1510.827148,475.135376,511.058563,1410.1604,281.245605,321.005157,251.532578,1162.541626,189.967484
2018-06-20,450.234375,1509.129517,482.80188,511.696686,1411.393188,281.629852,321.610535,252.178452,1159.303589,188.325226
2018-06-21,455.84436,1506.562378,483.142303,513.096008,1414.100464,286.192444,318.843231,247.887833,1144.266235,186.254532
2018-06-22,447.252655,1498.654541,489.188721,513.631165,1427.101074,288.785828,323.902191,251.947739,1153.181885,189.32486
2018-06-25,443.696747,1506.479858,491.912415,523.756836,1433.357666,278.268005,323.556274,247.703262,1125.058838,187.504074
2018-06-26,432.432587,1533.599243,491.618896,525.979553,1439.214844,276.73111,328.788147,246.734421,1126.744629,189.074936
2018-06-27,429.497925,1538.567505,496.056763,522.748474,1428.166504,268.038239,324.853394,241.47493,1093.653076,187.611191
2018-06-28,420.204041,1525.898193,500.342072,530.816162,1422.353394,260.690125,326.842377,237.138168,1095.60498,186.004623
2018-06-29,432.4328,1530.079834,495.082245,538.060425,1456.431519,264.532257,330.301483,239.306549,1131.224609,190.074585
2018-07-02,427.16333,1533.061035,486.817108,549.379883,1458.47229,266.453369,318.281097,238.845184,1114.235474,187.825394
2018-07-03,431.921417,1551.858276,486.100891,557.221069,1458.51709,262.13089,320.615967,237.599548,1110.287476,189.539062
2018-07-04,440.281525,1545.316406,493.931732,553.701782,1487.358887,262.467102,317.718994,237.553391,1117.38501,188.789322
2018-07-05,428.897583,1557.033936,498.674896,528.510986,1498.008301,260.834137,314.259857,236.630707,1112.904785,194.572952
2018-07-06,434.700745,1584.070557,496.655579,528.614075,1489.39978,259.393372,313.265381,237.322723,1123.417725,194.680069
2018-07-09,443.394257,1559.269409,499.121002,534.623535,1501.46936,260.498047,313.13562,241.336533,1142.668945,195.929626
2018-07-10,456.112213,1552.727783,503.993225,535.673096,1497.120728,262.611145,318.064911,243.366531,1139.65271,197.821777
2018-07-11,461.937622,1639.510254,504.427734,543.514343,1524.764648,258.144714,313.049194,239.075882,1130.914307,196.893539
2018-07-12,481.303558,1632.430298,508.583801,532.771301,1546.240845,261.554565,313.178894,242.443787,1153.093262,197.928909
2018-07-13,489.063263,1640.503906,512.094238,542.259033,1546.507202,257.184174,310.411591,237.830185,1151.89563,193.073517
2018-07-16,478.568787,1647.211426,509.264771,548.618347,1554.138794,249.019577,300.423462,232.155502,1138.322021,193.930344
2018-07-17,485.750427,1661.275513,511.11972,546.580994,1492.416992,255.93544,296.229309,239.029724,1141.648926,192.680801
2018-07-18,485.839355,1659.698975,510.99054,544.378784,1458.738525,252.333435,291.256866,239.491089,1146.350952,191.752548
2018-07-19,491.308929,1644.058472,513.315186,541.970764,1462.022461,250.892654,298.347992,240.090866,1116.142944,195.144165
2018-07-20,501.892487,1656.670898,514.007874,554.895325,1469.476807,255.311066,298.693909,241.290405,1127.01062,195.644028
2018-07-23,498.179321,1664.179932,506.353119,558.126587,1499.472412,264.676361,310.411591,245.765579,1134.817871,202.891418
2018-07-24,494.021545,1658.661987,507.12796,566.852783,1480.17041,263.523682,308.552368,246.226913,1174.607178,203.962479
2018-07-25,495.889221,1644.141479,509.617004,569.569458,1466.902954,263.811829,304.660919,250.840546,1171.679565,204.319489
2018-07-26,493.888153,1630.201782,514.84137,565.247559,1481.989624,274.377716,309.287445,265.465607,1158.59375,205.069214
2018-07-27,502.426086,1612.818604,517.083862,565.329773,1472.272095,281.629852,315.384125,264.588989,1163.473022,216.029572
2018-07-30,512.009033,1613.523804,509.511292,556.089233,1498.62915,295.221466,331.42572,274.415955,1149.189941,214.958527
2018-07-31,527.395081,1609.873169,511.765411,561.892944,1536.745239,292.243805,337.78183,270.817322,1155.355713,212.566528
2018-08-01,530.218811,1639.99292,506.88147,557.344604,1539.096924,287.489136,332.506744,272.293671,1151.540649,215.351196
2018-08-02,519.546387,1616.677002,500.189392,557.179932,1551.698364,286.768707,324.67276,271.186401,1137.700928,213.637589
2018-08-03,523.370667,1642.440308,498.181732,561.481262,1564.566772,292.964203,325.978424,276.122986,1144.443481,217.029205
2018-08-06,530.330017,1639.204468,496.455994,560.061157,1535.547241,302.665649,335.770874,284.658081,1144.842651,215.494034
2018-08-07,526.594666,1632.400269,500.353729,563.065918,1535.325317,300.792603,332.419678,280.552002,1149.14563,214.994217
2018-08-08,541.491455,1637.918457,501.633514,560.925537,1559.375366,306.123566,335.37912,284.842682,1151.762573,214.8871
2018-08-09,541.602783,1638.20874,497.442169,568.00531,1556.75708,319.859253,319.493683,292.87027,1139.741455,215.993851
2018-08-10,535.488281,1653.766479,496.49118,570.269104,1555.425781,315.632935,321.88739,280.921082,1121.953979,217.636108
2018-08-13,528.151062,1659.616211,491.137512,579.859802,1534.260254,312.078888,322.191986,271.417084,1125.8573,218.457245
2018-08-14,538.334351,1662.437256,490.538818,579.6745,1547.927002,319.330963,319.450165,272.1091,1126.037109,219.849609
2018-08-15,538.334351,1662.437256,490.538818,579.6745,1547.927002,319.330963,319.450165,272.1091,1126.037109,219.849609
2018-08-16,533.976379,1666.544556,487.392395,588.421265,1541.848022,321.107941,323.802338,270.079193,1106.629639,219.528259
2018-08-17,535.288269,1670.070923,487.779785,588.750671,1583.86853,326.583008,323.28006,278.752686,1114.266846,224.026688
2018-08-20,549.140076,1667.747681,492.205872,569.775269,1576.990845,325.094208,322.540192,283.873749,1189.33606,223.705338
2018-08-21,554.609741,1674.136719,492.170715,569.65155,1555.248535,325.478394,320.538208,283.273987,1188.302979,223.419754
2018-08-22,554.609741,1674.136719,492.170715,569.65155,1555.248535,325.478394,320.538208,283.273987,1188.302979,223.419754
2018-08-23,564.503967,1688.615723,488.378448,575.188049,1573.263672,323.893524,321.974426,279.075653,1214.80835,222.777145
2018-08-24,568.083679,1695.170532,486.018738,567.326111,1580.496094,318.538727,321.147461,277.230225,1206.587158,221.634705
2018-08-27,574.309204,1701.72583,488.50769,582.596985,1590.568726,327.945801,330.02597,284.196716,1218.447021,223.776794
2018-08-28,586.538025,1716.910278,491.888947,586.424927,1571.843506,326.980957,327.980438,281.751526,1217.998047,222.527237
2018-08-29,575.509949,1719.23291,488.049805,580.415588,1558.221558,328.669464,326.326599,285.76535,1214.359009,223.348358
2018-08-30,566.727356,1727.862671,485.138245,582.926208,1573.308105,332.239319,333.464172,284.750366,1209.866699,228.382248
2018-08-31,552.141785,1724.543335,483.98764,593.175537,1579.742188,330.550873,334.117004,285.673096,1230.531982,228.382248
2018-09-03,546.58313,1703.38501,487.239685,590.356079,1507.859009,322.398071,334.073456,282.674255,1224.646851,223.633987
2018-09-04,552.275146,1741.553833,481.780426,606.841003,1465.350098,316.946777,329.32959,273.493225,1221.322266,221.063446
2018-09-05,545.627014,1725.248779,480.383301,600.872681,1430.296021,318.056274,323.845856,273.631592,1211.169312,221.527557
2018-09-06,560.924194,1721.971558,481.874268,598.608765,1427.545166,317.091461,324.063538,273.539337,1210.360718,221.920319
2018-09-07,568.572815,1725.747192,482.989655,603.259888,1454.301392,323.314636,339.122009,269.110291,1210.720215,221.67038
2018-09-10,558.456177,1726.49353,479.279694,601.654663,1429.053589,321.192047,338.077454,262.835846,1201.106445,218.885681
2018-09-11,550.385132,1697.867432,469.711243,604.494873,1411.615601,315.065369,329.634247,260.759705,1194.681885,212.209473
2018-09-12,556.966492,1695.958862,472.399811,611.574646,1443.740723,311.543671,327.893341,263.251038,1214.988037,219.064133
2018-09-13,556.966492,1695.958862,472.399811,611.574646,1443.740723,311.543671,327.893341,263.251038,1214.988037,219.064133
2018-09-14,557.255676,1713.75708,476.567627,604.000916,1445.915283,316.802032,333.899384,268.187561,1220.918091,219.314117
2018-09-17,545.138,1721.0177,467.785767,597.62085,1424.749634,314.2453,332.550232,263.251038,1208.249146,215.636841
2018-09-18,541.247009,1718.196533,467.08139,591.98175,1477.55249,307.636139,325.282074,252.639755,1193.109497,216.529388
2018-09-19,538.40094,1724.12915,460.541962,592.516907,1461.711548,309.662292,322.10498,250.517563,1197.602173,213.958862
2018-09-20,538.40094,1724.12915,460.541962,592.516907,1461.711548,309.662292,322.10498,250.517563,1197.602173,213.958862
2018-09-21,541.402588,1745.080078,462.631744,580.621338,1438.815674,305.947693,322.496643,249.687103,1194.727051,217.029205
2018-09-24,547.872803,1824.154663,452.171021,591.282104,1411.437744,297.891388,310.049438,243.920135,1184.529053,212.74501
2018-09-25,547.227905,1811.501465,458.44043,597.826721,1447.290649,300.158722,313.792328,249.963882,1185.157715,215.029922
2018-09-26,556.477356,1777.440063,462.15036,590.952759,1429.452881,302.088379,314.488617,243.458786,1197.377441,209.317688
2018-09-27,557.5224,1816.189087,464.01712,596.674133,1437.75061,295.865234,310.571686,244.842865,1176.936768,209.424805
2018-09-28,559.390076,1811.91626,471.037903,600.996094,1427.367554,294.803925,294.686218,244.981262,1142.973633,212.602203
2018-10-01,547.717102,1871.533447,477.941254,614.661743,1457.452026,302.956726,284.415039,252.685944,1121.40979,212.138123
2018-10-02,547.717102,1871.533447,477.941254,614.661743,1457.452026,302.956726,284.415039,252.685944,1121.40979,212.138123
2018-10-03,535.88855,1794.616089,476.931671,599.720032,1436.641479,293.018982,277.19043,250.702118,1119.028687,210.781464
2018-10-04,499.046448,1713.259277,459.696686,582.185303,1396.795044,305.368774,269.96579,250.379135,1130.21521,204.997803
2018-10-05,466.406708,1744.665039,461.469513,596.50946,1383.128296,296.492371,259.912262,238.383835,1102.810791,197.429092
2018-10-08,493.332275,1723.838257,456.70282,588.153809,1383.838257,299.91748,256.95282,245.211945,1091.984131,195.0728
2018-10-09,484.727661,1735.662598,455.669708,590.870422,1342.216919,295.479279,251.556076,242.628342,1097.105469,191.716858
2018-10-10,490.08609,1695.668579,461.90387,576.628723,1355.706421,308.601013,256.865784,257.11499,1123.700928,192.859314
2018-10-11,483.727112,1642.855103,454.953583,554.319153,1354.330566,300.73764,248.379013,241.890152,1101.418213,189.36058
2018-10-12,500.958557,1591.701172,465.355499,558.805725,1392.934692,308.166809,252.470047,243.366531,1109.86438,196.500854
2018-10-15,506.828461,1617.5896,471.507538,575.270386,1354.508179,302.32959,253.384018,242.859039,1092.927612,201.713242
2018-10-16,517.523071,1628.210693,467.914948,572.347778,1372.168457,309.372833,255.908264,249.410294,1100.34021,201.820374
2018-10-17,511.964539,1600.911743,463.653137,580.662354,1386.189819,303.728577,251.12088,240.967453,1088.884521,204.533676
2018-10-18,511.964539,1600.911743,463.653137,580.662354,1386.189819,303.728577,251.12088,240.967453,1088.884521,204.533676
2018-10-19,489.730347,1587.469849,462.044739,562.716064,1400.744141,304.355743,250.076355,240.921326,1083.628174,206.675781
2018-10-22,472.543335,1579.006348,469.359039,559.752502,1406.512451,315.595978,248.727188,240.229263,1084.122314,205.997452
2018-10-23,469.008087,1532.983154,466.059967,541.353516,1377.359985,311.495483,248.857773,235.892487,1078.821411,204.212372
2018-10-24,465.028137,1537.015503,467.797546,534.932129,1407.444214,310.675385,274.927338,235.938629,1095.173828,205.461914
2018-10-25,458.380157,1540.757568,462.29129,539.883728,1402.624756,308.697479,257.257477,230.263931,1079.584839,205.319092
2018-10-26,464.650146,1495.940186,460.506714,527.276123,1390.754395,304.548676,259.346527,228.925995,1075.901001,200.570816
2018-10-29,483.727112,1555.724609,452.311951,536.554932,1385.979614,337.111694,255.9953,247.19577,1133.269897,202.427307
2018-10-30,470.030884,1575.51416,449.13028,548.912903,1421.813843,333.541809,254.689713,252.040024,1142.210083,199.178452
2018-10-31,471.920715,1611.559204,448.895447,571.215881,1447.384033,342.514771,254.472092,259.652466,1165.795532,199.999603
2018-11-01,469.697327,1609.564087,449.001099,554.821533,1434.844238,341.260468,255.473099,263.804688,1192.076538,198.071747
2018-11-02,477.990692,1591.021729,457.747742,551.118408,1462.333862,341.9841,262.915283,263.29718,1220.333862,202.248825
2018-11-05,484.838776,1572.229736,459.285736,554.239075,1463.761841,337.352905,266.118896,272.155304,1213.101318,199.642593
2018-11-06,490.975464,1607.027832,457.066803,554.613525,1456.532349,340.68158,267.742645,264.312195,1225.4104,198.00029
2018-11-07,493.91037,1614.885376,459.743622,562.144958,1467.15332,343.383148,268.795898,264.404388,1227.297241,199.963898
2018-11-08,493.91037,1614.885376,459.743622,562.144958,1467.15332,343.383148,268.795898,264.404388,1227.297241,199.963898
2018-11-09,486.239594,1587.487793,456.796783,548.829834,1492.812866,344.299744,263.09082,261.359497,1229.678223,197.964615
2018-11-12,480.258514,1592.185425,451.079193,552.741089,1476.480103,339.957977,259.974976,256.469086,1228.42041,195.536911
2018-11-13,488.907654,1608.898926,452.652344,553.98938,1491.474121,348.207245,261.159912,256.56131,1249.894287,197.679016
2018-11-14,488.240662,1563.748413,459.696686,543.586853,1531.101562,353.706787,264.451263,261.682434,1244.143921,197.393372
2018-11-15,487.751526,1557.262817,463.782318,546.250122,1522.66748,356.987213,267.17218,263.343323,1256.543335,196.001038
2018-11-16,501.336609,1568.695557,470.627014,541.631348,1507.539429,354.623352,292.054932,268.418243,1257.037476,197.464813
2018-11-19,511.386505,1581.875,472.881195,542.338745,1518.517456,349.65451,295.653534,265.880768,1273.345093,203.141342
2018-11-20,505.783417,1561.752808,472.54068,533.767151,1511.91272,345.312744,291.352814,261.544037,1269.661255,202.6772
2018-11-21,494.888672,1506.666504,474.019989,515.20929,1508.298096,344.203217,292.011078,264.865814,1259.777954,201.177734
2018-11-22,490.419586,1507.124023,470.908783,516.582397,1495.044067,339.668488,287.754242,260.85199,1267.01062,200.285187
2018-11-23,490.419586,1507.124023,470.908783,516.582397,1495.044067,339.668488,287.754242,260.85199,1267.01062,200.285187
2018-11-26,493.487885,1535.020386,481.310791,517.1651,1556.538208,343.817291,293.634857,264.266022,1277.657715,203.962479
2018-11-27,501.692322,1571.730713,484.645111,531.686584,1546.988281,342.177063,288.017548,267.03418,1286.283447,203.391235
2018-11-28,512.56488,1649.60022,490.573975,554.57196,1546.00647,346.374084,275.685791,262.55896,1260.946167,201.499084
2018-11-29,519.613098,1630.185059,500.389038,550.11969,1578.404785,349.461578,278.406738,264.266022,1278.062012,205.319092
2018-11-30,519.190613,1636.587402,499.778503,555.44574,1565.463501,342.659546,275.15921,262.651306,1287.092041,204.069565
2018-12-03,514.2547,1648.353149,496.22113,557.859009,1629.367065,342.997162,280.644836,264.635132,1282.599731,202.034607
2018-12-04,512.409119,1672.008545,489.705231,570.258667,1613.346558,345.360992,279.591614,260.713562,1275.77124,201.24913
2018-12-05,513.676514,1668.599976,492.910309,567.054688,1649.44873,339.041382,274.54483,258.499023,1253.218872,196.607925
2018-12-06,499.669037,1656.91748,492.405487,556.319519,1607.857544,335.423279,266.821045,254.346817,1239.471924,194.965698
2018-12-07,504.182556,1658.995972,494.882751,568.21991,1628.206909,339.813263,266.777161,254.116104,1257.800903,195.679733
2018-12-10,484.816559,1642.864868,490.456512,556.902161,1602.770386,334.168945,258.877869,253.008942,1228.914551,193.109207
2018-12-11,488.062744,1662.987305,483.600189,561.312744,1601.967041,330.743835,254.752686,259.514038,1223.209229,196.143829
2018-12-12,493.821442,1676.956543,489.646515,564.641418,1641.416016,337.642395,268.181519,263.204926,1258.160645,197.107742
2018-12-13,492.287323,1648.519287,493.403473,580.661011,1656.0979,337.256409,266.031158,266.66507,1281.656006,196.572235
2018-12-14,494.577393,1654.4646,492.088501,587.568298,1660.560425,339.523773,280.206024,266.84964,1268.133789,196.893539
2018-12-17,502.448303,1658.247681,500.189392,577.873169,1651.769165,345.843414,276.651306,267.126465,1265.078979,199.821121
2018-12-18,505.338745,1652.884399,501.422119,563.060181,1642.888672,349.509766,278.933319,270.125275,1283.498047,198.607224
2018-12-19,505.516632,1636.753662,498.604401,553.281921,1646.503052,353.610321,283.2341,277.460907,1289.113647,202.391602
2018-12-20,501.803558,1624.780273,501.891724,555.112793,1637.087524,349.413269,277.836243,271.324829,1303.534424,201.820374
2018-12-21,489.24118,1576.345459,495.716309,537.76178,1609.6427,341.742889,270.24408,269.340973,1275.860962,197.607605
2018-12-24,484.327423,1595.220703,488.554596,540.091736,1592.818726,340.343872,271.297333,270.4021,1262.203857,197.072052
2018-12-25,484.327423,1595.220703,488.554596,540.091736,1592.818726,340.343872,271.297333,270.4021,1262.203857,197.072052
2018-12-26,488.418549,1570.857544,498.346161,535.972351,1599.021729,343.334869,281.259216,271.417084,1278.241699,197.536179
2018-12-27,498.134888,1587.279541,494.283997,546.582886,1619.817505,343.141907,277.967865,269.571655,1280.398315,200.463699
2018-12-28,500.513947,1576.553345,498.475281,546.707642,1626.198853,348.062531,277.836243,272.016876,1293.291748,201.534744
2018-12-31,498.601776,1574.059082,498.193542,548.372131,1624.056519,347.483612,274.281525,273.03186,1291.629395,201.106323
2019-01-01,498.490601,1582.166138,504.392548,553.448425,1607.500488,350.957031,280.425446,276.445953,1295.537964,201.856079
2019-01-02,491.99823,1599.211548,499.790283,556.7771,1592.77417,351.777161,274.413177,271.186401,1280.802612,200.356628
2019-01-03,485.928314,1579.796387,495.868896,556.860352,1596.165649,350.474609,275.15921,268.602814,1253.398438,199.107025
2019-01-04,488.55191,1560.588745,497.195557,550.11969,1590.185669,352.356049,283.014648,274.646576,1247.154053,200.606506
2019-01-07,491.264465,1578.091675,497.946869,558.982483,1593.086426,354.768097,285.208923,273.400909,1243.335449,201.106323
2019-01-08,491.220032,1574.474487,493.802673,557.609314,1580.501953,366.780212,288.983002,281.705353,1241.897705,202.96283
2019-01-09,493.932617,1568.986816,497.04303,562.644165,1593.13147,368.806396,293.590973,281.705353,1245.356934,207.354126
2019-01-10,492.487396,1570.317383,495.094086,565.640015,1594.202271,366.153137,296.048492,281.936035,1251.24231,206.782898
2019-01-11,488.285126,1532.068604,495.892395,568.802368,1579.208008,365.236542,294.117584,279.352417,1230.576782,210.888504
2019-01-14,487.729309,1507.705933,493.485626,584.114807,1574.299194,360.219421,291.045593,277.184052,1198.50061,210.138824
2019-01-15,502.337158,1553.064087,498.240448,604.669739,1597.459961,359.640472,296.443481,278.337433,1204.790039,211.745377
2019-01-16,505.116425,1555.017822,497.841278,613.158203,1582.019531,362.1008,293.108215,279.721558,1205.913208,209.960327
2019-01-17,504.47168,1578.474609,500.682556,610.287109,1563.232056,361.425415,291.440613,274.415955,1209.417114,209.888947
2019-01-18,526.661316,1583.765503,500.201111,608.289856,1556.627197,358.91687,273.096649,272.155304,1184.124756,208.103867
2019-01-21,550.385132,1590.473755,504.404236,619.982178,1559.126709,358.627472,273.272217,269.84845,1181.114746,206.997116
2019-01-22,549.251221,1584.807495,501.516174,620.273315,1562.071899,356.070557,267.567108,267.818512,1169.074951,206.889984
2019-01-23,545.315796,1562.892334,494.366119,608.872375,1577.244385,354.478607,266.557739,264.496674,1169.344482,198.00029
2019-01-24,554.720947,1584.515625,493.626495,612.512268,1570.372192,351.970123,264.758484,265.788544,1163.863647,199.142761
2019-01-25,554.07605,1600.556274,492.158905,611.131592,1567.96228,344.63739,269.893005,263.343323,1154.968628,199.356995
2019-01-28,546.760986,1629.054199,489.376495,609.123413,1555.645508,331.467438,267.830414,259.837006,1168.446045,196.179535
2019-01-29,538.356628,1652.177856,483.142303,609.081543,1567.873047,334.651398,270.200226,258.914276,1148.319702,198.821442
2019-01-30,531.708435,1651.053223,477.765137,607.40802,1547.032959,353.031403,266.557739,265.234894,1163.054932,196.715042
2019-01-31,545.693848,1678.301147,488.390259,627.197571,1573.718994,351.632446,268.927521,270.955688,1180.890259,198.964294
2019-02-01,555.83252,1691.508057,490.855713,633.473206,1605.893799,342.177063,273.710999,262.420593,1190.144531,200.53511
2019-02-04,574.042419,1708.423828,494.248749,632.511108,1608.839233,342.080536,269.059235,262.005402,1174.690552,197.857513
2019-02-05,574.331421,1703.674072,496.397278,631.632385,1625.663086,340.247406,270.507416,262.651306,1172.174561,195.751114
2019-02-06,582.647095,1728.880737,498.416534,638.703125,1633.249512,346.663544,270.990143,266.711212,1180.980103,198.285904
2019-02-07,573.820129,1735.630737,497.148621,639.288879,1641.371582,346.036346,273.096649,265.188751,1164.492554,200.14241
2019-02-08,568.172607,1717.715088,498.416534,636.694885,1621.959473,342.611267,274.93985,263.896942,1133.674194,196.715042
2019-02-11,557.299988,1721.464722,502.408295,638.284607,1610.802979,337.738831,274.018219,258.821991,1119.972168,197.857513
2019-02-12,558.700806,1709.54895,500.071991,627.950684,1601.610229,332.191071,273.184418,254.116104,1120.286499,196.572235
2019-02-13,558.700806,1709.54895,500.071991,627.950684,1601.610229,332.191071,273.184418,254.116104,1120.286499,196.572235
2019-02-14,544.382019,1703.716064,495.493256,619.24823,1593.175903,331.853394,264.01239,246.457611,1102.990845,198.428726
2019-02-15,553.386841,1691.300171,493.250763,620.838013,1582.242676,330.116669,267.347656,242.628342,1116.917236,199.999603
2019-02-18,542.558838,1641.803345,490.726593,620.085083,1563.589111,326.836243,265.548401,239.860184,1118.175171,196.143829
2019-02-19,540.78009,1587.223877,489.352997,606.069153,1551.138306,331.177979,266.557739,242.582184,1130.574463,197.000656
2019-02-20,548.895569,1595.515137,495.058838,619.792175,1547.16687,333.059418,271.209534,247.011246,1146.972046,196.964996
2019-02-21,554.476196,1595.056396,496.831665,613.725586,1566.087891,338.944855,271.999512,247.288071,1153.755493,196.393738
2019-02-22,548.006226,1604.597656,491.090576,614.980774,1578.449463,339.668488,275.466431,250.010056,1150.38623,195.858231
2019-02-25,547.983826,1654.17749,499.062286,631.674255,1579.877197,343.093689,278.450562,249.271896,1146.342896,197.571899
2019-02-26,542.625488,1698.799683,495.598846,621.29834,1581.751709,335.953949,276.870728,245.765579,1137.358154,196.715042
2019-02-27,544.070679,1714.96521,491.278412,615.231812,1549.844482,333.397125,280.995941,246.965103,1154.294556,196.429459
2019-02-28,547.42804,1652.761108,487.826721,614.436707,1546.408325,337.835327,279.15274,248.256882,1161.707397,197.107742
2019-03-01,545.204651,1662.718872,489.188721,620.796265,1548.193237,341.791107,270.024658,251.855515,1175.723755,198.642929
2019-03-04,545.204651,1662.718872,489.188721,620.796265,1548.193237,341.791107,270.024658,251.855515,1175.723755,198.642929
2019-03-05,550.363037,1656.635864,494.76535,612.930542,1539.223511,350.474609,270.200226,255.085007,1173.253052,201.748962
2019-03-06,562.436218,1666.218018,494.0961,612.930542,1517.089233,358.868683,271.560669,256.607513,1183.316162,204.033875
2019-03-07,564.859619,1677.634521,499.320557,604.939636,1522.08728,357.759033,270.024658,259.975403,1215.122803,207.139923
2019-03-08,563.458923,1685.467407,499.719727,596.069763,1518.695679,357.566101,270.946289,259.467926,1203.442383,208.496536
2019-03-11,579.912231,1678.884033,499.778503,595.149475,1530.610596,362.631439,292.976532,265.142639,1209.866699,209.174911
2019-03-12,592.029907,1676.926025,509.769623,591.551331,1548.327271,374.54715,308.775208,264.727356,1247.917847,210.281647
2019-03-13,599.12262,1666.96814,522.813232,592.806396,1559.751465,378.117004,296.443481,270.494354,1238.663086,210.567261
2019-03-14,596.565674,1656.052612,522.390564,592.722839,1550.558472,374.25766,300.52478,269.340973,1239.696655,210.995651
2019-03-15,587.716492,1699.841187,529.023987,601.257874,1515.839844,381.3974,296.399597,275.338654,1254.746338,207.639679
2019-03-18,600.34552,1685.550659,531.007996,594.270813,1515.080933,384.05069,290.211792,275.846161,1238.932739,209.603317
2019-03-19,612.129639,1685.550659,532.487366,604.354004,1516.955444,384.388367,295.565765,279.629272,1220.109375,213.816086
2019-03-20,611.640381,1679.092651,539.825134,618.327881,1506.156006,379.081848,293.1521,280.32132,1231.744873,213.42337
2019-03-21,611.640381,1679.092651,539.825134,618.327881,1506.156006,379.081848,293.1521,280.32132,1231.744873,213.42337
2019-03-22,596.654663,1671.259766,534.459656,621.800415,1497.677002,378.020508,291.00174,275.015686,1253.128906,212.923553
2019-03-25,588.961548,1653.427734,535.669006,615.231812,1493.928589,370.012451,287.008209,271.278656,1237.001099,210.674362
2019-03-26,607.994019,1652.094116,542.725037,608.956055,1502.809082,380.239655,287.710327,280.044495,1233.452026,209.49617
2019-03-27,599.989746,1639.803589,539.930725,610.587646,1500.131592,379.371307,283.058563,284.934875,1227.74646,209.281982
2019-03-28,604.770081,1666.802002,540.717468,617.365479,1502.898315,386.462769,289.597412,294.346619,1245.940918,214.208771
2019-03-29,604.770081,1666.802002,540.717468,617.365479,1502.898315,386.462769,289.597412,294.346619,1245.940918,214.208771
2019-04-01,618.933228,1692.925293,542.830627,631.841614,1508.342529,384.243652,299.120453,297.806793,1268.852417,212.245224
2019-04-02,617.977173,1732.630615,538.850708,635.439636,1505.799316,383.182312,312.856445,303.573761,1266.651367,212.709305
2019-04-03,611.529175,1732.630615,538.357544,630.33551,1491.206665,378.309967,307.195312,295.730652,1238.169067,211.459763
2019-04-04,601.679504,1678.634521,536.29126,625.816895,1487.41333,375.077789,313.163666,296.930206,1229.767944,210.495819
2019-04-05,602.057434,1706.798706,541.374817,635.356018,1480.764038,376.814423,313.032043,292.547302,1234.350708,210.317352
2019-04-08,591.095947,1725.506104,537.570862,642.008301,1485.940552,373.48584,311.539948,288.625763,1234.215698,209.032089
2019-04-09,593.408386,1742.796387,537.066101,636.443665,1499.86377,383.182312,308.59964,290.425049,1235.608398,211.566895
2019-04-10,592.052063,1700.091431,525.349121,629.833313,1512.046509,380.336121,298.418304,286.87262,1232.328857,210.424423
2019-04-11,598.900208,1682.800781,530.080566,621.465698,1526.549805,376.332001,303.991699,290.563477,1238.124146,211.638306
2019-04-12,597.254883,1678.634521,531.90033,625.691345,1536.590698,380.722046,300.129822,290.886444,1222.759888,218.314453
2019-04-15,595.943115,1760.961914,537.430176,608.746948,1536.947632,378.937134,305.176605,291.209351,1219.166016,218.135956
2019-04-16,597.543823,1776.377808,541.245728,605.901794,1551.67395,392.685913,306.098206,291.347748,1241.179077,219.349792
2019-04-17,597.543823,1776.377808,541.245728,605.901794,1551.67395,392.685913,306.098206,291.347748,1241.179077,219.349792
2019-04-18,616.309631,1791.584717,538.568848,600.002747,1552.879028,390.177368,304.518311,286.780334,1222.580078,217.350479
2019-04-19,616.309631,1791.584717,538.568848,600.002747,1552.879028,390.177368,304.518311,286.780334,1222.580078,217.350479
2019-04-22,598.255493,1801.084229,532.710388,603.34967,1552.834351,380.625549,306.668732,286.088257,1222.086182,215.494034
2019-04-23,606.482056,1795.751099,527.215881,609.332703,1556.716553,382.555206,302.547241,281.659241,1211.348999,216.63649
2019-04-24,617.888123,1819.41687,535.305115,616.23584,1564.213745,386.993469,310.19455,286.734161,1222.535278,218.814285
2019-04-25,610.28418,1829.040039,531.477661,609.625427,1547.791504,381.493866,314.018219,282.535828,1217.593506,217.172028
2019-04-26,619.355652,1865.32959,535.586792,617.532898,1559.528198,392.878906,311.102692,288.348938,1220.333862,217.457611
2019-04-29,619.355652,1865.32959,535.586792,617.532898,1559.528198,392.878906,311.102692,288.348938,1220.333862,217.457611
2019-04-30,619.355652,1883.495483,544.157288,628.703674,1568.765503,393.168335,306.179718,285.996033,1211.663452,215.172714
2019-05-01,619.355652,1883.495483,544.157288,628.703674,1568.765503,393.168335,306.179718,285.996033,1211.663452,215.172714
2019-05-02,624.803101,1846.039062,553.162231,611.50824,1538.286255,381.638641,309.907776,284.335144,1220.828369,217.778931
2019-05-03,626.492798,1776.544189,556.015015,605.483459,1511.511108,387.668823,316.838196,286.042145,1225.185791,217.243378
2019-05-06,615.842712,1798.083862,546.740173,601.132202,1489.510498,387.186432,318.75,284.888763,1215.392334,219.207047
2019-05-07,597.4328,1793.167969,545.307922,606.278381,1515.036499,372.906952,310.624695,281.843781,1227.881226,215.565445
2019-05-08,577.84436,1793.918213,541.762268,601.927185,1507.182251,368.758148,310.19455,275.200226,1222.265625,214.672913
2019-05-09,558.723083,1810.333618,537.923096,603.34967,1520.614868,367.986267,301.543518,276.169067,1218.761597,214.1017
2019-05-10,556.366272,1779.710571,539.238159,599.835205,1506.06665,371.556152,309.812195,284.242828,1217.907959,212.602203
2019-05-13,547.872803,1773.835938,537.054382,602.220093,1519.052856,363.065643,304.602448,283.181732,1183.900024,206.568695
2019-05-14,560.50177,1743.504883,537.218689,597.324951,1515.929077,367.021423,321.761108,290.332764,1205.598877,210.17453
2019-05-15,558.923157,1746.046143,536.936951,599.207642,1491.429688,363.789307,316.646973,287.979858,1191.222778,212.102386
2019-05-16,562.680786,1757.170532,542.560547,613.432678,1506.736084,369.047577,310.863678,291.347748,1201.420654,210.460159
2019-05-17,563.592285,1746.088013,554.641541,605.734497,1550.112183,375.994415,313.970459,294.577301,1223.658325,215.208435
2019-05-20,589.606323,1786.501221,571.13678,604.479431,1581.974731,393.361359,325.106812,318.060425,1304.11853,219.207047
2019-05-21,595.787354,1758.00415,564.409546,593.5177,1593.35437,386.076843,316.073456,311.463013,1302.007202,218.421555
2019-05-22,596.054199,1734.671631,564.89093,593.894226,1578.226318,391.093933,320.375092,314.738647,1312.78894,218.291565
2019-05-23,593.163757,1711.589844,547.59729,586.614319,1565.329346,396.400543,323.864136,315.753632,1326.266479,209.88028
2019-05-24,594.475647,1706.54895,557.283203,593.434021,1561.536377,416.56546,337.629364,327.887329,1387.408936,211.51886
2019-05-27,582.824951,1712.506836,565.501465,592.51355,1581.483643,420.183594,334.092438,333.746613,1433.99585,211.810135
2019-05-28,588.650269,1728.005859,567.344727,609.248901,1585.901611,419.025787,330.36438,332.224121,1414.678101,210.390091
2019-05-29,583.892151,1756.171143,567.509033,608.997864,1589.427246,408.412659,323.864136,321.705139,1394.866333,209.807495
2019-05-30,591.318481,1788.460205,572.827454,613.809265,1592.461792,411.210693,331.415863,326.226471,1400.391968,210.207993
2019-05-31,591.496277,1830.332031,569.493164,617.323669,1596.254761,408.798645,333.423309,325.257599,1399.448486,202.852737
2019-06-03,604.85907,1868.454102,576.948364,623.097412,1641.951416,408.026733,337.199158,327.979645,1401.11084,202.852737
2019-06-04,601.056885,1833.845947,575.821289,615.27356,1620.441895,404.360352,336.864594,325.165314,1410.4552,203.362503
2019-06-05,601.056885,1833.845947,575.821289,615.27356,1620.441895,404.360352,336.864594,325.165314,1410.4552,203.362503
2019-06-06,590.25116,1819.565552,569.023621,615.524597,1640.21106,397.075867,338.20285,310.86319,1362.026489,200.813644
2019-06-07,584.714783,1832.711792,574.72937,618.453308,1633.963623,401.948334,341.357391,315.615204,1360.18457,200.449524
2019-06-10,586.604736,1874.50293,572.980042,630.502808,1653.37561,401.465912,347.42749,317.691345,1376.582031,203.471741
2019-06-11,591.051453,1892.39502,574.905457,631.674255,1642.040771,406.53125,347.236267,320.274902,1369.57373,203.799454
2019-06-12,592.38562,1899.199097,569.892334,630.753784,1648.55603,403.299072,344.033966,317.41449,1356.051392,203.872253
2019-06-13,590.206665,1893.487305,574.036804,630.202332,1647.128174,404.842773,347.714264,319.721283,1363.509155,204.345642
2019-06-14,585.89325,1893.822876,571.782593,628.335327,1627.001831,403.057861,337.724915,317.22995,1371.370728,202.488632
2019-06-17,570.218079,1889.370483,568.706665,628.420105,1622.628784,399.632721,328.8349,311.739838,1346.617432,200.267456
2019-06-18,569.640015,1890.757324,567.591187,636.566528,1615.086792,407.303101,329.934235,313.769775,1352.502197,200.340271
2019-06-19,568.016846,1898.359253,570.197571,638.051636,1616.961304,405.035736,326.062744,312.662506,1352.367554,201.869583
2019-06-20,576.64386,1913.522339,573.269104,640.597351,1622.669678,418.15744,333.184326,318.475616,1399.044312,201.723938
2019-06-21,568.973022,1889.917114,570.398499,636.609131,1588.149414,415.648895,328.643707,322.397186,1383.455566,199.721283
2019-06-24,561.368896,1911.463379,571.284424,632.620728,1586.171753,414.346375,329.886414,325.903503,1384.578613,201.17775
2019-06-25,576.243652,1904.995728,573.824341,634.827026,1578.980103,418.398621,333.232147,328.994568,1379.187622,202.816315
2019-06-26,575.48761,1893.571533,583.085938,627.274597,1583.070435,423.222809,330.316559,330.470978,1393.743286,202.015274
2019-06-27,566.593994,1892.18457,581.763,619.934326,1595.116455,425.441895,333.279907,334.161835,1393.473877,199.175095
2019-06-28,557.233337,1870.890747,577.380127,621.164734,1606.982544,421.727356,331.368073,333.33139,1395.540161,199.429993
2019-07-01,564.237183,1881.264771,587.256165,620.570679,1600.330444,423.560486,333.136505,333.608185,1398.639893,200.231018
2019-07-02,568.528381,1891.806885,589.488831,627.953491,1608.420898,421.389648,338.011688,336.3302,1405.109131,199.429993
2019-07-03,570.329346,1879.668823,588.224792,620.570679,1604.375732,420.617798,337.629364,337.852692,1417.86792,201.505493
2019-07-04,570.97406,1883.868652,586.842651,622.692078,1612.376221,420.858978,346.758331,339.006073,1412.162354,202.197327
2019-07-05,561.791321,1817.045654,584.14917,609.284607,1610.398804,421.003754,348.717987,342.004913,1400.16748,203.508163
2019-07-08,556.766418,1827.377563,569.311584,608.945068,1576.373169,410.921204,340.688263,327.841187,1339.069824,202.051651
2019-07-09,569.239807,1792.05481,562.117188,607.163147,1564.41687,413.429779,346.328125,331.716614,1371.640381,198.88382
2019-07-10,568.683899,1770.928467,564.385437,608.648071,1544.954468,415.745392,342.743469,326.826233,1347.336182,198.920212
2019-07-11,569.884644,1766.182373,568.732788,612.254578,1556.011841,411.54834,344.846497,335.130646,1343.427612,200.740799
2019-07-12,569.417725,1770.424316,565.602173,616.709717,1540.099976,412.030701,340.40152,335.499756,1317.955322,200.303848
2019-07-15,567.461121,1802.428589,565.80304,661.345215,1543.470825,407.447815,335.143982,332.224121,1294.369751,197.318085
2019-07-16,574.976257,1773.212036,564.964294,666.012451,1565.360962,409.666931,335.287354,336.191833,1312.878784,198.04631
2019-07-17,570.018005,1782.68457,566.440796,673.904419,1582.800659,409.763458,330.985718,343.619629,1307.712402,198.738144
2019-07-18,561.12439,1739.490967,569.854919,672.673889,1563.428101,403.926178,327.401031,335.545898,1289.518066,198.810974
2019-07-19,555.410156,1748.752563,561.290222,666.47937,1546.572266,395.869873,324.96344,328.487122,1268.268677,195.388199
2019-07-22,569.417725,1776.49585,542.766907,665.630676,1510.883545,397.997711,327.448822,323.735168,1261.215454,192.548065
2019-07-23,566.327148,1778.642822,534.792908,670.425171,1522.255493,398.432922,328.452576,315.753632,1266.426636,197.099579
2019-07-24,559.901428,1765.466431,538.903809,667.242859,1553.989136,395.09613,323.959747,313.354553,1262.649658,197.245255
2019-07-25,547.628113,1791.651855,540.120728,674.201477,1561.180664,395.579712,324.055328,314.923157,1249.043579,195.060501
2019-07-26,539.757263,1775.780273,538.053345,667.837036,1555.786865,402.108246,320.136108,316.122711,1267.018555,196.917542
2019-07-29,538.489929,1793.420288,530.25647,671.61322,1540.189941,415.261963,319.801483,317.22995,1248.224487,194.987686
2019-07-30,525.127136,1834.803345,532.134766,672.673889,1546.123169,411.39325,330.507751,302.235809,1252.638428,195.825195
2019-07-31,518.612549,1857.158325,531.993042,673.480103,1552.190918,410.667816,322.717041,306.526489,1262.604248,196.771881
2019-08-01,524.838135,1835.561035,526.108704,652.435059,1556.371338,403.36554,309.621033,292.639557,1235.983276,194.841995
2019-08-02,529.822571,1856.820923,524.344604,658.163025,1561.899658,397.127228,328.404724,284.611969,1247.08667,192.620911
2019-08-05,511.481201,1893.278931,516.033142,659.096558,1565.270874,389.438049,341.930939,277.045654,1224.834473,189.19812
2019-08-06,504.748505,1864.904175,518.36554,657.187256,1567.877808,396.788757,352.207031,278.106781,1253.685059,188.542694
2019-08-07,496.293518,1863.682739,517.157837,658.58728,1597.678345,394.99939,349.960663,267.495544,1237.803711,184.719437
2019-08-08,515.507324,1901.277466,528.796265,669.32196,1620.916626,400.802521,355.743958,271.601654,1238.349609,187.705215
2019-08-09,519.86908,1891.300171,540.363708,670.255371,1655.301758,406.363892,354.788025,268.833496,1241.94458,185.119949
2019-08-12,519.86908,1891.300171,540.363708,670.255371,1655.301758,406.363892,354.788025,268.833496,1241.94458,185.119949
2019-08-13,570.263367,1851.89563,525.765381,648.955933,1640.37915,396.788757,336.147675,261.451752,1195.210083,179.366837
2019-08-14,576.302673,1856.06311,527.920105,657.484253,1653.234253,403.607391,345.276703,267.357147,1213.822021,181.151016
2019-08-15,576.302673,1856.06311,527.920105,657.484253,1653.234253,403.607391,345.276703,267.357147,1213.822021,181.151016
2019-08-16,571.717224,1822.973511,527.505798,657.271973,1643.88501,405.203278,345.611176,268.418243,1215.232666,184.246063
2019-08-19,578.248535,1821.204956,522.568787,659.90271,1636.918335,409.507233,345.08548,264.681274,1230.658936,183.19014
2019-08-20,570.800171,1841.202393,525.824585,672.71637,1657.144897,403.22049,342.265533,261.774719,1221.830933,179.512482
2019-08-21,568.563416,1840.739136,527.067749,678.401794,1663.077637,398.529633,339.254425,255.961578,1192.843872,175.834854
2019-08-22,557.737549,1865.829712,514.813721,675.219666,1682.945068,386.004547,337.199158,247.795532,1177.917847,174.815277
2019-08-23,570.755493,1892.520508,512.114197,680.735474,1672.067383,382.425934,340.688263,250.148468,1170.86438,171.938721
2019-08-26,566.706848,1916.602051,534.242493,681.03241,1686.945312,398.142761,344.750885,258.545197,1213.776489,176.599472
2019-08-27,570.308105,1883.090576,535.142334,665.842773,1673.32605,404.864685,332.945374,263.620148,1234.982056,178.784225
2019-08-28,565.141113,1885.40625,532.194336,680.990173,1643.390747,399.400116,330.555511,262.881958,1223.787842,179.111923
2019-08-29,555.500732,1880.522705,527.328247,684.766357,1647.75061,391.130646,328.356934,253.285721,1221.785522,175.652786
2019-08-30,558.542664,1902.541016,527.564941,691.512573,1691.754883,396.208374,331.511414,252.685944,1208.861816,178.893448
2019-09-02,558.542664,1902.541016,527.564941,691.512573,1691.754883,396.208374,331.511414,252.685944,1208.861816,178.893448
2019-09-03,539.686829,1895.80481,523.53949,690.960999,1655.751465,379.282623,322.000092,247.657104,1178.054443,175.907654
2019-09-04,537.338135,1890.584595,532.25354,696.943542,1660.021362,384.457062,330.459991,253.83934,1190.477539,177.145676
2019-09-05,536.197449,1865.240356,529.269836,707.762939,1644.873901,376.235931,332.371765,252.178452,1201.626465,177.873917
2019-09-06,546.88916,1850.253296,531.81543,712.939331,1635.344971,378.50885,333.853424,252.778229,1209.22583,177.619034
2019-09-09,546.755066,1837.918701,532.691589,703.562439,1648.739502,382.474335,340.736053,256.515198,1235.027832,178.784225
2019-09-10,546.755066,1837.918701,532.691589,703.562439,1648.739502,382.474335,340.736053,256.515198,1235.027832,178.784225
2019-09-11,552.212769,1813.627441,533.094177,695.925171,1639.974731,381.652191,339.445587,263.204926,1241.079712,177.509781
2019-09-12,541.453796,1796.451172,537.72345,692.7854,1622.984253,389.48642,332.228394,264.865814,1239.942261,175.325058
2019-09-13,548.276001,1803.481689,534.550415,703.732056,1623.119019,399.835297,327.926788,269.156433,1240.898071,174.706055
2019-09-16,541.63269,1810.259277,531.401001,702.374512,1632.782837,398.626343,328.8349,262.697418,1222.832153,174.341934
2019-09-17,535.682922,1787.231445,523.634155,705.386902,1646.177368,387.503693,324.867859,252.778229,1195.619629,172.739792
2019-09-18,539.373657,1800.619019,518.045837,704.198853,1644.379272,386.246368,320.805206,258.729736,1199.533081,174.232712
2019-09-19,527.45166,1769.802246,521.443848,696.434265,1629.591431,373.914703,322.717041,252.870468,1183.788086,172.375671
2019-09-20,561.137329,1739.069946,568.115967,683.111572,1770.728638,403.800812,340.688263,278.383636,1284.62915,173.35878
2019-09-23,554.359985,1697.265747,595.418274,648.616516,1833.655762,431.655762,332.6586,289.502319,1391.112671,185.593307
2019-09-24,572.030457,1721.598511,593.784424,673.819519,1843.274658,426.432983,333.279907,279.21405,1348.155151,186.430801
2019-09-25,572.410645,1758.435791,587.10675,672.631531,1844.218384,419.95285,326.588501,258.591309,1319.759521,180.27713
2019-09-26,580.127502,1757.720093,588.4328,664.06073,1828.846436,437.120453,328.88269,260.067688,1355.936646,182.352631
2019-09-27,585.607544,1731.239136,589.237976,663.763794,1807.720581,434.460693,333.710114,259.467926,1340.282471,184.209656
2019-09-30,595.986145,1767.571045,581.305359,683.663147,1781.695801,419.469238,350.868805,249.871643,1341.73877,189.234528
2019-10-01,583.751038,1734.439209,591.416565,673.395264,1789.202148,410.667816,335.478516,236.169312,1332.455688,186.357971
2019-10-02,583.751038,1734.439209,591.416565,673.395264,1789.202148,410.667816,335.478516,236.169312,1332.455688,186.357971
2019-10-03,586.50238,1734.691772,579.458435,666.648926,1763.806519,413.279266,329.695251,234.508423,1326.994995,190.545395
2019-10-04,585.182556,1750.773804,563.427429,673.310303,1747.759766,400.318909,324.533295,230.633011,1296.824463,187.34108
2019-10-07,586.077271,1724.124878,562.101379,670.000977,1744.029541,402.446747,326.492889,229.848709,1272.205933,183.444992
2019-10-08,586.077271,1724.124878,562.101379,670.000977,1744.029541,402.446747,326.492889,229.848709,1272.205933,183.444992
2019-10-09,592.631042,1700.886108,581.636902,664.994263,1751.176025,422.370819,343.55603,240.782898,1298.053345,179.949417
2019-10-10,609.630432,1687.70874,568.565857,664.484985,1769.829468,409.797394,360.61908,234.508423,1297.00647,177.109283
2019-10-11,605.089844,1672.890625,567.737061,691.427612,1802.102417,414.48822,366.02002,234.877518,1299.372925,177.655426
2019-10-14,607.505554,1701.643799,570.389221,667.073181,1810.732178,414.778412,376.200531,235.707962,1295.959961,177.764679
2019-10-15,610.256653,1715.368408,579.221619,651.968323,1855.814697,417.679962,366.736938,238.476105,1303.514038,180.313553
2019-10-16,613.924988,1723.030518,578.298096,654.641479,1861.748413,421.016693,368.266388,236.261566,1296.187378,177.436966
2019-10-17,624.728699,1748.470093,577.7771,652.986755,1891.279175,426.142853,368.839966,244.935135,1296.323975,179.039124
2019-10-18,633.608521,1771.198364,582.03949,651.586548,1893.975952,423.434692,366.593567,248.810532,1317.66626,179.512482
2019-10-21,633.608521,1771.198364,582.03949,651.586548,1893.975952,423.434692,366.593567,248.810532,1317.66626,179.512482
2019-10-22,632.624451,1766.075806,586.917419,546.107361,1912.404663,436.34668,357.607971,249.594864,1312.888184,181.260254
2019-10-23,622.894409,1782.175049,588.006592,559.039246,1927.676147,440.167084,344.464142,254.162292,1303.104492,182.825974
2019-10-24,642.600342,1792.419556,585.401917,545.935425,1927.766602,439.828552,355.93512,242.213089,1303.514038,181.369492
2019-10-25,640.25177,1829.39563,582.03949,547.740051,1938.384033,453.707703,358.611694,259.790863,1296.915649,180.386383
2019-10-28,640.25177,1829.39563,582.03949,547.740051,1938.384033,453.707703,358.611694,259.790863,1296.915649,180.386383
2019-10-29,656.289429,1889.573608,588.4328,559.082275,1952.028809,461.735321,344.033966,258.960419,1329.770752,184.428131
2019-10-30,661.679993,1939.463379,591.203308,567.631958,1960.342163,455.690399,351.729065,267.495544,1341.73877,188.906815
2019-10-31,655.081482,1953.969849,582.678711,589.113708,1965.719238,447.856232,357.751343,288.256683,1340.646851,187.632401
2019-11-01,651.748718,1894.782349,587.272522,591.089966,1969.333618,447.082428,356.604279,289.317749,1319.122559,190.290497
2019-11-04,652.084351,1888.798218,585.757019,609.220581,1950.17627,455.061798,361.336029,290.009796,1321.670532,189.889969
2019-11-05,647.454163,1895.600098,587.012146,598.135925,1962.827271,452.98233,367.023712,294.531158,1310.385376,191.455688
2019-11-06,641.90686,1884.106201,595.134155,612.056091,1969.42395,464.927063,355.074799,293.008667,1322.444214,190.326904
2019-11-07,652.509216,1881.395264,598.4729,618.758301,1932.194336,462.847626,355.361572,293.562286,1306.0625,193.604034
2019-11-08,646.648987,1833.700317,594.636902,608.490234,1885.340698,473.389984,352.876221,291.57843,1295.095337,189.707901
2019-11-11,638.730774,1808.734253,598.970154,605.267883,1880.777466,480.498779,355.122589,293.654541,1289.634644,188.943253
2019-11-12,638.730774,1808.734253,598.970154,605.267883,1880.777466,480.498779,355.122589,293.654541,1289.634644,188.943253
2019-11-13,658.637939,1875.584106,595.560364,594.054321,1889.497681,469.81134,352.350433,283.089417,1267.791748,184.865067
2019-11-14,654.365784,1891.252441,603.303406,606.04126,1869.66272,482.288055,346.519318,282.351318,1256.369995,184.901474
2019-11-15,657.989319,1872.010986,605.197754,604.838257,1859.406738,483.4487,375.722565,297.022491,1253.821533,182.534698
2019-11-18,652.777649,1853.200195,597.691589,605.955261,1858.051025,481.997955,391.160614,299.975159,1241.853394,182.607529
2019-11-19,675.391296,1815.492065,602.356323,612.528687,1841.37915,477.307068,419.981445,304.86557,1242.990967,181.551544
2019-11-20,692.346008,1815.2771,603.04303,612.657654,1831.213013,478.757812,418.02182,303.389191,1256.688599,182.571091
2019-11-21,687.850098,1823.498535,607.778931,612.872437,1851.22876,481.901184,407.506775,305.742126,1267.518921,178.929855
2019-11-22,691.831543,1783.552246,598.970154,595.644104,1832.884888,480.498779,402.105804,303.850555,1254.731812,180.349945
2019-11-25,698.564209,1791.989258,601.977417,599.854492,1863.653687,481.465973,431.500244,310.125061,1256.734009,180.422806
2019-11-26,697.982727,1761.98645,603.848206,593.409912,1859.994263,493.942688,413.290039,309.571411,1240.488525,181.442337
2019-11-27,702.277222,1768.572632,605.434692,597.835144,1891.530518,488.9133,414.245941,316.999268,1215.459961,179.840195
2019-11-28,706.952087,1788.416504,599.230713,603.076721,1886.018677,502.115509,417.400482,322.304901,1228.565674,179.658127
2019-11-29,693.911804,1767.668701,603.80072,598.35083,1839.165405,495.780304,422.944794,315.430695,1210.955322,179.439636
2019-12-02,709.725647,1739.947266,599.443726,595.214539,1846.303955,494.136108,438.382843,312.339539,1213.503418,178.383698
2019-12-03,706.325745,1765.731445,594.542175,600.069336,1832.975464,492.636993,438.860779,310.263458,1195.164673,177.728302
2019-12-04,694.605164,1789.406494,592.766174,609.091614,1850.641479,511.883942,441.059387,315.430695,1169.59021,177.072861
2019-12-05,693.777649,1826.253418,589.90094,614.247253,1841.107788,510.771729,427.628754,310.217346,1185.15332,179.840195
2019-12-06,695.589294,1828.233887,590.114136,614.461975,1830.806641,507.580017,425.239014,295.269348,1174.778076,177.218506
2019-12-09,703.507507,1773.866821,588.645996,616.309448,1814.631592,509.224243,426.194885,292.224396,1161.308228,175.834854
2019-12-10,698.743164,1732.887573,591.747986,613.989441,1830.173828,511.352051,427.294189,289.179352,1164.038574,171.5746
2019-12-11,698.944458,1757.897095,591.392761,619.574646,1816.709717,516.042908,423.231598,288.625763,1150.660034,173.031097
2019-12-12,701.539124,1739.817871,598.425537,603.291443,1813.908813,517.783875,419.312347,296.976379,1164.675659,173.722931
2019-12-13,708.115234,1783.164795,598.544006,611.196899,1812.869629,519.428101,408.940613,306.849426,1187.974609,175.944031
2019-12-16,700.823364,1830.945923,595.465637,613.516907,1784.450317,521.555969,403.25293,306.203491,1185.881348,172.521317
2019-12-17,699.078735,1863.832031,601.977417,627.007446,1772.341431,523.393555,420.554993,307.172363,1199.487549,175.543518
2019-12-18,704.961304,1866.243164,612.04126,629.370361,1742.702393,523.635376,418.977722,301.682159,1200.761719,178.529343
2019-12-19,720.216187,1919.01709,610.359985,627.995483,1763.079346,522.47467,429.6362,302.789429,1193.844971,177.946762
2019-12-20,715.362366,1913.72229,614.101318,628.596985,1755.85022,528.181091,433.794403,311.739838,1193.663086,175.616379
2019-12-23,702.970642,1921.298218,616.80072,632.420837,1762.446777,523.538635,434.750305,306.710999,1193.389771,173.977798
2019-12-24,691.809204,1907.437744,610.525757,630.186768,1758.831787,523.345215,436.996765,305.834442,1184.061279,173.868561
2019-12-25,691.809204,1907.437744,610.525757,630.186768,1758.831787,523.345215,436.996765,305.834442,1184.061279,173.868561
2019-12-26,677.918945,1895.685669,601.669556,626.362976,1757.521973,521.072266,427.819946,304.358093,1164.311523,172.448486
2019-12-27,689.975098,1892.716187,603.824463,633.237122,1761.994995,531.372864,435.037109,311.186157,1182.786865,172.521317
2019-12-30,690.802734,1879.544434,607.210632,629.757019,1750.563965,526.101685,440.199066,308.556427,1185.244385,173.468048
2019-12-31,677.315002,1861.034668,602.45105,628.253418,1737.687134,521.217407,435.706238,307.956696,1181.512695,173.103882
2020-01-01,675.32428,1866.114258,605.529419,633.151062,1749.931396,519.137939,433.316467,308.602539,1192.206665,173.395187
2020-01-02,686.821228,1857.547974,609.38916,631.30365,1751.287109,522.861572,435.132751,313.077759,1224.379517,174.669617
2020-01-03,687.648865,1894.566528,600.698792,641.013489,1741.708374,521.169067,435.037109,307.910522,1215.050659,173.686539
2020-01-06,671.700684,1894.394897,587.69873,634.86969,1730.864868,508.450531,429.827393,294.346619,1198.395508,171.210449
2020-01-07,682.034607,1899.044312,597.004822,625.460754,1735.609009,505.742432,425.477936,293.792938,1201.80835,171.392548
2020-01-08,676.912354,1941.573364,595.441895,617.125916,1743.425293,508.692291,438.621796,295.084778,1175.460693,170.555069
2020-01-09,692.502686,1906.36145,602.119629,625.159912,1748.575928,528.374512,439.816711,304.681061,1197.849365,171.720245
2020-01-10,692.346008,1905.673096,607.471008,634.26825,1765.699707,522.523071,436.853394,306.572571,1205.539795,173.322388
2020-01-13,690.579041,1885.699951,609.033875,664.686218,1802.613281,520.927124,448.228729,305.188538,1214.732056,174.232712
2020-01-14,684.181885,1899.948364,610.691467,666.490784,1815.218872,519.960022,448.658905,302.651062,1206.905029,177.145676
2020-01-15,681.698975,1917.166138,608.205139,659.53064,1826.830444,518.025696,447.225037,299.190857,1204.629883,176.526672
2020-01-16,687.984253,1927.411133,609.815369,659.058044,1851.770752,519.52478,453.008331,298.31427,1200.716431,175.325058
2020-01-17,707.265259,1910.450928,605.316223,659.78833,1861.756104,514.592102,478.005524,293.423859,1186.973633,174.742493
2020-01-20,685.501587,1868.481567,594.305359,660.304077,1864.060425,517.300232,486.27417,289.733032,1191.888184,176.162552
2020-01-21,686.195007,1869.084229,589.309082,655.191406,1857.327881,513.624939,489.189758,289.456207,1185.289795,173.650131
2020-01-22,685.948853,1899.948364,587.651367,661.807678,1853.984741,505.693939,491.818481,291.716827,1177.872437,173.35878
2020-01-23,683.041077,1890.499268,589.545776,673.96637,1858.683716,510.384888,500.565094,298.222015,1212.547852,173.249573
2020-01-24,680.670166,1883.984985,589.403809,672.591492,1873.864868,516.333008,501.138702,299.006317,1237.029907,173.431625
2020-01-27,673.959839,1871.774902,574.556702,668.595947,1862.704956,519.62146,491.722931,291.763,1227.38269,170.846344
2020-01-28,658.391968,1884.287109,579.292603,668.51001,1862.027466,510.868439,469.593475,290.748047,1225.60791,168.042603
2020-01-29,662.015442,1859.134277,585.283508,678.563477,1874.316528,509.320953,468.637512,291.993683,1242.945557,172.339264
2020-01-30,645.866028,1844.681274,580.642395,670.830017,1859.768433,514.737183,468.207367,286.68808,1247.04126,170.445831
2020-01-31,631.505981,1793.944336,580.760803,666.748535,1838.216553,508.402191,474.564209,293.839142,1246.22229,171.246887
2020-02-03,619.807678,1814.178589,564.895569,659.401733,1968.97229,498.633545,487.564697,275.061798,1171.001099,151.183731
2020-02-04,638.104492,1818.708862,582.418274,676.973633,1947.872437,513.383118,496.024475,282.582001,1175.642578,157.046112
2020-02-05,647.990906,1852.18811,589.451111,674.138123,1952.119751,521.410828,509.837524,286.964874,1192.297852,157.628693
2020-02-06,652.151306,1836.483643,587.154175,662.795837,1948.595093,523.828735,522.694519,297.068634,1199.169189,155.516785
2020-02-07,641.347839,1843.559448,588.290771,667.908447,1951.803101,518.847717,515.668579,295.776764,1182.240967,155.407562
2020-02-10,642.220154,1865.476562,587.391052,664.385498,1951.215698,516.42981,514.951599,293.885254,1169.772461,153.332062
2020-02-11,649.892212,1858.098389,587.53302,664.686218,1945.206665,522.03949,510.745575,299.283173,1171.228516,154.824936
2020-02-12,657.743286,1873.069336,591.511169,671.130798,2042.528198,531.276184,515.811951,295.453827,1180.693726,155.152664
2020-02-13,659.465515,1891.362061,587.911926,680.754517,2063.356934,523.248413,516.146545,302.143555,1176.097656,154.315216
2020-02-14,665.482422,1884.675049,577.469238,675.770813,2037.738892,527.890991,540.092285,294.715698,1178.737061,151.256561
2020-02-17,661.299744,1901.112793,576.427429,678.348694,2035.525513,523.828735,539.948853,289.917603,1165.130737,149.144638
2020-02-18,656.445923,1911.89856,574.580444,685.394653,2019.078857,523.441895,524.080566,293.008667,1170.727783,148.452805
2020-02-19,672.729614,1895.158813,581.186951,687.800476,2071.263672,526.923767,519.444458,295.592285,1166.2229,150.528305
2020-02-20,664.744324,1861.033081,576.403687,684.835999,2031.594116,529.051636,521.547485,302.328094,1165.494751,151.074493
2020-02-21,664.744324,1861.033081,576.403687,684.835999,2031.594116,529.051636,521.547485,302.328094,1165.494751,151.074493
2020-02-24,646.402771,1825.266357,573.017517,683.847839,2001.68396,512.464355,506.539581,297.991333,1146.473267,147.833801
2020-02-25,633.631042,1860.471436,568.447571,686.039062,2018.355957,513.528259,511.653717,301.543762,1130.409912,146.959915
2020-02-26,622.715576,1832.38501,567.950195,672.591492,2020.705322,506.516205,512.322876,302.835571,1102.287231,144.629517
2020-02-27,620.14325,1816.767334,568.044922,668.380981,2037.648315,498.440094,508.212433,297.068634,1101.55896,143.864868
2020-02-28,594.375671,1725.864136,557.720642,628.725891,1965.176514,480.934021,500.421722,279.58313,1080.808594,143.864868
2020-03-02,588.783752,1726.856689,558.644165,636.760071,1951.35144,489.493591,495.498749,265.188751,1056.553955,142.226303
2020-03-03,600.728027,1756.970581,559.686157,641.87262,1957.857544,497.859802,497.840759,267.449432,1075.120483,141.170349
2020-03-04,599.318909,1797.525269,544.08136,651.969116,1966.171021,491.66983,493.96933,263.251038,1070.888062,136.546005
2020-03-05,586.547058,1833.636719,545.26532,648.403076,2004.259155,487.946136,503.671844,266.203735,1076.16687,136.946518
2020-03-06,568.585815,1826.215576,537.474792,634.955566,1977.963013,470.391663,496.263489,249.594864,1054.733765,132.358582
2020-03-09,498.418457,1701.876831,524.403809,605.310913,1917.058472,442.730103,474.373016,233.862518,1002.902527,129.045074
2020-03-10,498.418457,1701.876831,524.403809,605.310913,1917.058472,442.730103,474.373016,233.862518,1002.902527,129.045074
2020-03-11,516.044189,1685.784058,527.482117,589.457397,1947.330078,450.37085,472.031067,226.157837,1016.55426,127.916267
2020-03-12,475.536316,1527.145996,483.675232,542.369568,1857.825195,411.683411,444.452881,196.169556,925.178589,113.460609
2020-03-13,494.459381,1558.597778,506.644318,551.950378,1837.267456,432.526306,470.167053,223.297409,956.941589,118.157791
2020-03-16,454.376526,1463.768188,473.351044,501.081696,1754.766113,389.67984,444.309479,206.08876,881.629517,107.234138
2020-03-17,450.931946,1430.634033,461.795471,476.850403,1810.926758,355.199646,434.654755,198.522461,870.753723,108.617798
2020-03-18,433.261475,1427.527832,415.289185,459.106537,1738.410278,343.399933,406.789856,198.568588,823.245544,109.746559
2020-03-19,410.53595,1422.269409,424.121582,468.773315,1661.149536,327.441315,425.143402,187.91124,767.31897,117.866501
2020-03-20,455.383087,1562.292969,418.106995,502.843292,1853.984741,334.35672,442.254272,193.63208,786.977356,127.807053
2020-03-23,395.482513,1451.255981,365.396698,452.361328,1689.523315,274.681274,389.392151,167.565323,658.969604,112.368248
2020-03-24,422.032928,1480.330322,363.573364,506.795868,1832.433228,286.771088,386.23761,169.041672,653.294128,109.018326
2020-03-25,484.147888,1521.311768,405.746368,520.887878,1886.922241,306.50174,410.183289,175.223877,706.68158,107.306938
2020-03-26,476.967865,1556.643433,426.749939,552.508972,1983.384888,319.413696,449.949402,177.853622,773.358398,113.89756
2020-03-27,476.699432,1585.804321,428.336548,560.843811,1934.272339,328.6987,429.158234,180.80632,772.481689,118.849632
2020-03-30,460.974976,1545.822021,393.859344,538.502869,1973.851562,303.116608,412.047302,172.45575,737.043823,115.936653
2020-03-31,498.239532,1587.194824,408.185333,551.220032,2077.001709,313.126984,421.463135,181.63678,746.134033,125.039726
2020-04-01,483.342621,1485.19751,392.91214,517.96637,1969.604736,300.940369,402.774963,172.132797,714.618225,121.180016
2020-04-02,483.342621,1485.19751,392.91214,517.96637,1969.604736,300.940369,402.774963,172.132797,714.618225,121.180016
2020-04-03,482.00058,1437.78418,385.429443,503.272888,1946.516846,277.244293,405.260376,161.936768,714.895081,129.554855
2020-04-06,482.00058,1437.78418,385.429443,503.272888,1946.516846,277.244293,405.260376,161.936768,714.895081,129.554855
2020-04-07,539.552612,1542.953857,424.382019,549.071777,2209.293457,315.399872,449.471436,171.994385,739.812378,132.212906
2020-04-08,533.311951,1482.329102,420.972229,542.713257,2223.706543,308.484497,441.29837,168.857132,744.84198,130.101028
2020-04-09,545.748352,1535.087769,438.092407,546.708862,2143.644287,331.4552,467.155884,173.240036,750.102234,134.90744
2020-04-10,545.748352,1535.087769,438.092407,546.708862,2143.644287,331.4552,467.155884,173.240036,750.102234,134.90744
2020-04-13,531.969971,1529.090576,424.026825,547.697021,2120.330566,319.800537,489.619873,169.318512,798.690979,132.249313
2020-04-14,531.969971,1529.090576,424.026825,547.697021,2120.330566,319.800537,489.619873,169.318512,798.690979,132.249313
2020-04-15,514.388916,1508.143555,408.848358,549.114685,2247.833252,316.608856,487.994843,168.257401,812.25708,137.893234
2020-04-16,522.530884,1491.542358,416.638885,536.053894,2201.341797,330.778168,478.387878,173.932083,841.327209,135.708527
2020-04-17,547.56012,1569.897827,431.106995,540.264465,2155.166016,363.227295,480.299683,178.314987,860.937927,136.982941
2020-04-20,556.417847,1580.719604,447.469452,561.359314,2111.384766,349.444855,468.685333,177.622971,844.972473,131.593918
2020-04-21,553.53241,1510.316528,436.482208,544.088196,2094.080322,320.961182,478.435699,170.471893,803.212952,130.792847
2020-04-22,610.01062,1537.999512,439.773651,551.520691,2156.204834,324.926666,479.296021,174.116623,786.832153,132.722702
2020-04-23,613.276428,1632.521851,452.252686,583.700378,2094.17041,341.368835,474.134064,172.271194,775.757874,131.484665
2020-04-24,633.899353,1580.632446,444.249023,565.397888,2063.085693,323.862793,472.461243,165.858307,785.540283,131.12056
2020-04-27,639.603088,1596.320923,440.294617,571.069031,2096.836182,336.484558,472.27005,166.919434,789.277771,130.974915
2020-04-28,638.887451,1615.834351,441.099701,567.717896,2069.275146,348.042419,464.240326,170.056686,791.03125,130.683609
2020-04-29,638.350464,1656.337402,462.742676,581.337341,2016.68396,358.294678,474.134064,175.408447,807.827271,132.649872
2020-04-30,655.819641,1750.903076,474.440247,614.805786,1983.475708,367.676361,491.627319,175.777512,828.314819,132.577042
2020-05-01,655.819641,1750.903076,474.440247,614.805786,1983.475708,367.676361,491.627319,175.777512,828.314819,132.577042
2020-05-04,642.041199,1677.8927,437.121552,578.888428,1881.952393,326.957764,509.024963,165.027878,785.032654,126.751083
2020-05-05,653.426208,1679.891724,431.651611,578.888428,1844.767822,319.993988,504.771118,157.230896,772.343201,126.641853
2020-05-06,653.471069,1654.555664,448.203552,572.186096,1816.484009,330.197815,521.929749,157.876816,772.712402,119.359398
2020-05-07,674.138733,1644.168823,438.068726,571.369873,1800.082886,325.700409,504.771118,157.553864,759.377075,117.247505
2020-05-08,698.676086,1645.690063,439.986786,579.318054,1888.096802,326.619263,506.683044,153.770721,753.009338,115.24482
2020-05-11,705.386414,1682.108276,433.7117,586.79364,1850.641479,309.645081,512.56189,152.663452,758.22345,115.390457
2020-05-12,661.74707,1694.450439,426.963104,590.875244,1817.703979,310.660675,535.169312,154.001389,751.947998,120.196892
2020-05-13,675.78717,1694.580933,439.323761,596.46051,1803.42627,326.957764,531.441162,160.644974,796.337646,120.451759
2020-05-14,648.465759,1653.46875,423.245453,565.526855,1812.733887,316.657227,516.050964,154.970245,804.412781,119.286575
2020-05-15,659.055664,1645.255371,420.617035,560.500122,1836.27356,312.11142,529.672729,153.540039,797.721985,119.905586
2020-05-18,650.633362,1691.060669,396.227264,570.46759,1812.011108,288.705475,514.330322,143.297897,750.609924,119.978416
2020-05-19,636.250122,1693.711914,393.385712,574.506104,1785.172974,290.446381,572.4021,140.991104,734.921204,124.347862
2020-05-20,647.449646,1698.014282,405.912079,575.322327,1798.998535,295.62088,567.861511,141.544708,770.589783,127.98912
2020-05-21,650.859192,1730.694946,407.072388,577.599487,1780.971191,294.411896,568.339478,140.206802,757.208313,137.601959
2020-05-22,646.47876,1756.031128,397.269104,594.913757,1796.33313,281.499939,567.049072,139.191818,752.778564,135.708527
2020-05-25,646.47876,1756.031128,397.269104,594.913757,1796.33313,281.499939,567.049072,139.191818,752.778564,135.708527
2020-05-26,643.091858,1688.801025,403.686279,584.774353,1787.206299,283.095795,534.595764,139.699295,761.868713,139.60463
2020-05-27,652.801086,1742.950439,427.957611,606.170105,1805.550049,308.387756,538.276001,146.34285,785.217163,139.932327
2020-05-28,664.858582,1742.081421,447.658905,607.845825,1816.257935,316.125244,537.941467,145.973755,835.651611,138.839966
2020-05-29,661.313599,1714.311401,450.68985,601.83606,1859.090454,321.057892,528.238892,148.834183,860.338196,143.719208
2020-06-01,686.580322,1777.673828,467.738983,609.282776,1905.356445,328.118408,534.40448,156.907959,856.554443,146.049591
2020-06-02,693.512207,1779.324829,474.061401,616.729492,1904.317017,336.96814,533.49646,157.092514,872.519958,143.646362
2020-06-03,696.199158,1783.683716,484.125153,611.024658,1916.154785,345.14093,527.33075,161.383118,887.147339,143.24585
2020-06-04,713.42749,1823.260254,474.392944,616.424683,1916.245239,336.436188,547.213745,160.598816,858.907776,145.758301
2020-06-05,714.285522,1785.514404,489.381927,612.766602,1886.425415,345.479431,558.589233,173.286179,881.563965,145.649048
2020-06-08,708.776062,1805.999878,481.117859,627.834412,1908.202759,347.99411,559.353882,172.363464,887.19342,143.937683
2020-06-09,694.167053,1806.261475,467.573212,625.003723,1903.504028,337.11322,542.768799,170.195084,879.764343,144.556671
2020-06-10,709.972839,1838.253906,469.728088,623.47937,1915.341431,341.417236,542.09967,173.193909,873.535156,144.95723
2020-06-11,694.415466,1802.425781,458.717133,613.115051,1903.86499,330.052765,527.521912,163.459244,858.677063,141.461639
2020-06-12,717.491882,1777.886719,465.418427,602.750549,1904.181641,332.905975,535.408264,165.304672,854.939392,141.206757
2020-06-15,729.120422,1769.518311,449.837372,598.831238,1883.443481,320.23584,526.422607,160.275864,830.483582,136.327515
2020-06-16,730.542969,1783.378906,469.041412,610.719971,1876.259399,331.696991,520.878357,159.537689,826.007629,134.725388
2020-06-17,729.481689,1785.12207,463.760925,612.853699,1877.976562,330.729767,538.610596,159.583832,816.548279,131.958023
2020-06-18,747.793762,1776.666382,483.035889,621.781128,1866.319336,340.450012,536.172974,165.766022,827.484314,135.890549
2020-06-19,794.533752,1782.33252,489.381927,614.508545,1903.985352,351.862823,547.261658,170.241226,828.914734,134.033539
2020-06-22,788.55011,1767.818115,487.203491,612.897217,1911.30896,355.489777,555.434631,173.193909,837.451172,134.725388
2020-06-23,777.147339,1774.225708,493.620605,627.660095,1961.484619,363.807587,553.283813,177.576813,892.961243,135.344376
2020-06-24,780.28595,1780.240601,488.97937,621.99884,1938.148315,336.678009,532.77948,170.333496,881.84082,139.713852
2020-06-25,775.792542,1757.488403,487.203491,610.110107,1977.133179,339.482819,534.356812,170.933243,870.351196,147.178375
2020-06-26,786.517944,1847.058105,500.321777,651.655151,1959.892334,337.645203,535.695007,170.333496,887.977905,142.153488
2020-06-29,778.163452,1832.064697,509.604218,637.327759,1986.048828,331.842072,542.09967,165.396957,864.352661,143.646362
2020-06-30,769.560608,1815.065918,504.773529,640.985901,1983.365479,339.918121,535.169312,164.658783,870.858887,141.752945
2020-07-01,784.688965,1823.695801,513.65332,637.458435,1974.631348,352.104614,535.455994,170.518021,853.001343,147.760971
2020-07-02,798.197754,1880.445068,515.926575,658.971313,1957.66333,350.94397,533.830933,171.117783,868.690125,149.909317
2020-07-03,810.689697,1917.493774,508.609589,664.284119,1977.633667,349.154724,555.817017,170.425751,871.412476,151.147324
2020-07-06,839.664001,1972.89209,522.367371,665.416504,1966.625,349.976807,551.180908,173.516861,877.826416,153.288513
2020-07-07,826.809204,1978.733276,523.38562,691.675964,1959.84668,363.710846,542.147339,174.024353,870.812622,149.030502
2020-07-08,815.26947,1934.274536,525.848206,674.735779,1988.869507,356.843872,536.555298,177.069321,868.643921,150.603287
2020-07-09,827.171875,1921.59082,532.762573,680.83252,1979.589722,358.197906,543.58136,183.712891,872.058472,149.951141
2020-07-10,851.566589,1937.282471,523.361877,680.963074,2023.214478,348.526062,549.364563,180.483383,860.245972,149.107239
2020-07-13,877.389465,1935.234009,511.59317,694.201721,2060.925781,341.997559,560.931152,177.80748,856.554443,151.562302
2020-07-14,869.227722,1893.347046,501.458435,682.182434,2033.177124,334.21167,563.368774,171.671417,842.480896,150.296402
2020-07-15,836.127136,1947.350098,498.759033,723.727478,2069.932617,334.45343,538.753967,169.595322,841.834839,152.44458
2020-07-16,835.855225,1952.461182,503.210754,793.448059,2081.487305,333.341187,537.941467,171.855957,850.094421,148.723633
2020-07-17,866.824585,1922.75647,520.212524,786.610962,2123.974854,342.190979,541.765076,173.655243,854.154968,148.877075
2020-07-20,870.542664,1929.002808,536.598694,813.741577,2120.699463,351.089111,550.368408,176.008179,848.663879,147.841354
2020-07-21,893.962402,1943.986572,539.20343,815.875427,2108.917725,366.370605,542.721008,179.376099,865.690735,147.496078
2020-07-22,908.676208,1914.194092,533.425659,799.457764,2045.686646,368.595215,544.059204,177.161591,849.863708,150.795105
2020-07-23,933.070923,1896.939209,535.343628,790.791687,2011.887695,379.379303,542.195251,182.928543,845.849243,153.979034
2020-07-24,973.131531,1884.882446,529.992126,803.769104,2010.022339,369.272186,534.786926,177.115463,834.636414,153.135071
2020-07-27,977.688538,1928.042114,511.238007,826.065735,2021.122192,346.736755,534.834717,172.686417,834.082703,150.679993
2020-07-28,987.437317,2017.988037,514.624207,838.607544,2040.273438,340.546783,539.7099,174.808655,843.034485,149.912811
2020-07-29,950.686707,1988.544922,504.18158,831.030212,2030.038086,339.531219,541.23938,176.423416,850.832581,150.910156
2020-07-30,956.218506,1991.558716,497.575104,837.388184,2006.099731,333.631378,528.334473,172.132797,838.189392,148.340012
2020-07-31,937.287781,1993.21875,489.121521,841.351196,2019.165039,335.420624,530.389709,176.654099,842.988342,148.953796
2020-08-03,910.94342,1969.410889,474.535004,833.425354,2014.231323,331.987122,523.220337,177.392273,845.249329,147.764618
2020-08-04,975.149292,1965.522827,493.312744,827.284973,2008.109619,339.482819,524.797546,176.792511,852.955261,148.570206
2020-08-05,964.198853,1974.084839,486.635162,822.799622,2005.140259,340.643463,534.308899,176.654099,861.799011,147.91806
2020-08-06,967.667664,2016.545898,492.862823,845.575256,2028.804688,346.978546,532.726013,176.192734,858.447754,149.874435
2020-08-07,973.267456,2005.40686,494.354614,828.199585,2019.759155,346.204803,538.002441,175.915909,852.396729,150.411499
2020-08-10,961.206299,1994.441772,497.575104,828.591492,2016.287231,351.621033,536.131714,178.822464,893.729492,152.559692
2020-08-11,967.531555,1991.908203,505.152496,826.065735,2019.850098,355.296356,528.696777,179.975861,895.451782,155.781967
2020-08-12,964.720337,1972.207031,503.75531,831.727051,2005.6427,354.812805,525.434937,187.588287,884.140991,156.664246
2020-08-13,962.203857,1969.672974,501.553223,828.460815,2008.885864,355.973389,513.587036,186.296463,922.262268,154.554428
2020-08-14,958.463013,1958.927002,489.902924,830.551147,1986.272461,349.541565,507.11142,181.313828,914.90802,150.679993
2020-08-17,948.283508,1968.755493,489.09787,833.947998,2006.510498,348.380951,500.204102,178.17659,931.66449,152.482986
2020-08-18,960.616821,1983.040039,500.34549,842.701172,2023.230957,357.424133,504.904968,180.022018,935.155457,152.329529
2020-08-19,966.511353,1971.552002,505.128815,835.515625,2004.272461,362.163391,514.06665,181.821304,939.391113,152.252823
2020-08-20,950.867981,1968.275513,501.529541,831.901184,1997.053711,355.683228,504.185394,179.699051,926.96344,150.219696
2020-08-21,943.975891,1964.561646,514.150635,826.370544,2011.99292,358.971649,499.100861,183.066956,925.473877,150.986923
2020-08-24,950.278564,1964.125244,529.02124,825.151306,2005.00293,367.869812,505.48053,185.881256,922.86731,150.910156
2020-08-25,944.089172,1959.363281,530.276245,817.051208,1991.023438,373.672913,507.159393,191.878906,912.673828,149.912811
2020-08-26,969.11853,1968.843628,529.684326,828.112427,1994.404053,376.574463,493.584595,193.63208,902.014771,149.567535
2020-08-27,957.011963,1964.386963,526.676941,824.846375,1983.851196,379.330933,490.370758,198.983826,908.205322,149.030502
2020-08-28,959.528503,1955.78186,527.81366,814.569092,1966.216797,396.256775,502.170776,207.472839,914.023621,150.027878
2020-08-31,943.454468,1972.119507,528.452942,808.7771,1934.603149,381.652191,492.241516,195.615906,879.672607,146.613815
2020-09-01,946.424377,1962.596436,533.87561,796.19165,1975.079956,378.121979,524.043884,201.244507,889.214539,145.923309
2020-09-02,964.992432,1979.02124,537.119629,804.77063,1956.805664,379.524353,528.169067,199.537445,889.540405,146.805618
2020-09-03,957.692261,2009.032349,535.580505,814.830322,1954.521362,370.19104,516.129333,196.677032,894.75354,146.997375
2020-09-04,941.890076,1999.684204,530.086853,800.546509,1941.272827,360.325775,501.882935,190.63324,877.391846,143.238083
2020-09-07,944.338623,2033.102173,525.919312,805.68512,1975.947632,361.147827,494.495941,191.832794,867.756897,145.079376
2020-09-08,955.425049,2051.580811,526.842712,818.096375,1957.353638,363.372375,477.851318,188.280319,853.374207,144.35054
2020-09-09,980.023621,2033.626709,519.289062,808.036743,1948.217041,355.538147,483.751312,179.791321,846.671509,141.013168
2020-09-10,1049.239868,2036.684326,516.47113,818.749695,1949.724731,358.536407,477.131775,182.836304,857.330566,141.857101
2020-09-11,1051.84729,2074.209229,510.83551,823.670593,1972.886841,358.342987,471.663513,187.034637,854.025879,141.128281
2020-09-14,1044.048218,2176.69165,501.032257,852.151123,1940.222534,351.766144,454.826965,183.159256,839.782776,140.667923
2020-09-15,1051.438965,2176.69165,506.9758,855.678589,1941.090088,359.358521,465.811493,184.681732,847.090454,139.478714
2020-09-16,1054.023438,2186.826416,517.939331,872.488037,1958.495972,362.405182,462.165955,182.882431,858.121948,138.596466
2020-09-17,1042.325195,2150.088379,513.179749,880.544495,1944.516479,356.892212,459.52774,180.344971,843.692688,137.023651
2020-09-18,1045.476562,2140.434326,500.724396,872.836487,1917.562988,357.424133,474.445618,177.71521,838.479431,137.407272
2020-09-21,1022.872986,2153.88916,496.935699,879.586487,1861.918945,339.192688,448.735046,171.440765,820.931641,134.837128
2020-09-22,1002.604614,2204.256836,490.352783,877.496155,1851.86853,342.771301,451.805023,171.809814,797.332825,133.647964
2020-09-23,1011.514343,2155.767822,495.964813,888.165405,1875.395996,340.304962,416.165222,169.595322,801.149536,132.343689
2020-09-24,989.024292,2037.64563,487.984924,849.538147,1883.025146,324.684875,402.254669,162.721085,791.933411,127.778786
2020-09-25,998.31958,2116.321045,494.425659,880.936462,1899.608765,337.2099,421.777435,168.118958,827.820435,131.001099
2020-09-28,1004.917053,2119.815186,499.256256,880.021851,1885.21814,351.089111,425.614807,172.778671,840.480896,132.957474
2020-09-29,1017.975891,2174.070557,503.210754,878.80249,1857.716064,345.334351,417.892029,170.748718,833.592102,129.965347
2020-09-30,1013.124146,2177.478516,510.811798,878.149414,1889.740845,343.109772,403.837616,171.071655,839.317322,131.729935
2020-10-01,1008.997925,2204.693115,524.237976,886.336487,1914.182129,357.085663,414.77417,175.592972,840.434387,131.077805
2020-10-02,1008.997925,2204.693115,524.237976,886.336487,1914.182129,357.085663,414.77417,175.592972,840.434387,131.077805
2020-10-05,1003.080627,2364.009277,527.742554,913.379761,1928.847046,360.857697,407.195312,174.162766,834.988525,129.85025
2020-10-06,1002.24176,2371.436035,541.831787,919.520081,1933.278198,368.111603,409.401825,176.792511,830.939026,130.348953
2020-10-07,1023.621033,2390.351318,550.427429,928.926636,1954.704224,370.094299,405.276611,175.962051,826.56366,130.042053
2020-10-08,1015.345947,2468.76416,564.421997,952.573242,1974.302856,374.785187,407.195312,176.700226,820.18689,128.23912
2020-10-09,1012.716064,2457.624268,584.194275,963.983032,1954.978271,388.325836,407.914795,182.974701,845.694031,128.776169
2020-10-12,1014.348389,2472.520508,574.769775,986.018127,1953.835815,390.792145,398.177429,183.343781,843.180542,132.113541
2020-10-13,1034.140747,2469.506592,567.571228,1008.402039,1953.653687,383.248077,398.417267,180.575653,834.52301,130.540756
2020-10-14,1037.224121,2465.163818,573.751648,990.286072,1971.881836,393.451904,396.450623,184.589478,851.977844,128.737808
2020-10-15,1000.496094,2404.622803,553.742554,965.245667,1966.765015,378.170349,382.971771,177.945908,827.40155,126.627998
2020-10-16,986.575745,2424.539307,567.997559,982.011841,1964.937622,383.103027,385.322144,180.80632,832.335327,127.126656
2020-10-19,986.75708,2379.133545,569.986633,980.618408,1989.835693,403.41394,381.532745,188.234177,840.527466,129.083054
2020-10-20,977.55249,2403.218018,579.647827,990.721436,1985.541504,400.995972,388.53598,187.357605,853.932739,128.46933
2020-10-21,963.360107,2347.415527,590.421997,1000.171387,1976.449951,406.508881,401.966888,188.00351,860.588806,128.622726
2020-10-22,955.356934,2343.686279,584.075867,983.361877,1991.251831,399.351776,413.14325,187.588287,871.620178,129.313187
2020-10-23,958.122925,2357.41748,585.259888,988.159546,1958.815796,403.268829,416.740845,187.126938,876.22821,131.001099
2020-10-26,920.057312,2358.645996,573.467468,979.312317,1979.739502,391.179047,416.405029,181.498352,886.00293,129.313187
2020-10-27,922.505859,2307.712891,583.981201,960.297424,1988.830566,396.498566,415.73349,179.606796,914.116699,128.277512
2020-10-28,912.05426,2300.737793,572.851746,947.708801,1990.348145,383.054596,433.481445,175.731369,914.95459,126.973213
2020-10-29,919.059814,2309.90625,562.243408,946.212219,1951.494751,386.77829,432.474152,174.116623,869.944519,125.707344
2020-10-30,931.574524,2338.158203,560.514954,933.667725,1904.778931,379.717834,416.117218,174.6241,865.289978,126.781433
2020-11-02,851.294556,2285.295166,575.527588,943.96759,1905.422363,403.752472,438.805847,180.898605,865.10376,127.932251
2020-11-03,839.029236,2310.73999,591.013916,935.384521,1890.432861,429.286224,436.119659,188.926224,882.279297,130.502396
2020-11-04,867.5047,2327.893066,595.489258,963.026428,1894.433228,422.70932,434.63266,191.00235,891.863525,130.272247
2020-11-05,886.45813,2356.452393,601.077637,971.873718,1933.33252,424.111755,438.709869,201.751984,909.181824,134.069916
2020-11-06,920.080017,2375.536621,619.287109,979.576477,1925.791626,428.27066,431.610748,202.259476,911.696411,133.456146
2020-11-09,929.851501,2392.338867,634.868225,1000.528076,1961.104614,447.5177,452.620422,202.536301,916.536011,132.573868
2020-11-10,945.200073,2324.77832,660.015686,960.47345,1964.828857,467.973724,447.439972,213.793442,980.921814,136.831879
2020-11-11,905.592896,2358.295898,658.263428,988.159546,1959.816895,470.585083,459.144012,216.100235,1005.357117,142.164001
2020-11-12,897.793823,2343.598389,649.620422,983.977966,2015.867065,461.058319,460.34317,209.27211,1018.404968,144.235443
2020-11-13,905.230103,2331.139404,643.511169,989.656189,2009.659668,469.617889,456.409851,211.717316,997.812988,143.544952
2020-11-16,905.230103,2331.139404,643.511169,989.656189,2009.659668,469.617889,456.409851,211.717316,997.812988,143.544952
2020-11-17,903.801819,2339.212402,667.024841,989.215759,2002.532715,470.440033,464.852142,221.63652,1025.711914,143.736755
2020-11-18,901.058655,2304.641357,667.143127,977.639832,1960.690674,481.320862,458.952118,232.524597,1089.528198,141.204956
2020-11-19,894.687866,2313.635254,650.875366,965.491272,1959.449463,463.041077,449.502563,221.221298,1076.338013,144.158722
2020-11-20,861.292725,2334.122803,664.751587,971.301331,1949.793579,464.443481,464.036682,223.989471,1074.487549,147.074158
2020-11-23,884.508423,2390.276611,660.465454,1003.433044,1958.207886,452.885559,457.848877,220.252441,1068.366821,146.422012
2020-11-24,890.561707,2388.346436,681.113953,1003.60907,1983.910889,462.509094,454.970856,225.004456,1077.524292,150.027878
2020-11-25,883.193359,2370.140137,664.348938,982.129333,1964.139282,457.189575,445.233429,224.220154,1059.019775,148.723633
2020-11-26,885.369873,2387.073975,675.644043,979.972595,1981.013916,459.704224,449.358643,226.480789,1061.724243,149.452484
2020-11-27,875.031616,2351.144531,682.369019,968.352295,1966.300537,457.818237,444.417999,225.373535,1065.09314,148.570206
2020-11-30,875.031616,2351.144531,682.369019,968.352295,1966.300537,457.818237,444.417999,225.373535,1065.09314,148.570206
2020-12-01,886.41272,2392.51416,678.793396,1001.672241,1961.564331,469.182678,459.959473,228.879852,1058.97229,149.145599
2020-12-02,887.886475,2412.475342,666.314331,1004.357361,1967.31189,464.685272,465.187927,227.864853,1056.884644,150.334778
2020-12-03,890.561707,2377.290771,652.225159,991.636719,1956.69043,466.039307,460.391174,236.492249,1067.702637,150.526581
2020-12-04,882.717285,2393.172119,656.203308,998.855469,2008.602173,485.576508,473.678131,243.135834,1090.809326,152.06102
2020-12-07,887.909058,2402.078125,649.880859,1006.646362,2074.768066,493.700928,488.260223,248.764404,1109.977905,155.858673
2020-12-08,904.028564,2454.371826,651.798889,1015.317383,2078.308105,491.71817,483.127686,250.886627,1111.591309,155.321625
2020-12-09,919.082458,2466.216064,666.4328,1034.55249,2107.919189,494.716431,482.600098,249.456436,1120.70105,157.5849
2020-12-10,910.03656,2442.965332,656.321716,1027.994141,2161.486572,490.315704,484.614716,248.718277,1129.573608,163.185516
2020-12-11,909.492432,2442.351074,654.877197,1023.98822,2183.832764,498.536835,483.895172,251.39415,1133.322021,165.947495
2020-12-14,902.917603,2454.72168,649.833557,1025.177368,2180.154297,508.54718,482.600098,253.008942,1185.846069,165.64061
2020-12-15,895.231995,2423.00415,658.902771,1016.417969,2133.530518,501.051544,483.703308,249.733246,1182.619629,163.837662
2020-12-16,896.229553,2469.199463,668.090271,1026.189575,2155.509033,495.635254,495.215485,248.579865,1203.496216,164.182907
2020-12-17,900.33313,2490.256836,682.818909,1020.467285,2129.162598,493.652496,494.160248,247.011246,1213.50769,163.454056
2020-12-18,903.030945,2510.261719,668.398132,1047.404907,2145.852539,500.181061,489.891083,250.471436,1216.11731,164.566513
2020-12-21,879.520569,2474.42041,650.070312,1036.401123,2120.564453,478.274231,470.944,235.0159,1171.801636,155.705246
2020-12-22,878.160339,2520.352783,650.283386,1074.430908,2125.208008,483.883942,479.961884,237.553391,1198.229614,156.050491
2020-12-23,881.402405,2552.157959,651.491089,1103.085327,2179.786865,487.075684,486.58136,242.674484,1200.222534,159.387848
2020-12-24,904.210083,2552.684814,661.649536,1088.119995,2209.12207,496.699158,496.270782,246.226913,1197.755127,160.039978
2020-12-25,904.210083,2552.684814,661.649536,1088.119995,2209.12207,496.699158,496.270782,246.226913,1197.755127,160.039978
2020-12-28,908.358887,2570.2771,669.108521,1091.861328,2196.845459,503.034241,500.395935,253.93161,1223.566406,160.730469
2020-12-29,902.350952,2571.241943,675.904541,1100.664551,2192.615479,511.448822,499.100861,256.422943,1219.248657,162.303268
2020-12-30,904.822021,2552.640869,678.414612,1097.583374,2213.122314,511.400391,495.167542,255.500214,1226.081177,161.996338
2020-12-31,900.197083,2511.797607,680.214172,1105.506226,2202.822998,517.493713,488.979736,253.700958,1221.858154,160.346848
2021-01-01,901.194641,2569.268066,674.886414,1109.599487,2195.604004,510.191406,494.208191,257.807037,1230.778198,164.06781
2021-01-04,902.713684,2666.835449,670.600342,1134.072754,2231.422852,514.253662,496.078888,259.329498,1247.479858,163.722595
2021-01-05,891.491211,2713.820801,675.667664,1138.958496,2253.539062,519.62146,493.10495,259.975403,1239.603638,162.226517
2021-01-06,867.980774,2677.407959,672.755188,1128.658691,2222.962646,528.761414,503.945587,263.020355,1246.910278,157.5849
2021-01-07,866.575073,2661.000977,670.71875,1111.096313,2178.407227,523.345215,523.084534,265.465607,1270.586548,155.590164
2021-01-08,876.799988,2738.300537,678.012024,1155.068237,2198.960449,524.264038,518.287842,263.896942,1303.277588,154.592789
2021-01-11,860.272461,2787.040283,687.389038,1211.496704,2233.813477,526.827026,524.907349,260.667419,1281.072388,155.360001
2021-01-12,887.387695,2785.636475,701.383545,1207.579346,2184.890381,530.018799,542.751221,269.894623,1280.882446,158.390472
2021-01-13,879.112488,2771.686035,696.481995,1221.136353,2181.625732,538.239868,554.743103,283.089417,1283.44458,162.073074
2021-01-14,888.997314,2857.615723,695.582092,1206.479126,2205.719727,535.144897,556.949524,283.5047,1306.314209,164.297989
2021-01-15,878.500366,2842.36377,694.587646,1183.986816,2162.130371,525.1828,578.151184,280.367432,1285.010376,167.136658
2021-01-18,899.584961,2832.165771,702.378052,1155.024292,2145.071777,515.656067,563.089355,271.693939,1267.834595,168.594391
2021-01-19,914.298828,2866.406494,712.205078,1159.073853,2173.165527,528.519714,568.221924,275.523193,1299.908691,167.90387
2021-01-20,931.665222,2908.689697,706.592957,1179.14502,2166.544434,532.920349,571.915344,279.167877,1312.05542,166.983215
2021-01-21,951.933594,2877.966064,698.447388,1179.36499,2177.303223,534.564636,557.717041,272.063019,1301.284912,163.952744
2021-01-22,929.352722,2903.679688,683.647644,1180.377563,2215.651367,516.284729,553.400024,261.774719,1292.554443,161.651138
2021-01-25,880.110046,2893.306396,692.787903,1166.512329,2206.685303,520.395325,557.141479,259.237274,1291.795532,159.426224
2021-01-26,880.110046,2893.306396,692.787903,1166.512329,2206.685303,520.395325,557.141479,259.237274,1291.795532,159.426224
2021-01-27,859.252197,2866.713379,667.569397,1145.296753,2199.05249,505.210388,547.595825,254.346817,1290.419312,161.612762
2021-01-28,850.886475,2810.012939,649.502014,1123.464478,2115.460205,510.91684,547.691833,260.529022,1276.659546,158.505585
2021-01-29,835.197693,2735.116211,658.523865,1090.760986,2081.894775,519.379761,531.095154,260.298309,1266.553345,155.93541
2021-02-01,859.388367,2759.730225,699.370789,1109.995728,2067.824707,583.987854,555.606506,286.68808,1374.875244,165.678986
2021-02-02,873.217957,2816.079102,739.057434,1119.107178,2051.134033,597.093201,574.985291,307.356934,1442.582397,167.405197
2021-02-03,875.417175,2813.09082,745.806091,1130.90332,2053.34082,601.929138,584.09906,309.986664,1450.505981,166.29274
2021-02-04,872.537781,2802.893311,747.842468,1126.237671,2065.066162,607.68396,576.184509,327.656677,1451.692139,176.419907
2021-02-05,872.288391,2776.081055,756.603821,1119.855347,2087.090576,593.998291,557.477234,362.71991,1439.071167,179.795624
2021-02-08,884.848389,2825.44165,760.226807,1147.541626,2056.835693,608.941223,573.018616,366.364594,1472.56897,178.836624
2021-02-09,886.979553,2792.739502,763.352539,1149.302124,2038.075439,612.568237,574.601501,364.288513,1486.470825,175.691055
2021-02-10,895.20929,2824.738281,749.097595,1141.335205,2055.77832,611.407593,566.207275,361.935547,1473.56543,174.578613
2021-02-11,932.118652,2818.321045,744.645752,1137.946045,2081.067139,609.956848,573.786072,359.997864,1452.356445,173.734665
2021-02-12,925.72522,2804.958496,749.1922,1153.043457,2061.341797,626.350647,562.417786,362.766022,1443.673584,166.829788
2021-02-15,921.644348,2760.169922,765.602051,1152.911499,2037.109741,651.836121,569.565002,375.499542,1459.141357,167.712067
2021-02-16,933.841675,2732.874756,770.361633,1135.965332,2019.545532,636.747925,569.80481,371.255005,1470.338867,167.443542
2021-02-17,944.610718,2701.491211,751.347046,1127.954346,1989.933716,635.780701,569.708862,379.928589,1469.295044,167.059952
2021-02-18,937.559814,2687.64624,736.097595,1137.769897,1974.255005,623.497498,565.104004,383.111969,1446.75769,167.90387
2021-02-19,943.27301,2700.39209,728.899048,1136.75769,2005.751587,603.573425,557.717041,368.671417,1431.764404,165.678986
2021-02-22,910.535278,2600.705566,733.113892,1113.781128,1993.336914,589.839294,547.11615,359.398102,1378.054199,162.764511
2021-02-23,917.495483,2619.825439,724.18689,1114.793701,2004.049927,596.077698,542.559265,365.026672,1410.413208,163.904343
2021-02-24,934.52179,2591.607178,760.795166,1121.792236,2003.682251,620.063904,549.658508,374.853607,1448.65564,164.179504
2021-02-25,972.315369,2633.099365,760.771423,1122.012329,1989.382202,607.393799,555.606506,375.776367,1429.534302,164.415359
2021-02-26,945.766968,2544.312744,726.673096,1103.30542,1960.644653,578.136353,533.685364,359.997864,1368.849609,160.248947
2021-03-01,952.976501,2570.597412,738.276062,1115.365967,1971.082031,588.38855,510.565094,364.426941,1397.64978,162.646591
2021-03-02,954.926208,2642.812988,742.680359,1148.377808,2002.854492,590.468018,519.19928,363.734894,1409.796387,165.004913
2021-03-03,998.500977,2689.184082,751.512817,1182.754395,2017.154541,611.359192,524.091858,373.746338,1420.471924,165.044235
2021-03-04,986.598328,2680.92041,735.031982,1171.133911,2020.280884,600.381714,517.664246,365.072845,1387.923096,164.847717
2021-03-05,987.890625,2644.307373,724.589355,1159.117676,2024.143555,589.452454,511.140686,354.000214,1388.824707,163.943665
2021-03-08,993.513306,2643.340576,719.616638,1175.888062,1999.728149,588.098389,504.329346,359.490417,1437.837646,163.511322
2021-03-09,993.49054,2682.02002,739.980957,1184.515015,2021.752686,604.588989,500.539856,357.644928,1431.290039,163.354111
2021-03-10,989.364319,2699.601562,736.784302,1204.4104,2048.74292,605.072449,504.473206,357.737213,1446.378052,162.332138
2021-03-11,989.364319,2699.601562,736.784302,1204.4104,2048.74292,605.072449,504.473206,357.737213,1446.378052,162.332138
2021-03-12,969.2547,2688.172852,734.984619,1210.308228,2027.5,592.740906,502.890259,351.647308,1436.698853,161.310226
2021-03-15,956.24115,2695.381592,723.950012,1209.207764,2033.109619,583.697693,501.595184,354.230927,1407.993286,161.506699
2021-03-16,952.477783,2733.973389,716.135864,1218.363159,2063.640869,575.428284,507.78299,349.294312,1387.164062,163.393387
2021-03-17,931.959961,2736.522461,708.179504,1221.00415,2047.317383,570.157043,501.643158,339.69812,1364.247192,165.555237
2021-03-18,910.98877,2669.317139,706.119446,1177.076294,2037.109741,559.614746,505.768402,338.729279,1355.184814,171.09729
2021-03-19,944.043884,2681.360596,709.197815,1183.546509,2126.174072,567.400574,508.406555,342.466278,1339.195068,175.263687
2021-03-22,935.156677,2751.203369,695.771606,1206.743164,2164.015381,554.633606,506.535797,338.637024,1328.567017,177.661346
2021-03-23,946.537781,2762.587158,710.452759,1207.403442,2149.393799,567.158813,507.734985,343.896515,1332.647339,174.674103
2021-03-24,928.309814,2743.6875,700.341675,1191.733643,2132.197021,548.878967,502.36261,332.039551,1299.244507,169.760925
2021-03-25,902.985718,2694.239258,693.024658,1174.171265,2057.203369,552.796021,487.109009,327.748932,1301.094971,166.341309
2021-03-26,904.436707,2695.953369,706.261475,1176.283936,2131.553223,559.566284,501.259369,329.594391,1326.906372,165.791031
2021-03-29,904.436707,2695.953369,706.261475,1176.283936,2131.553223,559.566284,501.259369,329.594391,1326.906372,165.791031
2021-03-30,920.14801,2776.609131,735.813354,1219.507812,2205.903564,572.043091,500.300049,332.916138,1350.867188,168.660355
2021-03-31,908.268127,2793.574707,707.374451,1204.322266,2236.020508,562.999878,496.270782,336.14563,1346.454468,171.765503
2021-04-01,916.769958,2782.279053,704.106689,1219.419678,2206.225342,574.896301,499.62851,342.004913,1370.842407,172.983978
2021-04-02,916.769958,2782.279053,704.106689,1219.419678,2206.225342,574.896301,499.62851,342.004913,1370.842407,172.983978
2021-04-05,903.507202,2847.24292,686.512939,1241.163574,2182.407471,552.50592,506.775696,326.226471,1332.125488,167.08812
2021-04-06,899.743713,2869.922852,682.084839,1242.176025,2214.685791,547.331482,510.565094,323.458282,1329.468384,167.166733
2021-04-07,908.154785,2875.8125,685.376282,1259.034058,2211.881348,558.695984,519.583008,330.840027,1332.457397,168.070755
2021-04-08,909.288391,2916.206055,678.556702,1267.529053,2216.156982,557.777039,520.926025,328.118042,1346.69165,167.638412
2021-04-09,898.72345,2920.513184,673.323486,1268.585815,2276.943115,547.621582,523.084534,325.718964,1332.410156,167.520493
2021-04-12,866.575073,2853.967285,647.418213,1255.116943,2264.068115,520.878845,501.211426,303.435394,1276.470093,161.388809
2021-04-13,875.938538,2728.699219,663.188721,1229.939575,2257.079346,542.205322,514.354431,314.646332,1303.562134,164.061584
2021-04-14,875.938538,2728.699219,663.188721,1229.939575,2257.079346,542.205322,514.354431,314.646332,1303.562134,164.061584
2021-04-15,881.606323,2829.704834,677.277893,1197.895996,2262.826904,556.326294,517.424438,316.214996,1304.463745,162.489365
2021-04-16,876.074524,2808.782471,676.591248,1191.733643,2261.217529,548.347046,518.767517,313.631378,1289.755127,163.472
2021-04-19,862.290283,2779.466064,668.895386,1199.480347,2240.756592,541.383179,505.048859,305.557587,1243.541626,161.624664
2021-04-20,862.040833,2764.301025,658.950012,1189.620728,2204.708252,540.754578,508.646393,304.035126,1263.516968,160.013138
2021-04-21,862.040833,2764.301025,658.950012,1189.620728,2204.708252,540.754578,508.646393,304.035126,1263.516968,160.013138
2021-04-22,864.421326,2741.665039,673.678589,1189.400757,2160.52124,560.195007,509.269928,310.632538,1268.546387,161.860489
2021-04-23,863.491882,2733.48999,669.724182,1174.171265,2122.219727,551.248596,501.355316,310.448029,1255.355957,161.428131
2021-04-26,878.681702,2725.842041,665.296143,1182.754395,2170.866455,571.704529,506.104065,317.691345,1267.692139,161.388809
2021-04-27,901.716064,2753.269043,681.350769,1187.111816,2188.523193,579.103577,512.579712,325.765106,1310.157471,161.467422
2021-04-28,905.638245,2746.324463,699.394531,1193.714478,2213.07666,600.961975,522.173218,335.315186,1305.650024,161.546036
2021-04-29,917.767517,2738.544434,697.357971,1194.022339,2214.041992,601.058777,518.863525,331.624359,1289.280762,160.602692
2021-04-30,904.368652,2668.56958,668.848083,1192.261719,2164.521484,580.796082,514.930054,326.180328,1272.009888,159.266327
2021-05-03,888.294495,2669.75708,669.866272,1190.236938,2214.409668,577.169189,536.131714,323.504456,1273.955322,157.969208
2021-05-04,869.046326,2680.964844,657.505615,1170.297729,2214.088135,572.139771,529.991882,324.334869,1269.30542,156.907959
2021-05-05,870.633423,2721.358643,664.254211,1180.949585,2202.133057,583.020569,537.187012,327.933502,1270.301758,158.322968
2021-05-06,875.575806,2735.203613,663.449219,1198.644165,2197.856934,588.243469,536.035767,328.071869,1271.488037,159.384232
2021-05-07,875.915894,2754.060059,670.008362,1190.677124,2217.352295,587.179565,545.389404,330.563202,1274.144897,161.428131
2021-05-10,873.399353,2765.13623,672.423645,1179.23291,2237.308105,593.127747,549.274719,333.746613,1323.774658,161.585358
2021-05-11,876.55072,2745.006348,664.704285,1171.398071,2208.984375,589.839294,545.293457,336.468597,1312.956665,160.366852
2021-05-12,867.481995,2714.238037,662.786133,1168.184937,2141.715088,575.234741,538.913879,339.282898,1314.570068,159.777298
2021-05-13,867.481995,2714.238037,662.786133,1168.184937,2141.715088,575.234741,538.913879,339.282898,1314.570068,159.777298
2021-05-14,878.432434,2682.502686,656.795227,1158.853638,2185.764404,577.70105,537.618652,332.593201,1343.227905,166.85228
2021-05-17,888.883972,2698.546875,682.084839,1170.297729,2185.21167,603.138184,527.305664,353.492706,1315.946045,167.127411
2021-05-18,901.398621,2715.292969,699.347107,1179.62915,2183.373047,612.423218,514.546448,352.708435,1344.936279,165.122849
2021-05-19,905.524902,2709.315674,690.585754,1176.988281,2170.038818,604.92749,506.727692,354.692261,1331.793213,163.314789
2021-05-20,900.242432,2689.975586,678.556702,1179.013062,2155.693115,598.302185,499.484558,354.830658,1337.771606,162.725189
2021-05-21,908.01886,2707.99707,709.103149,1192.393799,2172.338135,621.369629,509.365875,370.193939,1345.647827,164.336731
2021-05-24,900.355774,2708.876221,715.093933,1186.715698,2148.704346,626.108826,505.384583,380.205383,1369.561279,166.262711
2021-05-25,890.153564,2750.836182,700.412598,1198.644165,2155.60083,628.962036,504.712982,380.482178,1376.86792,165.791031
2021-05-26,893.282227,2790.14624,699.512878,1230.027344,2164.751465,631.089844,504.377319,381.589417,1397.697388,165.555237
2021-05-27,896.025574,2809.138916,702.165039,1234.429443,2139.369873,630.848083,498.669128,392.339111,1407.13916,165.987549
2021-05-28,949.847778,2776.984375,712.015564,1236.894165,2135.048096,621.950012,502.314636,389.432526,1402.631714,167.363251
2021-05-31,979.547546,2790.720459,717.888062,1240.186279,2151.922607,641.003601,513.155334,391.55481,1392.762817,170.271881
2021-06-01,983.447021,2785.287842,715.922668,1234.358032,2168.705566,628.768677,511.236633,399.121033,1399.358154,169.210617
2021-06-02,998.11554,2764.484375,712.27594,1226.75,2169.164795,627.07605,507.974823,403.457855,1395.941895,164.297409
2021-06-03,1001.924377,2774.908447,720.113953,1236.538086,2173.257568,628.913696,510.421204,409.417725,1433.709717,164.336731
2021-06-04,993.24115,2777.116699,710.831604,1232.978882,2153.761475,621.61145,511.044739,403.783752,1459.046509,164.100891
2021-06-07,1009.972778,2811.965332,710.310669,1236.538086,2151.23291,626.930969,514.642273,402.526581,1478.262573,166.223404
2021-06-08,1004.168884,2826.938721,702.354431,1257.271118,2169.349121,621.32135,524.571533,397.823853,1470.054199,167.95285
2021-06-09,986.213013,2827.0271,701.052063,1259.361938,2166.590576,615.227966,518.047974,392.469238,1441.728271,167.048798
2021-06-10,989.840454,2841.646973,701.407288,1267.370361,2187.557373,619.386902,522.988586,402.526581,1442.107788,169.290466
2021-06-11,1007.009888,2891.999512,703.917297,1287.480347,2176.246582,614.841125,518.863525,400.058807,1426.6875,168.158112
2021-06-14,1021.456543,2894.252441,700.649475,1300.738647,2190.23291,614.309204,517.424438,400.757233,1438.359497,167.672806
2021-06-15,1023.777161,2882.238281,705.764282,1311.505371,2215.565918,624.12616,520.44635,399.965698,1433.662231,167.470596
2021-06-16,1006.304565,2892.485596,703.088501,1317.467163,2230.339844,619.09668,514.930054,396.659821,1414.77832,168.117661
2021-06-17,1008.147339,2930.824219,694.327087,1330.547607,2239.416748,612.229797,507.159393,391.351776,1411.599365,166.338211
2021-06-18,1012.697571,2912.758789,700.815308,1337.666138,2299.809082,609.715088,516.848755,384.507172,1400.63916,165.448486
2021-06-21,1017.975525,2891.381104,705.030212,1334.996826,2328.940674,610.53717,517.664246,390.886139,1392.146118,165.367599
2021-06-22,1012.742981,2916.203857,702.709656,1345.274048,2306.617188,610.15033,514.59436,389.861786,1422.654419,165.893341
2021-06-23,1003.460815,2881.045898,703.514771,1337.532593,2297.586182,604.202148,512.339844,390.048035,1403.723145,164.963181
2021-06-24,979.868408,2980.160645,713.341614,1387.407104,2306.524902,613.2453,507.255371,388.511505,1427.256958,164.397018
2021-06-25,957.549988,2986.520996,717.53302,1400.754272,2268.084473,627.704712,513.347168,399.313812,1446.046021,165.852905
2021-06-28,949.15509,2947.608398,714.336182,1398.618774,2278.783447,628.962036,509.605743,397.404785,1437.125854,164.680069
2021-06-29,949.974121,2951.22998,714.431274,1390.832886,2308.747559,619.09668,503.609802,392.515808,1433.75708,164.437454
2021-06-30,960.371155,2955.558838,712.457458,1406.627197,2289.064697,610.198608,504.281281,390.373962,1423.935547,163.952148
2021-07-01,954.592529,2951.804688,707.154053,1388.474854,2295.270752,610.15033,501.403259,391.491486,1416.106934,164.194794
2021-07-02,968.743347,2937.625732,704.133728,1395.059692,2303.884766,619.241821,503.657745,395.2164,1409.796387,163.709488
2021-07-05,978.366882,2933.695312,711.292053,1404.980957,2314.768555,626.592468,502.650482,402.899078,1430.957886,164.720535
2021-07-06,966.80957,2881.84082,729.960876,1390.076538,2290.176025,628.962036,504.712982,400.198517,1428.632812,163.790375
2021-07-07,960.098145,2893.015869,732.243958,1392.21228,2298.651611,632.54071,508.070831,403.085358,1439.023682,164.801407
2021-07-08,952.158081,2878.483887,723.182983,1388.786255,2267.066162,620.837646,503.945587,395.26297,1424.077881,163.385956
2021-07-09,942.420898,2834.006104,714.407532,1390.699341,2270.678467,617.597656,514.450378,394.611084,1423.034058,162.860184
2021-07-12,948.290527,2820.711182,707.272949,1377.307739,2263.916748,625.044983,508.118744,398.056671,1424.125366,162.657974
2021-07-13,955.388794,2815.808105,714.336182,1374.726929,2257.016113,643.131409,508.502533,399.593201,1436.319336,163.264618
2021-07-14,949.15509,2839.659668,713.052002,1403.156982,2236.777344,642.550964,508.502533,401.409119,1465.831299,165.084503
2021-07-15,947.494324,2835.586914,723.301941,1406.627197,2234.46167,645.549377,504.089478,402.014404,1527.180542,166.823517
2021-07-16,961.167358,2828.372559,724.086731,1384.07019,2239.139648,638.633972,519.151184,400.431335,1536.100464,168.158112
2021-07-19,955.047485,2819.341309,699.662781,1371.835205,2231.034668,634.378357,516.561035,398.475708,1527.417725,168.036789
2021-07-20,952.704163,2838.109863,686.41626,1379.265259,2255.348633,620.837646,504.377319,391.957062,1509.150635,167.268387
2021-07-21,952.704163,2838.109863,686.41626,1379.265259,2255.348633,620.837646,504.377319,391.957062,1509.150635,167.268387
2021-07-22,964.94397,2847.450439,689.05603,1414.991577,2202.783691,634.426697,524.475647,393.027985,1558.305908,167.430145
2021-07-23,958.118774,2844.351562,686.226013,1415.213867,2184.212402,654.44751,526.010559,399.406982,1529.458008,171.797882
2021-07-26,944.991699,2830.806641,682.325806,1427.181885,2175.505127,654.544189,521.93335,394.192017,1516.030396,170.786835
2021-07-27,935.049683,2817.881104,684.799133,1425.980713,2169.670166,655.221252,518.575623,400.384766,1526.136597,168.76474
2021-07-28,927.018677,2831.02832,674.121033,1428.69458,2187.268555,662.571838,544.813782,396.240753,1529.927368,169.128723
2021-07-29,934.253418,2829.257568,674.572876,1438.838623,2162.58374,666.888489,544.094238,411.187073,1531.654785,166.661758
2021-07-30,926.085999,2804.158936,678.473145,1433.05481,2161.240723,662.038269,538.817871,402.107544,1536.88501,165.772018
2021-08-02,943.012451,2850.150635,676.66571,1451.785522,2160.777832,660.971313,542.175598,404.994324,1548.881226,167.672806
2021-08-03,949.951294,2908.137695,682.397095,1472.829712,2210.842041,669.701538,556.61377,415.796692,1568.458618,169.775772
2021-08-04,957.231567,2898.443359,696.951599,1467.5354,2201.811035,693.224487,551.0495,425.528137,1557.758057,168.724289
2021-08-05,971.109436,2907.296875,706.250366,1471.361572,2183.841309,681.390198,574.361694,411.466461,1561.78894,174.103088
2021-08-06,950.542847,2930.181885,709.960327,1468.380737,2196.623779,676.734131,583.187805,405.69278,1545.426147,173.29425
2021-08-09,945.128174,2941.602539,715.311279,1480.037354,2208.665283,681.778198,574.889343,403.597504,1533.046265,172.930267
2021-08-10,950.087769,2951.517822,717.094849,1492.450195,2206.164307,679.88678,596.906311,397.125427,1524.40918,169.735336
2021-08-11,963.396973,2960.636475,711.054321,1492.717285,2214.176514,672.75708,595.611328,398.615356,1519.466919,168.76474
2021-08-12,960.302856,2967.320557,714.122192,1503.439697,2215.890137,680.323181,597.81781,397.777283,1557.998047,168.966949
2021-08-13,976.296509,3066.164551,725.917908,1523.549561,2227.190186,683.669739,611.152649,401.548767,1601.135986,171.02951
2021-08-16,988.968628,3074.619629,728.010803,1516.608765,2247.475342,681.58429,608.274658,395.635468,1589.331787,170.584625
2021-08-17,984.759705,3145.532227,720.424316,1549.754639,2300.642822,680.177673,600.887695,392.515808,1572.681274,169.209595
2021-08-18,988.581909,3152.171387,719.639587,1542.458252,2302.727295,667.664368,597.625854,390.8396,1567.019165,169.007385
2021-08-19,988.581909,3152.171387,719.639587,1542.458252,2302.727295,667.664368,597.625854,390.8396,1567.019165,169.007385
2021-08-20,977.479614,3151.242432,720.471924,1542.013306,2426.243408,660.292297,588.751953,378.733551,1529.351562,168.966949
2021-08-23,983.895264,3220.207764,725.156982,1547.174194,2439.905762,662.232361,597.338135,381.340973,1517.019775,166.863968
2021-08-24,993.609741,3198.783691,741.44751,1531.246338,2438.84082,673.630127,594.891785,388.884003,1541.059692,166.419098
2021-08-25,1002.209473,3239.330566,740.757935,1544.326782,2449.955811,670.33197,587.552673,387.626831,1529.543701,166.944839
2021-08-26,1014.881592,3250.706543,739.521179,1537.341797,2469.777588,677.84967,563.041443,382.505035,1531.415039,165.488953
2021-08-27,1013.493774,3293.466553,736.500977,1520.524292,2480.476318,678.771179,570.955994,384.088104,1572.057495,166.540421
2021-08-30,1032.990967,3276.779053,745.918518,1510.95874,2489.507324,692.254517,595.2276,393.633301,1593.170532,168.238998
2021-08-31,1027.485352,3352.162842,752.173218,1518.433228,2523.223145,697.492615,637.055115,396.75293,1604.782593,170.908173
2021-09-01,1031.557739,3288.863525,751.079163,1492.895264,2531.373535,698.317139,639.30957,400.338165,1618.410156,169.452271
2021-09-02,1043.979614,3396.692871,755.788025,1502.994751,2594.498291,703.409668,639.405579,400.198517,1618.218384,169.65448
2021-09-03,1086.796265,3401.385742,749.628418,1513.272217,2562.681885,702.585144,631.682739,401.735046,1623.304565,170.341995
2021-09-06,1103.677368,3410.194092,744.705627,1539.744263,2575.556641,699.529602,627.989258,401.409119,1625.89563,169.290466
2021-09-07,1110.638794,3378.235107,746.394226,1518.61084,2572.870605,695.407043,643.290894,399.593201,1613.899658,171.272156
2021-09-08,1106.293457,3341.273438,749.794922,1506.687256,2594.359619,699.335571,640.700623,401.688477,1599.360596,170.867737
2021-09-09,1103.677368,3356.544678,746.085022,1505.219238,2603.390869,698.656555,658.256714,402.573151,1602.719482,172.000092
2021-09-10,1103.677368,3356.544678,746.085022,1505.219238,2603.390869,698.656555,658.256714,402.573151,1602.719482,172.000092
2021-09-13,1079.083984,3404.306396,739.877869,1505.486206,2580.882812,686.191833,665.116028,403.085358,1604.302856,173.213379
2021-09-14,1077.67334,3440.206055,736.548584,1500.369629,2558.837402,686.240356,665.979492,403.225006,1628.055054,174.790588
2021-09-15,1082.155151,3500.983154,735.716064,1522.881958,2570.786377,692.933472,696.007019,413.328918,1647.776489,174.709717
2021-09-16,1104.860229,3455.610107,741.970703,1514.695801,2564.117188,705.398193,689.387512,431.813965,1651.855103,186.640106
2021-09-17,1087.729004,3388.813965,752.529846,1504.952393,2521.509277,698.559631,698.549316,422.874084,1647.008789,186.963669
2021-09-20,1089.458008,3384.962891,741.923157,1501.882446,2593.850342,688.713867,695.479492,407.369019,1635.636475,189.06665
2021-09-21,1094.16748,3419.888672,738.165527,1529.110962,2605.057861,690.508362,697.110291,408.62616,1651.519287,195.33519
2021-09-22,1105.90686,3419.179932,729.485291,1527.731567,2579.169434,682.263245,697.206299,408.672729,1641.922485,196.952881
2021-09-23,1132.934448,3425.46582,746.750854,1550.555542,2577.131348,695.504028,697.254211,418.869781,1698.351685,196.144028
2021-09-24,1129.658325,3427.281006,761.757263,1569.508667,2544.109863,701.275635,709.342041,410.442108,1697.440186,192.86824
2021-09-27,1148.655029,3396.870361,772.958496,1531.513428,2509.699707,708.114197,706.191406,415.889832,1669.465332,193.070419
2021-09-28,1159.393433,3345.699219,768.178406,1501.214844,2522.991455,695.649536,680.389099,414.306732,1667.114136,192.302032
2021-09-29,1150.202148,3356.986816,758.094849,1505.797607,2487.28418,688.228821,678.385437,428.368347,1651.615234,192.585129
2021-09-30,1146.28894,3342.512451,758.617981,1490.626221,2502.567627,679.838196,672.716797,421.849731,1634.292969,191.007889
2021-10-01,1148.313843,3302.364502,752.791443,1481.683594,2504.651855,671.593018,660.597534,420.59256,1628.486938,190.360809
2021-10-04,1163.078979,3340.52124,754.242126,1493.784912,2488.117432,679.207642,665.972961,431.301758,1646.097046,191.371811
2021-10-05,1187.217285,3393.639404,758.855835,1506.287231,2508.912109,676.200562,683.418884,432.745209,1647.488647,189.835068
2021-10-06,1164.762695,3373.807861,768.106995,1489.158081,2487.979004,668.828491,675.746643,425.760925,1626.71167,187.04454
2021-10-07,1170.473022,3446.402832,766.014221,1504.685303,2472.557129,681.147705,676.821716,426.412781,1643.409912,188.419601
2021-10-08,1215.450806,3484.25,762.280457,1533.915771,2445.371094,682.311768,679.753784,426.50592,1657.277344,187.408539
2021-10-11,1206.987549,3262.879395,777.096558,1504.640991,2450.048584,691.914917,675.209045,436.982269,1647.680542,192.544678
2021-10-12,1213.881104,3233.885498,775.098877,1499.479858,2478.808838,687.355835,670.810913,449.786804,1648.928101,195.173386
2021-10-13,1226.234619,3235.966064,779.760132,1520.880005,2451.576904,688.665344,674.280579,448.576172,1681.413452,201.563263
2021-10-14,1228.714355,3203.369141,802.590698,1526.708618,2454.17041,705.495239,670.273438,456.864197,1717.161621,207.508255
2021-10-15,1228.714355,3203.369141,802.590698,1526.708618,2454.17041,705.495239,670.273438,456.864197,1717.161621,207.508255
2021-10-18,1231.990601,3235.034668,794.457397,1594.690674,2458.292725,723.101135,665.191101,463.708771,1716.345947,212.361282
2021-10-19,1243.024658,3223.503906,803.209045,1621.385254,2358.99707,725.041138,665.67981,454.629242,1771.623779,198.934509
2021-10-20,1228.714355,3201.062744,796.145813,1603.766602,2295.87207,723.489075,692.410645,465.524658,1733.860107,199.460266
2021-10-21,1193.268921,3133.340088,797.311157,1560.432495,2265.398926,732.849792,680.291321,468.36496,1732.948486,197.923492
2021-10-22,1195.498535,3103.492432,799.427734,1530.312256,2273.133057,736.535828,678.776489,468.36496,1719.992676,191.371811
2021-10-25,1183.850342,3098.259033,788.131348,1519.411865,2274.75415,816.465454,675.45343,471.670807,1712.219238,188.783569
2021-10-26,1210.809692,3089.078613,786.109924,1529.421265,2271.026611,804.53418,680.437927,477.30481,1723.831421,191.452759
2021-10-27,1195.498535,3095.42041,781.377319,1552.088257,2233.515137,809.966248,686.448669,483.450989,1712.603149,192.86824
2021-10-28,1182.394165,3035.015869,757.975891,1529.600952,2227.038086,774.754578,674.133972,466.875,1741.105835,182.07019
2021-10-29,1154.024414,3013.816406,752.862854,1497.148682,2230.299805,778.004211,669.833557,467.619934,1695.424927,180.533371
2021-11-01,1154.729492,3083.578613,763.540955,1526.144531,2243.300781,779.798706,696.368896,480.23822,1722.967651,183.485657
2021-11-02,1137.894165,3090.497803,764.230591,1524.214478,2254.297363,776.937195,697.786072,485.825623,1742.449463,182.474594
2021-11-03,1130.067749,3097.638672,752.196899,1528.344116,2247.261475,762.386902,683.272278,491.366486,1813.322021,179.926758
2021-11-04,1137.006836,3112.184082,758.142395,1533.909668,2257.979248,758.652283,685.226929,493.973938,1831.987793,183.242996
2021-11-05,1137.006836,3112.184082,758.142395,1533.909668,2257.979248,758.652283,685.226929,493.973938,1831.987793,183.242996
2021-11-08,1138.417358,3106.95166,761.138916,1559.763794,2266.413086,756.760803,692.94812,487.269043,1846.958984,185.871735
2021-11-09,1147.403809,3109.568115,747.821106,1564.252197,2265.713867,762.968872,697.05304,492.763367,1865.240845,185.022446
2021-11-10,1160.234985,3090.586426,739.735229,1562.142822,2236.823486,757.488281,718.799377,488.339966,1871.526855,186.721024
2021-11-11,1162.351074,3094.045654,736.429626,1555.993408,2214.503418,748.321533,712.104431,474.557648,1853.820435,186.033508
2021-11-12,1179.891724,3127.618896,738.665039,1598.095703,2241.296387,753.3172,726.667053,476.187317,1880.931641,188.37912
2021-11-15,1172.930054,3151.789307,740.686462,1604.334839,2259.749512,750.11615,720.851685,471.717346,1868.551758,192.585129
2021-11-16,1145.674805,3154.539062,736.286926,1608.95813,2242.881104,741.143433,713.76593,461.054779,1876.469116,190.441696
2021-11-17,1121.149536,3123.937744,728.105835,1604.604126,2228.436035,738.47583,703.747925,463.89502,1874.166016,193.717499
2021-11-18,1125.381104,3082.95752,732.196411,1597.377563,2236.124268,740.027954,698.177002,469.156494,1820.519531,192.099823
2021-11-19,1125.381104,3082.95752,732.196411,1597.377563,2236.124268,740.027954,698.177002,469.156494,1820.519531,192.099823
2021-11-22,1075.534668,3067.613037,720.757324,1579.423706,2226.012939,729.454651,725.298767,452.952972,1789.329834,186.761444
2021-11-23,1085.590332,3072.802002,720.852478,1559.225098,2231.27832,729.309143,741.718384,459.14566,1810.298828,187.327637
2021-11-24,1069.915405,3054.219482,722.041626,1522.508911,2213.1521,737.408875,741.718384,459.238831,1787.4104,184.173141
2021-11-25,1134.322266,3056.525635,725.799072,1546.208374,2189.200684,728.533142,747.826904,456.817627,1775.318359,187.084991
2021-11-26,1097.761963,3057.368408,708.652344,1518.604004,2176.200195,700.548096,722.024597,438.146332,1706.461182,181.180435
2021-11-29,1110.911987,3106.286133,714.050781,1522.823242,2170.887939,696.862061,722.611023,433.117706,1696.00061,179.15834
2021-11-30,1094.485718,3130.367676,710.388367,1537.455688,2159.844238,692.933472,711.762329,428.880554,1693.60144,178.875229
2021-12-01,1122.514771,3173.521484,715.667969,1539.475464,2185.286621,705.88324,705.898193,442.616241,1713.994629,179.481888
2021-12-02,1129.726685,3231.264648,725.703857,1569.414185,2221.120361,700.742126,715.965027,444.199402,1717.065674,182.353302
2021-12-03,1095.782715,3229.092285,719.901184,1558.013306,2184.168213,694.825012,702.086487,440.614105,1728.630005,179.279694
2021-12-06,1075.011353,3136.799561,715.263733,1521.880737,2149.546387,688.277344,681.806274,433.303894,1710.779785,176.246521
2021-12-07,1083.770386,3179.463623,725.680176,1536.557983,2163.618896,712.624878,683.027954,443.920044,1725.606812,178.470856
2021-12-08,1100.264648,3217.073242,739.045593,1573.992432,2181.325684,730.812744,698.958984,457.748871,1751.470337,181.948883
2021-12-09,1117.714355,3194.765625,726.227112,1583.059082,2180.533691,732.364807,697.786072,455.048279,1804.013062,190.401215
2021-12-10,1118.851807,3225.854736,724.181885,1579.288696,2174.056641,735.274841,694.609619,460.682312,1797.871094,190.967407
2021-12-13,1096.4198,3201.772217,718.759583,1566.182373,2147.542969,731.394714,687.181702,454.256744,1786.450684,189.754166
2021-12-14,1082.996826,3214.323242,714.621582,1572.915039,2160.543457,735.905334,675.942078,454.955109,1790.481445,184.901138
2021-12-15,1079.834595,3166.913086,713.456299,1556.80127,2163.013184,729.697205,669.931335,451.463013,1804.972656,181.220917
2021-12-16,1093.803223,3176.89209,713.503845,1590.375488,2152.342285,718.929993,665.972961,448.063995,1798.350952,180.290726
2021-12-17,1064.932861,3179.331299,700.637878,1634.587402,2078.484863,706.465149,650.97052,435.632019,1772.631348,176.286972
2021-12-20,1036.221558,3154.982666,678.092651,1614.882935,2114.691406,688.665344,643.347107,418.311035,1726.806519,171.797882
2021-12-21,1051.646484,3200.574951,685.77417,1626.283813,2118.186279,698.753601,651.899048,415.331055,1753.869507,171.878769
2021-12-22,1076.603882,3220.488281,687.391235,1638.043579,2122.659668,710.830322,669.247192,424.503754,1795.567749,171.47435
2021-12-23,1076.217163,3248.827393,686.868103,1667.578247,2144.093994,709.375305,663.382996,430.044586,1802.717407,175.761215
2021-12-24,1079.652588,3256.101318,684.394836,1672.874756,2140.645752,705.301208,661.721436,425.528137,1784.435547,176.327423
2021-12-27,1078.492188,3278.454102,690.054932,1675.25354,2144.793213,713.934387,660.450989,426.552429,1790.961304,175.963425
2021-12-28,1091.300903,3287.723145,694.811279,1694.86853,2151.969238,713.740295,664.653564,429.48587,1822.918823,177.985535
2021-12-29,1093.166504,3277.211914,691.505554,1692.669189,2149.872559,713.643433,661.526001,423.153473,1818.456177,175.31636
2021-12-30,1073.418823,3311.849609,695.144165,1699.222412,2167.346924,713.643433,663.969421,420.63916,1809.675171,174.709717
2021-12-31,1077.536865,3315.929932,703.658142,1694.644287,2199.545166,717.959961,668.318665,428.787445,1819.463867,176.367844
2022-01-03,1093.78064,3386.357666,722.802551,1704.24939,2200.616943,741.773926,675.648926,438.42569,1845.327271,177.217133
2022-01-04,1118.465088,3445.787354,727.035706,1704.877808,2237.848633,749.679626,681.659607,450.252441,1859.434814,178.147278
2022-01-05,1123.697632,3424.675781,744.301331,1655.952881,2251.408447,764.423889,684.151917,458.540436,1870.039185,178.389954
2022-01-06,1099.536621,3377.221436,732.362793,1631.849609,2228.668701,761.513794,694.316406,457.88855,1846.910889,176.8936
2022-01-07,1108.40918,3418.068359,737.499756,1628.707642,2251.734619,769.468018,688.745483,457.469482,1828.101074,176.650955
2022-01-10,1109.319336,3441.440674,741.59021,1661.428833,2243.253906,786.443359,688.989868,469.016815,1874.357666,180.614243
2022-01-11,1117.30481,3473.416992,744.800781,1665.782715,2240.084961,786.346375,687.523804,471.158691,1882.083252,179.522308
2022-01-12,1147.130737,3423.745117,740.401123,1685.397583,2248.938477,799.053589,713.668213,475.162964,1894.607056,180.169403
2022-01-13,1153.591919,3457.450928,726.774048,1702.768311,2249.91748,799.975159,715.231934,476.187317,1937.025269,181.139999
2022-01-14,1155.275391,3519.762939,734.931335,1731.988525,2202.854004,795.416016,704.285522,473.393616,1962.312744,180.048065
2022-01-17,1161.304443,3565.000488,723.682495,1741.10022,2226.945068,794.737,712.104431,478.655121,1985.968872,181.665787
2022-01-18,1147.449463,3539.676514,727.368652,1724.268188,2208.259033,798.423035,698.177002,471.950195,1940.671875,178.551712
2022-01-19,1147.358276,3478.409668,722.23175,1676.061646,2152.714844,784.357727,687.768127,480.331299,1939.424316,178.228195
2022-01-20,1127.269653,3400.12793,717.736938,1637.145996,2107.888184,785.958313,699.203308,476.233856,1922.72583,176.934036
2022-01-21,1127.451538,3406.303223,723.72998,1603.032959,2167.1604,780.380676,679.509521,468.132172,1877.188965,175.558975
2022-01-24,1081.973145,3351.078857,707.106567,1559.135376,2129.136963,774.512146,674.280579,460.170074,1823.302612,171.312622
2022-01-25,1079.8573,3349.790283,707.7724,1545.984009,2168.884033,777.616211,695.733582,479.260437,1847.678711,173.334702
2022-01-26,1079.8573,3349.790283,707.7724,1545.984009,2168.884033,777.616211,695.733582,479.260437,1847.678711,173.334702
2022-01-27,1063.863647,3242.585449,701.541504,1506.888916,2139.154785,770.825989,691.237793,492.577087,1833.811157,173.577362
2022-01-28,1062.839722,3278.838867,695.976562,1513.711304,2128.157471,757.730774,699.594177,487.455261,1821.047363,176.00386
2022-01-31,1085.931641,3319.889893,706.654663,1558.59668,2119.024658,765.151306,712.788513,501.284088,1832.227661,178.106873
2022-02-01,1082.337036,3377.114014,712.029358,1590.779541,2148.753662,786.006836,706.680054,495.696655,1910.249878,184.213623
2022-02-02,1084.543945,3426.473389,728.296082,1604.289917,2169.48999,789.353394,708.634766,502.681,1902.764404,187.772507
2022-02-03,1070.529541,3398.395508,720.757324,1560.706421,2141.764648,784.697327,705.311768,502.960297,1855.691895,189.632874
2022-02-04,1060.769409,3389.775391,724.871643,1562.995361,2149.639404,780.914246,703.894592,493.834229,1869.415527,189.511536
2022-02-07,1054.30835,3357.876709,698.307251,1539.565308,2103.973633,762.823364,690.504761,496.58139,1808.52356,186.195282
2022-02-08,1072.031006,3326.287598,695.310669,1541.630127,2110.264404,768.740479,692.850464,494.812012,1799.982422,187.04454
2022-02-09,1084.521118,3341.482666,712.314697,1559.584351,2122.659668,778.731628,703.063843,498.443848,1812.650146,186.154831
2022-02-10,1083.406372,3350.189941,725.394775,1588.580078,2127.785156,781.350769,707.65741,503.379395,1824.358154,187.853409
2022-02-11,1081.290649,3283.193115,722.422119,1545.265869,2104.34668,767.091431,698.958984,493.182373,1795.807739,188.015152
2022-02-14,1064.068481,3317.668945,700.94696,1510.120605,2076.900635,731.103699,674.085144,466.921539,1726.470581,181.763519
2022-02-15,1100.196411,3392.352539,721.922668,1560.437012,2134.262451,752.78363,695.44043,488.712433,1800.414307,184.703903
2022-02-16,1097.921387,3388.177002,720.947571,1555.993408,2130.907227,741.143433,705.458374,481.169464,1785.683105,184.496826
2022-02-17,1111.821655,3362.49707,716.547913,1548.363037,2150.525146,727.854126,700.76709,477.677338,1793.360474,184.414001
2022-02-18,1103.131104,3371.115967,719.330383,1532.338867,2155.184814,726.447693,696.417786,479.865723,1807.179932,183.792816
2022-02-21,1091.983276,3304.917969,723.967896,1553.659424,2138.642334,731.831238,693.876648,476.652954,1788.802002,180.562576
2022-02-22,1087.023682,3186.739258,718.545471,1556.935913,2115.483398,728.775696,683.418884,464.127808,1770.088135,177.953522
2022-02-23,1080.221313,3166.657715,713.884399,1564.566528,2106.583252,722.276489,688.452332,464.407227,1746.911865,178.864624
2022-02-24,1026.393433,3022.577637,675.119934,1506.484863,2023.639404,686.191833,655.710754,440.148529,1686.499756,172.694
2022-02-25,1039.224731,3128.405273,692.575745,1521.252197,2022.987427,708.162842,673.058899,449.740234,1705.405518,177.208084
2022-02-28,1073.623535,3158.127686,678.378052,1540.103882,2024.29187,720.433533,670.957581,449.973053,1743.505005,178.781799
2022-03-01,1073.623535,3158.127686,678.378052,1540.103882,2024.29187,720.433533,670.957581,449.973053,1743.505005,178.781799
2022-03-02,1091.369019,3150.974854,653.644897,1528.613403,2002.857178,693.418457,658.984863,441.638489,1712.555298,178.326218
2022-03-03,1082.155151,3149.419678,652.098999,1544.817017,1948.710815,677.364685,656.834656,435.259521,1681.653442,181.722153
2022-03-04,1058.153198,3131.603516,649.958618,1547.016357,1882.076172,667.421936,638.900146,430.184296,1642.738281,186.774582
2022-03-07,1019.022217,3096.549561,630.124634,1561.873413,1811.667114,634.150208,660.108887,410.023041,1568.554688,186.319046
2022-03-08,1017.179443,3198.779053,631.551575,1596.300293,1816.373657,645.062927,667.536804,410.023041,1591.635132,187.934158
2022-03-09,1071.143677,3227.791016,652.17041,1627.854614,1861.946045,647.439575,675.84436,420.63916,1622.776733,189.8806
2022-03-10,1088.502441,3217.439453,662.42041,1639.120972,1958.915405,656.315125,681.952881,436.470123,1658.524902,192.15831
2022-03-11,1091.64209,3198.068604,664.370422,1635.619751,1951.879272,657.576233,679.118408,438.006683,1658.956909,195.761276
2022-03-14,1100.605713,3237.031982,686.13092,1697.292236,1919.167969,675.279114,684.542908,451.78894,1676.327148,197.956207
2022-03-15,1075.398193,3193.403564,677.307861,1651.150146,1899.50354,676.443054,687.181702,452.440826,1673.160156,197.003708
2022-03-16,1093.553101,3248.494629,688.794434,1696.125122,1931.143433,686.773865,695.880249,458.866364,1685.396118,200.937958
2022-03-17,1129.203369,3263.466797,703.967346,1664.885132,1959.008545,698.510986,706.533508,467.387177,1715.818237,202.842972
2022-03-18,1129.203369,3263.466797,703.967346,1664.885132,1959.008545,698.510986,706.533508,467.387177,1715.818237,202.842972
2022-03-21,1122.696655,3222.548096,707.035095,1663.493652,1911.619019,689.441406,692.16626,456.864197,1685.492188,202.511658
2022-03-22,1151.703735,3288.52417,710.673767,1694.330078,1857.845459,696.668091,702.966064,459.751038,1702.526611,206.860092
2022-03-23,1155.366455,3298.698486,703.586853,1680.864258,1843.91272,696.765015,688.989868,456.910767,1696.00061,208.723694
2022-03-24,1173.316772,3331.975342,686.178467,1693.701416,1832.123535,683.08783,690.358093,453.604889,1700.127319,211.084259
2022-03-25,1181.142944,3294.299561,680.589722,1684.589722,1820.10144,678.286194,693.290222,456.957306,1680.501831,209.841873
2022-03-28,1193.018799,3294.521729,681.493408,1682.210815,1840.697388,689.053345,716.453674,463.289673,1671.384766,212.906464
2022-03-29,1193.29187,3292.433594,690.530518,1693.07312,1851.834473,693.85498,737.857849,460.961639,1676.231201,210.877182
2022-03-30,1216.224609,3315.714355,702.492859,1709.18689,1878.721069,708.987305,732.531189,460.309753,1702.094604,206.404541
2022-03-31,1198.842773,3323.178223,699.353577,1711.790161,1909.242432,708.405273,737.857849,459.611298,1696.384521,207.60553
2022-04-01,1208.443726,3339.883057,716.310059,1708.827759,1936.734863,714.17688,741.327454,473.253967,1717.929443,209.80043
2022-04-04,1212.015625,3350.189941,788.036255,1690.334961,1983.612183,724.216553,750.41687,477.165161,1752.717896,211.581223
2022-04-05,1194.884277,3389.687256,764.944031,1670.720215,1994.189819,719.560486,749.24408,474.371399,1762.026978,214.894302
2022-04-06,1191.699341,3336.862061,737.642395,1641.769287,1996.286621,719.366516,758.089233,478.608551,1778.101685,215.018524
2022-04-07,1170.677612,3273.596191,721.423157,1625.745117,2017.488647,726.108093,745.139221,479.539764,1752.670044,212.575165
2022-04-08,1190.152222,3274.929199,720.424316,1628.976807,2034.496948,731.68573,744.846008,480.610687,1756.940674,221.810333
2022-04-11,1187.672485,3284.481201,711.625061,1585.842163,2015.858032,736.826782,740.887634,479.493256,1709.676147,221.561859
2022-04-12,1165.308594,3279.771484,710.364685,1564.207275,1987.153687,740.949341,724.858948,477.584167,1677.23877,219.325531
2022-04-13,1161.031372,3253.870117,696.785156,1569.683472,2005.699463,739.397461,723.881592,482.100677,1689.810669,223.259827
2022-04-14,1161.031372,3253.870117,696.785156,1569.683472,2005.699463,739.397461,723.881592,482.100677,1689.810669,223.259827
2022-04-15,1161.031372,3253.870117,696.785156,1569.683472,2005.699463,739.397461,723.881592,482.100677,1689.810669,223.259827
2022-04-18,1157.4823,3134.892334,663.728333,1455.540161,2029.464355,735.08075,712.984009,474.464569,1668.265747,223.715378
2022-04-19,1201.595581,3084.998535,638.400635,1402.216431,1969.260376,743.325928,707.119873,476.606354,1636.980225,216.633652
2022-04-20,1236.927368,3160.437988,644.155945,1425.287354,2017.628296,732.898315,722.611023,474.27829,1623.400635,214.977112
2022-04-21,1265.889038,3224.28125,653.692383,1453.206055,2048.383057,739.494385,719.09259,480.796906,1645.377319,215.681168
2022-04-22,1255.287231,3209.975342,644.77417,1423.2677,1982.214478,725.235168,722.024597,466.176544,1626.039673,216.260941
2022-04-25,1226.257446,3152.795898,649.601929,1401.408325,1957.797119,729.648743,722.611023,460.728851,1590.531372,211.415558
2022-04-26,1262.954102,3151.108154,652.59845,1419.272583,2002.158325,731.152222,739.177246,470.739594,1631.41394,214.480179
2022-04-27,1264.182739,3164.3479,652.836304,1393.957642,1999.129395,714.613342,735.463318,463.056915,1609.437134,213.279175
2022-04-28,1283.065674,3184.873779,652.265442,1420.709106,2089.295654,724.750122,730.429871,472.602081,1649.935791,216.260941
2022-04-29,1269.597412,3151.463623,658.567749,1407.198608,2082.772217,721.015503,722.268921,462.172241,1626.039673,214.977112
2022-05-02,1265.138184,3147.642334,667.652405,1383.364624,2078.717529,718.784424,724.565735,457.236694,1611.740479,217.958878
2022-05-03,1265.138184,3147.642334,667.652405,1383.364624,2078.717529,718.784424,724.565735,457.236694,1611.740479,217.958878
2022-05-04,1225.643066,3091.974609,644.964478,1378.472046,2023.779663,702.536682,706.044861,446.667145,1568.074951,215.142776
2022-05-05,1201.641235,3121.874268,643.513733,1422.998169,2019.166626,706.950256,702.672913,446.993073,1571.625732,217.047775
2022-05-06,1192.427246,3050.078613,626.699951,1385.025146,2002.950073,697.686584,694.169861,450.671478,1557.03833,220.857819
2022-05-09,1145.856812,3061.185547,627.770081,1409.712158,1972.615234,689.053345,695.391541,443.175018,1550.992554,217.793228
2022-05-10,1125.995483,3055.542969,637.853699,1394.137085,2032.0271,689.974915,703.357056,442.523163,1543.123169,215.142776
2022-05-11,1114.460815,3031.77417,641.444763,1370.572266,2016.277344,692.787964,706.484558,443.780304,1507.470825,211.746872
2022-05-12,1091.755981,3028.797607,626.985657,1354.458496,1993.258057,674.939575,689.429688,430.836121,1464.621094,209.469116
2022-05-13,1104.13208,3034.350586,621.355957,1350.508667,2044.795044,657.042725,674.280579,414.073883,1472.634399,214.190277
2022-05-16,1104.405273,3000.496826,627.971985,1336.77356,2066.369873,662.523376,677.505859,423.712158,1480.695679,210.463043
2022-05-17,1150.793701,3066.961426,632.254456,1363.121338,2092.231445,688.713867,691.042297,435.166382,1539.428223,219.242706
2022-05-18,1154.979736,3064.473145,632.20636,1354.817505,2135.473877,686.14325,680.389099,426.50592,1509.102173,220.982056
2022-05-19,1128.361572,2898.445801,619.286987,1281.160889,2110.450928,669.604492,658.984863,416.727936,1485.541992,228.312225
2022-05-20,1194.15625,2926.034668,635.598511,1306.296631,2167.672607,688.277344,672.325806,430.603333,1545.186401,231.915222
2022-05-23,1186.170776,2951.581299,627.44281,1318.19104,2217.858154,689.732422,670.322205,429.206482,1577.863647,227.359726
2022-05-24,1190.243164,2921.592285,634.636169,1293.593994,2152.481689,686.919373,662.845459,430.277405,1560.733398,224.336548
2022-05-25,1188.491455,2833.613281,639.375793,1266.168945,2142.276855,691.963379,672.61908,429.473511,1511.261597,225.868835
2022-05-26,1177.161743,2886.659912,657.612,1278.288086,2125.035645,706.65918,677.945679,443.470856,1501.4729,226.285187
2022-05-27,1171.701416,2917.387695,669.809509,1311.862305,2172.006348,717.620544,668.905151,443.518188,1535.781494,228.406372
2022-05-30,1212.515991,3019.321777,674.380737,1370.617188,2189.107422,726.059631,683.223389,448.861816,1593.890137,228.279114
2022-05-31,1197.887451,3009.571533,668.317932,1364.085327,2193.115234,730.279114,684.347473,442.714294,1587.796265,229.636612
2022-06-01,1198.274292,3001.38623,671.15686,1341.359619,2151.36377,730.085205,678.923096,442.903412,1581.55835,230.6548
2022-06-02,1239.589233,3062.035889,666.465393,1368.077026,2129.32251,727.272156,680.193604,444.369385,1571.145752,232.054764
2022-06-03,1264.705933,3077.377686,664.155884,1380.505737,2135.986084,721.985474,670.957581,439.309509,1585.44519,231.375977
2022-06-06,1259.268555,3069.148438,663.265686,1388.081055,2125.315674,724.362122,667.487915,438.552917,1574.072876,233.157761
2022-06-07,1261.634521,3008.094971,655.63916,1366.897583,2061.104004,713.206848,669.78479,438.269196,1525.368896,232.39415
2022-06-08,1239.475586,3045.174316,657.94873,1360.819336,2047.544189,707.629272,648.282837,445.740723,1520.666504,227.303345
2022-06-09,1273.464966,3065.703857,662.904785,1374.427368,2048.149902,710.781799,661.037354,441.626648,1530.791138,229.806305
2022-06-10,1235.016479,3005.590332,650.105774,1339.771851,2050.200439,698.414062,658.105286,436.803223,1521.194214,229.212418
2022-06-13,1211.651489,2880.085205,638.317139,1292.324707,2047.404297,667.373413,656.101685,421.670929,1470.283081,224.545868
2022-06-14,1195.817017,2871.989502,631.292114,1306.88562,2023.266724,664.948364,666.608337,423.79892,1482.375122,225.224609
2022-06-15,1181.347534,2868.188232,629.102722,1290.237915,2018.143066,666.645935,666.657104,426.87265,1497.442139,223.485275
2022-06-16,1164.830811,2810.668213,616.520264,1267.557739,2018.283936,658.158264,639.388855,417.651398,1465.820679,221.194412
2022-06-17,1178.481079,2763.167725,620.586121,1258.576416,1984.202148,666.257935,629.077698,417.083984,1429.880371,223.400406
2022-06-20,1157.118286,2784.189453,636.175964,1282.935059,2064.540527,665.384827,626.389954,411.12561,1412.46228,224.079193
2022-06-21,1175.796753,2873.242188,643.104797,1315.36792,2073.096191,675.23053,639.486572,426.305176,1439.81311,229.00029
2022-06-22,1140.078247,2883.081787,640.073486,1303.891602,2071.074951,666.015381,628.295776,423.373322,1419.131958,225.097351
2022-06-23,1121.581909,2959.878906,642.431152,1317.681152,2117.849365,678.189209,645.253052,426.919922,1434.055054,225.267029
2022-06-24,1137.552856,2945.834717,651.404968,1307.384399,2166.079834,692.060425,656.004028,429.615387,1434.582886,225.563995
2022-06-27,1134.185791,2965.156982,652.583801,1337.775879,2181.827637,695.843506,668.465332,436.188477,1473.881958,229.042694
2022-06-28,1150.133789,2968.242676,647.60376,1342.811157,2179.007324,689.004822,665.728699,439.073059,1488.948975,230.6548
2022-06-29,1173.999268,2943.509277,646.665405,1327.47937,2099.844238,681.681213,672.228088,434.202362,1485.494141,232.521408
2022-06-30,1181.052002,2922.576172,648.614136,1326.254517,2097.164795,685.997864,669.442627,440.633606,1495.42688,232.054764
2022-07-01,1095.987549,2965.514648,651.380859,1342.130615,2145.819336,682.796753,658.203003,441.532074,1508.766357,241.260574
2022-07-04,1098.262451,2893.906494,652.295044,1349.932739,2233.114746,698.510986,666.46167,447.774139,1517.931274,247.666443
2022-07-05,1107.158081,2877.133057,650.827454,1339.000732,2257.841797,697.880554,668.953979,446.544647,1501.808594,243.424164
2022-07-06,1097.420654,2916.895996,659.80127,1353.244263,2348.944824,704.18573,678.238892,453.921661,1493.411499,245.46048
2022-07-07,1086.614258,2941.138184,671.613953,1359.640015,2325.017578,719.754517,671.250732,460.352844,1546.145996,247.708893
2022-07-08,1088.115723,2921.100342,672.239441,1373.928467,2347.488281,733.043762,679.411743,462.055206,1619.417847,248.642197
2022-07-11,1102.903564,2785.441895,676.594055,1336.460693,2341.611816,746.430054,645.595093,461.724243,1595.953613,250.296692
2022-07-12,1101.333862,2759.410645,669.689331,1305.116211,2303.017334,737.11792,647.989624,458.650482,1587.07666,248.34523
2022-07-13,1081.813721,2718.306641,653.353638,1310.423584,2348.333984,730.618713,628.93103,460.116394,1580.838623,249.490692
2022-07-14,1090.732056,2689.604736,650.081726,1296.271118,2348.381104,729.842712,627.122986,453.354187,1579.783081,246.775589
2022-07-15,1092.8479,2685.882568,655.374573,1297.631714,2414.851807,728.67865,637.043213,453.117737,1616.922729,249.066422
2022-07-18,1102.152954,2747.680176,648.397644,1351.656494,2400.748779,748.855103,648.038452,463.710327,1657.997192,250.551254
2022-07-19,1108.909912,2757.322021,648.638184,1346.439941,2414.334717,757.245789,657.665527,470.945465,1660.060547,249.957321
2022-07-20,1138.895142,2838.537354,656.817993,1374.699707,2448.698242,759.622253,655.466431,481.017944,1669.80127,253.01181
2022-07-21,1131.296387,2849.748779,654.749084,1390.666748,2451.471924,762.435364,662.992126,484.280792,1715.678467,254.157227
2022-07-22,1138.940674,2844.0979,670.026062,1366.53479,2482.638672,776.064087,663.480774,485.841309,1718.205566,255.005692
2022-07-25,1101.311035,2840.286133,671.998901,1364.085327,2466.655518,776.888611,663.040955,489.718933,1732.49353,255.472336
2022-07-26,1101.811646,2794.677734,670.627502,1316.501953,2394.731934,772.426514,668.611877,486.314209,1702.168091,256.617767
2022-07-27,1100.765137,2860.107666,675.752014,1334.555298,2427.49707,776.500671,659.620239,499.554962,1746.295654,258.06015
2022-07-28,1118.01001,2924.371582,681.742493,1376.604858,2463.365234,790.177917,651.752502,503.574493,1750.766724,257.466248
2022-07-29,1141.829956,2961.503418,690.09082,1405.907593,2479.630127,794.057983,662.601074,499.696838,1757.376099,257.126862
2022-08-01,1171.587769,2958.722656,695.840759,1407.132568,2437.885986,798.714172,681.744385,504.804016,1763.8396,260.902527
2022-08-02,1176.046875,2952.444336,688.190186,1400.373657,2477.609131,793.233521,674.234314,512.701111,1742.796509,262.981232
2022-08-03,1185.920532,2995.227295,689.802063,1420.785889,2469.241211,800.072083,680.468201,511.518951,1739.637695,261.454041
2022-08-04,1170.245361,3009.08374,688.984131,1451.449951,2470.745361,795.658569,681.597107,504.331116,1730.209473,262.599426
2022-08-05,1153.000366,3018.143311,686.650391,1466.645752,2487.151611,813.070374,690.776062,502.250397,1737.353394,263.744843
2022-08-08,1168.083984,3026.573975,703.491333,1469.140503,2491.805664,816.729797,691.463196,492.177979,1778.370605,265.696259
2022-08-09,1168.083984,3026.573975,703.491333,1469.140503,2491.805664,816.729797,691.463196,492.177979,1778.370605,265.696259
2022-08-10,1175.068604,3008.456299,705.536316,1453.763062,2484.707275,828.24469,702.163818,486.787109,1803.156006,264.041809
2022-08-11,1178.981689,3069.67041,714.870911,1469.639526,2457.3479,838.930176,696.813477,496.292084,1814.81958,259.841919
2022-08-12,1198.046631,3050.880371,714.606323,1446.187988,2439.719727,853.275024,696.715332,501.919403,1794.699707,261.793365
2022-08-15,1198.046631,3050.880371,714.606323,1446.187988,2439.719727,853.275024,696.715332,501.919403,1794.699707,261.793365
2022-08-16,1206.373413,3042.942627,722.786194,1448.319946,2486.30542,858.007812,691.217834,497.426971,1797.081299,263.490356
2022-08-17,1212.675293,3050.476807,726.515198,1457.210693,2524.053467,861.911133,709.722961,499.507721,1803.690552,265.187256
2022-08-18,1214.874512,3032.673096,727.381226,1436.07251,2521.609131,863.716492,719.7854,503.479919,1841.45166,267.817444
2022-08-19,1193.213745,3036.709229,718.407532,1448.909668,2476.950928,849.371643,718.901794,492.130646,1881.788696,264.720612
2022-08-22,1189.904053,3008.72583,707.485046,1429.450073,2469.570312,831.660095,714.287781,483.571472,1827.941406,266.756897
2022-08-23,1208.255249,2945.987061,705.295715,1399.285156,2437.650879,843.028748,724.104858,493.596649,1824.442261,268.029633
2022-08-24,1205.036987,2919.751953,708.687927,1394.839844,2433.420166,852.201599,725.233826,491.137634,1840.285278,266.502411
2022-08-25,1201.521973,2886.431885,704.838562,1377.285278,2420.210693,851.274536,727.442688,492.177979,1825.268433,265.017578
2022-08-26,1195.108154,2890.019775,704.958862,1380.369873,2417.719482,849.81073,717.478333,495.393555,1851.997681,265.484192
2022-08-29,1185.818481,2809.611816,692.592896,1326.118408,2421.715088,835.173157,707.415894,486.928955,1828.767456,266.035675
2022-08-30,1204.21521,2880.108887,715.063416,1354.42334,2500.737305,865.863342,713.306152,502.439575,1868.618408,271.932556
2022-08-31,1204.21521,2880.108887,715.063416,1354.42334,2500.737305,865.863342,713.306152,502.439575,1868.618408,271.932556
2022-09-01,1168.813843,2808.849854,708.351135,1328.340942,2450.108398,853.226196,721.601562,504.378357,1859.33606,269.471985
2022-09-02,1155.164673,2807.682861,714.774719,1318.180298,2447.852539,851.323425,721.55249,507.593994,1886.113892,274.180908
2022-09-05,1173.105103,2810.374268,719.369873,1325.710205,2445.031494,861.130554,726.853699,509.674713,1913.18335,279.017242
2022-09-06,1185.453125,2804.678955,716.627197,1320.085449,2419.176758,862.301514,747.322144,508.634308,1907.302979,277.574829
2022-09-07,1178.560059,2824.904053,713.234985,1322.398926,2411.185059,855.031555,739.321228,503.952759,1903.220703,276.683929
2022-09-08,1180.226318,2842.886963,720.596802,1338.955566,2422.984131,877.08551,755.715759,515.112854,1919.063721,279.908051
2022-09-09,1172.876831,2885.938721,721.078003,1371.388184,2433.843506,879.476318,751.739868,523.341003,1895.104614,280.417175
2022-09-12,1186.000977,2908.630371,718.648071,1393.6604,2426.039551,885.282593,755.077637,524.807007,1906.914185,280.756561
2022-09-13,1195.907104,2896.432373,728.054932,1401.598267,2431.869385,888.014954,769.901367,527.738892,1935.538696,283.726227
2022-09-14,1181.572998,2798.714111,735.537109,1338.501953,2417.578369,895.91925,769.017761,540.743164,1899.138428,284.532227
2022-09-15,1169.864014,2784.319092,731.711792,1299.854614,2407.236328,895.431274,770.73584,541.12146,1902.637451,283.471619
2022-09-16,1140.876343,2698.528809,718.263184,1249.277344,2376.915527,887.136597,765.38562,531.332764,1866.188477,281.095947
2022-09-19,1142.359863,2716.557861,723.002686,1261.297974,2424.95874,877.47583,768.428833,541.216064,1857.149048,284.744324
2022-09-20,1142.54248,2726.87207,731.711792,1259.710449,2429.001465,894.601868,777.65686,542.918457,1878.532471,285.08374
2022-09-21,1145.692505,2691.803223,730.581055,1249.458862,2466.655518,893.138123,765.925476,538.804382,1842.520874,289.283539
2022-09-22,1134.89624,2697.363525,715.015381,1241.021729,2531.668701,881.574463,769.754089,536.534546,1835.279663,292.762329
2022-09-23,1113.623535,2674.626953,695.840759,1238.753662,2521.609131,860.935364,757.237366,520.740112,1804.80835,293.907715
2022-09-26,1085.252197,2685.703369,686.457947,1252.18042,2501.395264,840.247498,741.235596,513.83606,1799.559692,282.198944
2022-09-27,1093.880005,2706.377441,680.299072,1264.24646,2518.976807,831.952881,746.684021,507.404846,1789.597046,284.107941
2022-09-28,1064.755615,2722.701172,668.606689,1265.289673,2540.459717,828.976562,747.518494,496.386627,1784.008057,275.708221
2022-09-29,1061.491699,2688.304932,665.142212,1268.873291,2539.002686,823.511902,750.659973,493.454742,1764.617188,282.580719
2022-09-30,1085.434814,2694.807373,683.907776,1282.299927,2535.147705,841.174561,785.265076,501.824799,1795.914795,281.859558
2022-10-03,1081.668823,2677.227783,679.986206,1264.427979,2465.621338,827.85437,788.651978,491.563232,1768.310791,275.241547
2022-10-04,1101.617554,2772.47998,699.13678,1296.77002,2508.352783,846.688049,793.904053,503.810944,1819.096436,282.411041
2022-10-05,1101.617554,2772.47998,699.13678,1296.77002,2508.352783,846.688049,793.904053,503.810944,1819.096436,282.411041
2022-10-06,1105.680298,2782.16626,691.43811,1320.130859,2457.630127,864.058044,774.171753,508.161469,1859.33606,285.635223
2022-10-07,1110.359619,2748.936035,688.454834,1316.547241,2444.185059,861.228088,778.589417,501.446503,1870.611084,283.471619
2022-10-10,1098.239624,2797.05542,680.852356,1326.934937,2449.732666,860.44751,777.853149,501.966644,1856.12854,278.168762
2022-10-11,1076.373291,2753.106201,673.947632,1291.689697,2398.069092,849.566772,766.023682,498.798401,1826.28894,276.853607
2022-10-12,1084.293579,2781.090088,678.350342,1296.13501,2436.335205,847.371155,761.360596,504.851257,1857.683716,280.077789
2022-10-13,1087.740112,2783.376953,670.55542,1288.151611,2412.877197,832.977478,754.832275,493.171021,1823.567383,278.847504
2022-10-14,1082.216553,2779.655029,692.400391,1337.458374,2421.715088,849.225281,751.936218,498.609222,1858.023926,281.774689
2022-10-17,1099.586182,2798.179443,696.033203,1351.701782,2435.583008,863.814148,751.985291,514.167053,1830.419922,281.901947
2022-10-18,1118.987305,2827.808838,694.73407,1364.175903,2446.58252,875.231506,768.821472,531.94751,1864.341675,288.732086
2022-10-19,1138.456909,2807.261719,701.855408,1347.619385,2428.484619,870.547363,769.066956,523.388367,1851.511597,293.865326
2022-10-20,1141.515503,2839.139404,697.115845,1361.635742,2445.313232,867.180786,778.393127,525.279846,1850.782715,296.707672
2022-10-21,1128.276978,2821.244629,692.207886,1361.272705,2495.143311,885.233826,782.859924,530.434326,1824.150635,293.229004
2022-10-24,1132.043091,2843.095459,703.010132,1377.012939,2419.176758,903.921143,787.424744,539.560974,1856.22583,295.010712
2022-10-25,1114.559326,2843.455566,698.126282,1384.678833,2355.526611,902.701294,787.621094,547.174377,1894.4729,293.822845
2022-10-26,1114.559326,2843.455566,698.126282,1384.678833,2355.526611,902.701294,787.621094,547.174377,1894.4729,293.822845
2022-10-27,1118.941528,2839.22876,699.810364,1397.65625,2368.3125,902.067017,802.15033,548.214783,1909.003906,293.398621
2022-10-28,1153.178955,2844.489502,701.879395,1387.84314,2373.248779,885.916809,801.904907,539.797424,1919.695679,293.398621
2022-10-31,1163.883789,2871.376709,720.163696,1410.220947,2398.116455,886.746338,816.777771,542.682007,1966.398926,295.859192
2022-11-01,1154.868042,2931.220215,728.127075,1442.641357,2415.248047,886.648743,820.262817,545.613953,1967.71106,296.537994
2022-11-02,1162.080566,2915.033936,728.584167,1424.573975,2383.540771,882.842957,795.032959,542.729248,1956.873657,300.907562
2022-11-03,1166.417236,2883.606201,725.384399,1403.8927,2410.0896,886.697571,803.671997,553.180054,1952.402344,300.101532
2022-11-04,1183.581665,2893.182861,720.38031,1388.530884,2385.481201,883.428467,801.463196,561.739258,1958.623047,300.016632
2022-11-07,1189.904053,2907.840088,725.985901,1382.52356,2397.264648,895.33374,807.647888,580.843811,1961.101562,299.931793
2022-11-08,1189.904053,2907.840088,725.985901,1382.52356,2397.264648,895.33374,807.647888,580.843811,1961.101562,299.931793
2022-11-09,1188.717163,2891.968994,725.769348,1385.962891,2374.548584,888.502869,804.064697,582.167847,1947.348145,306.040771
2022-11-10,1174.337524,2882.616699,733.660522,1377.479248,2379.092285,888.698059,810.64209,572.899353,1922.222778,302.052948
2022-11-11,1201.407959,2981.801758,775.233398,1439.981812,2369.106934,884.648254,811.771118,568.690613,1954.735107,302.350006
2022-11-14,1195.587402,2999.382324,777.110046,1453.922119,2326.277832,873.328552,806.862549,560.415222,1943.752075,294.586517
2022-11-15,1190.223755,2996.77417,779.01062,1461.901001,2325.994385,889.673828,819.968262,568.265015,1940.59314,292.931976
2022-11-16,1183.399048,3017.231934,785.698792,1469.971924,2345.255371,891.527954,825.809387,567.224731,1947.445435,291.956268
2022-11-17,1186.45752,3011.521729,778.601624,1455.848022,2328.360352,897.578186,830.668945,566.562622,1972.668213,291.616943
2022-11-18,1185.818481,3006.531006,776.556702,1461.35083,2350.791992,898.114868,821.980713,570.014709,1967.71106,289.368469
2022-11-21,1164.477173,2952.621826,768.593262,1438.239136,2367.545166,899.139526,835.626465,565.664124,1955.075317,286.101868
2022-11-22,1170.936646,2980.902832,767.462524,1453.692749,2381.079834,901.383972,832.092285,566.609924,1972.911255,288.689697
2022-11-23,1167.284668,2974.922607,769.459412,1451.950317,2373.176514,905.043396,827.82196,574.696289,1968.245605,288.307861
2022-11-24,1177.350464,3039.532227,781.969849,1494.734131,2412.73999,916.167908,832.828552,576.304077,1994.68335,289.113922
2022-11-25,1194.925537,3048.075195,778.361023,1500.099487,2401.665771,907.824463,831.356079,574.4599,2004.9375,288.732086
2022-11-28,1235.987427,3053.11084,769.988708,1488.864624,2390.071289,914.752991,822.078918,575.594727,2006.589966,288.519958
2022-11-29,1238.109985,3054.999023,768.833923,1494.046509,2493.238281,923.877075,820.557312,575.547485,1993.07959,290.429047
2022-11-30,1246.851929,3049.109619,773.934143,1499.457397,2540.704834,929.87854,833.221252,569.77832,2016.698608,288.4776
2022-12-01,1243.177124,3125.408936,779.25116,1519.771729,2520.355225,917.485352,833.074036,575.121887,2045.274414,288.095795
2022-12-02,1242.652222,3092.586914,773.284729,1502.162842,2475.160645,908.117188,833.123108,574.601685,2027.050049,286.059479
2022-12-05,1224.529419,3080.672119,776.099487,1503.859619,2479.656738,911.044739,828.656311,583.822937,2027.147339,285.720062
2022-12-06,1228.067139,3044.208496,775.233398,1479.234863,2512.499512,900.359375,818.103027,575.925781,2034.825806,286.186707
2022-12-07,1209.944214,3039.937744,774.896667,1472.44812,2562.474121,899.871399,818.74115,574.128784,2064.471191,288.562439
2022-12-08,1209.373657,3012.915527,779.25116,1485.883911,2560.676025,909.385864,817.36676,578.47937,2106.946289,287.120056
2022-12-09,1191.04541,2960.94043,784.808716,1439.248169,2576.576904,907.434143,819.624756,583.066345,2093.678711,289.665405
2022-12-12,1192.871338,2955.274902,790.919556,1418.979614,2571.844238,907.824463,813.243652,579.803406,2103.058105,291.192688
2022-12-13,1198.303711,2996.324463,793.108826,1441.861816,2565.266357,910.410461,822.717041,583.302795,2112.000244,293.229004
2022-12-14,1193.967041,3026.224121,799.821106,1448.510864,2540.98877,899.481018,814.028992,591.578247,2133.918457,293.059235
2022-12-15,1177.007935,2972.045166,785.169556,1412.834717,2520.734131,886.843933,811.231018,582.546143,2116.520264,287.501862
2022-12-16,1171.187622,2913.730225,788.946716,1396.051392,2528.353271,880.208252,807.69696,570.629456,2114.041504,284.320099
2022-12-19,1186.571655,2879.379883,791.400696,1382.431763,2572.648682,884.55072,825.024048,571.6698,2122.789307,288.901825
2022-12-20,1196.842896,2917.057373,785.939453,1382.38623,2531.429199,887.722229,813.783508,571.6698,2102.62085,288.604828
2022-12-21,1179.815552,2939.178467,778.336914,1384.449463,2523.526123,870.693787,799.107117,561.219116,2086.14624,284.362518
2022-12-22,1176.75708,2931.220215,775.666443,1395.913696,2503.791992,869.132446,801.659485,561.219116,2050.814697,282.071686
2022-12-23,1142.245972,2903.029541,768.737671,1373.031372,2480.8396,857.666321,793.85498,542.871155,2004.9375,277.192993
2022-12-26,1152.220215,2925.105713,784.038757,1377.892212,2477.384766,871.62085,796.161987,564.718445,2032.44458,283.895844
2022-12-27,1161.646851,2931.040771,784.832703,1389.310425,2454.479736,878.890869,799.892395,569.258118,2064.568359,282.665588
2022-12-28,1161.532837,2928.881836,784.207214,1384.999878,2445.346191,877.231873,789.093628,568.454224,2061.652344,283.726227
2022-12-29,1161.007935,2939.358398,789.740601,1391.786743,2430.628906,886.112061,805.733582,578.621216,2051.738037,284.532227
2022-12-30,1162.788086,2928.522461,783.413269,1383.211426,2424.00293,869.327576,791.351624,580.418152,2027.341675,281.308044
2023-01-02,1175.889648,2932.793701,783.677917,1397.702026,2421.494629,880.6474,798.616272,578.999573,2030.88916,282.411041
2023-01-03,1167.284668,2977.665283,788.802368,1396.372314,2406.019531,879.573914,802.641174,579.188721,2030.40332,280.926239
2023-01-04,1149.709595,2980.632812,774.704163,1370.921997,2400.388184,877.378296,796.947327,572.379089,2012.519165,277.44751
2023-01-05,1147.655273,2977.440918,769.72406,1352.946289,2445.440918,857.910339,792.333313,572.284546,2028.848389,282.920105
2023-01-06,1158.086304,2887.922119,767.173889,1328.458984,2438.579102,849.078857,781.436401,568.075989,2028.070679,284.277679
2023-01-09,1185.43042,2985.398438,768.665466,1361.429565,2483.631836,852.250366,804.408264,574.743591,2062.235596,286.823059
2023-01-10,1167.900879,2955.229492,754.615417,1347.947998,2502.372314,840.540283,778.343994,562.874207,2047.607178,282.877716
2023-01-11,1153.178955,2993.267334,765.489746,1349.323608,2454.479736,845.370667,751.543457,564.340149,2065.783203,281.520172
2023-01-12,1128.276978,2998.3479,769.579712,1357.898926,2451.450928,839.857239,743.051819,562.637756,2099.219238,279.865662
2023-01-13,1126.45105,3034.496826,770.181213,1379.038696,2483.584717,852.347961,750.316406,567.555664,2093.047119,278.932312
2023-01-16,1115.723389,3066.225586,762.795227,1399.077881,2458.124268,844.34613,745.26062,570.298462,2077.301025,280.162628
2023-01-17,1131.563965,3107.012939,774.150757,1411.917603,2524.803711,844.248535,751.690796,560.793457,2151.07373,281.901947
2023-01-18,1129.692139,3117.681152,787.815979,1417.328735,2542.455566,848.493408,762.342285,559.374878,2202.977051,283.938293
2023-01-19,1128.482422,3102.138916,791.087891,1411.36731,2507.956299,845.224365,757.875488,557.861572,2209.392334,281.817139
2023-01-20,1115.061401,3092.94165,799.195557,1399.123779,2412.36084,849.322876,750.463623,560.084167,2186.891113,283.895844
2023-01-23,1109.423706,3140.580566,805.041809,1419.713379,2457.460938,850.640259,758.562683,567.88678,2170.9021,286.568512
2023-01-24,1102.873047,3160.262207,815.819946,1423.289917,2461.341797,849.713257,761.45874,562.117554,2145.630859,287.5867
2023-01-25,1087.625977,3154.237793,793.277222,1415.127563,2482.022949,834.636414,762.293152,537.858582,2113.75,287.841248
2023-01-26,1087.625977,3154.237793,793.277222,1415.127563,2482.022949,834.636414,762.293152,537.858582,2113.75,287.841248
2023-01-27,1066.992432,3137.040283,777.470886,1393.254028,2472.368652,797.45697,760.329712,510.667755,2099.316406,293.568359
2023-01-30,1077.218018,3157.824463,776.677002,1411.275757,2430.723145,803.604675,756.108459,509.012665,2053.682129,292.550201
2023-01-31,1074.524536,3088.895508,771.55249,1406.644165,2438.862793,811.801758,756.206665,523.48291,2064.859619,298.956085
2023-02-01,1068.156494,3134.557129,783.124634,1422.556152,2436.496826,827.46405,755.028564,498.751038,2085.416992,306.634674
2023-02-02,1062.244873,3182.426025,771.480347,1452.50061,2493.853516,837.173645,763.520325,499.460327,2084.7854,321.228302
2023-02-03,1063.180542,3202.566406,798.161072,1466.853516,2507.009766,842.93103,778.393127,514.687317,2105.828369,322.96759
2023-02-06,1055.169067,3182.011963,794.76886,1439.752441,2496.456543,833.075134,774.809875,515.822205,2095.671387,325.300934
2023-02-07,1052.63562,3193.599609,795.947632,1432.919922,2462.004395,832.148071,771.52124,517.429932,2104.613281,316.688995
2023-02-08,1073.657227,3237.330322,795.85144,1458.691162,2444.589111,838.344604,760.918762,519.936279,2071.128906,318.640442
2023-02-09,1075.528931,3256.413574,794.191406,1482.995117,2448.280273,840.00354,752.623413,520.92926,2087.215088,317.537445
2023-02-10,1066.672852,3253.378174,797.343079,1475.245361,2439.572754,833.221497,757.826477,523.057312,2103.204102,315.076874
2023-02-13,1060.60144,3202.657959,797.944519,1437.551392,2442.885254,830.098816,754.53772,508.350586,2141.54834,317.494965
2023-02-14,1085.594727,3218.937012,805.330505,1461.213135,2441.560059,844.394836,761.016968,511.518951,2130.224854,327.888702
2023-02-15,1110.17688,3237.835938,803.69458,1464.698242,2412.077148,849.761963,771.030396,512.843018,2114.090088,329.597168
2023-02-16,1109.30957,3272.231445,800.783508,1469.054565,2391.869385,848.444641,770.097717,510.80957,2117.249023,329.898926
2023-02-17,1113.942993,3219.9021,796.765747,1452.546265,2380.890381,841.80896,762.587646,502.203156,2163.952637,330.632019
2023-02-20,1102.165527,3207.165039,789.283508,1460.47937,2377.057373,831.513733,764.894775,496.670441,2163.126221,331.192474
2023-02-21,1111.158447,3173.78125,792.242676,1448.602661,2381.505371,833.563049,764.796509,495.062561,2166.965576,329.640259
2023-02-22,1085.959717,3128.303223,776.700989,1432.369629,2360.588379,818.974182,758.022827,488.347565,2133.238281,331.02002
2023-02-23,1080.755615,3139.569092,771.432251,1422.189331,2357.370117,819.462158,748.991089,492.745422,2098.635742,334.253906
2023-02-24,1088.151001,3127.291992,764.551453,1422.143677,2351.265381,819.41333,743.248108,492.792694,2074.239258,332.097992
2023-02-27,1080.915527,3064.202393,766.452148,1384.220337,2336.073975,835.7099,739.124939,499.082123,2054.459473,329.597168
2023-02-28,1060.236206,3046.729004,769.675903,1364.272827,2328.975098,834.197266,728.6698,494.447845,2050.037354,324.854065
2023-03-01,1069.982422,3113.726318,768.930176,1372.068604,2334.275879,835.612305,736.474365,507.593994,2056.014893,326.578857
2023-03-02,1061.833984,3054.637695,762.38623,1350.14917,2323.959473,833.367859,726.559143,504.804016,2062.138184,323.862366
2023-03-03,1088.927002,3073.674561,777.518982,1356.706665,2338.771484,847.566406,750.414551,530.765381,2091.734863,331.968628
2023-03-06,1099.563354,3100.989014,783.004272,1382.52356,2351.880615,846.785706,752.57428,531.23822,2081.140137,334.72821
2023-03-07,1099.563354,3100.989014,783.004272,1382.52356,2351.880615,846.785706,752.57428,531.23822,2081.140137,334.72821
2023-03-08,1103.512085,3118.048584,784.568054,1368.995972,2352.117188,851.030518,752.525208,534.170105,2109.959229,338.39328
2023-03-09,1076.989746,3068.800537,784.640259,1357.715332,2329.685547,835.270752,759.249878,528.590088,2131.731445,334.167664
2023-03-10,1060.304688,3063.420654,764.407166,1349.598999,2333.518555,822.292114,759.593506,517.666443,2097.37207,334.598846
2023-03-13,1042.866577,3018.310791,754.735718,1316.169556,2323.722412,808.386353,751.298096,501.257355,2074.045166,330.847534
2023-03-14,1038.963501,2956.692627,752.714722,1302.320923,2311.749756,810.289185,757.679138,496.90683,2084.10498,327.441193
2023-03-15,1021.205688,2941.931641,741.912598,1302.0,2277.344727,805.946777,742.806396,489.482544,2115.645264,327.182465
2023-03-16,1016.115784,2929.148682,746.724243,1287.738525,2327.745361,803.995056,732.302124,496.055603,2112.680908,328.950348
2023-03-17,1014.837646,2923.906494,756.708496,1302.962769,2316.43457,816.046692,743.395386,501.068176,2134.209961,323.862366
2023-03-20,1004.86322,2890.798828,751.463684,1287.325928,2376.820068,816.241943,740.990173,491.04306,2116.520264,326.66507
2023-03-21,1036.110229,2856.58667,759.980347,1275.449097,2330.821045,831.806519,743.100891,493.549286,2146.553955,325.069641
2023-03-22,1039.260254,2879.30249,758.224182,1274.119263,2343.835693,839.418091,742.855408,493.265594,2151.899902,325.759552
2023-03-23,1026.113159,2873.646729,752.13739,1260.637451,2352.117188,834.782898,749.580078,484.942841,2144.804199,328.260468
2023-03-24,1005.79895,2869.830322,750.934448,1266.231934,2348.047363,831.806519,748.500244,477.944153,2105.439453,326.578857
2023-03-27,1021.434021,2871.485352,754.20636,1273.843872,2365.273193,828.195923,747.812988,482.483826,2093.630127,327.872345
2023-03-28,1026.204468,2865.599609,760.341187,1263.434692,2349.940186,834.099731,734.756409,480.545044,2073.801758,327.484314
2023-03-29,1020.133057,2886.751953,763.998169,1268.891724,2395.418945,830.440308,729.995117,488.489471,2087.263672,330.071411
2023-03-30,1020.133057,2886.751953,763.998169,1268.891724,2395.418945,830.440308,729.995117,488.489471,2087.263672,330.071411
2023-03-31,1064.116455,2948.369873,774.463623,1309.612183,2423.340332,856.056152,735.296326,495.346313,2103.544189,330.718201
2023-04-03,1064.299072,2942.943604,774.944824,1293.929199,2400.388184,862.447876,746.634949,498.183594,2109.327637,326.751282
2023-04-04,1064.299072,2942.943604,774.944824,1293.929199,2400.388184,862.447876,746.634949,498.183594,2109.327637,326.751282
2023-04-05,1061.742676,2979.546875,795.73114,1305.576782,2444.541992,863.228577,749.481934,494.636993,2194.472168,333.219086
2023-04-06,1068.863892,2961.980713,801.793884,1304.063354,2427.978027,853.860535,751.936218,499.034821,2210.51001,334.0383
2023-04-07,1068.863892,2961.980713,801.793884,1304.063354,2427.978027,853.860535,751.936218,499.034821,2210.51001,334.0383
2023-04-10,1061.286133,3001.250244,797.992676,1309.291016,2396.649658,847.46875,755.666687,497.757996,2244.966309,335.07312
2023-04-11,1066.535889,2955.635254,800.326355,1289.618652,2411.414551,860.593872,759.986206,503.243469,2236.996338,341.497833
2023-04-12,1071.237915,2981.248047,810.719604,1309.932983,2393.620605,868.644592,756.991882,499.554962,2224.36084,339.38501
2023-04-13,1075.27771,2932.689697,814.352295,1274.073242,2400.482666,877.280701,753.016052,504.047363,2195.44458,341.152802
2023-04-14,1075.27771,2932.689697,814.352295,1274.073242,2400.482666,877.280701,753.016052,504.047363,2195.44458,341.152802
2023-04-17,1080.73291,2887.303467,801.938232,1154.021484,2415.29541,879.525146,745.751465,514.498108,2151.948486,345.07663
2023-04-18,1068.361938,2879.256836,798.545959,1154.984253,2405.073242,875.182556,745.84967,516.247803,2154.47583,343.653687
2023-04-19,1073.680176,2841.412598,801.48114,1130.084229,2396.128906,870.352234,750.659973,510.998779,2157.391602,343.869293
2023-04-20,1070.963745,2855.391357,804.464417,1122.013672,2359.21582,872.79187,758.169983,515.254761,2170.173096,345.205963
2023-04-21,1072.310547,2906.938965,805.763489,1125.636353,2364.279785,864.253235,751.199951,513.694275,2153.11499,352.061768
2023-04-24,1076.419067,2919.767822,812.283386,1124.673462,2365.983398,882.891785,746.340454,524.523254,2166.430908,352.44986
2023-04-25,1084.658813,2920.871826,800.735352,1123.389404,2357.181152,891.381653,758.464478,531.332764,2184.947021,354.907623
2023-04-26,1078.290771,2941.241943,804.416199,1125.819824,2376.441895,892.845398,759.299011,535.635986,2212.356445,355.511322
2023-04-27,1085.115356,2931.861572,808.842957,1142.969971,2336.831299,896.163147,772.110229,534.122864,2240.981445,358.745178
2023-04-28,1104.950073,2960.647461,812.018738,1148.931396,2325.805176,895.480164,784.676025,546.937988,2298.133057,366.980743
2023-05-01,1104.950073,2960.647461,812.018738,1148.931396,2325.805176,895.480164,784.676025,546.937988,2298.133057,366.980743
2023-05-02,1114.331055,2960.785156,811.850281,1171.584351,2320.504639,899.822632,775.742554,544.100647,2317.621338,366.032196
2023-05-03,1104.767456,2924.458496,814.689209,1163.97229,2352.96875,900.554443,765.041931,539.560974,2290.260498,368.360565
2023-05-04,1117.503662,2961.980713,831.361633,1168.007568,2372.608398,899.432312,774.662659,548.545837,2290.843506,366.161591
2023-05-05,1114.650635,2971.177246,782.210388,1154.755005,2366.929688,904.55542,772.89563,545.235657,2310.865967,369.740356
2023-05-08,1128.41394,2989.479248,791.256226,1160.716553,2381.647461,915.240845,779.2276,551.950562,2299.105225,372.068726
2023-05-09,1131.906128,3019.506592,791.280334,1165.393799,2381.174316,911.8255,779.080261,542.398254,2307.804443,365.471619
2023-05-10,1139.689575,3022.770996,794.937195,1158.561279,2387.705078,913.435608,781.485474,541.168823,2298.181885,366.808289
2023-05-11,1132.248657,3018.494873,795.466492,1152.003784,2453.675049,916.50946,774.171753,542.351013,2179.30957,362.539581
2023-05-12,1134.09729,3011.274902,802.491638,1142.006836,2483.016602,921.095947,777.46051,546.796143,2158.849854,362.582642
2023-05-15,1136.334106,2993.572021,806.341003,1154.067017,2519.787354,922.901245,782.467163,550.342712,2183.87793,368.921112
2023-05-16,1120.151489,2996.422363,801.717407,1159.52417,2532.706787,923.486694,772.944641,554.504089,2164.778564,365.600952
2023-05-17,1113.532227,2950.94458,797.410217,1143.56604,2519.314209,916.655884,777.755005,554.504089,2157.391602,368.748596
2023-05-18,1111.135742,2942.805664,800.598022,1142.740601,2486.944336,923.633179,784.725098,543.060303,2126.871826,361.935883
2023-05-19,1114.741821,2963.958496,801.522827,1163.74292,2500.100586,931.24469,791.007996,543.958801,2128.669922,362.065247
2023-05-22,1120.699219,3033.715088,798.67572,1185.662354,2496.929932,927.390137,787.179382,545.850403,2154.47583,366.290894
2023-05-23,1120.493652,3032.197754,796.80188,1192.311401,2487.654297,930.366455,785.314148,550.059021,2136.056641,370.085297
2023-05-24,1113.96582,3037.992188,786.386841,1191.027466,2475.018555,917.924438,786.73761,551.099365,2123.906982,373.836609
2023-05-25,1113.828979,3028.932861,783.369324,1196.255127,2458.265625,917.143799,807.647888,549.727966,2142.908936,380.433746
2023-05-26,1144.208862,3061.489258,786.386841,1208.269287,2510.41748,927.731689,802.984802,554.220398,2156.273926,382.546509
2023-05-29,1150.645386,3053.625977,795.974487,1205.47229,2508.477051,925.243347,806.224426,562.732361,2162.202881,387.28952
2023-05-30,1150.348633,3049.80957,796.582886,1214.139038,2514.392578,926.999817,803.475647,560.651611,2148.838135,396.694092
2023-05-31,1127.500977,3025.254639,783.977722,1209.049072,2524.803711,926.219116,834.350281,559.06073,2143.83252,392.814423
2023-06-01,1124.46521,3056.98291,780.643921,1210.149658,2553.529541,913.484314,812.801819,561.856812,2145.922363,387.700348
2023-06-02,1120.790405,3040.060791,781.860657,1207.361206,2571.32373,915.484863,821.195435,566.147278,2171.922852,390.962769
2023-06-05,1130.856201,3024.702393,780.838623,1212.473389,2551.542236,923.877075,819.231995,566.147278,2204.726807,388.537994
2023-06-06,1131.814941,2972.64917,778.405151,1188.772217,2547.140869,919.339417,814.274353,564.363586,2214.106201,390.433746
2023-06-07,1140.397095,3011.82666,782.444641,1198.020142,2570.850342,917.485352,828.80365,568.075562,2250.604004,391.447754
2023-06-08,1141.081787,2976.465576,782.931274,1192.304199,2536.49292,915.240845,820.704529,567.400635,2274.708984,390.521912
2023-06-09,1133.001831,2951.496826,783.856018,1176.6427,2495.131592,915.387268,818.250305,557.952026,2296.772461,386.598145
2023-06-12,1134.006104,2986.076416,779.086548,1200.808594,2501.993408,913.338013,821.048157,557.90387,2274.368652,385.275513
2023-06-13,1150.759521,2983.133301,780.400574,1212.798462,2532.706787,920.754395,819.084717,555.734497,2288.41333,392.726227
2023-06-14,1164.910889,2989.893066,779.548889,1208.662598,2554.334229,917.094971,812.801819,555.879089,2289.04541,391.932678
2023-06-15,1165.230347,2979.93335,769.961182,1196.021973,2545.768799,904.213867,814.519836,546.189453,2295.120117,395.106964
2023-06-16,1176.574463,2941.575439,780.035522,1200.529785,2570.329834,911.630371,822.471558,550.769104,2300.466064,399.515625
2023-06-19,1164.888062,2974.466309,780.71698,1202.713989,2560.40625,900.84729,812.998169,548.455139,2300.028564,399.956482
2023-06-20,1167.307495,2990.494873,782.347351,1211.450928,2553.58374,903.18927,815.992432,547.05719,2315.240234,399.295197
2023-06-21,1170.59436,3018.753418,796.023132,1207.686523,2554.060547,902.359802,823.649658,546.044739,2327.341309,394.181091
2023-06-22,1157.447144,3000.501953,799.916687,1191.142212,2532.829102,903.38446,827.380127,542.766724,2348.530273,394.710175
2023-06-23,1147.974854,2979.979248,799.868042,1175.759888,2520.663086,901.188782,839.160583,534.716064,2322.578369,392.153076
2023-06-26,1139.210205,2955.241211,795.998901,1180.7323,2530.682373,905.043396,836.362732,537.078186,2310.914795,392.990753
2023-06-27,1139.621094,2962.375732,807.21698,1188.911621,2529.966309,913.484314,849.075806,545.803772,2321.120605,392.461731
2023-06-28,1154.708252,2979.14502,815.758362,1202.109619,2539.413086,914.801758,856.242249,549.371094,2353.584473,396.209106
2023-06-29,1154.708252,2979.14502,815.758362,1202.109619,2539.413086,914.801758,856.242249,549.371094,2353.584473,396.209106
2023-06-30,1164.180542,3059.566162,828.047058,1241.286255,2555.539551,912.020569,862.672424,552.311707,2406.168213,398.193024
2023-07-03,1194.058228,3031.817871,837.002136,1239.613281,2577.391357,919.778503,863.065063,564.460022,2385.270752,408.465302
2023-07-04,1181.755737,3065.681396,841.09021,1250.255615,2576.38916,921.876587,849.321289,568.123779,2392.852295,411.198639
2023-07-05,1179.815552,3075.965332,814.371277,1252.254028,2629.682617,934.855286,850.793823,569.425354,2401.55127,418.913879
2023-07-06,1204.580444,3078.698486,815.198608,1249.093628,2630.875,936.221497,853.738892,571.257263,2418.852295,417.855804
2023-07-07,1202.229492,3084.582275,808.093018,1236.360229,2574.576172,923.535522,854.524231,572.31781,2380.702637,413.006226
2023-07-10,1248.541016,3031.49292,806.170532,1235.384277,2534.928467,925.487244,869.200745,571.353638,2370.399658,410.757812
2023-07-11,1262.076172,3031.909912,802.252747,1253.462158,2561.598877,922.120605,875.581848,567.448853,2405.196289,417.194489
2023-07-12,1263.468506,3020.328613,794.733459,1239.241699,2551.245361,921.583923,873.667542,568.123779,2386.145508,416.445007
2023-07-13,1252.170166,3095.051758,798.69989,1268.798218,2533.162842,932.61084,868.857178,564.652832,2381.480225,416.180511
2023-07-14,1251.120239,3256.356934,800.354675,1325.355469,2554.34668,936.855774,870.280579,563.447693,2402.960693,416.97403
2023-07-17,1276.684204,3235.093506,817.09668,1322.567139,2558.926758,945.296814,862.034302,579.548889,2399.607422,416.489075
2023-07-18,1287.525757,3239.865234,816.415344,1371.131104,2559.976807,951.883728,859.4328,571.11261,2405.341797,416.621338
2023-07-19,1297.295044,3215.034668,820.114136,1370.898804,2549.289551,949.932068,854.818726,579.886414,2424.246826,422.220398
2023-07-20,1295.723755,3217.125244,821.890564,1347.244141,2579.490723,971.546936,868.660767,588.17804,2419.921631,433.94754
2023-07-21,1255.613525,3128.877686,815.563599,1237.661499,2484.78418,972.913086,869.789734,593.046936,2513.765381,432.448578
2023-07-24,1230.216675,3153.447266,816.853394,1242.308594,2462.121582,968.033813,871.900513,595.505554,2532.233154,415.60733
2023-07-25,1229.425537,3157.534668,825.710999,1240.449951,2450.575439,970.66864,867.482788,587.744141,2489.125977,407.627625
2023-07-26,1249.406372,3147.455811,822.839539,1253.694458,2465.031982,972.376404,873.127563,593.095215,2572.084229,416.400909
2023-07-27,1237.783813,3155.44458,814.298218,1257.691284,2452.197998,966.326172,878.772339,594.444946,2585.643066,410.052399
2023-07-28,1250.222534,3116.894287,799.868042,1245.933594,2466.272461,972.132446,878.723267,593.962891,2575.291504,413.050293
2023-07-31,1260.806519,3178.249512,803.615417,1260.061279,2443.561768,974.181641,873.618408,597.964172,2606.200195,410.625488
2023-08-01,1242.976929,3206.674561,808.993347,1268.891113,2434.306152,970.522278,875.336365,589.913452,2591.912109,409.832001
2023-08-02,1229.69751,3196.084961,798.40802,1261.130249,2451.338623,963.105896,862.034302,576.993896,2577.658203,405.687775
2023-08-03,1224.529175,3158.277832,792.640747,1268.054565,2434.49707,941.686157,855.751404,569.328979,2554.016357,402.11676
2023-08-04,1241.171753,3198.778809,804.102173,1281.113647,2429.439209,947.053284,873.373047,552.745605,2582.327637,401.146851
2023-08-07,1248.244263,3236.399658,803.639832,1294.72998,2451.577148,952.078918,875.090942,547.539307,2591.174805,401.102753
2023-08-08,1240.72644,3223.906006,802.982849,1292.127441,2448.380615,956.226196,869.200745,552.552734,2587.537598,398.85434
2023-08-09,1248.911987,3216.381348,803.27478,1296.031372,2435.355713,957.013306,867.531799,553.179504,2606.608643,404.409241
2023-08-10,1254.47583,3197.431885,796.144836,1291.105103,2420.56543,948.552002,858.794678,553.08313,2598.645996,398.325256
2023-08-11,1259.767822,3203.655518,787.846863,1275.072021,2387.263184,937.483398,858.548096,553.565186,2593.730957,395.680084
2023-08-14,1274.654663,3204.631104,784.002136,1295.241333,2417.130371,944.075317,855.096375,540.693787,2614.767578,396.076843
2023-08-15,1274.654663,3204.631104,784.002136,1295.241333,2417.130371,944.075317,855.096375,540.693787,2614.767578,396.076843
2023-08-16,1273.616089,3212.573242,781.7146,1318.431152,2435.737549,941.074585,845.13562,545.080627,2645.38916,397.002655
2023-08-17,1255.242554,3191.533203,777.383118,1311.971436,2426.81543,936.302795,844.889099,551.636841,2607.493408,388.846588
2023-08-18,1264.540649,3127.762939,774.195312,1290.826294,2437.788818,935.318909,844.445251,552.408203,2597.12207,389.419708
2023-08-21,1250.742676,3159.856934,773.586975,1306.255249,2445.422607,939.795532,859.928772,551.203003,2617.077881,394.842438
2023-08-22,1250.444824,3141.74292,770.277466,1304.721558,2448.333252,936.647156,865.550232,548.117676,2633.347168,400.529633
2023-08-23,1251.834595,3156.698486,772.175598,1308.625122,2456.205566,951.257629,856.181274,556.216614,2671.48877,397.179047
2023-08-24,1230.790405,3146.945068,768.622742,1323.171265,2463.075928,953.323792,857.463257,556.264771,2642.53833,397.575836
2023-08-25,1225.107544,3140.953369,759.959778,1319.918213,2446.186279,954.750427,861.457458,549.515747,2593.632568,390.918701
2023-08-28,1212.897827,3135.612549,767.868408,1315.782104,2438.695557,954.897949,858.35083,552.311707,2649.616211,389.19928
2023-08-29,1201.283813,3136.169434,773.976379,1317.641113,2410.498047,952.143127,843.40979,554.240051,2672.815674,388.053009
2023-08-30,1200.142212,3149.917725,768.33075,1333.906616,2416.032715,943.435913,845.924561,547.05719,2663.034668,390.433746
2023-08-31,1194.657715,3118.195312,764.802246,1334.185181,2390.364502,943.288269,844.593262,541.22406,2656.841553,387.700348
2023-09-01,1197.461914,3139.002686,766.383972,1341.992798,2390.125732,953.077881,854.011536,549.130066,2656.251953,388.890686
2023-09-04,1196.494141,3175.509277,771.177917,1361.743774,2386.881592,951.749573,853.370483,554.914917,2665.099121,385.760498
2023-09-05,1202.896851,3185.588135,766.481445,1374.570068,2392.272705,952.782654,853.962219,552.45636,2686.578125,390.698242
2023-09-06,1205.428101,3186.098633,776.50708,1373.222412,2407.969482,942.058472,868.163635,550.046021,2684.120605,394.533813
2023-09-07,1207.065918,3209.646973,783.977722,1362.765991,2392.654297,950.077026,863.232605,558.28949,2798.103027,393.167145
2023-09-08,1215.106445,3197.245605,790.085632,1365.926147,2398.713623,954.897949,873.637146,562.531738,2852.366699,390.301453
2023-09-11,1228.209473,3233.241211,794.173828,1372.292969,2420.135986,962.473755,878.518921,570.485901,2845.092041,394.313354
2023-09-12,1210.465942,3326.272705,796.655945,1395.203979,2384.448242,974.526245,878.124451,567.256042,2894.145752,397.796234
2023-09-13,1216.520996,3314.243164,800.062683,1392.648071,2391.795898,973.837463,902.533203,575.065674,2857.429199,399.868317
2023-09-14,1217.637695,3306.997803,799.575989,1400.641235,2386.309326,971.771423,902.335999,575.885132,2869.078369,396.738129
2023-09-15,1219.896118,3342.529053,808.750061,1404.963379,2356.632812,976.444824,923.243713,577.33136,2859.19873,395.327393
2023-09-18,1209.274658,3349.820801,792.835449,1386.560059,2374.715088,974.231079,907.513611,582.296753,2870.307129,398.589783
2023-09-19,1209.274658,3349.820801,792.835449,1386.560059,2374.715088,974.231079,907.513611,582.296753,2870.307129,398.589783
2023-09-20,1182.323975,3349.728271,761.030457,1385.119385,2353.913086,971.230286,898.144592,579.548889,2840.963379,399.383362
2023-09-21,1173.712891,3330.452881,755.993286,1395.80835,2360.115723,943.829407,905.294617,567.063232,2850.154785,394.577881
2023-09-22,1168.824097,3347.498779,744.458862,1390.603149,2368.798828,934.974548,898.834961,576.704712,2868.97998,390.698242
2023-09-25,1161.627319,3322.882324,745.115845,1370.155273,2362.501465,940.926941,897.848755,572.751648,2853.251465,390.257355
2023-09-26,1162.644653,3330.824463,748.352356,1357.607544,2365.458984,933.400391,900.117004,573.089172,2863.130859,390.125092
2023-09-27,1175.747681,3334.168457,743.09613,1363.509521,2387.215332,927.890625,907.562927,568.605835,2914.740234,396.032776
2023-09-28,1158.475586,3285.354248,741.563049,1337.903198,2347.710449,927.398743,912.888489,568.798706,2958.92749,388.62619
2023-09-29,1163.88562,3277.783447,742.82843,1334.185181,2352.720459,936.548767,913.628113,577.090332,2972.247559,391.844452
2023-10-02,1163.88562,3277.783447,742.82843,1334.185181,2352.720459,936.548767,913.628113,577.090332,2972.247559,391.844452
2023-10-03,1150.559082,3264.082275,733.946472,1332.837524,2355.869141,925.135803,912.543274,581.332581,3021.104248,387.744446
2023-10-04,1148.573853,3286.282715,744.410217,1342.457397,2393.036133,915.051086,911.507751,565.231323,2976.376221,384.526093
2023-10-05,1148.549072,3334.215088,747.427612,1360.210083,2404.200195,925.67688,916.044373,570.919861,3043.517334,384.481964
2023-10-06,1150.484741,3363.986572,746.600281,1374.384277,2384.973145,929.956848,913.282959,572.944519,3041.207275,389.860565
2023-10-09,1140.682251,3379.732178,737.937256,1371.363403,2396.328369,923.463257,911.80365,564.122559,3022.529541,388.361633
2023-10-10,1145.719971,3370.953857,742.122681,1389.673828,2401.003662,935.860046,935.275513,570.437744,3023.807617,391.844452
2023-10-11,1163.9104,3353.304199,749.301392,1388.976685,2439.363281,937.72937,942.425537,567.256042,3036.291992,395.239197
2023-10-12,1166.069336,3290.741699,754.289856,1362.115356,2439.935791,938.86084,937.247925,565.038513,3029.459961,397.399445
2023-10-13,1166.019897,3317.030273,747.427612,1330.188721,2451.815918,935.958374,941.044861,555.493469,3037.177002,395.327393
2023-10-16,1163.414062,3273.556885,744.434509,1332.977051,2441.176514,936.056824,933.500305,555.011353,3049.267822,395.856415
2023-10-17,1168.9729,3257.764893,750.080017,1340.691528,2439.124756,938.516479,940.502502,555.782715,3014.272217,399.824219
2023-10-18,1153.462769,3239.372314,739.640686,1338.925537,2431.586426,928.530212,939.713501,552.118958,2993.92334,398.237091
2023-10-19,1144.603271,3218.324219,737.304504,1332.512329,2431.443359,920.65918,929.949951,550.720947,3002.573975,397.134918
2023-10-20,1141.104248,3254.552979,741.125061,1326.563721,2380.91748,917.707581,932.168945,542.911316,2961.237793,386.465912
2023-10-23,1123.286133,3175.949463,732.973083,1309.276001,2369.801025,914.952759,926.350281,533.125244,2908.104492,384.349731
2023-10-24,1123.286133,3175.949463,732.973083,1309.276001,2369.801025,914.952759,926.350281,533.125244,2908.104492,384.349731
2023-10-25,1120.680298,3157.276367,728.325195,1289.881226,2363.88501,901.32605,909.880493,536.258728,2866.620605,381.528168
2023-10-26,1105.070923,3107.590576,712.215881,1279.901611,2363.025879,893.996277,893.016235,527.38855,2815.994629,382.983032
2023-10-27,1124.576538,3120.814697,715.014343,1299.578613,2368.41748,898.030151,901.990784,541.031311,2852.661621,382.453979
2023-10-30,1147.754883,3146.519531,722.777039,1296.471802,2365.411377,909.984192,913.480225,544.936035,2876.697021,379.54425
2023-10-31,1135.545288,3137.392578,718.591492,1288.327881,2370.278076,900.588135,901.793579,545.273499,2879.35083,377.736694
2023-11-01,1140.260376,3101.90918,717.618103,1274.911621,2359.065918,899.309082,900.856628,546.093018,2846.173584,377.472198
2023-11-02,1151.57666,3129.33667,718.713196,1289.975342,2390.353516,905.114014,911.113281,551.588623,2868.586914,380.161469
2023-11-03,1151.328491,3120.768555,722.119995,1307.769531,2411.933105,918.740662,917.918152,557.421753,2861.853027,382.013123
2023-11-06,1160.907593,3148.102783,727.351868,1321.185669,2400.542236,930.202759,926.251709,553.757996,2924.963623,383.864746
2023-11-07,1153.363403,3138.976074,723.823303,1322.127197,2399.62915,932.809998,924.229919,558.964355,2911.053711,381.528168
2023-11-08,1159.368896,3149.313477,725.916138,1309.605347,2421.641357,920.65918,923.835388,559.494629,2945.607178,385.275513
2023-11-09,1146.787109,3117.555176,723.044739,1294.353394,2380.645264,922.233337,919.496094,557.614563,2973.525635,383.0271
2023-11-10,1148.946045,3104.516846,725.891846,1288.751465,2390.113281,923.463257,922.602661,558.723328,2981.782959,384.922882
2023-11-13,1148.797241,3102.747559,724.57782,1293.176514,2382.038818,919.380188,922.109558,560.506958,2996.773926,384.437927
2023-11-14,1148.797241,3102.747559,724.57782,1293.176514,2382.038818,919.380188,922.109558,560.506958,2996.773926,384.437927
2023-11-15,1169.568481,3170.501221,732.169983,1327.964478,2389.968994,925.922913,936.902771,563.736938,3012.945068,389.684265
2023-11-16,1171.677856,3257.626465,734.092407,1360.35144,2394.582764,920.905151,936.458984,563.688721,2999.37915,386.774536
2023-11-17,1169.121826,3261.9104,732.510681,1353.431641,2430.724854,906.983337,934.239929,542.863098,3056.247559,387.303528
2023-11-20,1166.044678,3277.882568,732.559326,1352.537231,2409.241455,906.589844,948.14563,543.538025,3036.390381,385.14328
2023-11-21,1180.710938,3269.128174,738.764648,1354.796753,2408.088135,911.164795,957.465332,541.368713,3022.677002,384.658356
2023-11-22,1185.326904,3287.70752,736.136597,1372.496582,2424.092285,907.868835,956.380493,538.910095,3030.000732,387.700348
2023-11-23,1188.950073,3267.312256,740.395081,1364.447021,2422.169922,908.114807,963.185425,539.874268,2993.972412,388.273407
2023-11-24,1188.155884,3219.675293,745.651184,1353.290283,2417.651855,914.411621,959.733643,540.259888,3002.426514,386.025024
2023-11-27,1188.155884,3219.675293,745.651184,1353.290283,2417.651855,914.411621,959.733643,540.259888,3002.426514,386.025024
2023-11-28,1188.404053,3231.828613,743.972168,1358.280151,2413.182373,910.574524,971.321655,544.212952,2998.248779,383.776581
2023-11-29,1191.530884,3272.434326,758.81604,1374.191406,2427.120117,924.447083,981.67688,548.214111,3031.426025,385.496033
2023-11-30,1179.991333,3248.080811,758.645752,1370.001709,2446.825195,919.872131,1000.710754,544.502197,3056.444092,384.261536
2023-12-01,1188.354492,3270.478516,756.991028,1367.318604,2464.2229,931.432617,1000.710754,551.25116,3136.511963,396.605896
2023-12-04,1201.209229,3271.223633,783.272034,1378.663208,2501.374023,975.214966,1018.659851,573.378418,3257.326904,400.353271
2023-12-05,1209.9198,3289.05835,790.231567,1368.871948,2463.838623,997.106201,1016.884705,586.442566,3259.19458,398.325256
2023-12-06,1221.509155,3356.579346,792.227051,1388.03125,2468.067871,987.070618,1010.326294,586.635437,3334.740723,408.465302
2023-12-07,1219.499023,3366.637451,793.516724,1380.122681,2420.58374,982.88916,986.21344,589.768921,3298.66333,403.924316
2023-12-08,1218.85376,3377.627197,804.588806,1403.895264,2424.477051,994.548035,986.459961,592.131104,3321.125732,396.032776
2023-12-11,1220.640503,3392.7146,803.518127,1401.400146,2406.550049,1000.697266,987.051697,592.227478,3328.35083,398.942444
2023-12-12,1203.120239,3419.908936,795.536499,1389.678711,2405.685059,999.319824,981.528931,590.443848,3285.687256,399.515625
2023-12-13,1208.033691,3346.753662,793.735779,1364.211548,2414.47998,997.548889,986.114868,597.626648,3342.113525,401.764038
2023-12-14,1223.022827,3415.392334,803.104492,1413.592285,2418.757812,1016.980347,991.341797,601.290466,3374.848389,405.687775
2023-12-15,1238.632446,3595.835938,806.219238,1486.039673,2425.053467,1020.669922,978.86615,625.008423,3428.81665,404.012482
2023-12-18,1251.239014,3594.159912,805.805542,1472.811768,2437.164795,1004.977112,976.597839,625.249512,3432.355713,398.237091
2023-12-19,1269.65271,3554.112793,804.442871,1467.115967,2461.387451,999.073914,974.822693,631.902161,3439.581055,402.160797
2023-12-20,1254.291382,3520.445557,806.438232,1446.497437,2458.311768,990.415833,958.15564,613.631531,3360.496094,397.663971
2023-12-21,1271.86145,3527.383545,820.892822,1446.120728,2454.178467,988.202087,964.418152,620.6698,3366.050049,398.060791
2023-12-22,1273.102173,3561.376953,813.178894,1471.446655,2475.709717,978.264954,975.907471,613.920776,3418.9375,401.36731
2023-12-25,1273.102173,3561.376953,813.178894,1471.446655,2475.709717,978.264954,975.907471,613.920776,3418.9375,401.36731
2023-12-26,1279.554443,3534.880859,818.824402,1453.605469,2484.504883,979.052063,986.06543,615.174133,3430.832275,402.469421
2023-12-27,1283.922119,3549.456299,828.971802,1475.400879,2507.141357,986.086792,1007.121155,625.297668,3483.866699,403.042572
2023-12-28,1293.203369,3538.932129,829.920837,1471.211304,2531.652588,989.677917,1022.40741,628.045532,3458.356934,409.214752
2023-12-29,1282.979126,3532.878906,831.867615,1452.616943,2560.633301,980.527832,1017.969421,619.030762,3466.172119,407.451263
2024-01-01,1285.609741,3549.363037,826.44104,1460.57251,2551.790039,983.282715,999.083496,618.355835,3465.631348,412.697601
2024-01-02,1296.255859,3523.378906,826.927734,1444.61438,2512.428223,966.409302,1007.614258,616.523987,3379.763672,414.725616
2024-01-03,1282.160156,3438.209961,814.176636,1402.812378,2505.459229,968.180237,1020.928101,620.380554,3381.975586,420.809631
2024-01-04,1288.786011,3414.973389,822.912598,1424.18396,2492.002197,971.230286,1033.453003,619.705627,3400.013916,420.06012
2024-01-05,1294.270508,3481.190186,818.702759,1442.872559,2518.435791,977.674622,1032.171021,618.934387,3462.141357,417.899902
2024-01-08,1284.17041,3425.68335,809.577393,1433.693237,2478.256836,966.16333,1034.58728,604.520325,3441.694824,410.449188
2024-01-09,1280.770386,3436.486816,803.27478,1439.812866,2479.69873,963.949585,1049.824219,602.977722,3495.614014,409.611511
2024-01-10,1315.314819,3458.046875,805.927246,1430.962769,2477.439697,977.035095,1048.04895,599.458557,3485.341064,408.509338
2024-01-11,1349.908813,3479.001709,802.5448,1406.766602,2437.837646,975.165771,1048.196899,597.964172,3445.381104,407.936249
2024-01-12,1360.654175,3616.138672,798.748535,1518.379761,2445.335205,987.316589,1061.510742,610.883667,3508.24585,411.507233
2024-01-15,1383.882202,3635.696777,814.127991,1555.427124,2473.402588,993.564148,1087.201782,617.150635,3482.932861,412.300812
2024-01-16,1364.525513,3596.115234,817.218384,1536.07959,2469.461914,992.7771,1080.79126,614.06543,3512.865967,416.445007
2024-01-17,1351.571411,3617.815674,748.279297,1544.223389,2463.502197,965.917358,1070.288208,603.556213,3510.359375,411.419067
2024-01-18,1357.899536,3634.579102,723.287964,1546.483032,2449.179932,970.443115,1072.063354,605.773682,3534.984375,410.449188
2024-01-19,1357.403198,3697.834229,715.744385,1562.111572,2465.905029,983.085938,1109.490112,605.243469,3584.135742,415.739594
2024-01-22,1357.403198,3697.834229,715.744385,1562.111572,2465.905029,983.085938,1109.490112,605.243469,3584.135742,415.739594
2024-01-23,1318.813843,3618.307861,694.670898,1546.059326,2283.418213,1012.45459,1142.035156,583.405457,3490.747803,404.982361
2024-01-24,1334.001465,3602.881104,708.565796,1577.36377,2346.95459,983.085938,1173.544678,596.132202,3528.299561,408.773865
2024-01-25,1343.133789,3573.340332,698.345398,1571.432251,2334.122314,993.662598,1144.550049,590.78125,3532.477539,401.764038
2024-01-26,1343.133789,3573.340332,698.345398,1571.432251,2334.122314,993.662598,1144.550049,590.78125,3532.477539,401.764038
2024-01-29,1437.411133,3564.618408,707.957397,1559.663818,2349.5979,1000.008545,1146.12793,600.61554,3645.083984,396.605896
2024-01-30,1397.283081,3564.196045,702.920227,1554.815063,2363.295166,1000.500549,1142.67627,604.279297,3571.651367,386.245453
2024-01-31,1416.143433,3578.638672,711.802246,1563.71228,2385.307373,1011.569092,1154.560059,617.536316,3420.707031,389.331512
2024-02-01,1416.168335,3614.462891,713.651611,1560.087524,2377.665527,1008.617493,1135.328857,624.429993,3340.343994,390.521912
2024-02-02,1446.990234,3719.638916,703.820618,1594.263306,2357.47998,1007.485962,1134.934448,626.358276,3318.766357,388.053009
2024-02-05,1428.452393,3726.203369,703.187866,1588.473267,2325.663818,1006.99408,1098.19812,619.898499,3285.048584,386.245453
2024-02-06,1417.309937,3878.784668,702.822876,1628.250977,2332.248047,1009.84729,1118.415405,626.936768,3366.148438,380.381927
2024-02-07,1431.554443,3829.455811,695.936218,1594.639893,2331.382812,1005.665833,1118.661865,651.040405,3337.100098,380.734619
2024-02-08,1439.470825,3877.003174,682.844421,1593.086426,2323.308594,973.345581,1126.403687,674.469238,3278.904297,371.102936
2024-02-09,1450.0177,3876.628174,683.112061,1571.667603,2330.133301,994.400513,1104.805664,699.247803,3268.140381,371.9534
2024-02-12,1441.679443,3864.436768,676.493225,1581.788818,2293.126221,980.035889,1103.276978,682.519836,3243.564453,364.20993
2024-02-13,1454.335693,3891.445068,678.658875,1585.978394,2301.152832,1003.353699,1102.438721,687.870911,3265.141846,364.120422
2024-02-14,1470.491211,3845.11792,673.597473,1568.701904,2295.337158,1006.20697,1100.466187,716.74707,3252.854004,368.417358
2024-02-15,1459.79541,3848.024658,688.197998,1578.258057,2259.67627,1000.254517,1105.24939,734.39093,3244.301514,361.569153
2024-02-16,1449.843994,3871.563965,691.045105,1602.077637,2283.129883,1006.748108,1104.559082,727.641968,3329.284668,362.19574
2024-02-19,1463.17041,3848.587402,689.682373,1600.28894,2294.568115,1026.91748,1126.453003,732.028809,3283.180908,366.358398
2024-02-20,1460.217285,3779.986572,707.787048,1586.637329,2310.86084,1031.836792,1128.178833,732.848328,3299.793945,363.538544
2024-02-21,1456.916748,3743.271729,700.413757,1558.675415,2313.744629,1034.985107,1124.184692,743.8396,3240.467773,361.076752
2024-02-22,1470.863525,3832.92627,690.874756,1582.965454,2295.481445,1045.56189,1119.894653,738.440369,3306.675049,371.013428
2024-02-23,1482.651245,3800.102783,691.385742,1578.728882,2301.248535,1044.18457,1110.229736,731.835938,3330.464355,368.283081
2024-02-26,1476.397461,3752.227783,692.213196,1563.005981,2311.004883,1037.198853,1094.746216,731.691406,3411.269531,366.31366
2024-02-27,1474.734863,3849.149902,691.166809,1566.25415,2312.014648,1043.102173,1111.955688,722.96582,3446.953613,368.059265
2024-02-28,1444.93042,3862.79541,685.934875,1573.456665,2327.634521,1029.327881,1113.188354,715.879333,3411.318848,365.507965
2024-02-29,1450.067505,3840.428467,683.014771,1575.951416,2318.743164,1035.231201,1107.862793,721.278503,3418.544189,363.71756
2024-03-01,1481.162231,3839.725098,696.325623,1557.874878,2316.243896,1069.371582,1113.13916,741.573853,3571.848145,366.582184
2024-03-04,1496.325073,3826.923828,697.274597,1541.398926,2328.066895,1074.733643,1117.872925,744.369873,3582.612305,366.224121
2024-03-05,1489.177979,3762.590576,701.24115,1512.495361,2306.775879,1070.503174,1152.784912,755.843262,3551.302979,363.583313
2024-03-06,1491.957275,3811.544189,702.092834,1522.898926,2307.688965,1079.407104,1177.24292,755.795044,3580.400391,365.105133
2024-03-07,1468.059326,3853.089355,703.796204,1521.863159,2325.711914,1070.404663,1183.160278,759.796204,3614.560791,370.207764
2024-03-08,1468.059326,3853.089355,703.796204,1521.863159,2325.711914,1070.404663,1183.160278,759.796204,3614.560791,370.207764
2024-03-11,1455.824829,3865.983887,694.889954,1506.940552,2297.163574,1061.303711,1180.102905,745.960754,3578.827637,366.492706
2024-03-12,1464.584961,3931.537109,710.342163,1518.567871,2285.91748,1059.483643,1187.647583,732.462708,3560.198975,362.061493
2024-03-13,1421.65271,3890.976562,710.755859,1517.108643,2222.909668,1066.469116,1152.636963,720.459045,3478.509033,378.174988
2024-03-14,1420.957764,3945.932617,708.346741,1556.556885,2244.056641,1066.124756,1178.130493,714.481323,3546.977295,375.668427
2024-03-15,1407.805176,3956.85791,706.98407,1538.38623,2237.424072,1062.927246,1203.18042,705.659424,3477.132812,375.176086
2024-03-18,1428.89917,3894.259277,703.771973,1508.870728,2210.750244,1063.76355,1208.407349,704.743469,3500.774902,373.699005
2024-03-19,1414.778564,3729.95459,705.37793,1470.081421,2179.029785,1066.469116,1211.415283,697.849792,3442.284424,366.626953
2024-03-20,1433.1427,3723.952393,696.47168,1463.961792,2154.999512,1067.010376,1214.817749,709.853455,3450.148682,372.132416
2024-03-21,1440.314575,3725.875,703.625916,1463.72644,2155.384277,1064.353882,1203.969482,717.614746,3499.595215,377.100769
2024-03-22,1444.334839,3667.683838,702.214478,1420.55957,2169.033447,1072.716797,1219.05835,719.928772,3556.414551,383.68045
2024-03-25,1444.334839,3667.683838,702.214478,1420.55957,2169.033447,1072.716797,1219.05835,719.928772,3556.414551,383.68045
2024-03-26,1430.983643,3636.361328,693.721863,1405.307373,2153.125488,1066.223145,1196.375488,713.517212,3607.827148,382.829987
2024-03-27,1481.881836,3602.037109,701.168152,1397.022217,2152.836914,1066.272461,1207.914307,707.009216,3643.510986,383.143311
2024-03-28,1474.93335,3635.23584,704.672241,1410.391479,2176.53125,1075.668457,1211.661865,725.37616,3700.0354,383.456665
2024-03-29,1474.93335,3635.23584,704.672241,1410.391479,2176.53125,1075.668457,1211.661865,725.37616,3700.0354,383.456665
2024-04-01,1473.866211,3673.170166,715.671387,1407.943481,2197.245117,1081.916016,1200.566895,731.112854,3772.878174,381.979553
2024-04-02,1476.025146,3642.269043,720.36792,1396.080933,2198.01416,1063.76355,1191.592407,738.922485,3742.797363,381.218658
2024-04-03,1460.788086,3701.820312,721.414307,1394.009521,2177.3479,1059.827881,1208.801758,743.405762,3718.270752,380.636749
2024-04-04,1452.176758,3754.337402,743.461182,1399.705566,2177.107666,1061.451416,1190.21167,732.077026,3733.409424,378.443542
2024-04-05,1449.372437,3731.782959,754.143921,1392.550171,2179.029785,1065.928101,1174.5802,737.331604,3679.588379,382.740479
2024-04-08,1475.057373,3725.500244,752.70813,1390.290649,2180.952393,1069.617554,1188.091309,740.754333,3743.23999,384.128021
2024-04-09,1452.896484,3701.116699,753.657288,1407.378662,2176.338623,1089.196655,1187.844727,736.801331,3721.023193,381.666229
2024-04-10,1468.704468,3736.847656,747.719666,1418.629395,2173.2146,1091.508789,1212.450806,751.118896,3689.516846,391.155273
2024-04-11,1468.704468,3736.847656,747.719666,1418.629395,2173.2146,1091.508789,1212.450806,751.118896,3689.516846,391.155273
2024-04-12,1456.37085,3752.555664,739.251282,1397.869507,2145.724121,1086.589355,1208.653931,738.825989,3616.821777,385.023193
2024-04-15,1454.062744,3696.099121,727.449158,1382.240967,2108.957275,1060.959473,1207.667725,730.341553,3539.702881,381.263397
2024-04-16,1454.980957,3631.953369,734.530457,1331.683228,2134.670166,1049.841797,1199.679321,724.749512,3483.325928,381.263397
2024-04-17,1454.980957,3631.953369,734.530457,1331.683228,2134.670166,1049.841797,1199.679321,724.749512,3483.325928,381.263397
2024-04-18,1453.566528,3621.824951,727.449158,1336.202271,2128.902588,1038.428833,1248.299683,718.096863,3490.69873,374.952271
2024-04-19,1459.323975,3588.251221,745.261902,1328.67041,2145.05127,1050.038574,1271.229126,723.544312,3458.6521,380.233917
2024-04-22,1468.977417,3624.263672,735.966187,1348.912476,2154.567383,1069.125732,1279.661255,738.633179,3551.400879,380.726288
2024-04-23,1448.603271,3633.735352,733.727417,1357.997803,2174.99292,1072.667603,1323.843506,745.285828,3548.894043,384.21756
2024-04-24,1439.520508,3592.799316,735.722778,1347.029419,2172.589844,1079.062744,1317.975586,745.382202,3573.175049,383.948944
2024-04-25,1449.248413,3612.634521,735.260498,1354.278809,2144.330566,1095.788574,1320.243896,783.5625,3590.329102,391.692413
2024-04-26,1441.878052,3583.703125,734.798157,1346.558716,2136.447998,1090.032959,1307.718994,772.571228,3544.02832,393.885651
2024-04-29,1454.261353,3629.514648,744.385864,1350.79541,2139.764404,1141.440308,1314.080078,796.867737,3572.634521,392.274292
2024-04-30,1456.221924,3583.046143,739.810974,1337.426392,2143.945557,1131.847534,1304.070068,796.626709,3533.313232,389.991516
2024-05-01,1456.221924,3583.046143,739.810974,1337.426392,2143.945557,1131.847534,1304.070068,796.626709,3533.313232,389.991516
2024-05-02,1455.775146,3623.043945,745.724243,1331.683228,2139.956787,1121.074097,1286.071655,800.290466,3538.424805,392.990448
2024-05-03,1423.464355,3604.381348,739.567627,1333.425049,2131.06543,1123.632324,1259.789062,801.640198,3440.416748,390.707672
2024-05-06,1409.095703,3677.202881,741.052063,1342.463379,2168.697021,1127.813721,1265.706299,778.838135,3404.535889,389.185852
2024-05-07,1391.178223,3731.502197,733.021729,1356.63269,2287.118896,1113.645874,1268.418457,773.149658,3369.589111,394.198914
2024-05-08,1408.127808,3729.626709,721.584595,1343.781372,2250.256348,1104.889526,1270.834595,781.73053,3427.686523,394.780853
2024-05-09,1383.882202,3713.918213,704.4776,1355.314453,2235.453613,1097.707153,1257.865845,790.407898,3219.873291,380.547241
2024-05-10,1397.084595,3651.740967,709.361633,1341.521851,2270.922607,1099.0354,1283.211548,788.045776,3215.941162,387.932587
2024-05-13,1392.394287,3702.289062,717.920898,1340.156616,2269.095947,1109.808838,1268.221191,779.802307,3237.961182,386.589813
2024-05-14,1409.641602,3658.587158,720.732849,1341.333496,2258.474609,1102.479004,1266.593994,788.865295,3322.108643,384.665131
2024-05-15,1405.869629,3639.080811,709.657532,1336.861328,2233.194824,1106.217651,1291.840942,790.889954,3353.418213,382.964264
2024-05-16,1414.877808,3684.941895,720.387512,1368.307007,2252.274658,1112.809692,1326.555786,782.839417,3401.881836,386.23175
2024-05-17,1425.151855,3621.793945,722.286865,1359.786621,2230.359131,1112.268433,1325.914673,788.527771,3392.19873,390.573425
2024-05-20,1425.151855,3621.793945,722.286865,1359.786621,2230.359131,1112.268433,1325.914673,788.527771,3392.19873,390.573425
2024-05-21,1425.57373,3608.663818,719.672241,1350.230591,2221.083252,1102.872437,1325.766846,800.868958,3382.565186,389.230621
2024-05-22,1449.918457,3619.810303,719.869568,1369.672119,2275.103516,1093.181274,1329.317017,802.633484,3402.127686,393.796143
2024-05-23,1475.131958,3677.857422,736.346802,1386.24231,2290.098633,1116.203979,1355.106567,815.720642,3524.564209,395.094177
2024-05-24,1469.374512,3636.341064,748.482727,1379.369385,2277.17041,1113.695068,1369.357422,812.289551,3564.376953,390.483887
2024-05-27,1455.477417,3634.026855,753.662781,1385.253662,2292.02124,1111.579834,1365.264526,817.289185,3590.03418,386.276489
2024-05-28,1445.501221,3627.272705,755.044128,1381.205444,2303.0271,1108.775635,1352.147949,814.789429,3596.128906,384.038483
2024-05-29,1430.189575,3593.030029,744.092163,1366.047485,2281.351562,1084.228149,1358.114502,806.456726,3573.125977,385.784149
2024-05-30,1414.38147,3529.220703,747.323425,1343.922485,2260.20459,1095.73938,1358.16394,809.593689,3573.027588,379.428253
2024-05-31,1419.890747,3467.677979,755.562073,1351.076904,2238.721924,1102.970947,1353.824585,814.005127,3607.040771,381.755737
2024-06-03,1499.228516,3497.811768,775.616028,1350.116699,2264.530273,1141.292725,1371.921387,887.822937,3831.024414,385.247009
2024-06-04,1387.009155,3509.288818,731.684814,1338.352661,2399.485107,1054.170654,1281.781616,759.940735,3345.455811,378.535889
2024-06-05,1410.311646,3538.997314,765.552063,1373.356323,2501.806641,1090.770874,1325.815918,774.204285,3351.157227,392.302521
2024-06-06,1421.081909,3618.298584,769.449341,1413.834106,2450.718262,1092.492676,1351.704102,800.868896,3423.459473,396.952118
2024-06-07,1459.150024,3678.32959,776.18335,1472.749634,2477.824219,1103.610352,1405.600708,813.613037,3472.561768,400.371002
2024-06-10,1460.589478,3645.031738,770.238708,1440.24292,2465.857178,1105.676514,1406.389771,815.426575,3483.62085,398.319672
2024-06-11,1445.972778,3638.797119,771.965393,1436.401489,2457.206299,1100.16687,1407.57312,819.102783,3537.638672,394.764069
2024-06-12,1452.57373,3619.479492,776.578003,1426.270142,2430.628662,1101.495117,1418.569458,822.582886,3568.702393,394.125854
2024-06-13,1454.484741,3663.404541,779.834045,1434.672974,2390.930176,1089.491699,1406.09375,827.288452,3640.807861,392.302521
2024-06-14,1466.694458,3619.857666,787.80127,1429.823364,2406.799316,1087.819214,1407.721069,822.680908,3625.226562,393.077423
2024-06-17,1466.694458,3619.857666,787.80127,1429.823364,2406.799316,1087.819214,1407.721069,822.680908,3625.226562,393.077423
2024-06-18,1470.143921,3603.846436,793.17865,1438.754272,2413.108154,1104.741821,1408.657837,828.268738,3626.602783,390.889374
2024-06-19,1447.933228,3591.188232,817.869873,1451.382568,2384.718506,1125.993408,1373.154175,835.817139,3529.037109,386.239746
2024-06-20,1462.872559,3577.53833,823.543152,1455.271851,2409.177246,1138.144287,1362.108643,827.141357,3561.236572,385.920624
2024-06-21,1443.515869,3599.737061,821.767151,1471.885498,2369.480469,1139.964478,1396.527588,819.838013,3502.336182,382.547363
2024-06-24,1430.884277,3605.451904,825.047852,1466.555664,2370.354004,1151.229736,1400.22583,816.308899,3498.967529,385.920624
2024-06-25,1443.466309,3625.90332,844.263123,1480.768433,2360.648193,1178.630615,1395.442749,825.670898,3554.648193,385.920624
2024-06-26,1502.901367,3642.3396,839.403809,1479.567871,2373.654053,1198.357422,1439.37854,828.709839,3569.658203,386.513245
2024-06-27,1519.305054,3716.303711,836.764465,1510.922485,2389.717041,1200.226685,1455.453857,827.386414,3531.464355,388.017548
2024-06-28,1553.898926,3687.964844,830.671814,1504.584351,2400.296387,1180.25415,1424.141479,832.239014,3515.661621,387.379364
2024-07-01,1548.6875,3757.914795,841.229126,1527.680298,2431.403564,1192.306519,1433.954346,825.376831,3493.964111,391.162903
2024-07-02,1553.675537,3794.943848,853.759705,1556.72998,2412.040283,1171.39917,1399.387573,809.887817,3592.990479,387.926361
2024-07-03,1541.019287,3745.681885,872.531067,1562.828003,2436.499512,1182.221802,1400.275146,823.416199,3580.952881,390.479095
2024-07-04,1542.607544,3798.297363,852.0578,1585.155518,2422.522949,1213.115479,1403.43103,822.778931,3540.282227,391.162903
2024-07-05,1576.953247,3789.654053,813.059875,1582.082397,2472.070801,1213.509033,1409.98938,842.826416,3593.634521,395.35672
2024-07-08,1589.138062,3772.084229,806.769897,1595.718994,2511.039795,1215.132446,1415.364258,839.395325,3598.439697,404.42804
2024-07-09,1578.591187,3764.810547,807.337219,1591.397583,2513.951172,1228.119507,1415.758667,844.345886,3632.224854,412.633301
2024-07-10,1572.585571,3692.687988,802.206604,1582.850708,2533.654297,1223.150879,1425.127686,832.288025,3616.322998,411.584869
2024-07-11,1569.036865,3706.432373,800.134583,1587.124023,2532.101562,1218.477539,1418.125488,839.836487,3587.640625,418.149048
2024-07-12,1584.993774,3952.271729,800.529236,1643.831055,2545.107178,1213.01709,1413.490479,842.777405,3615.629639,418.513733
2024-07-15,1585.490112,3938.338623,800.233276,1639.317627,2543.2146,1210.114624,1417.780396,864.001221,3617.858643,422.479614
2024-07-16,1564.669189,3947.07666,799.073975,1657.563843,2609.359619,1219.904175,1446.281982,863.364014,3602.947754,424.439728
2024-07-17,1564.669189,3947.07666,799.073975,1657.563843,2609.359619,1219.904175,1446.281982,863.364014,3602.947754,424.439728
2024-07-18,1575.0177,4076.584229,796.631958,1688.294067,2657.840332,1230.136597,1463.195679,875.96106,3622.416016,428.724701
2024-07-19,1543.724243,4073.602051,792.932007,1721.809204,2646.775391,1228.513062,1441.597534,871.84375,3585.064453,432.644989
2024-07-22,1489.649536,4059.352295,810.321899,1738.998901,2654.831299,1221.134155,1445.197144,859.540771,3617.709961,425.351471
2024-07-23,1476.968262,4073.554443,798.407959,1764.015381,2684.968018,1206.966309,1445.493042,846.894714,3505.35791,448.73642
2024-07-24,1484.710938,4077.247314,791.328674,1761.182495,2637.118408,1203.276733,1435.137695,835.228943,3486.929688,450.423065
2024-07-25,1481.435303,4092.633057,797.519958,1752.443481,2627.558105,1178.581543,1429.171265,831.797852,3585.708496,446.68512
2024-07-26,1497.93811,4154.507812,798.284607,1804.348999,2631.294922,1187.731445,1493.521606,845.473267,3645.896973,457.853394
2024-07-29,1508.931641,4148.116211,791.822021,1796.858398,2631.828613,1193.142822,1460.927246,854.443115,3740.068848,452.24649
2024-07-30,1502.032837,4133.20459,797.001953,1802.668335,2612.222656,1189.94519,1450.078857,855.619507,3749.679199,446.639557
2024-07-31,1494.364502,4152.141113,797.100586,1794.12146,2626.053467,1195.307373,1470.986694,855.227417,3779.748779,451.608276
2024-08-01,1504.167114,4163.266602,808.471924,1779.092407,2635.662598,1190.584717,1484.744385,845.669373,3744.378662,450.104004
2024-08-02,1488.309326,4055.280762,818.511169,1748.938354,2613.339111,1177.253296,1473.205688,831.160645,3631.828369,445.910187
2024-08-05,1436.691406,3934.087891,797.100586,1682.388184,2636.001953,1153.689453,1445.493042,795.673279,3495.400635,443.083923
2024-08-06,1445.352295,3949.379395,789.922607,1681.619751,2669.147705,1148.032227,1423.648438,781.997864,3543.155273,443.357422
2024-08-07,1454.062744,3977.073486,800.923889,1720.560913,2663.32373,1153.54187,1429.796997,792.7323,3604.63208,449.146698
2024-08-08,1438.478149,3950.657471,810.395874,1673.985229,2652.793213,1145.818481,1439.763794,792.144104,3520.7146,451.061279
2024-08-09,1463.468262,4003.868408,814.095825,1700.490112,2666.381348,1152.705566,1451.96167,808.074219,3558.858887,452.109741
2024-08-12,1449.893677,3972.528564,818.979858,1726.082764,2667.837158,1163.819946,1446.507324,796.604492,3538.94458,450.92453
2024-08-13,1452.871704,3973.76001,790.909241,1726.130615,2660.751709,1159.403931,1447.598145,781.850769,3518.980957,446.730713
2024-08-14,1451.109619,4066.832031,793.17865,1750.907104,2641.971191,1152.755249,1459.498657,787.193481,3512.44165,448.73642
2024-08-15,1451.109619,4066.832031,793.17865,1750.907104,2641.971191,1152.755249,1459.498657,787.193481,3512.44165,448.73642
2024-08-16,1467.3396,4181.208496,805.166626,1785.19043,2667.400391,1178.15918,1471.250488,796.114319,3535.37793,458.263672
2024-08-19,1482.479126,4251.225098,804.895264,1790.808472,2661.868164,1166.896118,1457.46582,797.682861,3522.200928,457.169617
2024-08-20,1489.999023,4282.754395,807.92926,1797.914795,2670.118164,1170.418945,1437.135742,804.152954,3539.687744,454.753601
2024-08-21,1492.713257,4309.455078,802.058655,1798.394775,2709.086914,1165.854126,1451.317139,799.49646,3562.822021,460.770844
2024-08-22,1492.165405,4262.587402,804.771973,1805.645386,2710.639893,1181.979736,1474.027222,804.152954,3573.175293,459.99588
2024-08-23,1494.008057,4226.513184,801.688599,1788.215454,2732.769287,1194.28479,1494.258179,799.300354,3565.298828,461.135468
2024-08-26,1506.582886,4263.013672,809.039246,1801.70813,2738.155762,1204.009766,1501.001831,799.006287,3608.248291,461.044281
2024-08-27,1494.481201,4257.995117,807.953918,1824.707642,2685.501465,1216.959839,1510.125488,799.8396,3668.486328,456.394653
2024-08-28,1492.339844,4266.422363,807.63324,1862.1604,2683.0271,1214.479004,1543.446899,793.467529,3654.962646,453.386078
2024-08-29,1514.874756,4271.866211,808.348572,1856.638428,2703.312012,1212.543945,1552.917847,798.467102,3649.414307,460.497314
2024-08-30,1503.619751,4311.585449,807.534607,1866.577759,2696.275391,1219.787964,1575.875854,799.545471,3670.418457,457.579865
2024-09-02,1510.218384,4280.624023,802.625854,1886.55249,2707.000244,1220.532227,1558.32251,805.966553,3649.067627,465.010193
2024-09-03,1503.121704,4272.387207,807.756592,1864.225098,2712.095947,1238.146362,1547.661743,808.564392,3656.052246,464.417633
2024-09-04,1508.525146,4241.047363,809.951904,1846.170898,2757.664551,1226.883301,1548.950928,800.427734,3617.066162,461.636932
2024-09-05,1487.035889,4237.922852,811.752502,1856.446411,2754.947021,1226.486328,1534.372803,802.633484,3590.662109,466.058655
2024-09-06,1458.997803,4219.743652,807.559204,1826.388306,2755.432129,1198.89917,1526.48877,767.097046,3541.71875,457.397552
2024-09-09,1456.632324,4212.926758,812.270569,1819.473999,2835.844971,1225.543579,1529.860596,768.812561,3545.236084,466.56012
2024-09-10,1455.71106,4268.126953,814.169861,1836.423706,2813.327393,1227.82605,1564.768677,767.24408,3562.920898,468.246704
2024-09-11,1445.725952,4241.14209,810.987915,1834.358887,2818.714111,1226.883301,1564.719116,753.470642,3504.268066,468.930481
2024-09-12,1473.91333,4277.452637,822.186523,1873.059937,2869.426758,1242.562378,1633.097412,772.243652,3588.532227,473.625702
2024-09-13,1466.766846,4282.092285,821.865845,1866.961914,2846.666992,1240.776001,1620.899414,775.282654,3579.615234,468.47464
2024-09-16,1465.496948,4273.239746,824.332458,1872.868042,2782.75415,1253.180298,1621.891113,770.086975,3628.410156,465.967499
2024-09-17,1466.443237,4266.043457,823.271851,1875.07666,2788.965576,1258.390137,1647.973145,767.489197,3661.055664,462.9133
2024-09-18,1457.628296,4115.025391,836.09845,1817.073242,2791.246826,1278.485107,1641.179932,777.145264,3695.97998,462.548615
2024-09-19,1463.828613,4067.683838,842.857117,1819.041748,2826.090576,1282.107178,1651.047363,774.400391,3649.662109,463.369171
2024-09-20,1480.014038,4057.032715,858.989014,1830.133667,2890.003174,1328.201416,1697.558594,766.312805,3758.84375,468.976074
2024-09-23,1487.434326,4041.504395,868.1651,1821.202515,2939.454346,1311.778198,1735.937744,786.066101,3752.700928,471.300873
2024-09-24,1483.450195,4044.155762,872.235046,1823.267212,2863.749023,1308.503418,1742.086304,782.536987,3756.565186,469.751038
2024-09-25,1488.006958,4047.422363,877.686279,1820.098267,2862.196045,1313.713257,1745.805298,777.488342,3758.794434,471.847931
2024-09-26,1491.991089,4064.228271,879.832336,1824.851807,2898.253418,1318.873535,1756.416504,786.066101,3727.386963,476.588715
2024-09-27,1520.103882,4079.567139,864.637695,1831.093994,2878.987305,1296.595337,1720.219116,786.850403,3671.40918,476.543121
2024-09-30,1470.701172,4041.504395,854.475098,1801.179932,2871.27124,1263.252686,1695.376831,772.390747,3641.587402,472.394928
2024-10-01,1458.997803,4059.873291,851.58905,1828.789185,2837.737549,1264.641968,1684.616699,781.262573,3619.741211,470.617126
2024-10-02,1458.997803,4059.873291,851.58905,1828.789185,2837.737549,1264.641968,1684.616699,781.262573,3619.741211,470.617126
2024-10-03,1401.378052,4007.656494,829.783813,1818.27356,2808.232178,1246.730103,1659.57605,778.468689,3465.331055,467.471802
2024-10-04,1381.009399,4026.119385,817.77124,1842.041626,2764.943848,1230.257202,1627.296021,780.968506,3461.665283,459.084198
2024-10-07,1365.272217,4045.623535,798.111938,1857.550781,2750.04541,1224.452026,1648.27063,755.480286,3436.302002,465.146942
2024-10-08,1391.79126,4027.065918,814.515259,1871.235352,2735.874756,1227.131348,1643.70874,766.067688,3499.76001,463.095612
2024-10-09,1369.131836,4026.781738,805.68457,1875.268677,2687.491455,1234.623535,1664.1875,781.703735,3454.878662,448.280579
2024-10-10,1365.595947,4002.590332,820.114502,1842.85791,2673.660645,1233.978516,1664.1875,781.409607,3428.375977,448.59967
2024-10-11,1366.641724,3928.549316,814.49054,1858.31897,2701.322266,1213.635498,1673.410522,784.007446,3450.37085,445.089661
2024-10-14,1367.065063,3916.666504,832.793152,1881.174683,2707.048828,1222.318481,1681.54248,789.301208,3522.200928,453.066986
2024-10-15,1338.678467,3897.871826,830.819824,1881.55896,2699.623779,1245.886597,1703.012939,788.811035,3519.079834,454.525696
2024-10-16,1348.688477,3877.184326,838.565186,1843.914307,2699.429688,1233.631226,1719.574463,789.595276,3499.958252,449.648132
2024-10-17,1351.029175,3890.486816,825.417847,1890.009644,2658.082764,1221.822388,1687.046509,795.085022,3537.310059,445.727844
2024-10-18,1353.8927,3913.313232,829.709839,1805.021118,2637.166748,1254.817749,1693.690918,804.251038,3544.740723,443.722107
2024-10-21,1363.753296,3872.311035,852.822388,1779.236572,2614.309814,1249.409546,1678.517822,797.927979,3552.468506,440.941437
2024-10-22,1338.006104,3811.234375,845.841797,1778.13208,2602.808105,1257.7948,1678.220215,774.841553,3479.449463,439.254791
2024-10-23,1333.200317,3859.403076,856.325134,1799.067261,2581.067139,1242.016479,1671.82373,770.528137,3423.471436,437.932831
2024-10-24,1334.470337,3841.986328,863.157715,1789.415894,2431.403564,1243.157715,1664.534668,778.90979,3410.839355,430.046692
2024-10-25,1322.567749,3851.145508,860.074402,1788.167603,2453.678467,1245.837036,1652.187866,765.577576,3295.663574,439.710663
2024-10-28,1329.04187,3882.751465,855.535706,1791.33667,2500.023682,1282.950684,1649.559814,776.459045,3309.930664,441.397278
2024-10-29,1334.669434,3867.945068,864.243042,1786.431763,2472.70166,1321.651978,1623.527466,816.308899,3349.659912,444.861725
2024-10-30,1338.553955,3876.866699,855.733032,1750.301025,2479.787109,1302.102905,1619.808594,806.26062,3376.856445,448.143829
2024-10-31,1326.751099,3766.577637,856.275757,1706.740234,2453.872559,1282.355225,1599.230591,804.054932,3588.829346,445.636688
2024-11-01,1333.324829,3781.526611,857.065063,1710.236572,2462.850342,1281.908691,1603.048584,805.035278,3592.842041,447.004211
2024-11-04,1296.970093,3762.496338,845.619751,1712.956177,2450.52417,1267.42041,1578.057617,813.514954,3541.421387,441.807556
2024-11-05,1300.107544,3769.330322,867.203003,1703.77771,2447.175537,1286.771118,1565.314209,832.48407,3541.768311,437.796112
2024-11-06,1320.077759,3929.068848,865.920349,1771.280151,2455.374268,1292.37793,1585.545044,837.973816,3611.765381,438.616638
2024-11-07,1300.456177,3939.746582,861.628418,1751.223755,2430.630859,1268.908936,1562.735718,842.679321,3612.855469,435.699158
2024-11-08,1278.643188,3936.045166,865.525635,1777.350464,2462.247314,1249.210938,1556.884644,826.553223,3626.478271,435.835938
2024-11-11,1267.637085,3985.115234,871.371704,1806.633789,2445.89917,1259.581055,1547.612183,830.9646,3595.319092,434.833069
2024-11-12,1269.18103,3983.880859,847.642456,1815.08374,2416.884766,1260.870972,1542.752808,810.427002,3558.165527,431.095154
2024-11-13,1247.069336,3939.224854,829.463135,1814.695312,2420.272217,1244.100342,1537.595825,792.7323,3515.16626,430.502502
2024-11-14,1262.557495,3935.000732,835.087158,1810.955933,2345.89502,1247.325439,1537.645386,788.418884,3493.666992,424.804413
2024-11-15,1262.557495,3935.000732,835.087158,1810.955933,2345.89502,1247.325439,1537.645386,788.418884,3493.666992,424.804413
2024-11-18,1255.734741,3815.031006,841.179749,1759.382202,2378.984131,1243.852295,1524.257324,798.271057,3509.419922,425.351471
2024-11-19,1236.710693,3834.061035,859.50708,1772.299927,2366.661865,1239.535645,1512.852661,787.193481,3473.504883,426.08078
2024-11-20,1236.710693,3834.061035,859.50708,1772.299927,2366.661865,1239.535645,1512.852661,787.193481,3473.504883,426.08078
2024-11-21,1218.134888,3865.666992,858.989014,1781.332642,2339.611084,1240.974609,1512.505615,765.38147,3451.312012,416.781525
2024-11-22,1260.366211,4028.680664,861.159668,1847.572266,2400.929199,1268.264038,1556.289673,799.986633,3570.203125,432.736176
2024-11-25,1281.880249,4095.593994,880.892944,1835.383057,2426.654297,1290.988647,1565.661255,827.827576,3718.321777,434.69632
2024-11-26,1290.545654,4131.282227,880.868347,1868.842773,2434.263916,1294.958008,1564.173706,822.877014,3668.387451,434.878662
2024-11-27,1288.055542,4112.15625,894.064941,1869.182739,2441.824219,1290.740479,1564.570435,817.681274,3664.523438,434.833069
2024-11-28,1265.744751,4028.965088,884.617615,1803.282959,2417.572021,1276.500366,1547.463379,822.337769,3632.175293,432.964111
2024-11-29,1287.05957,4053.594482,886.04834,1804.448486,2450.906494,1290.145142,1613.660034,822.435852,3690.382324,434.650757
2024-12-02,1303.942261,4059.100098,890.315613,1825.7677,2434.2146,1294.660278,1629.973511,819.936035,3669.823975,435.061035
2024-12-03,1318.035889,4083.87207,900.971558,1837.713989,2437.8479,1298.381592,1607.114746,837.140564,3752.057129,430.821594
2024-12-04,1303.74292,4132.89502,917.646179,1834.945923,2419.830322,1305.973022,1570.966797,842.777405,3754.880615,425.852875
2024-12-05,1316.790894,4236.966309,920.433533,1879.235229,2449.38501,1326.266479,1601.957764,848.414246,3796.145996,426.21756
2024-12-06,1306.332642,4219.360352,915.5495,1867.143188,2438.780518,1318.575806,1584.602905,846.649658,3830.970947,429.545227
2024-12-09,1289.997925,4225.672363,922.530212,1868.357178,2357.23584,1312.175171,1589.263916,841.159851,3910.826416,423.892731
2024-12-10,1279.73877,4207.069336,921.592834,1892.541504,2353.897705,1320.262695,1565.562134,850.423828,3886.899414,424.348572
2024-12-11,1273.115234,4202.229004,919.12616,1917.40564,2357.824951,1317.335327,1572.851074,844.639954,3880.558594,424.16626
2024-12-12,1257.876221,4228.32959,917.226868,1929.88623,2302.447266,1319.071899,1597.197632,836.895508,3824.233887,419.926849
2024-12-13,1267.786621,4246.315918,923.393494,1942.221191,2346.778809,1334.602173,1667.807251,844.590942,3851.083496,428.496796
2024-12-16,1263.254761,4190.602051,920.16217,1923.136108,2323.262695,1335.792847,1648.766479,844.002808,3842.018066,428.587952
2024-12-17,1240.346191,4108.312012,904.400269,1919.785278,2320.415527,1323.537476,1601.908203,833.807495,3772.020752,428.086548
2024-12-18,1248.264526,4126.678711,893.275635,1922.261963,2316.438721,1304.087646,1588.619385,821.651611,3723.424072,428.952667
2024-12-19,1225.555176,4054.591309,884.790283,1890.259033,2317.077393,1277.046265,1587.032593,816.40686,3682.010498,425.351471
2024-12-20,1200.505371,3958.159912,873.937012,1866.900269,2291.597412,1278.53479,1565.016602,796.016357,3596.309814,423.619232
2024-12-23,1217.437744,3946.77002,888.490295,1868.988525,2296.506836,1286.870483,1573.743652,804.986267,3606.861328,432.371521
2024-12-24,1217.885864,3966.89209,887.059631,1854.17688,2293.217529,1287.317017,1570.768555,796.065369,3606.118164,436.200623
2024-12-25,1217.885864,3966.89209,887.059631,1854.17688,2293.217529,1287.317017,1570.768555,796.065369,3606.118164,436.200623
2024-12-26,1211.710571,3957.020996,883.433655,1852.574341,2290.468262,1287.416138,1586.239258,796.45752,3595.962891,434.833069
2024-12-27,1216.192749,3952.987305,887.133667,1861.655518,2298.814209,1297.538208,1586.586304,783.909485,3574.760742,436.337372
2024-12-30,1205.883789,3947.244629,877.09436,1851.214478,2301.023438,1284.736938,1573.743652,772.782837,3545.879883,434.878662
2024-12-31,1210.614868,3886.500488,874.602966,1825.961792,2284.675293,1271.836426,1574.58667,779.301941,3574.314697,440.941437
2025-01-01,1216.391846,3903.252686,879.487,1828.390015,2280.011475,1273.821167,1582.470703,777.586426,3633.611816,441.214966
2025-01-02,1236.860107,3963.332275,884.913635,1901.574219,2327.042969,1280.717896,1596.354614,785.428955,3679.186768,445.864594
2025-01-03,1246.172974,3891.340576,862.935669,1883.023193,2362.635986,1255.363525,1585.594604,777.782471,3626.081787,439.072479
2025-01-06,1213.154785,3886.69043,843.84375,1882.149048,2333.130615,1254.420776,1575.280762,761.117126,3569.905762,419.104309
2025-01-07,1235.913818,3823.383057,845.274414,1875.35022,2347.466309,1269.454834,1577.660889,763.420837,3609.635498,417.63678
2025-01-08,1260.46582,3899.408447,835.851868,1877.584106,2357.481201,1254.073486,1585.94165,755.970459,3563.119385,425.637299
2025-01-09,1249.758545,3833.396729,822.778564,1862.189819,2391.257568,1252.733887,1593.726685,745.481079,3495.301514,426.158051
2025-01-10,1236.959717,4048.659668,817.327209,1910.412476,2397.787354,1240.279907,1602.503296,728.619629,3503.475342,421.234619
2025-01-13,1234.917847,4072.814941,804.549927,1905.799072,2406.575195,1220.333862,1583.958252,715.14032,3432.289307,415.695801
2025-01-14,1233.822266,4017.717529,812.319885,1884.285889,2325.030273,1230.803101,1586.834229,733.423218,3430.605225,413.376099
2025-01-15,1247.218628,4033.425781,810.568604,1893.609863,2329.989014,1228.768677,1594.123291,738.863953,3469.046387,414.086243
2025-01-16,1261.411987,3992.328369,815.008606,1873.019165,2302.496338,1239.535645,1616.684692,751.215881,3475.486328,409.825623
2025-01-17,1297.169189,3986.528809,807.460571,1763.267212,2311.333252,1216.06665,1614.00708,749.059204,3535.675049,416.784668
2025-01-20,1300.256836,3941.582275,814.613892,1761.179199,2302.692627,1223.509277,1627.543945,763.911011,3559.800049,414.417633
2025-01-21,1268.633179,3901.033447,810.247925,1748.941162,2298.077881,1186.991089,1612.668335,744.108582,3508.379883,414.275574
2025-01-22,1272.019653,4017.749756,821.915222,1803.088745,2300.483398,1191.258057,1618.221802,738.618835,3485.691162,413.754852
2025-01-23,1258.623169,4006.972412,821.3479,1811.829956,2279.618408,1192.548218,1622.436646,731.217468,3470.879395,416.784668
2025-01-24,1241.342285,4013.642578,813.898621,1821.542603,2325.177734,1199.941162,1631.163696,729.501953,3426.245605,418.110168
2025-01-27,1224.459595,3929.354736,804.031921,1769.629028,2349.479004,1218.547607,1589.313477,734.452515,3425.700684,416.689941
2025-01-28,1229.489624,3905.335205,824.061218,1777.15625,2345.551514,1237.352539,1604.932861,737.589539,3382.35498,412.287323
2025-01-29,1230.585205,3962.847168,827.465149,1827.175903,2340.740234,1242.066162,1587.181274,743.520447,3417.824219,410.299011
2025-01-30,1248.06543,3963.088623,834.47052,1806.488037,2365.09082,1245.98584,1627.147217,747.588745,3389.339844,412.997406
2025-01-31,1260.067383,3975.026123,838.047119,1825.7677,2424.05249,1243.207397,1612.817017,757.686035,3534.436523,423.69632
2025-02-03,1240.943848,3932.737793,827.810486,1809.741943,2397.688965,1243.405762,1638.651001,745.971252,3258.807129,430.181976
2025-02-04,1280.087402,3969.85498,848.974487,1844.221558,2393.859619,1258.48938,1647.675537,763.862,3407.371582,430.939392
2025-02-05,1273.115234,3954.437988,857.311768,1842.521729,2347.71167,1257.993164,1646.683838,750.970825,3351.938721,424.311737
2025-02-06,1276.452026,3946.367188,860.296387,1860.587158,2329.694092,1262.657227,1606.321289,737.442444,3321.77002,417.63678
2025-02-07,1261.661011,3894.798828,854.820435,1848.932007,2321.004639,1247.276001,1662.848755,722.688721,3306.066406,407.931976
2025-02-10,1248.662964,3902.096924,846.433716,1826.253296,2318.648193,1252.932251,1679.013672,722.29657,3297.892578,404.476166
2025-02-11,1229.937744,3831.148926,839.354431,1821.736938,2273.285645,1243.157715,1682.682983,716.708801,3209.715088,396.049561
2025-02-12,1211.710571,3818.196289,842.018433,1809.596313,2290.222656,1242.214966,1697.360352,718.718445,3259.25293,394.222229
2025-02-13,1211.262329,3779.532715,837.529114,1790.268311,2279.422363,1239.337158,1700.384888,713.326721,3233.493408,394.029877
2025-02-14,1212.407715,3803.407471,836.123108,1803.040283,2276.329346,1250.451416,1702.814697,707.934998,3207.733643,394.558838
2025-02-17,1220.027344,3774.071533,847.223083,1789.345459,2287.178955,1241.569946,1661.658691,713.375732,3192.079834,392.971954
2025-02-18,1220.525391,3743.816895,850.035095,1798.71814,2254.384521,1233.531982,1655.063843,711.513123,3190.395264,389.750092
2025-02-19,1222.567139,3657.693359,852.082397,1758.750977,2209.61084,1251.989624,1631.560303,712.983582,3245.630127,390.856079
2025-02-20,1228.095093,3653.150146,832.299805,1772.688477,2207.303467,1240.37915,1629.87439,715.336365,3245.53125,386.672455
2025-02-21,1223.264404,3659.529785,834.963806,1762.8302,2201.019531,1223.509277,1625.659668,707.787903,3284.468018,385.566467
2025-02-24,1209.718506,3552.817871,827.366455,1713.393188,2200.822998,1209.021118,1588.024292,702.298157,3227.598389,386.528198
2025-02-25,1199.210449,3508.305908,829.956482,1716.889771,2218.349609,1214.776733,1627.79187,696.906433,3196.092041,389.365387
2025-02-26,1199.210449,3508.305908,829.956482,1716.889771,2218.349609,1214.776733,1627.79187,696.906433,3196.092041,389.365387
2025-02-27,1202.298096,3491.873535,839.009155,1713.587524,2204.259521,1213.089722,1636.717285,690.04425,3179.84375,386.239716
2025-02-28,1195.325928,3366.893066,854.647766,1639.189209,2150.55127,1194.880249,1557.182129,675.241455,3134.615723,379.89212
2025-03-03,1166.590698,3376.365967,839.428467,1659.488525,2137.394043,1196.964111,1582.569946,681.613464,3167.756592,382.248413
2025-03-04,1157.277954,3414.062988,843.597107,1639.772095,2118.247559,1201.131958,1562.289429,701.955017,3183.311279,379.747864
2025-03-05,1170.923462,3428.561768,833.730469,1662.305176,2131.110107,1206.391357,1604.83374,715.973511,3209.715088,389.557709
2025-03-06,1204.788208,3481.289551,834.322449,1666.530151,2178.730957,1208.723511,1613.412109,717.640076,3229.777832,390.182892
2025-03-07,1244.828369,3490.568848,833.360474,1637.538086,2164.592041,1205.250244,1617.180542,718.326294,3214.718506,388.451721
2025-03-10,1233.473633,3469.738525,832.497131,1652.543945,2207.009033,1205.547852,1617.428467,714.552124,3148.337646,389.509644
2025-03-11,1242.338257,3455.868164,831.510498,1613.839355,2176.76709,1235.864014,1649.163086,715.483398,3165.923584,390.663788
2025-03-12,1252.049438,3389.076416,844.164429,1545.123047,2153.153076,1234.425049,1629.229736,708.817261,3164.140137,396.626587
2025-03-13,1242.935913,3393.764404,841.9198,1534.439209,2135.381348,1240.478394,1618.965576,713.522766,3157.848877,396.290009
2025-03-14,1242.935913,3393.764404,841.9198,1534.439209,2135.381348,1240.478394,1618.965576,713.522766,3157.848877,396.290009
2025-03-17,1233.921753,3380.860352,843.794434,1544.346191,2131.895508,1259.283325,1625.560547,708.915283,3144.126709,392.346802
2025-03-18,1233.921753,3380.860352,843.794434,1544.346191,2131.895508,1259.283325,1625.560547,708.915283,3144.126709,393.45285
2025-03-19,1242.188843,3380.280273,860.419739,1540.946777,2160.173584,1303.045532,1623.577026,730.433167,3288.876953,387.634216
2025-03-20,1264.101318,3444.123779,872.580383,1569.113281,2201.755859,1311.579712,1691.112427,734.795593,3320.085938,388.499817
2025-03-21,1271.272583,3458.574951,873.36969,1546.774292,2205.487061,1332.815918,1711.492188,738.373779,3384.385986,390.038605
2025-03-24,1296.920166,3507.725586,887.996948,1546.968506,2215.305664,1347.750732,1704.550171,765.430481,3449.677246,395.18396
2025-03-25,1280.336426,3535.563721,898.578918,1581.642212,2230.132324,1333.411255,1716.153076,757.636963,3437.540527,394.126038
2025-03-26,1267.98584,3514.346924,891.228333,1553.475952,2205.241455,1325.671021,1724.136475,748.961182,3412.969482,391.769775
2025-03-27,1273.115234,3529.232666,900.50293,1557.45813,2203.965088,1326.415283,1710.401123,757.097778,3469.244873,393.789429
2025-03-28,1270.027588,3485.6875,901.908936,1525.503784,2217.907715,1338.025635,1719.029175,756.313538,3460.030762,394.077972
2025-03-31,1270.027588,3485.6875,901.908936,1525.503784,2217.907715,1338.025635,1719.029175,756.313538,3460.030762,394.077972
2025-04-01,1247.617065,3432.186523,872.136353,1482.622681,2193.361084,1308.354614,1709.855835,756.509644,3405.043457,391.096527
2025-04-02,1246.172974,3425.565674,886.467651,1505.593018,2197.337402,1321.056641,1740.053345,760.675964,3388.299561,393.404755
2025-04-03,1243.732666,3289.468262,885.456299,1453.484985,2203.866943,1319.369751,1731.524658,763.862,3388.547119,393.741333
2025-04-04,1199.907593,3189.184326,896.531616,1409.924194,2203.866943,1325.075684,1728.995728,752.343262,3230.025635,394.029877
2025-04-07,1161.062744,3164.681396,867.128967,1356.602295,2208.628906,1277.691284,1672.666748,732.197815,3040.146484,390.51947
2025-04-08,1177.497192,3182.949707,872.77771,1387.731079,2247.756836,1289.946655,1706.136841,753.470642,3131.891113,396.770844
2025-04-09,1180.634644,3138.148193,870.730347,1363.352417,2307.405518,1290.839844,1701.327148,727.590332,3025.929199,400.377441
2025-04-10,1180.634644,3138.148193,870.730347,1363.352417,2307.405518,1290.839844,1701.327148,727.590332,3025.929199,400.377441
2025-04-11,1214.100952,3123.552734,891.326965,1368.937256,2323.262695,1301.606689,1742.036743,739.010925,3087.158203,405.426636
2025-04-14,1214.100952,3123.552734,891.326965,1368.937256,2323.262695,1301.606689,1742.036743,739.010925,3087.158203,405.426636
2025-04-15,1235.16687,3139.694824,920.01416,1385.011475,2318.697266,1339.86145,1783.886963,748.471008,3227.499268,404.320618
2025-04-16,1234.370117,3164.439453,926.476807,1372.4823,2323.704834,1346.014038,1807.489502,756.558655,3197.875488,408.215759
2025-04-17,1269.430054,3188.701172,940.635376,1378.698242,2331.952637,1395.928833,1873.438232,781.752747,3217.294434,410.90863
2025-04-18,1269.430054,3188.701172,940.635376,1378.698242,2331.952637,1395.928833,1873.438232,781.752747,3217.294434,410.90863
2025-04-21,1290.346436,3210.642822,950.699402,1409.292969,2308.387451,1399.005249,1867.785522,800.62384,3250.187744,406.676941
2025-04-22,1286.063599,3203.683594,967.768677,1381.903564,2355.223145,1405.653931,1836.844116,806.21167,3227.69751,417.015747
2025-04-23,1294.828613,3298.989746,949.120789,1432.505859,2379.868164,1413.493408,1866.000366,797.437805,3270.498291,414.370941
2025-04-24,1296.422241,3287.970703,945.618103,1429.106567,2283.15332,1391.959473,1830.298828,797.388794,3270.102051,413.601532
2025-04-25,1295.227051,3332.820557,942.855408,1437.653564,2289.928223,1394.043457,1802.134277,782.929138,3241.865479,411.437592
2025-04-28,1363.35498,3328.470703,947.29541,1439.498901,2276.574951,1417.859741,1806.696289,801.260986,3296.555176,412.399353
2025-04-29,1394.131958,3356.502197,941.671509,1454.456421,2279.618408,1418.852051,1808.679688,796.555481,3291.601562,409.706451
2025-04-30,1399.410889,3338.330078,949.663391,1456.981567,2299.648926,1416.073486,1849.042236,773.125977,3310.128662,409.514099
2025-05-01,1399.410889,3338.330078,949.663391,1456.981567,2299.648926,1416.073486,1849.042236,773.125977,3310.128662,409.514099
2025-05-02,1414.1521,3316.388428,948.134094,1463.586182,2276.574951,1419.149658,1832.877319,781.017517,3304.084961,413.072571
2025-05-05,1425.606323,3338.909912,955.484741,1465.237305,2306.031006,1418.455078,1850.529785,774.449402,3299.428467,420.23764
2025-05-06,1415.247681,3344.419678,952.968689,1468.053833,2338.62915,1420.638184,1885.239624,758.862366,3303.193359,418.891174
2025-05-07,1400.40686,3330.017334,959.825989,1464.945923,2327.828857,1424.40918,1881.074463,760.822998,3290.709717,414.659454
2025-05-08,1401.402954,3333.690186,951.390076,1467.956909,2312.216797,1424.508423,1859.355957,753.862732,3293.186523,414.130493
2025-05-09,1371.721436,3325.37793,932.248779,1464.265991,2290.615479,1378.265259,1833.075684,763.911011,3412.077637,407.350128
2025-05-12,1430.785522,3499.461426,965.548645,1580.136963,2339.31665,1437.408813,1855.290039,785.870117,3554.053711,418.843079
2025-05-13,1410.068237,3397.58252,948.479431,1523.512573,2317.224365,1419.645874,1805.506104,785.968079,3534.040283,411.533752
2025-05-14,1418.733765,3430.156738,942.559448,1546.62854,2307.896484,1415.279541,1818.993408,784.938782,3540.084229,412.687866
2025-05-15,1448.415161,3460.314209,954.004761,1566.636353,2312.51123,1439.691284,1851.719727,791.849976,3584.767334,416.102081
2025-05-16,1450.606445,3442.335693,954.44873,1544.200439,2338.236328,1442.866699,1798.960815,792.099976,3571.39209,419.035461
2025-05-19,1435.068481,3401.255615,956.422058,1514.965576,2339.512939,1437.905029,1803.22522,795.0,3566.933594,418.698822
2025-05-20,1418.932861,3381.440186,944.680786,1515.742554,2298.667236,1427.187622,1793.903198,785.650024,3534.833008,418.266052
2025-05-21,1423.514526,3408.021484,950.551453,1523.415527,2321.053467,1433.637939,1807.390381,787.099976,3555.837158,416.438721
2025-05-22,1403.793457,3360.851807,947.147461,1503.019043,2288.455566,1431.057861,1816.216675,785.25,3518.584473,409.802612
2025-05-23,1421.124268,3397.195801,953.906006,1519.821899,2316.438721,1438.698975,1816.514038,790.5,3566.63623,419.612488
2025-05-26,1429.092407,3419.137451,957.162048,1535.070557,2350.706299,1449.416138,1832.083984,794.400024,3614.985352,425.960052
2025-05-27,1416.442871,3381.826904,950.30481,1524.969604,2337.05835,1435.324951,1828.513916,793.700012,3606.365967,417.30426
2025-05-28,1407.279541,3380.860352,948.923462,1526.620728,2319.188232,1442.668335,1840.711792,796.549988,3612.607666,411.574402
2025-05-29,1412.160034,3381.24707,950.896729,1540.024048,2323.802979,1445.347534,1848.149658,797.349976,3621.524414,410.154144
2025-05-30,1415.247681,3347.706055,959.480774,1539.137573,2305.736572,1434.729614,1840.810913,812.299988,3641.141602,409.468506
2025-06-02,1408.076294,3334.560547,953.166077,1530.371826,2328.614258,1439.393555,1838.728394,813.650024,3645.600098,410.692841
2025-06-03,1399.908936,3291.450195,949.466064,1519.734619,2309.664062,1426.890015,1826.034546,809.799988,3644.800049,408.391113
2025-06-04,1417.83728,3297.008789,957.655396,1527.810913,2321.642822,1420.042847,1859.851807,806.5,3626.5,408.440063
2025-06-05,1436.662109,3287.451904,961.799377,1530.864258,2333.327148,1443.660645,1863.223633,806.0,3642.600098,410.496948
2025-06-06,1437.75769,3300.226807,976.155273,1540.221069,2346.484375,1448.523071,1854.694946,813.049988,3656.300049,412.406921
2025-06-09,1443.036743,3336.991455,976.253967,1549.183838,2349.82251,1423.813843,1849.637207,820.049988,3678.899902,414.365875
2025-06-10,1432.777588,3376.974121,969.544739,1571.935547,2351.786377,1412.004883,1841.703491,817.049988,3679.800049,418.234802
2025-06-11,1443.13623,3385.750732,962.194092,1606.506226,2333.327148,1420.042847,1844.777832,815.049988,3684.800049,417.402222
2025-06-12,1435.865234,3348.986084,958.740723,1584.345459,2290.419189,1414.287231,1828.9104,805.950012,3603.899902,412.357941
2025-06-13,1422.219849,3360.200928,946.012756,1577.844971,2276.967529,1405.256958,1825.141968,792.349976,3587.399902,405.403687
2025-06-16,1432.080444,3409.54541,954.794067,1599.316406,2285.215088,1415.974243,1845.868774,792.5,3628.699951,409.615448
2025-06-17,1425.506592,3428.073975,951.932739,1615.173584,2286.393555,1412.30249,1839.422607,792.299988,3622.300049,408.831848
2025-06-18,1424.411011,3365.759277,954.054077,1608.279175,2255.660889,1401.783691,1850.430664,791.900024,3601.5,407.36264
2025-06-19,1427.598389,3339.039307,954.744751,1593.997803,2252.616943,1400.493774,1861.438599,785.099976,3621.100098,407.460602
2025-06-20,1460.367432,3350.448975,969.248657,1598.429932,2264.399658,1416.172729,1920.643555,796.150024,3662.0,409.958221
2025-06-23,1451.004883,3309.393799,961.207336,1560.116455,2257.35498,1409.226318,1920.246948,790.200012,3583.699951,405.403687
2025-06-24,1445.028687,3306.272949,967.374023,1557.752563,2245.44873,1413.195679,1917.569336,795.400024,3604.800049,405.844482
2025-06-25,1461.463135,3359.323242,976.895325,1590.550537,2260.926758,1414.88269,1949.303955,800.049988,3619.800049,407.803406
2025-06-26,1489.351685,3356.397705,997.417969,1591.633911,2263.010498,1428.080811,1997.600342,797.049988,3659.600098,411.672302
2025-06-27,1509.371704,3355.715332,1004.949158,1583.754517,2288.906738,1451.003906,2010.294067,805.400024,3679.199951,410.056183
2025-06-30,1494.630615,3376.096436,998.265808,1577.648071,2276.702881,1434.729614,1992.939209,820.349976,3669.800049,407.901367
2025-07-01,1522.320068,3344.598145,1003.552612,1582.572754,2277.595703,1421.035156,2002.657959,820.299988,3666.699951,406.579071
2025-07-02,1512.758301,3338.356689,990.535034,1586.216919,2289.105469,1416.867432,2016.442749,812.900024,3596.800049,404.473206
2025-07-03,1511.762207,3316.415039,991.083618,1594.293213,2295.356201,1414.981934,2002.558838,807.099976,3582.899902,404.86499
2025-07-04,1521.224487,3334.943604,992.180969,1615.961426,2321.054199,1431.752563,2000.476196,811.849976,3594.600098,404.08139
2025-07-07,1535.36792,3327.044678,991.233276,1602.46814,2391.599609,1424.706787,2017.037842,806.849976,3581.399902,407.607513
2025-07-08,1531.483398,3321.680908,998.215942,1613.991577,2374.037598,1430.958618,2013.170044,812.650024,3606.399902,408.635986
2025-07-09,1512.957397,3299.836914,1003.103699,1609.067017,2404.498047,1420.936035,2002.955444,810.950012,3579.699951,410.839783
2025-07-10,1511.164551,3298.081299,1000.609924,1591.437012,2389.615234,1413.195679,1948.213135,808.0,3574.699951,408.293152
2025-07-11,1489.252075,3184.959717,989.387878,1570.852051,2499.947998,1411.012573,1905.966309,808.650024,3540.600098,408.244171
2025-07-14,1477.797729,3142.734131,989.038757,1546.623047,2496.971436,1412.104126,1904.974609,808.849976,3495.899902,410.790802
2025-07-15,1479.491089,3171.599854,995.273254,1561.692261,2507.190918,1419.844482,1918.164307,816.450012,3494.0,413.435394
2025-07-16,1479.690186,3163.576172,995.672241,1583.656128,2497.963623,1415.478149,1920.544434,831.700012,3503.800049,415.884064
2025-07-17,1470.526855,3140.189941,990.983887,1559.624023,2490.224365,1407.837036,1913.900024,829.0,3474.0,415.247406
2025-07-18,1470.128418,3121.304932,976.270508,1562.184692,2470.181885,1414.88269,1901.0,823.349976,3464.800049,414.072021
2025-07-21,1422.916992,3090.286621,997.767029,1560.411987,2445.674561,1454.576416,1909.199951,824.200012,3502.800049,411.47644
2025-07-22,1407.179932,3091.656738,1001.058838,1547.213989,2460.359131,1462.31665,1906.800049,815.0,3464.600098,407.460602
2025-07-23,1418.932861,3110.737305,1009.637512,1550.759644,2431.287598,1477.201782,1943.800049,820.650024,3484.899902,406.432159
2025-07-24,1397.319214,3080.306152,1004.599976,1529.091431,2418.785889,1472.041626,1936.099976,815.700012,3477.5,401.53479
2025-07-25,1386.163696,3068.368408,1002.299988,1492.846191,2396.560547,1465.789795,1937.900024,806.549988,3442.899902,400.996063
2025-07-28,1382.080078,3013.083252,1004.25,1493.141724,2422.556396,1477.003418,1890.300049,797.150024,3422.199951,401.485809
2025-07-29,1411.462769,2990.284424,1010.799988,1490.876343,2434.462891,1474.82019,1918.300049,799.200012,3495.600098,400.065582
2025-07-30,1404.490601,2987.936035,1012.900024,1496.096558,2418.388916,1471.049316,1932.599976,801.650024,3665.100098,399.233032
2025-07-31,1384.669678,2971.497314,1009.099976,1486.247314,2501.5354,1470.057007,1914.300049,796.549988,3636.5,403.493744
2025-08-01,1388.155762,2938.424072,1006.099976,1447.441284,2533.781982,1460.331909,1884.400024,794.0,3587.300049,407.901367
2025-08-04,1405.88501,3008.288574,996.0,1458.177002,2523.859863,1451.996216,1914.599976,795.700012,3631.100098,408.293152
2025-08-05,1386.163696,2998.014404,988.799988,1438.281616,2514.930176,1433.34021,1931.800049,800.599976,3652.600098,405.64856
2025-08-06,1387.259521,2967.093994,992.650024,1415.037354,2515.823242,1432.546387,1929.699951,805.150024,3628.399902,403.542694
2025-08-07,1383.872925,2981.478027,997.700012,1415.234375,2497.864258,1429.271729,1922.599976,805.150024,3641.600098,405.109863
2025-08-08,1362.358887,2971.105713,986.950012,1401.642456,2479.111816,1424.905396,1858.599976,804.299988,3607.600098,405.991394
2025-08-11,1380.685669,2975.411377,997.799988,1406.665527,2498.75708,1425.599976,1857.400024,823.450012,3668.399902,408.293152
2025-08-12,1374.908813,2970.127197,984.950012,1402.627441,2464.427246,1422.0,1850.300049,820.599976,3686.100098,407.803406
2025-08-13,1377.099976,2970.910156,990.150024,1405.089722,2475.63916,1420.800049,1867.400024,821.849976,3693.699951,405.599609
2025-08-14,1373.800049,2957.309082,995.549988,1425.87146,2461.252197,1427.300049,1873.800049,826.549988,3677.0,403.003998
2025-08-15,1373.800049,2957.309082,995.549988,1425.87146,2461.252197,1427.300049,1873.800049,826.549988,3677.0,403.003998
2025-08-18,1381.699951,2946.447754,1001.799988,1414.151001,2548.069824,1434.599976,1892.300049,827.650024,3635.100098,397.959686
2025-08-19,1420.099976,2951.340332,995.549988,1418.28772,2584.483398,1436.300049,1909.699951,830.400024,3613.0,400.70224
2025-08-20,1413.0,3031.968262,994.099976,1473.640259,2648.976562,1430.599976,1928.400024,828.950012,3592.300049,397.714813
2025-08-21,1424.800049,3035.882568,995.599976,1473.83728,2627.346436,1446.0,1929.900024,825.700012,3612.600098,397.225098
2025-08-22,1409.199951,2988.327393,982.299988,1465.071411,2609.387451,1436.400024,1933.300049,816.25,3595.800049,390.123901
2025-08-25,1412.599976,3073.065186,982.049988,1508.998901,2611.074463,1433.199951,1930.699951,816.450012,3603.100098,391.152374
2025-08-26,1384.900024,3089.30835,973.400024,1506.536621,2671.598633,1416.599976,1904.699951,807.849976,3541.300049,395.070282
2025-08-27,1384.900024,3089.30835,973.400024,1506.536621,2671.598633,1416.599976,1904.699951,807.849976,3541.300049,395.070282
2025-08-28,1385.900024,3027.173584,957.799988,1477.481445,2633.696533,1399.099976,1881.099976,801.950012,3560.100098,392.670563
2025-08-29,1357.199951,3018.367188,951.599976,1447.441284,2639.054443,1397.800049,1888.800049,802.5,3601.0,401.338898
2025-09-01,1353.900024,3045.667236,950.599976,1476.792114,2628.834717,1411.0,1900.599976,806.049988,3598.399902,397.518951
2025-09-02,1366.5,3044.59082,944.5,1476.102539,2656.120361,1394.199951,1887.199951,803.900024,3574.899902,398.400482
2025-09-03,1372.599976,3030.891846,954.450012,1456.798096,2643.916016,1397.0,1883.900024,812.150024,3600.800049,403.297821
2025-09-04,1359.300049,3029.130859,961.25,1440.940918,2645.801514,1405.5,1880.400024,809.400024,3592.600098,407.36264
2025-09-05,1375.0,2982.75,963.400024,1422.818237,2612.860107,1402.800049,1895.300049,806.599976,3553.600098,398.988159
2025-09-08,1378.5,2954.080078,966.0,1411.2948,2603.434326,1402.699951,1887.699951,808.799988,3529.600098,399.184052
2025-09-09,1376.199951,2983.826172,965.150024,1481.618164,2621.393311,1403.699951,1893.699951,808.849976,3525.0,401.632721
2025-09-10,1377.0,3043.123291,965.900024,1509.491455,2622.881592,1403.900024,1891.400024,818.200012,3550.0,404.571136
2025-09-11,1383.300049,3057.017822,967.799988,1486.936646,2601.549316,1401.599976,1913.0,823.650024,3539.699951,406.53009
2025-09-12,1395.0,3066.02002,967.299988,1502.596924,2560.372803,1417.699951,1902.599976,823.549988,3579.800049,405.256775
2025-09-15,1399.300049,3044.982178,967.049988,1485.656372,2560.868896,1419.400024,1904.5,824.75,3586.199951,404.179352
2025-09-16,1405.300049,3078.055664,966.849976,1488.512695,2560.769775,1421.599976,1939.5,831.549988,3667.800049,404.620117
2025-09-17,1413.800049,3104.572754,966.5,1499.445312,2549.656982,1419.199951,1941.300049,857.150024,3685.5,400.898102
2025-09-18,1415.0,3108.388916,976.900024,1517.37085,2566.623779,1421.699951,1941.099976,854.349976,3686.0,403.101929
2025-09-19,1407.400024,3101.050049,966.900024,1516.976807,2539.635986,1402.199951,1962.400024,862.349976,3675.399902,402.220398
2025-09-22,1390.599976,3007.70166,964.200012,1476.890503,2552.137695,1401.5,1956.199951,855.25,3644.5,398.596375
2025-09-23,1389.800049,2996.546631,957.200012,1474.920654,2502.527588,1394.300049,1938.699951,870.599976,3657.600098,394.92337
2025-09-24,1383.0,2970.127197,951.049988,1472.064331,2529.614746,1382.699951,1931.099976,866.200012,3673.800049,392.768494
2025-09-25,1372.400024,2893.804443,949.849976,1462.412231,2518.502197,1375.800049,1935.599976,861.150024,3644.399902,391.886993
2025-09-26,1377.599976,2836.758545,945.049988,1427.053467,2492.20874,1359.599976,1916.599976,856.950012,3729.5,396.784332
2025-09-29,1372.800049,2833.822754,950.299988,1420.060547,2478.416992,1348.099976,1902.199951,870.75,3688.399902,398.890198
2025-09-30,1364.0,2826.28833,951.0,1420.060547,2494.78833,1348.0,1878.400024,872.450012,3659.0,393.30719
2025-10-01,1368.699951,2851.533691,965.25,1424.000244,2516.418457,1372.0,1867.599976,864.099976,3670.300049,397.274078
2025-10-02,1368.699951,2851.533691,965.25,1424.000244,2516.418457,1372.0,1867.599976,864.099976,3670.300049,397.274078
2025-10-03,1363.400024,2839.498047,965.150024,1424.788086,2525.050537,1365.199951,1896.699951,867.299988,3733.100098,396.000763
2025-10-06,1375.0,2924.137939,973.450012,1453.744873,2521.974854,1363.400024,1903.099976,874.049988,3737.0,392.523621
2025-10-07,1384.800049,2909.753906,982.5,1436.508667,2497.56665,1375.900024,1929.0,864.700012,3729.699951,391.59314
2025-10-08,1367.400024,2962.103516,978.700012,1472.458374,2480.600098,1370.300049,1943.5,858.25,3729.800049,391.544159
2025-10-09,1377.800049,2995.861816,977.099976,1486.542847,2497.963623,1376.199951,1942.0,862.099976,3769.199951,391.691071
2025-10-10,1381.699951,2963.179932,980.900024,1492.05835,2509.175293,1380.300049,1939.900024,880.650024,3784.0,394.531555
2025-10-13,1375.0,2942.533936,977.0,1470.685425,2473.356934,1379.400024,1954.900024,882.950012,3769.5,391.054413
2025-10-14,1375.900024,2896.642334,977.150024,1467.435303,2482.782959,1384.099976,1946.599976,876.950012,3744.300049,388.654694
2025-10-15,1374.300049,2916.776367,978.25,1452.169067,2499.352539,1398.400024,1968.5,886.099976,3828.699951,391.691071
2025-10-16,1398.300049,2917.660156,994.349976,1449.312744,2541.520996,1417.300049,1967.400024,886.950012,3861.800049,396.833313
2025-10-17,1416.800049,2909.311768,1002.549988,1419.371094,2583.391846,1436.599976,2012.0,889.150024,3839.399902,403.689606
2025-10-20,1466.800049,2961.365479,1002.950012,1438.872559,2574.164307,1390.300049,2051.5,907.5,3872.699951,404.571136
2025-10-21,1465.199951,2953.017334,1007.700012,1450.199219,2571.485596,1382.0,2043.5,907.849976,3888.199951,404.375275
2025-10-22,1465.199951,2953.017334,1007.700012,1450.199219,2571.485596,1382.0,2043.5,907.849976,3888.199951,404.375275
2025-10-23,1448.400024,3018.330078,1008.799988,1505.453247,2581.30835,1363.699951,2007.900024,911.549988,3918.699951,407.411621
2025-10-24,1451.599976,3008.508545,994.75,1502.400024,2496.772705,1377.699951,2029.300049,904.5,3904.899902,408.244171
2025-10-27,1484.099976,3029.821045,1002.950012,1504.5,2492.20874,1377.599976,2080.100098,922.75,3923.800049,412.015137
2025-10-28,1486.900024,3003.303223,1003.549988,1500.199951,2477.623535,1363.099976,2090.199951,930.25,3972.800049,409.321594
2025-10-29,1504.199951,3003.008789,1007.849976,1510.400024,2468.693604,1370.400024,2100.600098,939.75,3958.100098,412.945648
2025-10-30,1488.5,2981.106689,998.150024,1493.800049,2450.337891,1362.400024,2066.300049,934.349976,3987.5,410.154144
2025-10-31,1486.400024,3003.401367,987.299988,1482.300049,2446.269775,1345.300049,2054.5,937.0,4030.899902,411.721313
2025-11-03,1484.699951,2962.937012,992.650024,1485.5,2440.812744,1346.400024,2074.0,949.700012,3980.5,405.452698
2025-11-04,1473.099976,2936.812012,985.25,1467.900024,2426.624268,1336.900024,2113.300049,957.599976,3924.399902,400.506317
2025-11-05,1473.099976,2936.812012,985.25,1467.900024,2426.624268,1336.900024,2113.300049,957.599976,3924.399902,400.506317
2025-11-06,1496.099976,2957.142334,984.650024,1466.699951,2417.0,1320.400024,2094.899902,960.75,3881.600098,399.135071
2025-11-07,1478.0,2938.383545,982.299988,1476.800049,2414.0,1343.0,2001.199951,955.849976,3882.5,395.75589
2025-11-10,1489.300049,2971.187012,984.5,1513.5,2408.800049,1348.0,2019.800049,951.150024,3918.5,397.225098
2025-11-11,1493.400024,2992.5979,991.700012,1530.300049,2427.5,1358.300049,2042.300049,953.299988,3955.0,398.498413
2025-11-12,1511.5,3075.883789,989.5,1551.699951,2424.5,1358.900024,2073.800049,957.150024,3954.600098,398.645325
2025-11-13,1510.900024,3050.249756,986.650024,1541.800049,2407.600098,1385.900024,2091.800049,954.0,4002.5,397.37204
2025-11-14,1518.900024,3050.544434,989.599976,1502.800049,2427.699951,1373.0,2100.699951,967.849976,4004.399902,399.771729
2025-11-17,1518.300049,3046.812256,996.549988,1507.599976,2425.0,1379.0,2112.199951,973.349976,4027.699951,398.743286
2025-11-18,1519.400024,3031.981934,992.450012,1486.400024,2404.0,1373.400024,2149.199951,972.450012,3999.600098,397.518951
2025-11-19,1518.900024,3091.499756,994.599976,1541.099976,2441.600098,1383.099976,2159.800049,982.75,4019.600098,395.266144
2025-11-20,1549.099976,3088.651855,1008.849976,1536.5,2428.399902,1383.0,2158.300049,981.549988,4037.399902,397.127167
2025-11-21,1546.599976,3094.348145,998.049988,1545.0,2433.699951,1369.5,2162.699951,972.599976,4024.899902,399.477905
2025-11-24,1535.900024,3085.115967,999.150024,1548.0,2424.199951,1368.400024,2152.100098,970.599976,4013.300049,395.266144
2025-11-25,1539.699951,3063.508789,989.799988,1530.599976,2414.100098,1357.800049,2161.600098,983.599976,3996.699951,392.572601
2025-11-26,1569.900024,3106.428467,1003.900024,1557.900024,2425.199951,1375.0,2126.800049,983.900024,4062.0,394.041809
2025-11-27,1563.400024,3080.598145,1009.5,1566.400024,2451.699951,1392.199951,2115.600098,972.849976,4081.300049,396.000763
2025-11-28,1567.5,3081.481934,1007.599976,1560.099976,2466.600098,1388.800049,2101.600098,979.0,4069.600098,395.951782
2025-12-01,1566.099976,3077.455078,1002.099976,1564.0,2464.5,1390.099976,2089.699951,973.099976,4073.199951,395.951782
2025-12-02,1546.300049,3079.714111,989.799988,1561.0,2477.800049,1373.0,2104.0,967.299988,4030.5,392.719543
2025-12-03,1538.800049,3123.223145,1000.5,1578.699951,2448.0,1391.5,2086.0,951.049988,3988.0,392.278778
2025-12-04,1535.599976,3171.544678,997.200012,1597.599976,2462.199951,1386.699951,2103.800049,948.099976,3983.600098,394.776398
2025-12-05,1540.599976,3180.384033,1003.299988,1616.199951,2338.600098,1392.5,2108.800049,971.5,4038.199951,396.637421
2025-12-08,1543.0,3178.714355,1003.099976,1610.800049,2314.0,1389.599976,2086.199951,956.400024,3996.699951,394.041809
2025-12-09,1529.400024,3151.018066,997.099976,1599.0,2306.5,1375.199951,2089.699951,959.349976,3997.5,392.817474
2025-12-10,1536.900024,3132.259033,989.799988,1584.800049,2301.699951,1363.599976,2067.0,959.75,3991.300049,394.874359
2025-12-11,1545.0,3134.910645,1000.299988,1598.0,2305.600098,1360.0,2053.199951,963.25,4003.899902,394.629486
2025-12-12,1556.5,3163.0,1001.5,1598.199951,2260.600098,1366.0,2083.399902,963.150024,4074.100098,391.886993
2025-12-15,1556.199951,3172.526855,996.099976,1606.800049,2293.5,1365.199951,2069.699951,967.25,4092.300049,394.041809
2025-12-16,1542.300049,3147.875244,994.299988,1592.900024,2281.100098,1366.0,2102.0,961.150024,4063.800049,393.454132
2025-12-17,1544.400024,3160.348389,984.0,1602.0,2275.600098,1352.400024,2108.0,975.849976,4062.399902,391.59314
2025-12-18,1544.400024,3222.223633,979.700012,1626.800049,2265.5,1356.800049,2092.0,977.549988,4031.100098,392.180817
2025-12-19,1565.099976,3223.4021,985.5,1638.699951,2280.0,1354.099976,2097.699951,980.299988,4073.5,392.817474
2025-12-22,1575.400024,3265.536133,987.700012,1689.599976,2289.5,1368.5,2147.600098,974.299988,4072.399902,394.433624
2025-12-23,1570.699951,3250.9021,996.599976,1668.300049,2302.600098,1363.0,2122.899902,971.900024,4058.800049,398.988159
2025-12-24,1558.199951,3259.741455,997.200012,1663.400024,2282.199951,1359.800049,2123.699951,968.950012,4053.600098,398.253571
2025-12-25,1558.199951,3259.741455,997.200012,1663.400024,2282.199951,1359.800049,2123.699951,968.950012,4053.600098,398.253571
2025-12-26,1559.199951,3221.437744,992.099976,1656.099976,2285.399902,1350.400024,2105.399902,966.299988,4047.300049,395.853851
2025-12-29,1545.599976,3193.446533,991.700012,1644.699951,2293.300049,1343.300049,2081.600098,965.049988,4038.699951,394.335663
2025-12-30,1539.800049,3188.830566,990.900024,1621.599976,2290.199951,1342.5,2099.800049,973.450012,4052.0,392.376709
2025-12-31,1570.400024,3148.955322,991.200012,1615.400024,2315.899902,1342.900024,2105.600098,982.200012,4083.5,394.727448
2026-01-01,1575.599976,3169.776855,991.150024,1629.800049,2323.0,1338.0,2110.399902,984.75,4140.399902,356.381104
2026-01-02,1592.300049,3192.660889,1001.599976,1640.400024,2348.0,1355.400024,2106.300049,998.950012,4163.399902,342.864349
2026-01-05,1578.099976,3158.678711,977.5,1606.400024,2384.100098,1371.5,2105.0,1005.549988,4150.399902,342.521576
2026-01-06,1507.599976,3197.669922,962.200012,1612.199951,2424.699951,1411.199951,2105.300049,1018.900024,4140.600098,335.42041
2026-01-07,1504.199951,3236.759277,949.049988,1639.0,2399.399902,1427.699951,2084.199951,1007.150024,4157.0,334.245026
2026-01-08,1470.599976,3146.696289,946.700012,1613.300049,2386.699951,1435.0,2066.300049,998.0,4028.399902,333.902191
2026-01-09,1475.300049,3150.526855,939.0,1614.099976,2372.600098,1404.300049,2027.099976,1000.5,4025.199951,330.229187
2026-01-12,1483.199951,3181.759277,936.950012,1595.900024,2406.199951,1413.099976,2044.0,1015.150024,4019.0,331.453522
2026-01-13,1452.800049,3209.6521,937.349976,1599.0,2389.5,1437.0,2026.900024,1028.449951,3887.399902,327.829498
2026-01-14,1458.800049,3135.5,925.450012,1599.800049,2353.5,1418.400024,2022.5,1028.349976,3865.800049,327.878448
2026-01-15,1458.800049,3135.5,925.450012,1599.800049,2353.5,1418.400024,2022.5,1028.349976,3865.800049,327.878448
2026-01-16,1457.900024,3206.699951,931.099976,1689.800049,2360.399902,1410.800049,2016.400024,1042.300049,3856.399902,322.442383
2026-01-19,1413.599976,3163.600098,927.900024,1681.199951,2413.899902,1380.599976,2010.0,1038.400024,3869.800049,326.36026
2026-01-20,1394.0,3102.300049,931.200012,1658.900024,2379.100098,1375.800049,1996.0,1036.400024,3810.5,319.601898
2026-01-21,1404.599976,3122.600098,920.349976,1654.400024,2368.0,1349.0,1996.099976,1028.650024,3766.5,318.08371
2026-01-22,1402.5,3150.399902,918.700012,1663.5,2390.600098,1345.5,2002.199951,1048.349976,3793.800049,318.181671
2026-01-23,1386.099976,3162.5,916.099976,1670.800049,2409.5,1343.400024,1984.699951,1029.5,3743.800049,316.761414
2026-01-26,1386.099976,3162.5,916.099976,1670.800049,2409.5,1343.400024,1984.699951,1029.5,3743.800049,316.761414
2026-01-27,1380.5,3158.0,926.400024,1682.699951,2400.899902,1361.400024,1973.400024,1053.150024,3787.800049,312.108917
2026-01-28,1396.699951,3200.100098,932.700012,1666.5,2378.399902,1367.699951,1957.699951,1063.5,3794.0,314.557617
2026-01-29,1391.0,3144.399902,935.5,1659.5,2352.600098,1383.599976,1967.900024,1066.199951,3932.899902,312.059967
2026-01-30,1395.400024,3123.899902,929.25,1641.0,2373.0,1355.0,1968.699951,1077.150024,3932.300049,315.537079
2026-02-02,1390.400024,3169.600098,928.099976,1629.400024,2357.300049,1352.800049,1965.400024,1028.699951,3921.300049,308.240021
2026-02-03,1437.099976,3225.300049,948.700012,1656.0,2368.600098,1389.699951,1997.300049,1064.199951,4038.800049,310.149994
2026-02-04,1456.800049,2999.100098,953.099976,1535.800049,2371.0,1408.400024,2025.800049,1068.199951,4087.100098,313.850006
2026-02-05,1443.400024,2991.5,949.700012,1520.199951,2354.399902,1396.5,1992.400024,1073.5,4063.300049,310.200012
2026-02-06,1450.800049,2941.600098,941.099976,1507.099976,2424.199951,1406.099976,2038.400024,1066.400024,4068.100098,325.799988
2026-02-09,1461.599976,2948.199951,937.25,1497.199951,2435.0,1396.300049,2038.199951,1146.0,4113.600098,322.799988
2026-02-10,1458.5,2984.600098,932.400024,1497.800049,2453.600098,1406.5,2011.300049,1144.099976,4169.0,321.399994
2026-02-11,1468.699951,2909.800049,927.099976,1471.900024,2462.899902,1406.099976,2012.099976,1182.900024,4170.399902,318.25
2026-02-12,1448.900024,2750.100098,920.599976,1386.0,2409.699951,1430.0,2014.5,1192.400024,4185.899902,317.450012
2026-02-13,1419.599976,2692.199951,903.900024,1369.099976,2305.199951,1414.599976,2004.699951,1198.599976,4173.899902,313.75
