Date,RELIANCE,TCS,HDFCBANK,INFY,HINDUNILVR,ICICIBANK,BHARTIARTL,SBIN,LT,ITC
2016-02-16,207.583186,902.59086,225.753411,417.06565,690.615888,175.729766,277.358912,154.117491,660.265186,137.165488
2016-02-17,207.464017,901.661089,225.270612,420.977675,692.444723,167.367725,274.541738,144.279275,646.465707,135.282797
2016-02-18,209.901716,917.521761,227.879927,430.137752,706.480926,168.938254,275.822312,147.754248,669.987494,137.479231
2016-02-19,206.445609,920.389395,228.190264,432.885654,707.629322,171.018155,279.962632,149.198375,666.537695,137.210309
2016-02-22,209.815018,926.717636,228.971873,432.790224,736.679639,170.89083,285.895683,150.552277,666.166969,135.663814
2016-02-23,209.576691,917.581064,226.558021,432.236909,730.256868,169.277815,284.273665,148.927606,659.181825,133.55701
2016-02-24,207.702378,894.857935,221.362499,436.530662,718.730707,162.316533,277.913766,145.046471,644.355883,132.413991
2016-02-25,207.269045,881.232111,220.063593,431.51171,719.836572,160.448885,277.828472,142.699727,638.653522,130.12788
2016-02-26,207.745719,892.662984,223.22462,432.046005,725.323166,157.859639,277.316244,143.241263,637.228059,130.889917
2016-02-29,215.51382,884.79204,225.891347,431.435394,724.515121,166.306571,275.182024,147.934764,640.64937,135.215556
2016-03-01,213.444483,903.816699,226.845393,431.39723,705.927936,175.26284,275.139383,147.032179,643.785616,146.578788
2016-03-02,217.929866,921.575849,232.397263,444.06852,727.322318,187.954434,279.791844,165.354786,656.273556,149.671728
2016-03-03,220.584227,945.703433,234.489272,455.270467,728.258018,187.02058,285.938332,166.618439,690.658061,145.682271
2016-03-04,219.93418,941.352199,235.615774,452.274354,728.08786,190.501236,287.38965,171.357017,697.928627,144.225455
2016-03-07,219.93418,941.352199,235.615774,452.274354,728.08786,190.501236,287.38965,171.357017,697.928627,144.225455
2016-03-08,223.379451,936.21048,235.408865,454.373557,721.367786,186.723478,285.127351,168.739495,691.11439,145.234035
2016-03-09,226.196325,937.159485,236.765199,451.797265,717.879871,184.983161,286.706665,166.076854,695.676114,143.754778
2016-03-10,226.629727,933.382433,235.811153,443.839526,715.412847,185.789631,289.139585,166.7538,696.531449,144.247891
2016-03-11,223.086938,945.643881,236.972098,441.186973,729.831774,185.534959,289.224984,164.858329,685.41216,144.337543
2016-03-14,222.404376,948.471612,238.615824,440.538135,731.575632,189.142919,291.956697,165.535291,688.063736,146.130523
2016-03-15,222.718556,934.825661,237.569831,440.633453,728.853508,190.883284,294.090951,168.062556,683.045577,146.130538
2016-03-16,222.274333,922.367076,237.765231,440.824311,719.538564,193.048015,294.346957,167.791769,679.538775,144.965081
2016-03-17,227.209278,934.153805,238.857249,446.453964,727.322239,200.561133,300.237332,170.860579,687.122811,145.682274
2016-03-18,225.730182,961.128394,237.247968,457.617698,724.770186,196.486253,297.292212,173.29758,685.982465,146.489132
2016-03-21,228.217228,970.996844,240.776791,457.617739,751.140981,200.009296,303.054539,178.081301,702.832557,150.702699
2016-03-22,230.572819,982.882688,242.903304,455.709371,749.141927,199.160396,304.505728,178.938769,709.931783,148.282158
2016-03-23,229.400498,984.029375,242.087187,462.083082,746.334786,199.499956,308.518054,178.352085,712.212792,145.727101
2016-03-24,229.400498,984.029375,242.087187,462.083082,746.334786,199.499956,308.518054,178.352085,712.212792,145.727101
2016-03-25,229.400498,984.029375,242.087187,462.083082,746.334786,199.499956,308.518054,178.352085,712.212792,145.727101
2016-03-28,226.069819,995.598704,242.075682,472.120917,745.271333,198.65102,308.176578,178.93876,710.616148,147.833896
2016-03-29,228.326772,983.653599,243.569998,465.21288,741.230803,192.666013,305.40212,172.620658,693.423784,146.601206
2016-03-30,230.463246,990.79307,245.96084,461.815938,747.695817,202.895699,306.68263,178.983905,702.461837,147.587355
2016-03-31,231.394525,1008.591836,248.029889,469.411143,744.931204,204.890688,304.463065,179.390077,701.378296,149.044142
2016-04-01,229.269007,997.062158,247.455136,466.472252,744.25066,203.277715,298.956847,178.036178,711.813731,150.971644
2016-04-04,228.370612,984.068971,246.627519,476.319283,744.293137,204.636027,299.554382,178.2167,712.782898,149.268287
2016-04-05,228.414427,982.842774,247.570084,474.143699,751.013544,201.622291,295.798248,175.599192,704.086901,148.080467
2016-04-06,227.165439,984.464708,245.282682,468.685952,742.549256,193.557379,289.865206,167.430738,692.825062,147.430476
2016-04-07,229.641519,982.763889,244.776917,461.205304,744.208103,190.373868,287.090763,167.566118,689.945483,146.578789
2016-04-08,231.054872,978.412956,244.455073,449.411884,734.12753,189.991884,288.029854,166.031721,682.560887,144.539229
2016-04-11,229.093739,995.539352,246.926434,452.942262,738.253325,191.180357,298.786147,170.499536,693.338313,147.161508
2016-04-12,231.712258,998.703411,246.213735,456.052846,743.825277,196.019318,300.920318,171.718045,704.172551,145.973655
2016-04-13,234.440357,1006.61395,249.420731,456.072029,765.262053,207.310177,311.164454,174.922238,714.493692,149.133838
2016-04-14,234.440357,1006.61395,249.420731,456.072029,765.262053,207.310177,311.164454,174.922238,714.493692,149.133838
2016-04-15,234.440357,1006.61395,249.420731,456.072029,765.262053,207.310177,311.164454,174.922238,714.493692,149.133838
2016-04-18,233.761064,1009.97596,251.041445,483.914516,769.813144,207.097905,309.883879,172.846285,716.746132,151.666466
2016-04-19,233.761064,1009.97596,251.041445,483.914516,769.813144,207.097905,309.883879,172.846285,716.746132,151.666466
2016-04-20,234.286954,1002.619589,252.880594,475.727632,770.70638,203.405051,311.036324,170.273895,723.018426,151.644039
2016-04-21,230.518015,975.921075,254.06455,477.464336,771.472046,218.855698,306.469251,178.171595,727.038528,150.837174
2016-04-22,229.53196,963.264378,253.075941,468.876831,769.260236,218.176535,305.572844,181.872191,723.617295,148.439052
2016-04-25,228.863656,971.827151,252.880579,467.464738,756.245111,216.775794,310.737551,182.819952,728.521308,145.9064
2016-04-26,224.360648,986.244617,256.328956,473.094175,762.199707,216.223991,310.566827,181.781957,731.857101,147.183959
2016-04-27,224.80982,994.590152,258.627864,474.162858,760.49848,213.082918,325.591515,181.330661,734.879335,149.940658
2016-04-28,223.330785,1004.636578,261.317616,473.113229,762.880293,210.536113,328.664766,178.893645,731.543472,148.820058
2016-04-29,218.805845,1005.427549,261.156706,466.987621,748.035958,207.479961,318.079265,175.102756,721.963574,146.175358
2016-05-02,217.458242,1000.681416,259.777356,462.254842,737.530383,195.679738,311.164443,170.093381,716.20426,145.234012
2016-05-03,218.01703,1000.680714,260.926832,462.655644,739.231727,195.25527,316.286431,170.905717,731.685941,144.987468
2016-05-04,215.551885,986.461922,260.81182,455.327698,728.087916,187.445074,315.21937,166.43787,717.287857,143.216889
2016-05-05,215.497078,984.840472,260.869345,457.61773,733.191898,186.681029,312.444929,164.903476,731.31539,143.575464
2016-05-06,214.039939,982.605727,260.294607,454.106324,728.598297,186.978152,311.121715,166.934308,725.556095,143.172037
2016-05-09,216.05585,995.935079,263.2142,458.590915,739.827114,191.859518,314.066862,170.950842,739.526419,146.085695
2016-05-10,215.771013,1002.243324,263.80041,464.354049,738.295948,193.132925,315.262034,171.763199,754.238452,146.130536
2016-05-11,214.905477,998.940766,263.2257,463.609876,737.360157,192.326431,322.219548,170.138533,760.681922,144.225444
2016-05-12,217.852708,1016.462879,264.834995,462.961069,733.277058,197.717155,310.353399,171.041096,764.046401,143.934072
2016-05-13,217.052898,1014.920318,263.915366,461.816061,725.57822,195.637312,309.030205,169.642065,749.847767,144.203028
2016-05-16,215.288946,1014.445376,268.030468,467.025694,721.792912,193.302686,304.03626,166.97945,739.013305,147.923551
2016-05-17,215.420407,1024.907328,268.80057,467.827179,723.366632,193.132926,306.469187,161.202857,746.426366,149.470025
2016-05-18,213.097689,1014.861173,264.605079,463.342621,709.926148,193.09048,301.00574,162.872637,748.25109,150.075168
2016-05-19,212.966235,1012.547195,262.696922,464.163276,705.927927,193.981876,301.176438,163.36906,745.856123,149.716529
2016-05-20,209.153475,1014.840877,264.030311,465.441849,698.399475,192.114208,295.7983,157.682731,729.71869,151.823359
2016-05-23,206.129571,1006.969973,264.363657,459.964894,702.440379,190.076759,297.719035,155.877561,721.821047,158.905733
2016-05-24,206.852695,984.167753,262.915374,454.850578,701.334287,191.180383,296.182478,153.8016,711.984704,157.695475
2016-05-25,208.780977,1001.847653,270.340879,462.999146,715.795651,200.009317,300.920279,158.675589,740.52444,160.228114
2016-05-26,208.693318,1014.485326,273.317935,473.189595,726.471602,206.291454,303.908159,167.430723,846.729133,163.164136
2016-05-27,214.061846,1020.398097,273.570816,480.708503,736.637115,210.705922,305.274114,182.684518,848.126225,163.119308
2016-05-30,215.06979,1044.960571,274.72023,485.479297,737.700481,209.347596,304.932618,184.038423,853.315263,164.746314
2016-05-31,213.207273,1046.958013,272.628306,483.475592,731.490437,211.385055,304.76189,185.663089,847.983631,165.182821
2016-06-01,211.695308,1046.166817,271.950119,484.14346,734.467912,208.371345,311.036375,188.009814,846.301607,166.44658
2016-06-02,209.734131,1049.845105,271.409824,486.58617,743.442435,205.782098,314.152267,182.594275,845.474579,165.665353
2016-06-03,210.994098,1051.308362,272.421367,488.265445,755.394473,209.17784,312.188878,184.85538,847.328003,165.366653
2016-06-06,211.016045,1054.622287,271.823645,487.387633,758.796998,208.838275,306.511913,185.266918,840.14304,164.034003
2016-06-07,210.566824,1054.62236,271.271875,485.670101,764.58175,216.351353,300.578871,193.085452,855.339667,167.15888
2016-06-08,209.920383,1050.446229,270.812123,482.406862,772.407738,221.742077,305.828965,193.771268,863.721849,167.733302
2016-06-09,213.963231,1047.988549,267.639595,473.467475,764.751736,220.086672,304.249701,194.594293,863.151497,166.791262
2016-06-10,215.705283,1040.335676,269.593668,459.471058,752.672288,218.728354,301.816681,193.405521,858.190715,164.815207
2016-06-13,215.497072,1020.394499,267.811984,457.501777,749.397231,210.875706,299.212937,185.266915,840.456511,162.471538
2016-06-14,215.924401,1022.631805,265.984392,456.536576,744.505674,210.069187,294.090927,190.753614,840.086059,162.678316
2016-06-15,216.165423,1025.009725,269.179916,460.494277,745.696789,211.554841,301.219109,198.937909,865.033376,165.435577
2016-06-16,215.540915,1024.929905,268.708627,459.277929,749.312122,211.143502,300.450789,199.806625,860.471552,165.159866
2016-06-17,214.445285,1043.033392,270.812154,460.532736,752.587262,209.843888,306.383866,198.892172,856.964792,165.757282
2016-06-20,217.502062,1066.211743,271.099482,467.888226,750.587985,207.461252,312.444922,198.160607,861.041794,165.895161
2016-06-21,217.841696,1065.012587,270.225909,469.046533,747.738401,208.804206,311.335114,198.892184,861.554976,165.297739
2016-06-22,216.033956,1070.087951,270.12243,467.946028,746.315438,209.973832,313.29859,196.834686,857.050234,165.044995
2016-06-23,215.179384,1062.814999,273.996121,469.065801,750.830578,209.194069,312.23153,199.34941,859.87288,166.124905
2016-06-24,211.432369,1036.319457,269.409785,462.945985,741.542127,201.786305,307.322857,194.182792,837.092287,165.481559
2016-06-27,210.008044,1017.856604,268.743096,456.845457,751.561822,203.085885,305.572894,200.126684,837.890674,166.07895
2016-06-28,210.698291,1000.232974,269.685689,452.714039,765.408801,202.91261,306.042362,199.943775,850.492721,169.640415
2016-06-29,212.319811,1004.069087,271.064774,455.571362,769.020895,206.464881,307.57899,200.080979,851.348039,170.008068
2016-06-30,214.193321,1024.210603,273.498453,457.347429,776.546583,210.363725,315.859577,202.91574,858.13363,170.812235
2016-07-01,214.03992,1024.890083,274.657367,455.609842,777.965635,210.233768,318.292592,202.092751,880.999747,179.049564
2016-07-04,217.721213,1009.4045,273.382524,461.247122,776.417403,215.692096,320.896274,205.15614,899.247026,175.086013
2016-07-05,219.759073,997.894743,272.177285,458.505672,770.784067,217.554873,319.274371,205.887692,902.098114,170.260793
2016-07-06,219.759073,997.894743,272.177285,458.505672,770.784067,217.554873,319.274371,205.887692,902.098114,170.260793
2016-07-07,219.23315,995.81693,275.52646,452.134787,791.253491,214.045943,316.969375,205.384781,902.069582,171.398166
2016-07-08,216.713267,975.915223,274.796335,450.590506,796.671773,211.836607,309.24368,201.955576,887.357734,170.536535
2016-07-11,218.017016,987.804234,278.574348,455.107934,804.068332,217.208348,312.359587,206.162031,895.939646,173.431657
2016-07-12,220.21921,989.08313,280.428606,455.745022,803.208299,227.172018,311.164397,207.762308,896.2534,173.672899
2016-07-13,222.782951,998.773783,278.585915,461.710483,799.639012,231.93725,312.402247,208.951104,895.14134,171.777276
2016-07-14,222.213219,1010.663092,278.632361,461.807048,804.154222,233.583446,313.896197,212.928942,895.797205,173.018058
2016-07-15,223.725181,1010.183819,284.160177,459.432349,818.30234,233.80005,324.353694,214.346318,909.511173,174.086509
2016-07-18,227.614637,986.685737,287.057469,418.890792,814.130942,235.013034,324.396398,213.843403,914.443526,172.294277
2016-07-19,224.152486,988.203939,285.261142,420.859997,779.986787,234.363215,314.322942,212.288829,902.953507,172.328719
2016-07-20,225.324788,1000.072948,287.057444,420.821399,782.910922,232.370467,313.255886,212.83748,904.379064,173.707402
2016-07-21,224.60167,1006.866329,287.381954,419.778811,785.792102,233.063601,315.6035,212.243087,898.10655,174.741335
2016-07-22,223.02399,1008.665063,286.165138,416.960289,786.95318,229.078118,315.688964,206.573527,899.759994,176.602485
2016-07-25,224.327775,1026.984198,289.595437,418.25373,782.050901,234.753054,318.249929,211.237205,905.975526,173.707385
2016-07-26,226.749124,1028.907628,288.714659,420.821423,784.286934,233.496813,318.377975,212.334542,911.221778,174.775815
2016-07-27,224.820781,1033.875601,289.155085,423.369681,782.179882,237.222361,322.0487,211.23723,920.91553,174.879226
2016-07-28,225.806858,1053.568519,290.012638,419.68229,785.233029,237.395635,325.933047,215.032146,916.12578,176.051056
2016-07-29,224.579766,1055.71223,289.722902,415.743996,795.553747,235.099651,317.481598,212.791771,908.627387,176.809307
2016-08-01,223.571817,1091.812214,291.79735,420.029847,799.897055,226.392254,313.298628,212.746057,904.379136,175.913175
2016-08-02,223.506079,1088.085948,291.217876,418.929439,809.18566,216.125324,311.420554,211.145762,863.208689,180.600527
2016-08-03,222.27898,1081.394752,289.711324,419.508575,797.101899,214.219253,307.664345,210.779995,865.118893,179.221884
2016-08-04,219.123618,1074.964161,288.958088,419.663047,793.18861,212.313136,314.792543,209.13396,853.058655,175.671929
2016-08-05,223.286944,1075.504751,291.032459,414.469913,798.692969,215.43221,317.140171,213.889102,864.89091,176.809325
2016-08-08,226.573826,1068.974069,290.881827,417.385051,803.595272,214.609109,311.505886,215.718002,869.395666,175.602962
2016-08-09,226.683353,1065.688585,290.395067,418.736327,804.928455,215.302238,303.097184,217.638345,861.041951,172.328751
2016-08-10,226.694317,1074.583515,289.943087,420.04918,804.455315,213.612753,301.68865,216.632434,857.620564,171.225829
2016-08-11,224.130592,1087.805271,286.246236,422.79053,806.820479,210.840268,297.178297,211.785867,843.364791,174.258817
2016-08-12,228.524023,1099.745556,286.246225,416.53558,814.474932,214.522483,299.106606,226.737097,858.589776,176.119965
2016-08-15,228.524023,1099.745556,286.246225,416.53558,814.474932,214.522483,299.106606,226.737097,858.589776,176.119965
2016-08-16,228.940325,1097.822358,287.045884,408.523753,811.808916,216.125327,301.120617,226.691364,862.552824,177.843233
2016-08-17,225.43434,1081.394922,286.82564,406.438749,796.155817,217.988111,299.535112,228.428815,863.465279,176.981605
2016-08-18,224.305883,1064.787441,290.858611,401.206959,788.415315,219.894202,303.306099,228.977484,865.106171,176.051042
2016-08-19,223.944312,1060.33989,289.722944,401.168351,787.555258,221.540372,304.248866,237.756161,864.124952,173.983133
2016-08-22,223.440329,1039.505165,290.754307,397.693398,803.208228,220.890584,302.534729,238.121931,868.165579,175.602981
2016-08-23,222.41045,1043.71209,290.649975,402.326661,801.273165,218.334669,304.591652,233.915494,862.797281,175.775294
2016-08-24,223.933366,1042.530663,293.014162,410.068279,795.510616,218.074749,307.119921,234.281275,859.189464,173.707402
2016-08-25,225.47821,1037.601994,293.616822,408.350036,792.973542,216.775128,303.391798,233.686892,856.216735,175.775309
2016-08-26,225.872607,1030.730564,292.481078,403.871168,786.781073,215.562171,298.335261,229.251802,842.738259,175.706395
2016-08-29,232.21625,1015.665463,290.99767,397.693388,780.932811,218.897839,298.035308,228.474541,844.931759,175.051538
2016-08-30,234.133563,1021.615561,294.474316,403.485112,796.671679,222.580059,294.907086,231.26359,853.041917,177.774329
2016-08-31,235.338742,1021.695594,300.152925,403.774586,796.843869,226.002375,288.736452,233.915505,876.217958,180.255883
2016-09-01,235.064843,1015.665592,298.994028,401.728202,799.423986,228.731555,284.836906,233.046761,875.987159,181.289821
2016-09-02,226.256075,1009.435591,298.762217,401.554491,796.886825,228.991503,275.066641,233.366821,873.071973,181.772363
2016-09-05,226.256075,1009.435591,298.762217,401.554491,796.886825,228.991503,275.066641,233.366821,873.071973,181.772363
2016-09-06,224.601689,1009.736045,302.215796,404.990885,808.239539,237.308979,276.652203,239.12783,879.854623,183.288848
2016-09-07,225.050912,1001.542314,302.470708,408.890636,807.508506,245.843125,276.309383,247.174944,889.783105,182.634004
2016-09-08,227.0011,945.569256,300.210847,403.485025,820.151353,243.200541,280.423186,248.363767,892.380713,183.047592
2016-09-09,230.057836,948.233489,300.037047,401.940622,820.495484,239.128451,280.037488,245.437543,889.581064,182.28933
2016-09-12,231.394509,947.151818,297.696109,408.504432,795.424566,233.453481,275.923709,236.6131,861.007886,176.947152
2016-09-13,231.394509,947.151818,297.696109,408.504432,795.424566,233.453481,275.923709,236.6131,861.007886,176.947152
2016-09-14,232.051892,952.621087,295.980925,408.427246,795.123685,237.222356,277.03786,235.92729,855.466316,174.465632
2016-09-15,234.506078,938.397649,297.580185,404.179983,791.984455,237.179039,278.537673,236.247344,852.609048,177.774314
2016-09-16,239.68834,951.979833,302.354839,411.014133,798.649941,238.781879,279.823275,239.585077,865.279411,180.738389
2016-09-19,238.406499,972.413954,301.891296,412.713066,793.40362,236.009371,278.537672,236.201599,860.084226,181.01413
2016-09-20,237.694315,968.366949,300.152925,408.176343,788.501347,237.568904,277.680635,234.464153,856.822959,178.704933
2016-09-21,237.727184,971.211993,300.848253,409.759348,786.566149,236.529241,276.823568,234.326984,858.871997,178.394715
2016-09-22,240.115637,972.814497,305.240458,409.662778,789.490241,240.774635,281.065994,236.338793,868.165705,177.291827
2016-09-23,243.106649,963.138846,305.588127,408.813382,784.802917,238.998481,282.822838,236.658831,875.958331,177.153948
2016-09-26,247.511066,969.248651,303.374638,403.098918,786.007084,232.803675,281.70872,232.680983,872.754601,174.569036
2016-09-27,246.722196,980.828117,302.737293,405.377004,774.869458,228.99148,275.880937,232.17805,852.176105,171.811764
2016-09-28,242.788956,976.621195,301.311854,402.442554,774.783303,227.388635,277.209222,233.915497,846.807689,171.915158
2016-09-29,243.39156,984.233627,302.702515,403.465725,767.859943,228.298346,277.423569,234.784198,847.962263,171.846201
2016-09-30,239.84173,981.549097,296.908042,403.060313,756.722002,219.460985,271.252889,230.897804,831.53977,170.226324
2016-10-03,242.777969,984.694227,298.970881,401.55448,755.13089,222.580048,274.252453,234.692777,851.281305,168.330713
2016-10-04,242.854686,971.632532,300.152951,405.956191,749.970672,225.222621,278.409101,239.585078,854.052052,168.158398
2016-10-05,242.46025,967.765884,301.323443,405.357646,751.432909,225.785764,279.52329,242.236977,843.863871,167.675881
2016-10-06,246.787932,962.557293,300.292046,403.485042,762.742391,222.710031,278.751912,239.585076,847.067547,166.814211
2016-10-07,246.086713,956.788116,298.472559,399.160643,765.193572,219.980833,278.066323,237.664748,842.709267,165.607924
2016-10-10,245.856696,956.347456,298.507334,398.369059,761.624432,219.374349,274.166756,238.030485,845.884209,167.227804
2016-10-11,245.856696,956.347456,298.507334,398.369059,761.624432,219.374349,274.166756,238.030485,845.884209,167.227804
2016-10-12,245.856696,956.347456,298.507334,398.369059,761.624432,219.374349,274.166756,238.030485,845.884209,167.227804
2016-10-13,238.636548,949.535845,296.444437,408.50453,752.335834,215.2156,269.024537,233.503984,835.551678,166.435094
2016-10-14,237.091724,956.38738,293.894931,418.041342,735.822797,210.536993,263.882283,231.858004,852.811078,165.780254
2016-10-17,236.828783,951.900004,293.524064,402.249517,731.90946,225.179292,262.125345,234.509899,852.580124,166.641905
2016-10-18,237.256105,967.886332,292.040718,401.747493,737.069825,235.142988,263.968076,235.652946,861.181037,169.950618
2016-10-19,239.874609,965.602621,292.736039,403.755365,736.166596,235.402907,265.210682,235.92728,866.433848,169.330197
2016-10-20,240.597711,965.342233,293.76742,405.685835,730.576278,241.641014,266.110609,238.579168,870.185974,166.366161
2016-10-21,240.378615,974.377296,295.042223,406.251413,732.98441,242.637392,266.881965,237.527549,873.99573,166.228305
2016-10-24,235.338739,978.197136,295.946129,406.91475,735.349656,248.182421,263.968076,242.236966,877.401347,166.814213
2016-10-25,233.42139,970.042119,293.894915,405.431832,730.877223,252.644399,267.738942,241.916901,865.481368,167.434593
2016-10-26,232.150502,965.281111,293.199643,397.997629,728.297203,246.449605,276.737869,242.191245,859.507088,167.158859
2016-10-27,230.934346,976.028042,291.345314,397.256076,731.049299,246.926116,279.094733,236.018731,855.985809,168.744278
2016-10-28,231.832767,970.242773,292.481058,394.153652,728.426093,244.76009,276.78071,236.658808,857.140392,168.399619
2016-10-31,231.832767,970.242773,292.481058,394.153652,728.426093,244.76009,276.78071,236.658808,857.140392,168.399619
2016-11-01,231.383565,964.056008,292.933009,392.90482,730.887174,242.377485,274.852385,238.579175,854.918028,167.365686
2016-11-02,228.513047,941.678894,291.044032,385.372898,735.874255,236.745829,270.481516,234.098362,839.880856,164.711784
2016-11-03,226.738153,938.06318,292.04067,383.226553,735.91764,239.47502,270.267234,231.172153,846.605785,167.021007
2016-11-04,225.018024,938.525321,290.371901,382.133871,751.442521,236.095997,266.153428,226.234132,827.98987,176.740336
2016-11-07,222.750121,942.040545,290.847037,384.787635,738.736335,243.633754,267.310538,232.178022,826.431251,178.980641
2016-11-08,220.372606,926.81461,291.577112,385.470527,734.399723,249.048805,262.896742,232.360947,811.596269,177.429654
2016-11-09,221.095722,913.959074,291.438046,380.338657,724.512394,246.709501,261.396951,238.716323,813.385676,175.775331
2016-11-10,225.467256,890.85897,297.371612,375.61672,730.193264,258.535958,269.195931,259.885743,823.718235,174.396686
2016-11-11,222.958265,862.556515,297.139773,368.787288,706.862356,254.940402,263.925153,264.092231,813.327934,171.604953
2016-11-14,222.958265,862.556515,297.139773,368.787288,706.862356,254.940402,263.925153,264.092231,813.327934,171.604953
2016-11-15,219.123609,866.774507,298.762292,366.816509,702.352515,243.287213,261.311184,259.199955,812.462126,170.191858
2016-11-16,218.422402,887.404021,293.894924,373.411804,705.5614,241.03452,266.839044,260.434438,801.379129,164.815209
2016-11-17,218.718219,887.283556,289.467938,370.348264,707.729835,234.493165,270.48157,258.056863,798.897053,161.299703
2016-11-18,217.523991,863.741451,286.477986,364.201802,706.689083,233.063612,260.925529,256.045141,797.944529,159.507478
2016-11-21,217.710268,859.723977,282.653642,361.723694,698.883251,231.330775,261.868252,253.850433,795.837746,157.577392
2016-11-22,220.832754,874.769122,279.710036,362.406712,713.367427,230.984215,261.78261,240.179443,785.043238,157.232738
2016-11-23,221.424409,868.943968,278.829289,360.162745,723.341557,230.334418,264.182285,238.076223,799.474218,157.025945
2016-11-24,220.339737,886.8818,274.958635,366.796961,723.775278,228.55826,261.139783,240.499519,788.448943,155.268182
2016-11-25,218.225191,926.915218,276.557843,384.397312,726.810779,227.345309,262.254007,241.871183,793.817419,158.852633
2016-11-28,219.255063,931.816398,277.879029,383.792475,730.236753,222.363444,275.2809,235.698645,792.085554,161.437586
2016-11-29,220.065832,920.78859,276.499951,384.280249,729.412639,224.746073,279.394674,234.555589,790.642593,162.437086
2016-11-30,219.112634,921.89332,278.597564,381.275311,737.478851,230.897561,280.080362,237.893338,803.082015,161.575434
2016-12-01,222.410445,919.985193,279.965057,383.831444,742.162312,232.197203,278.366271,238.670616,809.57601,161.989
2016-12-02,220.219217,912.271794,278.585951,378.387457,735.831024,229.2514,275.366665,239.036382,796.35722,160.610383
2016-12-05,219.057836,899.034371,277.890582,377.997168,738.432842,226.47892,281.665862,235.744368,787.814026,160.748291
2016-12-06,220.558869,885.415323,278.794539,382.250968,737.045184,227.561912,284.494087,237.893324,793.124713,160.610383
2016-12-07,220.788918,877.581514,279.501518,379.714289,732.014642,229.078116,287.065158,240.270894,793.75959,159.576399
2016-12-08,223.900499,883.426627,279.420398,384.826557,734.443068,228.211712,286.251042,238.213377,794.134835,162.195843
2016-12-09,226.102679,891.823084,278.667104,393.431618,734.616631,233.756709,289.207832,244.340212,792.720601,165.159856
2016-12-12,228.26106,890.899404,276.314526,383.538738,733.619257,232.457127,282.822889,246.306276,793.644122,161.782219
2016-12-13,228.107667,891.059695,275.897307,387.460817,725.423037,229.901208,283.637039,243.928694,795.953151,163.298716
2016-12-14,233.246113,893.751289,275.352655,392.182783,722.344147,229.338046,282.608584,243.471453,797.684929,163.022983
2016-12-15,233.936338,912.793967,276.859226,397.646317,714.408243,226.738812,276.266543,244.614497,789.141636,161.575419
2016-12-16,232.709263,919.985056,274.657315,394.036532,717.270348,225.265913,273.90968,243.562898,787.640907,159.093895
2016-12-19,233.793919,923.078302,273.382599,393.47069,709.291088,224.356201,266.967631,241.871163,784.466061,157.853099
2016-12-20,232.490146,942.080793,274.657289,397.665856,704.910969,222.40678,262.896711,240.408068,785.736045,159.093885
2016-12-21,233.870609,941.598659,274.657335,398.836596,698.189395,221.237162,262.553875,235.927276,785.360812,158.404565
2016-12-22,232.851677,934.045889,273.382526,392.982837,696.021075,220.76062,257.925878,232.498103,775.807639,157.439527
2016-12-23,234.232157,931.133112,275.642356,392.826757,693.332483,220.717297,254.669119,230.257704,774.653158,156.819154
2016-12-26,233.58574,924.645383,274.912242,387.90955,698.10259,218.724526,254.540587,227.057145,776.384916,155.681791
2016-12-27,233.826769,936.054539,275.097745,390.992554,701.224895,220.370715,257.79731,228.565977,784.754746,161.920103
2016-12-28,234.363634,944.049136,276.963467,394.075512,712.239898,220.760608,259.768517,230.897822,786.919364,162.954055
2016-12-29,234.199328,948.066711,279.976624,393.373064,712.89026,219.201082,260.925507,227.560085,781.580013,163.367638
2016-12-30,237.749132,955.579523,280.915371,394.934056,719.395193,223.099898,263.196656,230.71493,782.445783,167.089962
2017-01-02,238.844731,954.173281,280.474941,395.304818,718.137642,222.060222,267.396182,231.94941,790.23847,166.98656
2017-01-03,240.378577,952.807065,278.585972,392.163368,722.300658,221.280467,269.067385,225.319699,793.701928,169.3647
2017-01-04,239.502098,959.697045,276.279783,391.890141,726.290365,221.583702,270.138683,225.319689,797.367385,170.260767
2017-01-05,236.631579,960.139203,276.859196,393.958438,724.859371,223.966314,276.823639,224.862447,805.246581,170.846684
2017-01-06,237.749139,935.793737,277.763117,389.802301,758.727941,226.478909,282.822855,227.697248,810.268533,171.639429
2017-01-09,237.968223,928.542156,279.095825,381.255848,727.287891,225.135958,275.452366,227.102861,806.949586,169.985078
2017-01-10,239.808858,935.974254,282.027896,382.836307,725.032893,226.912103,275.109465,227.697254,805.246641,172.225344
2017-01-11,240.093728,935.894182,286.964751,381.841215,732.881919,232.283816,278.237701,231.537931,818.436544,172.673396
2017-01-12,238.921408,948.106959,288.262676,391.968175,731.754436,233.496812,278.837623,232.680972,839.476884,170.743309
2017-01-13,240.488165,947.283568,287.335602,405.861099,724.729235,233.929997,278.537661,230.989263,842.767122,173.018058
2017-01-16,239.710251,913.517241,289.595437,376.767907,721.043186,234.666446,277.166475,234.464166,836.994716,172.914662
2017-01-17,234.023995,919.101222,290.279189,376.202067,731.147363,235.229605,274.081066,236.521667,842.738287,173.914173
2017-01-18,229.641538,923.198943,291.113556,375.031286,752.613533,235.749448,273.224005,237.116053,847.962213,175.292775
2017-01-19,229.049906,922.05384,288.540834,374.484882,759.72537,234.53651,276.480828,239.585059,844.498934,175.602992
2017-01-20,227.329783,924.002521,288.564001,371.967823,756.299532,232.153871,280.680231,238.213372,839.246056,176.671439
2017-01-23,225.916441,932.076986,289.722919,373.860501,751.789425,226.825462,275.966552,233.366834,815.636949,179.32527
2017-01-24,225.434358,935.904693,294.706163,370.738483,747.973414,224.00964,273.395436,235.012827,821.986583,179.738883
2017-01-25,226.288954,950.811598,300.292009,369.48969,754.521459,225.959065,269.710175,238.670621,839.303646,183.633516
2017-01-26,226.288954,950.811598,300.292009,369.48969,754.521459,225.959065,269.710175,238.670621,839.303646,183.633516
2017-01-27,225.456287,958.365371,301.311816,369.782452,759.508517,237.395635,281.108825,245.254655,848.683843,184.012634
2017-01-30,229.301881,947.568067,299.677774,371.323913,748.667105,238.781875,317.061572,244.980304,846.80774,179.911238
2017-01-31,230.912452,939.550446,299.619832,367.421394,748.406969,237.395639,302.534732,241.276781,839.880952,179.187414
2017-02-01,230.276978,902.444459,303.629623,360.279758,752.439967,245.626492,299.877932,248.63806,862.883856,186.183957
2017-02-02,230.255103,894.004499,302.632946,368.787299,744.850978,249.092156,308.362604,251.472891,862.39312,192.939272
2017-02-03,230.178374,903.673764,305.020216,367.18725,739.343473,246.88277,310.248097,254.719165,858.929815,189.906297
2017-02-06,228.962268,909.918442,305.947393,368.299434,747.626393,253.207538,305.920068,258.331282,865.85655,192.318888
2017-02-07,228.403467,907.541449,305.483844,370.660502,748.753794,253.597464,307.505568,256.045115,868.627477,201.383344
2017-02-08,227.505092,919.628132,305.646028,368.436053,745.80514,249.958561,304.977337,255.35927,872.206202,192.318879
2017-02-09,226.573808,937.918894,305.92425,370.738494,742.509138,250.175127,305.962931,256.319393,872.119698,191.905279
2017-02-10,226.913442,976.777251,303.339874,379.323999,744.503953,247.92249,308.876847,258.605532,870.561199,192.387787
2017-02-13,226.573795,978.610601,304.788481,384.826555,750.011532,246.146371,308.534075,254.444808,871.05169,190.492163
2017-02-14,230.715258,974.843275,304.556745,385.95828,752.873631,247.705878,317.018692,249.643936,869.868484,188.527648
2017-02-15,231.723211,978.207519,306.874518,389.782767,739.386775,248.139102,319.246997,249.186719,869.146685,189.906274
2017-02-16,234.341768,998.351733,308.960506,395.675554,739.386842,243.850375,316.161724,253.301784,857.198077,187.149007
2017-02-17,236.259066,997.384967,337.005647,395.617068,735.440544,247.879156,318.989924,250.238369,857.19803,185.356808
2017-02-20,236.401507,1029.374404,328.070572,402.348839,744.157209,247.922475,324.817791,248.31801,861.238729,184.357254
2017-02-21,239.052889,1017.649798,329.542456,399.812249,751.615878,247.619274,323.875044,248.272287,860.141937,183.530102
2017-02-22,265.501087,995.128964,328.847114,396.104865,753.69755,249.438701,319.247014,251.198524,859.36265,183.530106
2017-02-23,267.769062,1004.496084,329.438136,398.056144,756.29962,250.175131,343.672643,249.643977,869.320008,184.874261
2017-02-24,267.769062,1004.496084,329.438136,398.056144,756.29962,250.175131,343.672643,249.643977,869.320008,184.874261
2017-02-27,275.394486,1008.021003,324.107234,399.226862,755.041875,247.40265,314.919003,248.226579,865.856586,183.357799
2017-02-28,273.46624,1003.186712,323.62048,399.109791,753.220617,242.680695,319.761257,248.043687,858.900967,182.392739
2017-03-01,272.677407,1007.980887,323.678441,400.787842,764.018794,243.41716,316.118849,249.918297,857.111365,185.90824
2017-03-02,274.934388,1011.243951,323.562539,401.178149,765.83994,246.492886,313.676273,251.198554,863.172402,186.287358
2017-03-03,282.187326,1007.09426,320.89709,403.636727,763.021113,241.641005,309.819585,245.894756,853.359523,181.565568
2017-03-06,287.490133,1000.769054,322.148732,404.280608,765.970108,242.030915,311.962178,247.220712,859.506916,182.702926
2017-03-07,290.777012,1009.229754,321.5924,400.319558,758.857949,241.944256,310.633817,247.723646,860.979023,182.668499
2017-03-08,286.547897,1015.273025,324.304242,396.846343,759.898836,239.604962,312.0479,247.174947,862.681723,183.013134
2017-03-09,284.422419,1016.884813,324.188388,395.324353,756.29946,239.085108,310.162378,250.466974,855.928117,183.564572
2017-03-10,283.984158,1027.178148,326.343872,401.041521,761.286658,239.561662,314.104818,251.975817,864.413476,182.702925
2017-03-13,283.984158,1027.178148,326.343872,401.041521,761.286658,239.561662,314.104818,251.975817,864.413476,182.702925
2017-03-14,289.024011,1042.326583,330.087163,406.602621,793.594094,249.698616,316.93305,254.581977,905.512854,187.252405
2017-03-15,288.432398,1036.283602,329.125241,403.870848,795.502192,248.65892,313.804858,256.502313,900.490917,186.597555
2017-03-16,287.139553,1018.093204,329.785798,402.622033,791.3391,249.048796,313.333456,256.227977,909.149507,186.976685
2017-03-17,289.232118,1025.74792,330.86355,406.992854,790.124851,248.398994,311.105151,255.587868,907.937203,199.143103
2017-03-20,286.230201,1017.670004,333.726041,400.612267,793.810887,242.334145,301.934847,251.244281,897.835667,195.903307
2017-03-21,281.332844,1003.99225,334.919671,403.890349,786.742393,239.821575,301.506347,253.34749,903.14618,198.936302
2017-03-22,277.388556,1005.603848,333.065453,405.841611,787.522805,232.846987,298.678096,247.815081,895.728705,198.419326
2017-03-23,279.941334,1001.191927,332.601897,407.031841,788.390243,232.413781,292.85014,246.351942,899.5673,194.731469
2017-03-24,283.107685,995.048243,332.47444,407.422067,785.094269,239.864908,297.99245,255.084949,899.336404,195.076142
2017-03-27,280.204355,983.042327,330.052313,406.583091,792.162954,242.594077,292.978754,256.776641,897.604642,195.007186
2017-03-28,276.97223,984.411902,330.214542,405.470871,784.920993,240.471367,294.392865,258.69697,899.220979,194.524715
2017-03-29,276.095752,987.393505,332.555573,406.446536,793.507524,245.020013,296.878299,265.098148,904.877834,195.558638
2017-03-30,279.327823,993.114336,343.020326,404.261074,801.22651,245.409898,302.020516,268.618737,906.263177,196.213469
2017-03-31,293.110656,983.384542,337.005657,401.685463,798.147454,245.106664,301.934841,269.761827,919.914944,195.076134
2017-04-03,302.500142,981.027585,336.101752,402.914727,801.703411,249.005506,296.535474,270.401894,961.678233,195.48972
2017-04-04,302.500142,981.027585,336.101752,402.914727,801.703411,249.005506,296.535474,270.401894,961.678233,195.48972
2017-04-05,310.717257,974.944146,335.26734,392.358409,813.065353,248.225761,297.606763,273.190987,981.27525,195.420777
2017-04-06,317.488138,970.955597,334.456119,392.514563,812.024525,245.799784,293.964363,272.093629,982.660782,192.422255
2017-04-07,314.22326,980.322595,334.919675,390.602275,808.945558,245.193286,300.349322,269.578914,992.819927,188.975664
2017-04-10,312.229179,986.668134,334.456109,386.153486,806.343621,241.727686,298.592342,265.509662,986.557289,189.561604
2017-04-11,306.871668,984.290978,334.038879,379.206973,802.961174,246.276301,304.891612,269.898981,986.499422,194.800402
2017-04-12,303.803968,978.207445,336.067023,381.236297,802.874443,247.749204,303.306099,270.173306,987.942482,196.316881
2017-04-13,300.944314,970.553106,335.82361,386.348562,805.909947,247.619249,302.963301,268.024343,978.129277,194.38683
2017-04-14,300.944314,970.553106,335.82361,386.348562,805.909947,247.619249,302.963301,268.024343,978.129277,194.38683
2017-04-17,305.797977,939.892926,334.641583,363.752965,801.226349,247.532591,294.221469,267.704293,975.300846,194.731483
2017-04-18,308.964237,940.416801,337.237471,364.494526,798.754641,252.644426,294.264352,271.499283,980.698111,195.765479
2017-04-19,302.949306,946.258558,337.643115,362.933518,796.586512,246.926101,292.893033,266.789848,966.873342,194.04213
2017-04-20,303.880615,939.530503,339.798686,362.816403,795.84904,239.345053,294.649982,262.354792,973.56915,194.042167
2017-04-21,311.37465,941.00098,347.435699,364.806723,801.313346,237.22236,296.535565,262.446218,982.285405,194.386831
2017-04-24,314.442398,942.612485,356.706859,362.348091,789.170689,235.099628,296.921171,263.223505,1002.315596,191.319352
2017-04-25,321.618668,944.546256,358.213398,364.104174,804.00185,236.789126,308.36263,264.092213,1010.166062,194.386864
2017-04-26,315.54894,944.345146,359.951747,365.09936,819.613539,240.817929,308.53403,264.73235,1018.247492,201.900336
2017-04-27,312.064846,937.838148,364.807483,362.543276,824.817539,240.038159,310.205224,263.314998,1024.019681,201.211044
2017-04-28,311.221213,926.134666,361.550995,361.918842,820.047268,242.074241,306.734208,265.875415,1019.257574,197.488759
2017-05-01,311.221213,926.134666,361.550995,361.918842,820.047268,242.074241,306.734208,265.875415,1019.257574,197.488759
2017-05-02,307.211255,927.443809,359.464995,361.528628,812.891895,243.330523,305.06306,267.475698,1019.979253,193.90432
2017-05-03,302.554896,944.768159,360.241394,366.484834,812.63159,240.038171,299.963665,268.115825,1007.42418,192.66352
2017-05-04,302.302921,946.782286,357.610797,366.699386,832.623363,259.705646,301.163504,274.334037,1005.519246,194.524677
2017-05-05,299.618592,939.731911,357.610782,365.80185,832.146234,261.438456,299.106597,278.81481,999.256233,193.66306
2017-05-08,293.516068,945.734745,356.938634,370.172622,832.623315,266.983429,304.463032,275.019879,1003.700806,191.97421
2017-05-09,292.234196,951.213938,358.236563,371.499539,830.888751,264.557508,300.820695,275.157013,1014.177969,190.699006
2017-05-10,298.796971,949.259989,360.415324,370.738522,866.448738,262.218213,326.017657,272.642317,1018.824591,190.044128
2017-05-11,300.144571,950.81083,361.574177,370.68004,863.846636,262.088291,317.832874,273.785358,1012.763506,192.422277
2017-05-12,298.884549,954.799572,360.855691,376.982561,856.90812,260.398786,317.361558,276.711607,1014.206703,191.147003
2017-05-15,297.219279,958.04281,360.925174,376.006858,857.645278,262.95466,317.061557,276.162931,1011.060696,192.249954
2017-05-16,301.711261,981.027822,362.037746,374.699622,869.484367,265.034007,323.660781,282.015379,1009.155867,195.972273
2017-05-17,299.311855,991.402108,362.825868,374.036197,877.723812,268.759571,326.446129,282.381137,1018.247413,196.04118
2017-05-18,295.816838,1036.222777,361.921838,380.065597,875.121793,271.05553,327.04605,281.558141,1010.223699,193.731927
2017-05-19,292.68338,1023.55228,363.86878,375.694727,887.047242,270.665655,325.246327,288.325078,1000.93022,203.795931
2017-05-22,292.223228,1028.870435,366.209767,377.333782,891.77421,269.929242,324.47491,282.929793,1015.361048,210.103217
2017-05-23,291.40154,1033.060257,367.032563,377.372751,895.070011,268.369689,322.460971,270.584778,1018.766931,209.482803
2017-05-24,287.862715,1035.417007,365.155163,376.787385,902.008668,268.283049,319.67552,265.601045,1014.149042,208.138692
2017-05-25,287.577814,1062.632272,377.659628,385.021711,910.681817,277.120449,322.546645,266.424095,1024.597033,210.034267
2017-05-26,294.589728,1058.321268,378.262191,390.251104,908.036477,279.849639,326.060508,268.510539,1038.450589,216.307006
2017-05-29,299.202355,1046.093769,381.970669,388.963267,934.099304,277.596936,324.73209,268.372159,1044.771351,220.477394
2017-05-30,299.037983,1037.814641,378.609924,390.251107,932.321314,281.149206,322.932325,267.357142,1058.625098,217.272095
2017-05-31,299.75013,1036.424086,380.811761,387.733911,931.887548,283.661783,323.01798,268.971931,1030.369488,216.031336
2017-06-01,293.625544,1033.000158,380.081719,388.189332,953.570623,282.145616,320.018338,268.879607,1037.87347,218.34054
2017-06-02,293.340725,1044.220655,381.530351,386.505296,956.649561,279.806319,326.831835,268.049198,1041.914106,220.511833
2017-06-05,293.844721,1055.521474,379.873076,385.13833,955.175206,278.67998,323.789328,267.357115,1044.454015,222.817937
2017-06-06,292.29993,1091.398018,380.997286,391.279905,955.608862,278.160121,319.247031,270.309837,1043.674854,223.343048
2017-06-07,294.063875,1087.792297,381.252196,391.834693,966.406994,282.405539,321.603916,268.971898,1035.853227,220.367463
2017-06-08,294.67741,1049.497784,384.612965,381.55235,967.057266,283.315252,320.789702,269.433251,1038.45082,219.317299
2017-06-09,296.463257,1026.312021,387.069774,376.797617,958.731217,279.936228,318.047195,267.034193,1029.734389,218.862135
2017-06-12,291.379616,1012.412442,388.460483,382.443895,958.384138,277.856863,318.647124,264.819658,1026.328758,215.291473
2017-06-13,290.777004,1010.77663,392.145759,381.552388,962.156942,276.124029,315.818896,264.819668,1012.879168,214.241312
2017-06-14,298.00809,1008.698822,389.375961,381.136415,971.047118,279.329788,315.861716,264.173736,1022.489938,214.241275
2017-06-15,305.677423,1006.132333,388.367729,383.533601,972.694565,276.730517,317.532913,263.712423,1017.035091,212.105851
2017-06-16,305.852729,991.995647,388.159207,377.946648,963.457913,276.600608,314.961831,264.496745,1010.74331,216.761742
2017-06-19,310.235189,996.620066,393.09604,372.557873,954.9149,278.723281,316.033105,267.44942,1015.938418,218.33703
2017-06-20,311.615685,997.699203,392.632438,375.192812,954.914834,283.743025,317.832946,268.510524,1021.104853,218.582083
2017-06-21,312.908514,994.908352,394.312817,376.024949,979.199693,281.101524,315.561766,269.848471,1028.637718,217.741927
2017-06-22,316.721248,990.366287,397.731642,383.830753,977.842809,281.773924,316.204511,273.031849,1019.171148,219.982384
2017-06-23,315.976247,983.42006,394.660559,376.084396,965.022622,281.965997,315.861694,272.708895,1006.269664,219.072192
2017-06-26,315.976247,983.42006,394.660559,376.084396,965.022622,281.965997,315.861694,272.708895,1006.269664,219.072192
2017-06-27,316.195363,971.504066,392.864247,375.62875,975.698837,281.533751,322.160956,267.080297,1003.210356,221.592644
2017-06-28,315.526998,960.626612,388.228725,369.685212,966.947775,281.725874,327.088934,256.930465,985.922081,218.162028
2017-06-29,308.964248,966.350469,392.41828,375.608877,957.934193,285.183846,331.117039,257.714736,994.667392,219.317299
2017-06-30,305.107678,968.367156,387.308575,371.666332,956.227654,280.477228,329.017286,253.516413,980.726974,227.333826
2017-07-03,305.611659,970.831998,389.058443,378.402354,962.70351,280.717383,329.231544,254.208433,987.365174,248.407858
2017-07-04,312.711323,969.77269,388.871814,384.345831,973.117251,281.245632,329.017238,255.08501,981.304208,240.461295
2017-07-05,317.170414,963.478465,387.19195,379.987247,960.866013,282.158119,324.38923,254.300713,980.726851,236.540563
2017-07-06,317.729239,962.215316,388.008481,379.194811,959.728012,283.454844,328.117374,260.851985,985.31593,237.170692
2017-07-07,328.192328,959.995411,389.548434,374.618304,971.279499,281.91804,332.145453,260.575179,991.636765,236.785581
2017-07-10,328.882651,996.029041,407.840624,380.304179,966.947664,281.677871,351.514533,264.81967,1003.816736,234.54523
2017-07-11,329.649561,1024.505785,394.494816,392.072372,973.9485,281.389734,350.44329,267.31099,1010.108407,234.580207
2017-07-12,334.163495,1011.672891,393.141576,388.902425,996.220072,282.974596,344.786819,266.11144,1014.033738,233.564947
2017-07-13,336.819934,1007.068942,395.078108,389.675151,997.532607,287.681246,347.891156,267.587813,1036.386778,237.695825
2017-07-14,339.24945,987.922116,393.386522,398.946977,1001.951828,287.585174,351.070225,270.909642,1036.825156,238.010857
2017-07-17,344.461847,986.7405,393.759853,393.062897,1011.622057,292.53193,352.273103,271.370951,1035.948677,234.54519
2017-07-18,342.739067,995.254709,393.806505,398.134713,1023.698481,293.92476,369.457135,273.493193,1040.33078,204.894456
2017-07-19,339.691158,1002.180792,395.754707,391.735525,1045.794709,292.868113,363.270875,271.278664,1040.330609,205.06952
2017-07-20,342.341552,1000.917777,400.141079,388.248706,1016.041434,291.859604,364.731574,271.509339,1046.860411,206.469812
2017-07-21,351.551594,1018.476231,400.199471,389.318523,1018.797505,291.907586,358.287479,269.617789,1042.960151,204.264325
2017-07-24,358.884357,1037.687611,405.974077,393.855381,1018.885364,294.501054,363.013117,273.400917,1036.518202,206.784839
2017-07-25,358.895418,1054.028973,410.407101,395.836599,1015.997341,294.693126,370.831831,274.323613,1034.151825,206.644823
2017-07-26,359.988703,1051.985982,409.473837,395.83654,1021.247969,298.727402,369.500105,276.492009,1037.701434,206.014701
2017-07-27,360.342036,1055.990292,419.693188,397.817684,1043.519486,302.041327,366.664731,276.676586,1047.254749,206.819841
2017-07-28,354.698997,1018.506534,416.823365,397.421556,1022.648161,292.003672,356.998697,277.507035,1043.310718,206.364761
2017-07-31,357.537127,1029.107949,417.87327,404.831099,1017.397465,294.356983,362.110989,289.594611,1058.297639,203.249143
2017-08-01,358.409489,1029.823512,422.108027,402.968786,1029.911459,293.156311,363.442739,290.47116,1050.190647,202.023909
2017-08-02,361.26969,1024.614451,421.606396,401.284796,1028.248889,292.435913,363.142039,287.703038,1044.58155,202.969101
2017-08-03,367.718999,1022.163127,418.106634,395.737531,1032.27443,289.602331,365.247063,283.643063,1038.271231,199.81851
2017-08-04,367.299389,1032.907606,419.214904,391.87429,1046.888642,285.760152,363.743462,282.628082,1035.904716,199.118333
2017-08-07,360.364148,1029.516947,419.144828,389.794106,1044.088226,291.043113,363.099002,287.703021,1038.227309,198.138187
2017-08-08,358.034042,1033.030155,419.331601,384.444866,1058.002385,289.650295,365.161136,287.703027,1039.454467,197.017952
2017-08-09,357.802144,1030.68134,414.618515,385.891166,1046.188617,282.78248,359.962941,283.689239,1026.307854,192.817166
2017-08-10,354.853592,1029.76199,412.04032,391.27983,1035.774597,281.821936,361.294688,279.029487,1022.714285,192.292038
2017-08-11,348.967496,1035.644975,410.17379,395.044122,1028.07379,278.219931,359.146691,279.583101,1014.961841,192.152042
2017-08-14,349.961407,1025.390719,414.128493,391.953464,1023.785875,281.293709,356.096513,260.575161,1022.901984,192.116992
2017-08-15,349.961407,1025.390719,414.128493,391.953464,1023.785875,281.293709,356.096513,260.575161,1022.901984,192.116992
2017-08-16,348.084057,1039.240046,417.593334,390.725142,1041.90035,284.127225,353.218155,261.959231,1022.369559,197.263021
2017-08-17,352.865788,1023.388779,415.528414,407.822659,1036.999865,286.09636,360.865086,262.697423,1026.450398,198.068184
2017-08-18,348.48163,1041.732064,410.873761,403.325441,1055.639653,282.734475,362.927208,258.037697,1009.283796,198.838286
2017-08-21,349.884105,1041.36464,410.407115,366.119102,1057.127572,287.921333,365.848543,258.960418,1011.368651,199.538443
2017-08-22,348.945407,1037.483383,409.240529,355.440608,1056.558557,285.616075,365.161184,255.592498,1006.932845,199.538431
2017-08-23,350.414184,1028.209515,414.828448,358.075693,1046.14492,287.393101,372.893985,258.08384,1001.476947,199.958515
2017-08-24,351.86081,1028.679574,414.128527,363.840808,1041.112994,288.305572,373.194695,259.698628,1007.642653,198.488272
2017-08-25,351.86081,1028.679574,414.128527,363.840808,1041.112994,288.305572,373.194695,259.698628,1007.642653,198.488272
2017-08-28,349.398177,1023.552385,413.241976,377.986323,1052.620495,290.322703,376.459667,260.298365,1024.67598,198.13814
2017-08-29,346.206672,1019.711958,410.407133,373.251328,1048.857604,290.851009,374.182786,259.144948,1010.259678,198.068127
2017-08-30,346.493756,1017.260511,412.973615,372.062625,1058.527521,290.370723,370.917764,257.668597,1016.602889,198.068144
2017-08-31,352.821624,1023.143451,415.271773,368.080462,1070.079149,289.025992,371.003663,257.8993,1015.80454,198.243208
2017-09-01,357.051215,1020.5495,415.64509,366.871964,1069.378622,287.873342,369.843763,258.729716,1015.272139,199.083368
2017-09-04,361.369112,1005.412908,411.806996,364.970002,1063.121893,288.161501,365.118217,257.991577,1010.437201,198.733279
2017-09-05,361.082,1017.260778,411.783714,358.590708,1060.190331,287.20098,356.483167,257.899302,1010.481373,198.768327
2017-09-06,364.980269,1011.071727,411.293664,356.728388,1060.627742,284.319351,348.449645,255.269553,999.037,196.737909
2017-09-07,367.741079,1008.436199,414.548476,356.807612,1069.159939,286.720687,350.082149,255.50026,1003.339843,194.322472
2017-09-08,363.655037,1010.723952,417.639967,356.213268,1066.184594,283.16673,347.848196,254.116127,1048.62956,191.346857
2017-09-11,365.245307,1014.380405,426.739367,353.360347,1078.129769,282.110108,350.039114,252.362971,1086.777826,192.116972
2017-09-12,364.428125,1020.120281,429.282588,351.755678,1098.257293,281.821968,349.695451,254.346824,1094.762296,194.812537
2017-09-13,379.844512,1034.276088,431.405751,351.696232,1101.757654,281.677907,350.296931,255.22341,1090.326595,194.287453
2017-09-14,380.551234,1020.36552,432.222421,355.262364,1104.470743,283.935124,349.265927,254.300739,1094.762085,190.786787
2017-09-15,376.730258,1028.291654,432.059084,361.859674,1099.832652,283.887096,346.215747,253.285713,1083.805891,190.961787
2017-09-18,375.935185,1029.087821,435.010514,363.642695,1125.341625,282.782492,344.755096,252.824349,1105.408082,190.226641
2017-09-19,374.919166,1023.388738,435.83883,362.949283,1126.785526,283.839077,342.821845,249.871666,1098.133463,189.036459
2017-09-20,385.410351,1027.065774,434.310564,363.345551,1121.316408,281.293637,342.735961,251.025029,1109.400366,190.436687
2017-09-21,376.222324,1038.096186,431.289116,362.652056,1104.295608,278.94033,345.743148,250.425277,1100.085104,190.71677
2017-09-22,371.009882,1032.335699,429.060903,360.670931,1095.850587,272.744885,344.497314,246.734408,1090.459539,189.701539
2017-09-25,365.7312,1035.236311,425.211111,357.382149,1101.757673,269.623086,341.017515,241.567204,1053.065596,188.791375
2017-09-26,365.333612,1032.131239,419.179918,359.937909,1103.595559,272.792897,337.151118,239.583363,1037.983668,184.66058
2017-09-27,364.737348,1026.330001,421.279765,359.739743,1065.440998,273.513268,335.089048,239.814041,1040.556268,185.885788
2017-09-28,354.665858,1027.06549,419.739854,358.154846,1061.459016,266.837581,334.143933,233.954791,1014.651012,184.415526
2017-09-29,350.469381,1014.809367,425.106172,357.560528,1058.702434,270.535582,336.678549,235.754105,1023.833364,184.065456
2017-10-02,350.469381,1014.809367,425.106172,357.560528,1058.702434,270.535582,336.678549,235.754105,1023.833364,184.065456
2017-10-03,355.085424,1002.67594,424.87288,361.364316,1042.994231,269.623135,337.580723,236.584523,1027.115763,183.960476
2017-10-04,364.405998,1002.553317,422.749643,358.749158,1054.064704,268.374416,332.124737,234.969757,1014.784238,187.986226
2017-10-05,365.95206,998.243158,421.139759,358.570815,1054.064475,266.4533,327.055536,234.462294,1016.514322,188.616357
2017-10-06,370.766928,1002.961689,421.01142,365.326618,1060.277415,263.619791,329.547164,237.968604,1015.760122,187.286088
2017-10-09,370.9657,1008.252313,420.673137,368.100276,1070.560218,265.396713,327.871801,238.614494,1027.559308,188.441331
2017-10-10,374.278664,1009.069645,423.4613,372.439023,1076.685868,262.226963,332.984001,238.245437,1024.897886,187.566135
2017-10-11,379.181928,1027.249284,423.531275,371.66639,1068.066085,261.266463,349.179979,238.476112,1021.570967,187.461111
2017-10-12,387.309771,1043.815557,424.977829,370.220103,1089.506404,257.376243,347.805233,233.401146,1016.780446,188.476304
2017-10-13,393.449785,1065.856101,433.167326,369.883334,1096.506979,263.811865,375.471586,235.615681,1020.240204,187.356086
2017-10-16,394.024081,1058.114393,437.063733,373.25129,1126.698439,265.108554,393.342981,235.015918,1021.083237,189.001409
2017-10-17,390.49024,1068.307779,432.502374,371.190872,1127.704665,265.636882,403.266774,235.015912,1024.676132,188.126236
2017-10-18,405.464915,1067.776348,437.472045,368.496476,1122.410215,257.808451,402.966088,228.649175,1026.361535,189.561515
2017-10-19,407.231829,1060.483736,435.138858,369.288965,1111.384081,250.700494,410.527067,226.296263,1017.623325,189.946586
2017-10-20,407.231829,1060.483736,435.138858,369.288965,1111.384081,250.700494,410.527067,226.296263,1017.623325,189.946586
2017-10-23,417.303324,1074.04719,436.235464,373.251324,1118.03445,254.014393,430.804166,227.911009,1022.014583,190.961808
2017-10-24,418.628515,1070.738372,438.545326,375.093749,1114.884481,257.568331,433.639593,235.569547,1016.159504,187.951194
2017-10-25,417.833384,1070.826439,434.672222,374.321094,1123.110547,298.535319,445.066937,302.697201,1077.906015,190.086614
2017-10-26,423.089961,1052.453838,422.306396,377.134396,1124.510438,302.233386,446.226921,324.15031,1103.190456,189.596513
2017-10-27,422.604085,1062.285504,421.723025,379.472172,1114.621652,293.396415,439.654011,298.591065,1101.859462,193.237261
2017-10-30,417.678783,1073.284842,423.706249,378.263711,1110.902645,296.278065,427.625163,297.437695,1099.996476,189.456491
2017-10-31,417.76711,1081.477136,422.656285,373.641429,1093.794173,291.283258,432.522617,289.594603,1098.488291,186.901043
2017-11-01,423.089955,1076.090524,425.806177,373.400431,1112.449896,306.363689,468.007659,296.607273,1097.113327,189.876587
2017-11-02,422.515707,1095.405653,426.926055,372.034463,1110.732618,307.756499,471.315627,298.175864,1078.792972,189.001392
2017-11-03,422.272779,1080.125456,429.305859,373.60133,1096.595742,306.075563,485.277618,302.189665,1106.428497,187.566133
2017-11-06,416.331516,1094.50453,429.305924,375.650317,1100.559355,307.612388,467.92177,304.496478,1101.415897,187.56612
2017-11-07,413.018503,1133.91294,430.460824,385.694387,1102.937527,305.403169,461.048141,306.065089,1094.407373,187.426107
2017-11-08,400.208304,1130.226024,427.812693,386.437681,1099.150181,301.609034,437.33416,294.62341,1086.777764,186.585942
2017-11-09,401.931049,1126.539061,428.139302,386.899683,1132.752737,302.377448,436.474925,293.423877,1092.189339,186.585967
2017-11-10,397.977572,1116.707218,428.092719,387.44206,1144.378933,311.406538,439.697029,312.339553,1131.091626,185.675757
2017-11-13,393.979941,1137.763723,425.374464,389.471009,1158.251793,309.101204,435.400942,318.152686,1117.784043,184.345507
2017-11-14,395.349212,1129.222173,424.406211,383.625335,1135.350822,304.586724,433.811407,308.833234,1098.310826,182.630161
2017-11-15,393.405612,1128.587274,420.824782,383.082877,1131.827665,306.988017,428.742156,305.557587,1086.777676,180.179727
2017-11-16,400.20833,1131.864575,423.706238,400.117791,1133.589094,307.372293,425.219415,308.371949,1085.801887,178.954455
2017-11-17,408.557032,1125.760636,428.909258,395.939395,1142.749584,319.234899,434.713571,319.905875,1099.597393,181.334951
2017-11-20,408.314109,1117.075889,429.235955,390.113793,1128.43644,311.118347,426.765989,311.093917,1107.182625,182.525173
2017-11-21,415.072538,1106.466429,431.639074,390.314772,1131.827617,309.48547,437.548972,309.479156,1096.092802,181.685015
2017-11-22,414.630808,1110.030253,433.972276,390.133878,1124.781244,309.389408,436.045362,313.400694,1092.987865,181.089892
2017-11-23,419.600318,1103.189005,433.972303,399.535256,1123.900371,307.852548,435.615779,310.632536,1090.503598,182.525163
2017-11-24,423.840985,1107.244629,433.458972,409.519077,1118.615867,308.380788,430.675344,310.955501,1085.890764,183.050261
2017-11-27,422.957502,1104.376918,434.438921,404.456916,1115.885524,306.027468,429.429489,310.955512,1094.762312,182.385132
2017-11-28,420.240775,1107.039387,436.538775,401.724845,1121.213858,302.905758,427.839985,310.678698,1089.439111,181.47497
2017-11-29,419.644466,1103.189207,437.588729,398.53081,1128.392386,303.818239,427.238553,308.971682,1085.003495,181.12488
2017-11-30,415.867642,1092.517426,437.227017,397.526358,1124.032705,303.337953,429.085838,301.266987,1085.801895,180.774836
2017-12-01,411.362019,1092.947945,433.972254,395.015419,1126.322531,297.718888,428.656216,297.391553,1095.649374,181.755009
2017-12-04,403.653791,1089.055826,432.782387,400.479365,1122.138786,295.365555,422.727754,291.532312,1086.866583,179.44455
2017-12-05,406.723822,1086.270235,426.634409,402.970345,1122.138997,295.461617,422.68474,295.915225,1077.462409,178.779446
2017-12-06,410.942349,1083.525557,424.954514,399.394592,1129.449641,292.964205,423.586873,292.870267,1075.244622,177.309177
2017-12-07,413.460213,1083.914664,423.846253,402.930118,1144.026636,294.645128,445.496534,293.193183,1089.838434,177.904249
2017-12-08,413.879874,1083.525732,432.339007,404.57737,1172.344397,299.591887,456.107762,294.208209,1088.552138,184.275507
2017-12-11,409.042938,1094.852477,432.047381,404.537187,1170.583184,299.928087,462.251048,294.623377,1090.326287,187.286072
2017-12-12,410.368179,1090.489847,431.615733,407.389729,1166.178692,300.024135,458.728323,295.7307,1083.672767,185.675768
2017-12-13,408.579115,1086.168052,430.472485,409.398553,1177.629412,296.230003,457.955004,294.300468,1073.470455,183.715388
2017-12-14,408.557017,1078.200124,429.305912,407.791501,1168.68914,293.924695,451.081396,291.02483,1064.598687,186.340922
2017-12-15,412.113026,1058.721259,440.505238,412.37157,1175.867767,298.439246,455.248576,294.66958,1079.015005,186.971009
2017-12-18,411.980426,1060.564799,443.071661,414.099111,1184.675724,299.976121,456.923945,298.498836,1085.890692,185.885793
2017-12-19,409.484678,1064.190036,441.823437,408.976669,1190.841312,302.377492,464.141299,297.345445,1084.116077,185.815812
2017-12-20,409.661331,1062.121511,444.028277,409.237819,1204.890098,305.307103,464.69978,294.346569,1100.484564,185.325695
2017-12-21,408.137401,1068.368801,439.80525,413.396034,1202.423652,304.0584,456.88101,293.608428,1122.264299,186.165844
2017-12-22,407.45268,1091.268389,438.638667,419.764081,1197.447209,306.60382,463.067271,298.821787,1126.700234,184.975621
2017-12-25,407.45268,1091.268389,438.638667,419.764081,1197.447209,306.60382,463.067271,298.821787,1126.700234,184.975621
2017-12-26,414.741252,1101.857446,439.29194,418.438295,1192.515055,306.411739,469.468347,295.22318,1131.136103,185.535745
2017-12-27,414.122818,1089.056083,436.375465,417.474094,1201.410952,305.355111,470.413456,295.546123,1131.978817,185.045664
2017-12-28,412.753418,1087.007588,438.848607,417.835602,1217.969763,306.603819,461.864414,292.039806,1122.220106,184.8706
2017-12-29,411.825864,1109.702385,438.451966,421.371185,1211.011684,303.289981,462.637671,287.887601,1126.700196,184.835615
2018-01-01,407.585239,1103.926146,438.813604,419.64357,1204.053347,301.609027,462.336943,288.579615,1130.24893,186.44592
2018-01-02,406.193799,1093.6032,437.472059,418.639117,1188.903719,299.399775,457.869077,285.119433,1126.61139,184.975627
2018-01-03,409.042914,1093.35725,438.230331,414.460807,1195.069162,303.866313,451.510995,282.766487,1139.076117,183.890438
2018-01-04,407.187693,1090.489792,435.255552,410.202145,1194.496542,303.193927,452.971687,286.226711,1171.058385,183.960435
2018-01-05,409.440517,1105.85199,435.850509,412.371546,1200.486032,302.71364,466.117428,287.333963,1178.998546,184.485537
2018-01-08,411.251582,1117.055796,436.468785,417.433875,1207.57619,305.643311,458.943079,285.58078,1194.080276,186.795975
2018-01-09,416.949888,1114.658847,436.270455,419.804276,1211.892123,303.337956,447.687531,285.58076,1191.46332,190.436676
2018-01-10,418.495935,1153.57614,435.815505,424.26379,1206.695531,300.600512,444.63738,282.212891,1185.69686,191.836955
2018-01-11,416.397756,1155.99287,437.705389,435.272246,1218.057974,300.168205,443.950037,279.583102,1177.091296,189.736569
2018-01-12,420.881287,1149.069823,438.206968,436.276565,1219.379088,306.219594,444.508491,281.105566,1181.970496,189.981595
2018-01-15,423.399198,1150.298985,444.331633,439.109053,1211.627987,317.650075,439.868792,281.659244,1198.737965,189.806555
2018-01-16,418.628504,1172.276441,445.638238,455.922886,1223.871134,327.303437,441.329439,279.906083,1188.491402,188.126221
2018-01-17,410.368133,1198.228131,443.9,466.770594,1225.192318,330.617296,432.350783,284.565792,1203.883684,186.935983
2018-01-18,410.63314,1201.504864,455.904223,468.016095,1239.19731,339.262139,437.162354,293.239328,1228.724121,192.712142
2018-01-19,412.753451,1221.577732,457.280791,461.186046,1209.205625,340.991079,429.816119,286.042135,1223.090536,194.287433
2018-01-22,430.378504,1287.176265,463.83706,464.82194,1202.291717,338.973929,428.31257,284.888734,1245.26979,192.887168
2018-01-23,437.733352,1290.317532,458.867312,477.296851,1208.765264,350.068202,428.570316,295.776782,1255.339269,194.112406
2018-01-24,433.669401,1338.237302,459.403957,490.57518,1208.457085,345.025379,418.431694,305.972835,1250.725901,197.438074
2018-01-25,429.362541,1305.695446,461.970445,475.448586,1213.741874,350.404348,398.240391,307.033984,1266.029438,198.278197
2018-01-26,429.362541,1305.695446,461.970445,475.448586,1213.741874,350.404348,398.240391,307.033984,1266.029438,198.278197
2018-01-29,431.703735,1324.25579,468.258475,480.611355,1233.119571,351.26885,383.548046,292.408887,1278.982157,198.348236
2018-01-30,426.623806,1315.550686,467.080219,475.32828,1241.927641,342.720019,390.100811,294.208163,1274.590644,193.552277
2018-01-31,426.049545,1293.458773,469.786662,468.699036,1233.119704,339.982541,385.690501,292.132091,1277.251994,193.237208
2018-02-01,429.627585,1309.883508,470.136661,465.203693,1219.731633,341.855627,386.555287,292.87027,1304.13336,203.249168
2018-02-02,416.972014,1309.88354,464.280351,467.212533,1213.653924,330.137039,380.934162,282.120595,1284.615435,199.993526
2018-02-05,403.079563,1309.062201,451.529458,463.978338,1199.164803,321.059921,386.339056,277.184076,1242.031521,197.228009
2018-02-06,396.674495,1263.544848,446.104778,453.331494,1187.758456,324.613958,387.203817,274.323611,1217.501501,194.147375
2018-02-07,399.943279,1244.59479,444.938188,451.905314,1171.46374,323.125049,388.630714,274.877247,1215.416707,195.162619
2018-02-08,402.26235,1243.198876,442.978305,460.583328,1178.113658,325.04622,377.042712,279.859937,1206.101502,193.867333
2018-02-09,398.441376,1229.402006,435.068859,450.097335,1180.271784,315.680944,375.269922,277.368647,1191.46342,190.786774
2018-02-12,405.597424,1241.453483,440.038577,450.217886,1188.99183,316.209241,372.718824,269.802328,1202.10931,191.731946
2018-02-13,405.597424,1241.453483,440.038577,450.217886,1188.99183,316.209241,372.718824,269.802328,1202.10931,191.731946
2018-02-14,416.331506,1221.3741,442.815074,448.892062,1191.898489,314.096062,379.204622,266.388297,1217.634632,189.736553
2018-02-15,417.767138,1208.460216,442.080106,453.873926,1201.807153,318.706598,379.896414,260.48289,1215.416586,188.966441
2018-02-16,416.375696,1231.701168,442.103406,458.675054,1201.41049,320.819844,376.134681,259.467905,1210.093689,189.561512
2018-02-19,411.693331,1212.689344,440.411827,456.405133,1197.006853,316.593481,363.20627,250.978913,1180.772974,187.496126
2018-02-20,410.611057,1225.726916,440.003509,461.828883,1183.222121,311.406527,365.108793,253.008909,1161.831852,186.095857
2018-02-21,411.914178,1257.570384,435.967199,462.793142,1179.390927,308.044659,365.368168,252.916642,1152.960099,188.301272
2018-02-22,411.251634,1264.304689,433.972258,467.65443,1174.810511,306.699908,362.557663,252.455294,1151.540889,188.336261
2018-02-23,414.343728,1268.410789,439.770189,468.458063,1172.873136,311.262452,370.2974,255.777059,1157.751176,189.036432
2018-02-26,417.391666,1268.8008,446.758132,464.058679,1178.862296,314.864477,371.854083,258.360628,1195.632943,188.686352
2018-02-27,422.206462,1264.119861,448.379666,463.496257,1191.281686,314.14404,374.145657,254.577513,1202.818859,187.776187
2018-02-28,422.780739,1258.124743,442.243393,477.899581,1178.950298,304.49066,374.880792,248.8567,1181.349446,186.445912
2018-03-01,424.017623,1256.995561,441.741805,469.904304,1170.582724,301.60906,377.561547,249.133483,1182.503067,186.305903
2018-03-02,424.017623,1256.995561,441.741805,469.904304,1170.582724,301.60906,377.561547,249.133483,1182.503067,186.305903
2018-03-05,419.710733,1278.532849,438.171987,470.386485,1163.492369,294.404993,369.346162,244.519909,1164.582144,184.345524
2018-03-06,413.548563,1284.014651,438.6153,468.2169,1151.997868,295.557632,369.821789,245.44263,1170.082633,183.715389
2018-03-07,401.643958,1268.41088,432.432411,466.047468,1151.733677,282.206151,360.006604,235.615689,1147.903593,182.385134
2018-03-08,403.963053,1254.408713,433.622332,468.377698,1149.927918,286.240395,358.104064,238.01476,1144.265986,183.365345
2018-03-09,406.105464,1257.81708,435.197235,468.45797,1147.682239,287.681246,353.26133,237.507247,1149.810897,182.665195
2018-03-12,412.179223,1266.316539,436.177107,478.843579,1169.657735,289.9865,367.097735,235.523398,1163.961008,189.63154
2018-03-13,413.460235,1207.105159,439.746942,480.912684,1172.740768,294.885234,371.681064,242.120814,1173.675707,190.436681
2018-03-14,411.715382,1200.268235,435.815475,478.34135,1167.059873,295.317525,368.308448,237.922501,1164.84835,188.371297
2018-03-15,410.566953,1191.850171,440.388539,477.45752,1162.655808,293.684563,366.924798,238.799047,1161.831794,188.966415
2018-03-16,401.842718,1179.305878,438.895323,475.047055,1154.464188,289.938506,369.043552,235.938622,1156.775129,186.515922
2018-03-19,400.605868,1169.450662,433.972246,474.283599,1161.069818,288.16149,364.58991,234.00094,1146.217774,183.575351
2018-03-20,399.324793,1179.798505,433.015667,470.065057,1163.096003,285.472046,348.937447,232.755261,1153.315282,182.000074
2018-03-21,398.595993,1184.356597,434.718889,472.274789,1165.38615,283.406815,363.335998,234.646827,1165.380561,183.190305
2018-03-22,402.83664,1180.928305,438.638668,473.058229,1163.096112,278.219981,363.422469,228.233946,1172.300515,183.050262
2018-03-23,397.557914,1163.743591,432.362383,471.591864,1157.370651,266.885617,362.298243,221.129021,1138.499529,181.194939
2018-03-26,399.457352,1160.992107,443.305042,468.819549,1171.37545,271.976452,365.800596,228.695319,1153.403848,182.035052
2018-03-27,402.306507,1175.610538,443.071735,466.569653,1180.271524,275.962663,365.281751,235.754081,1165.735357,182.385139
2018-03-28,395.724791,1180.537463,443.235015,462.331079,1179.74282,272.120492,357.196048,236.4,1175.494364,181.299933
2018-03-29,395.724791,1180.537463,443.235015,462.331079,1179.74282,272.120492,357.196048,236.4,1175.494364,181.299933
2018-03-30,395.724791,1180.537463,443.235015,462.331079,1179.74282,272.120492,357.196048,236.4,1175.494364,181.299933
2018-04-02,397.97756,1196.55187,451.646113,461.84893,1198.372129,263.043444,347.42406,232.524576,1188.358221,181.29994
2018-04-03,398.308824,1203.081032,449.301305,459.438443,1193.923944,260.786164,349.369852,233.262769,1187.914636,182.035046
2018-04-04,402.770394,1204.76458,449.126309,459.840141,1197.887439,262.515112,350.061643,233.447318,1182.32562,181.89504
2018-04-05,401.975237,1216.980381,446.57148,462.552182,1218.850894,268.950724,346.689035,241.65946,1184.410385,182.03506
2018-04-06,405.729938,1215.440531,449.476253,460.42272,1217.221339,271.784329,342.88401,241.244271,1173.719977,183.435319
2018-04-09,405.950794,1216.877853,453.104385,452.307034,1229.948707,272.264618,334.409195,242.443783,1182.591661,186.655958
2018-04-10,408.115307,1214.311477,453.337717,451.784777,1235.585646,282.830507,334.409189,244.519908,1202.50842,188.126239
2018-04-11,412.024598,1242.131068,447.971386,454.597092,1251.176257,276.539007,337.954846,242.674486,1206.012709,187.321081
2018-04-12,413.747376,1293.458863,450.981197,471.169874,1247.212208,278.460077,333.371443,237.599519,1207.786961,185.640746
2018-04-13,415.978074,1330.743379,452.637808,476.453086,1245.318562,279.612723,333.976814,236.169324,1210.404023,184.485531
2018-04-16,415.227201,1313.969247,454.970937,458.012081,1253.554082,277.547557,328.874629,231.87869,1217.191046,185.465762
2018-04-17,418.407682,1311.916215,455.204268,452.949922,1277.599783,281.677899,331.598678,232.985945,1222.425463,187.916182
2018-04-18,418.849366,1311.300111,455.787524,455.902861,1282.576515,283.262805,338.862794,230.586873,1216.703096,195.267626
2018-04-19,417.435833,1321.052554,453.757708,457.931792,1292.92603,279.516653,343.575836,229.248929,1231.474312,196.037809
2018-04-20,416.044351,1405.291919,457.537453,479.586939,1296.669226,278.700207,349.110408,226.849891,1228.724176,195.512668
2018-04-23,417.148673,1460.951577,461.73714,487.903456,1295.656258,271.640214,351.531825,225.927159,1222.514146,194.077396
2018-04-24,430.996988,1413.832806,454.515947,480.671671,1294.555357,275.290292,353.347804,224.589226,1226.240335,195.232617
2018-04-25,433.691518,1430.196,452.171136,470.466826,1288.609899,274.3778,369.605615,222.14404,1221.405141,193.447245
2018-04-26,436.430262,1461.813738,452.451104,474.745641,1319.966533,269.334922,363.206261,220.344708,1212.090001,195.407617
2018-04-27,446.590025,1455.243805,451.587796,478.743181,1318.997514,280.189003,356.071833,226.803734,1226.949978,196.702888
2018-04-30,438.462204,1457.297013,456.090865,485.311978,1333.134314,279.516634,357.369051,230.402344,1246.467435,198.733308
2018-05-01,438.462204,1457.297013,456.090865,485.311978,1333.134314,279.516634,357.369051,230.402344,1246.467435,198.733308
2018-05-02,432.542951,1450.398512,461.503867,482.760802,1333.530837,272.552746,357.06633,227.26508,1263.101882,202.128937
2018-05-03,431.968802,1447.852546,460.780568,484.006295,1293.850562,272.456668,352.828876,224.589214,1247.84277,202.829066
2018-05-04,426.137904,1435.944578,464.303682,476.493326,1295.656228,274.329805,361.779374,225.050592,1230.276685,200.938737
2018-05-07,429.914733,1433.070131,463.673719,478.100349,1322.960988,281.437717,349.84546,229.018261,1236.61992,198.418237
2018-05-08,433.779901,1431.632679,461.947172,473.238979,1325.427457,302.089262,348.4618,233.078226,1235.821665,200.203593
2018-05-09,434.795869,1435.020584,462.087131,472.837194,1330.888511,297.574761,354.126114,230.494602,1226.594956,198.83829
2018-05-10,434.928345,1441.754528,466.403542,475.288104,1327.232968,300.552456,357.758159,230.863695,1228.901509,198.80329
2018-05-11,437.887945,1431.017231,470.603248,475.368307,1326.484332,299.543861,348.24561,232.155517,1232.716542,198.838344
2018-05-14,438.175111,1425.26864,473.029803,478.703016,1339.872568,298.727424,340.722045,236.03092,1241.144547,201.148759
2018-05-15,441.731025,1435.452101,481.802549,485.332095,1358.545213,304.970917,335.663103,237.553393,1244.693108,200.238564
2018-05-16,430.245993,1440.871693,478.069431,481.314489,1393.777355,292.868132,331.166291,229.479613,1219.009907,202.198994
2018-05-17,424.061775,1450.788355,477.007857,481.093454,1406.10857,288.113474,327.707163,226.988281,1219.852325,202.128914
2018-05-18,421.190469,1444.444503,472.399809,476.71436,1420.289253,283.646932,318.281094,225.142838,1207.077336,199.923503
2018-05-21,413.327754,1474.953668,471.536528,477.457585,1426.367201,281.437732,319.318836,226.757609,1186.007152,198.838279
2018-05-22,412.576784,1467.952525,469.891656,481.31449,1399.546697,282.254167,320.918658,239.629514,1189.600336,198.208206
2018-05-23,409.042952,1455.654542,465.236955,485.191484,1397.212626,286.624601,316.335342,248.902822,1197.673433,195.617656
2018-05-24,406.834266,1484.397982,464.361995,493.186726,1384.308714,287.200959,323.340094,248.856676,1195.455448,193.797331
2018-05-25,407.894439,1508.952681,470.369923,501.663977,1401.572438,289.073994,328.615175,247.657136,1195.544155,196.358064
2018-05-28,409.484644,1485.013963,478.769381,495.215608,1396.684208,290.370731,329.306977,253.008918,1228.679823,198.143095
2018-05-29,409.926422,1455.243675,478.932737,492.784847,1407.341677,286.960854,330.08529,250.010065,1264.166321,198.321633
2018-05-30,407.806058,1450.727022,479.002724,493.668747,1404.699414,276.779129,327.663979,247.288053,1224.288421,195.429813
2018-05-31,407.408524,1456.629637,507.18675,498.992149,1424.825524,277.547539,331.382484,253.56254,1222.025935,194.715785
2018-06-01,413.349851,1455.346164,502.020923,500.699475,1430.771091,288.113485,333.717351,248.948946,1238.483106,194.001762
2018-06-04,416.994073,1448.307391,506.482296,499.394007,1400.471565,281.725902,334.452442,247.611024,1228.724261,194.180306
2018-06-05,421.853103,1450.708704,485.337753,498.99209,1385.497785,276.63504,321.913105,244.750591,1208.141993,192.680789
2018-06-06,422.294823,1436.63088,484.832931,498.811461,1390.782664,275.578453,330.258267,250.425292,1202.109342,193.609048
2018-06-07,431.129458,1448.307278,488.355067,505.420398,1415.18053,281.485745,334.020082,251.809361,1211.86791,194.430149
2018-06-08,435.789743,1455.180213,483.999339,507.027502,1410.380348,279.420604,331.598638,252.732066,1202.108883,193.858955
2018-06-11,441.708952,1459.900187,484.398489,510.241514,1424.253149,278.892282,338.819605,256.884335,1202.109253,194.144559
2018-06-12,441.731034,1478.11834,481.991717,510.743658,1448.915521,277.739627,340.203179,262.420586,1214.041525,196.072449
2018-06-13,444.337229,1516.747874,482.484819,515.866324,1448.695268,281.341671,331.123029,267.264887,1213.864107,194.073156
2018-06-14,446.943474,1517.286073,480.183679,515.750992,1448.034637,279.372596,332.074297,264.404418,1206.057333,192.002471
2018-06-15,452.1117,1529.541742,478.751359,531.598122,1434.734829,277.115311,328.831337,261.543989,1191.463154,191.181341
2018-06-18,450.764424,1546.807288,478.727887,531.495367,1443.630858,282.590402,329.393465,258.12999,1186.495154,189.574778
2018-06-19,448.268631,1522.83427,479.174074,520.031744,1419.849198,283.839071,325.069601,255.315722,1177.712133,190.752914
2018-06-20,451.846706,1520.598469,483.236299,515.483505,1424.781298,282.9746,325.588508,253.516402,1170.348757,190.645807
2018-06-21,457.633379,1517.037576,486.241766,517.191536,1429.231458,288.49773,324.291322,253.51641,1167.509931,189.074946
2018-06-22,454.629559,1512.897432,490.468417,516.780013,1429.408411,290.754949,325.588501,252.547527,1157.750808,190.503016
2018-06-25,449.019602,1509.046878,492.581642,526.370618,1445.648765,288.641809,326.842423,252.040013,1156.641905,189.503359
2018-06-26,444.381424,1541.051939,493.802629,528.469831,1447.246269,277.691648,330.99331,250.240761,1138.676962,190.038891
2018-06-27,438.191484,1561.049822,497.676919,532.400778,1470.187039,276.53901,329.955572,246.688273,1131.135812,189.217761
2018-06-28,430.676344,1549.332824,502.490548,534.273722,1438.105552,267.413894,329.825863,241.751751,1100.08521,188.50373
2018-06-29,433.789107,1546.351573,502.490469,541.271026,1459.848163,265.108586,331.46894,243.089693,1133.753009,191.038518
2018-07-02,432.388365,1538.402195,495.070611,551.561452,1462.288349,268.854715,329.825882,241.521057,1133.753115,190.717215
2018-07-03,435.100905,1556.702508,489.576071,558.929273,1474.136113,265.876983,323.945336,240.736779,1121.377043,190.467297
2018-07-04,441.12643,1556.702469,494.988371,556.768329,1493.03856,264.003969,321.610496,238.38383,1119.070646,190.14597
2018-07-05,448.419212,1562.996052,499.907642,554.545503,1501.868668,264.628275,317.156873,238.706819,1122.264425,195.501176
2018-07-06,437.124262,1590.73662,501.44571,535.858455,1506.571829,261.218418,315.989426,240.644481,1134.019309,196.179533
2018-07-09,444.683833,1593.551826,500.142443,536.331739,1505.107866,263.859932,316.85418,242.120847,1145.729622,197.072085
2018-07-10,457.357322,1572.436064,504.744659,541.456227,1507.636936,265.060535,319.79447,245.211965,1151.540749,198.143096
2018-07-11,462.871461,1654.498433,506.177048,552.425774,1527.293847,264.05202,319.016167,242.351515,1140.850518,200.142389
2018-07-12,488.707541,1648.619251,511.847676,546.251628,1552.49738,262.899342,315.643498,244.058541,1157.307297,198.607233
2018-07-13,493.154356,1654.415645,514.418879,548.103918,1553.074322,262.51515,315.513769,242.120811,1170.171216,198.714344
2018-07-16,493.10995,1652.842392,514.242702,569.837016,1578.765404,256.07954,311.103452,237.599525,1154.335402,195.144199
2018-07-17,487.351273,1666.959251,512.117657,555.471826,1579.652925,256.943994,303.277239,239.767914,1145.330684,194.929986
2018-07-18,491.197792,1669.199523,521.275169,552.960905,1508.391057,256.799933,298.434517,242.213114,1160.412504,193.716124
2018-07-19,495.82246,1668.162528,515.052747,548.227311,1482.034406,253.918345,300.509934,243.13582,1150.343219,196.072411
2018-07-20,506.272587,1659.492055,517.248244,562.73657,1483.320937,257.136112,300.68291,242.67448,1143.556278,196.215246
2018-07-23,502.403816,1667.747778,511.413257,563.086543,1511.275373,265.396765,311.319606,246.826698,1138.233437,204.676491
2018-07-24,501.047528,1671.937921,509.29994,569.013751,1517.265568,266.933581,316.897445,248.395303,1178.15584,204.926434
2018-07-25,499.380009,1661.15127,511.131509,573.706189,1490.420259,265.68489,307.687627,251.763262,1185.208841,204.890706
2018-07-26,498.713014,1647.045665,517.389009,572.306732,1490.597911,275.194179,311.319667,267.034208,1194.923242,207.889639
2018-07-27,505.783443,1630.160313,519.384999,571.730374,1486.293777,283.502884,323.34007,274.046835,1170.614747,219.314108
2018-07-30,514.632653,1621.904217,516.344246,565.144721,1501.557764,296.278064,336.311708,276.39979,1167.953516,216.779309
2018-07-31,529.351693,1615.515482,513.268164,563.909858,1541.892359,296.326093,339.468139,279.029494,1162.586025,215.172718
2018-08-01,534.910241,1644.183178,510.708863,563.271792,1546.817657,293.588561,345.046017,274.969543,1161.166372,216.315152
2018-08-02,529.840851,1647.045683,505.707396,562.572052,1561.682126,288.881903,334.900397,273.493193,1150.609119,216.707913
2018-08-03,526.283352,1644.597728,504.145906,562.345639,1568.42714,294.645145,328.067479,276.768899,1151.274612,218.064535
2018-08-06,531.841899,1658.62044,501.88004,565.967793,1561.904334,305.451205,337.46822,287.287829,1153.137735,219.135576
2018-08-07,534.243248,1642.191309,501.199063,568.005273,1545.930249,305.595295,336.684824,287.610807,1160.41259,217.207714
2018-08-08,543.625936,1641.486405,505.261297,564.938763,1564.566902,307.372254,337.642247,286.872642,1161.122212,215.922452
2018-08-09,547.717161,1643.560662,502.960173,571.915633,1566.341536,332.202176,336.249564,295.130937,1156.775097,217.493315
2018-08-10,540.290908,1656.587636,498.686664,571.73035,1565.098959,326.871217,326.239572,301.174694,1149.234321,219.135572
2018-08-13,533.598433,1663.018149,494.02567,580.312566,1558.798146,314.528278,327.066446,279.398577,1134.507162,219.778206
2018-08-14,541.26924,1679.903344,494.272253,586.36321,1561.283102,320.339517,324.411662,275.846119,1138.121804,221.491889
2018-08-15,541.26924,1679.903344,494.272253,586.36321,1561.283102,320.339517,324.411662,275.846119,1138.121804,221.491889
2018-08-16,540.735619,1676.128161,489.975291,590.623384,1554.760291,325.814602,325.543216,275.338661,1134.48294,220.278002
2018-08-17,540.468837,1677.663117,491.46627,591.755467,1587.285174,328.696204,326.413612,279.306321,1121.140344,225.133436
2018-08-20,549.984951,1679.405651,494.882725,579.530476,1605.07852,328.936361,325.412634,284.842618,1196.703774,224.919192
2018-08-21,556.521887,1679.405585,495.915902,574.611505,1576.990954,328.360008,322.409627,284.981018,1199.489182,226.347285
2018-08-22,556.521887,1679.405585,495.915902,574.611505,1576.990954,328.360008,322.409627,284.981018,1199.489182,226.347285
2018-08-23,566.527251,1691.022006,494.741785,576.875653,1582.759297,325.334332,327.936918,283.227878,1225.455477,225.918866
2018-08-24,569.173153,1697.659769,491.595444,577.040166,1587.640074,323.700575,322.75777,282.074487,1224.646859,222.777163
2018-08-27,576.243553,1708.446853,490.397912,584.469794,1595.627122,330.261388,334.073481,286.365106,1227.342129,224.812124
2018-08-28,588.316769,1719.233607,492.687273,592.064054,1589.370555,331.419182,335.727312,286.272832,1227.342403,225.490455
2018-08-29,590.984984,1723.049821,491.701091,590.088496,1579.120948,330.599125,332.898405,287.887587,1219.0761,225.240537
2018-08-30,576.821688,1730.020091,490.257028,585.128378,1579.475918,333.300638,335.117985,286.503522,1224.557049,228.917779
2018-08-31,564.74854,1735.827957,488.108544,598.608859,1588.483507,334.603142,335.988453,286.641937,1234.530235,230.345823
2018-09-03,559.367811,1734.168659,488.155416,604.20687,1589.859015,331.901657,337.076468,288.348957,1248.906179,230.595777
2018-09-04,557.98932,1746.407928,487.92065,616.184597,1506.838179,324.617191,333.768808,283.689262,1232.37367,222.919915
2018-09-05,557.033155,1748.481659,483.752799,612.521298,1462.111032,319.696498,328.894389,275.753857,1225.455381,224.526485
2018-09-06,562.83634,1727.115941,483.470978,605.482681,1452.304923,319.600026,326.152593,276.676568,1217.997913,222.598643
2018-09-07,569.79569,1729.190557,483.705832,605.194499,1459.581649,324.568904,340.601749,273.031836,1219.255905,223.633955
2018-09-10,567.861238,1736.989733,482.531788,614.949782,1455.765678,323.94182,345.998429,270.58666,1214.763506,221.884609
2018-09-11,564.036951,1733.339066,480.888129,613.097595,1441.211895,324.858421,341.559229,268.925752,1210.944595,219.028445
2018-09-12,559.723512,1716.660979,474.630493,614.53824,1452.659593,315.54771,332.637232,264.542863,1218.31242,219.63535
2018-09-13,559.723512,1716.660979,474.630493,614.53824,1452.659593,315.54771,332.637232,264.542863,1218.31242,219.63535
2018-09-14,567.238813,1718.860139,478.399146,613.303359,1463.39792,320.323657,337.90339,269.248679,1228.420491,220.385157
2018-09-17,556.188407,1724.046395,475.006132,609.187163,1442.986686,315.981983,340.340639,266.203742,1216.380556,218.564349
2018-09-18,551.141271,1724.876029,471.930195,600.954933,1482.877164,316.51256,334.943929,264.727346,1213.100977,217.707534
2018-09-19,544.292981,1733.339412,469.147705,598.485295,1489.57736,313.280406,331.113987,260.990402,1206.676937,218.243019
2018-09-20,544.292981,1733.339412,469.147705,598.485295,1489.57736,313.280406,331.113987,260.990402,1206.676937,218.243019
2018-09-21,550.251782,1759.891124,469.582075,590.582403,1470.408717,321.963882,330.635225,257.85315,1215.167783,218.921384
2018-09-24,551.363561,1834.153141,463.089623,600.913859,1454.966992,305.658261,324.585725,251.901628,1202.903313,218.742843
2018-09-25,553.631348,1835.315135,460.694587,605.894326,1455.410798,302.474309,316.534231,251.855468,1197.422062,215.886749
2018-09-26,557.611297,1824.611198,464.451496,602.477923,1463.397672,304.210988,317.709235,252.824354,1201.106212,216.350873
2018-09-27,561.635757,1833.489164,466.32998,601.613489,1442.099116,304.886404,316.360074,247.841694,1201.285922,210.710056
2018-09-28,565.504512,1817.1437,473.245081,604.700611,1444.140298,300.641166,312.486655,252.362995,1183.046424,214.208773
2018-10-01,559.278909,1888.460183,479.479262,621.453358,1466.415206,303.969786,295.948311,253.931617,1144.680795,216.315196
2018-10-02,559.278909,1888.460183,479.479262,621.453358,1466.415206,303.969786,295.948311,253.931617,1144.680795,216.315196
2018-10-03,551.230182,1871.077096,481.874377,619.024688,1457.230285,303.439138,284.893799,257.161134,1133.898798,214.208794
2018-10-04,529.351649,1789.471312,473.796958,600.749035,1422.397938,309.951718,276.319989,251.624808,1161.662488,211.138451
2018-10-05,495.955941,1759.061211,467.269276,602.189739,1397.593593,310.530671,274.970824,250.056194,1139.020008,204.212378
2018-10-08,496.711865,1760.886322,462.338227,599.884779,1393.644574,303.00492,260.086402,247.749415,1117.725993,199.499772
2018-10-09,499.513394,1748.813949,461.399046,594.698443,1393.289451,300.930564,258.432524,247.426451,1110.58287,196.715048
2018-10-10,496.200497,1747.403212,465.449475,592.640481,1369.506136,311.591993,264.438584,258.775897,1137.402954,193.609057
2018-10-11,495.711327,1670.278241,457.477776,570.41326,1366.666081,304.355754,256.604632,250.517558,1111.436437,192.288101
2018-10-12,502.048031,1641.236948,468.936331,563.127661,1399.945535,312.846242,254.689671,247.1958,1118.624694,198.25024
2018-10-15,510.007949,1622.609603,472.153262,580.374398,1413.656338,306.719556,255.03786,245.165831,1111.256903,202.498672
2018-10-16,519.123887,1636.176235,473.890816,587.700961,1382.241052,311.591961,257.562106,249.917805,1104.203667,202.605804
2018-10-17,524.437892,1650.364578,472.669795,594.204429,1400.211501,316.609067,259.694674,253.747085,1112.335185,208.246638
2018-10-18,524.437892,1650.364578,472.669795,594.204429,1400.211501,316.609067,259.694674,253.747085,1112.335185,208.246638
2018-10-19,494.043806,1600.579875,465.120726,566.132472,1407.266844,310.192955,255.211925,243.781753,1088.884339,208.175245
2018-10-22,495.733591,1589.793044,474.313496,572.183194,1411.038402,318.249261,252.426522,245.442606,1094.949206,209.281988
2018-10-23,473.454918,1578.17481,469.35904,561.440255,1403.938938,317.043258,252.948816,238.983593,1086.323922,207.92531
2018-10-24,478.457592,1558.218584,471.683641,548.68001,1411.925857,318.394028,286.155969,241.567192,1098.228728,206.818562
2018-10-25,462.760317,1560.630285,470.462614,546.208357,1420.653422,310.723599,270.183454,235.292734,1089.01902,206.711449
2018-10-26,470.030846,1541.506078,464.263652,539.842236,1409.720241,312.02611,266.353546,232.985942,1089.872619,206.925677
2018-10-29,486.417432,1561.50345,461.387283,541.381627,1391.825493,340.53686,264.220918,248.441443,1136.145033,203.676849
2018-10-30,482.704369,1587.653947,453.650346,552.408114,1431.229763,341.405169,258.693719,257.530199,1148.858958,202.6772
2018-10-31,473.966262,1616.340292,450.339526,576.666722,1449.436851,344.010246,256.778723,260.898139,1171.635741,200.64224
2018-11-01,474.877894,1616.714913,453.180704,573.961919,1449.883015,345.843411,259.390069,266.665115,1243.515303,201.213468
2018-11-02,480.703275,1625.237718,460.224985,562.394584,1471.03584,345.216258,267.920283,270.171402,1230.801334,204.176691
2018-11-05,485.906016,1602.579254,460.142793,556.40275,1469.964745,339.475544,268.04983,276.815012,1226.443928,203.676851
2018-11-06,494.488455,1611.019042,463.981906,561.728746,1476.212247,345.698679,270.287979,275.246365,1230.756503,201.249139
2018-11-07,495.822515,1620.581087,461.387283,563.80934,1469.920081,344.444468,271.209573,266.572778,1230.936184,200.642222
2018-11-08,495.822515,1620.581087,461.387283,563.80934,1469.920081,344.444468,271.209573,266.572778,1230.936184,200.642222
2018-11-09,495.28892,1631.349087,460.201509,565.057555,1499.417465,345.505782,266.294451,265.281043,1239.022577,199.713978
2018-11-12,488.618569,1618.169599,460.694596,562.893826,1501.15793,345.602241,267.69874,261.774706,1243.964393,198.642945
2018-11-13,490.486266,1612.266516,454.988678,555.695361,1498.167949,349.220334,266.821084,258.083815,1253.398434,198.428737
2018-11-14,494.777506,1604.699472,460.225005,553.989234,1552.521812,356.890715,273.667116,265.465578,1256.093928,198.785729
2018-11-15,490.486313,1579.006396,464.287162,554.239134,1542.615067,361.714876,269.190877,264.8658,1265.079024,199.392681
2018-11-16,502.47055,1579.671331,472.669838,551.326391,1533.333003,362.100787,295.609643,269.248683,1270.469911,198.714355
2018-11-19,512.142446,1585.949339,474.548331,550.9103,1523.515493,357.66262,297.452838,270.817307,1275.726123,203.498348
2018-11-20,514.010071,1581.50078,474.219568,545.917115,1526.103658,352.59723,297.935571,266.249869,1278.646191,204.676485
2018-11-21,509.385398,1555.766245,475.240983,532.643696,1522.622933,347.628352,297.935568,267.172606,1270.245427,203.355522
2018-11-22,500.424984,1536.267818,477.835639,522.740629,1520.569842,345.891655,298.242763,264.865784,1275.411512,203.141321
2018-11-23,500.424984,1536.267818,477.835639,522.740629,1520.569842,345.891655,298.242763,264.865784,1275.411512,203.141321
2018-11-26,496.934175,1546.578168,481.827359,522.615941,1561.893271,345.264537,297.452858,265.050336,1284.845663,204.4623
2018-11-27,502.49273,1578.091659,485.560842,533.434164,1554.306823,343.576079,294.819727,268.049174,1288.439854,204.533671
2018-11-28,514.832763,1653.840817,492.769458,556.485989,1560.108178,348.83439,292.098799,269.848443,1288.440054,205.604761
2018-11-29,524.682468,1660.492964,501.880039,561.645562,1588.668656,353.513848,282.619687,267.264851,1289.787396,206.568633
2018-11-30,527.395003,1655.503883,501.915285,559.232198,1605.001762,352.163132,284.638382,268.418286,1292.168552,207.068493
2018-12-03,522.459091,1654.672481,502.960127,565.057479,1640.702014,346.277579,281.741977,265.650126,1293.785934,206.711502
2018-12-04,514.943803,1679.117854,495.6811,572.755239,1650.207174,346.470541,283.936252,265.696254,1284.621381,202.28446
2018-12-05,515.299652,1677.95428,494.342665,568.927116,1655.428617,343.817304,281.610328,261.313326,1274.962373,201.213423
2018-12-06,510.941718,1677.122818,493.485572,570.425162,1648.466769,337.642406,272.964957,257.668602,1255.24053,196.286659
2018-12-07,505.5833,1666.230027,497.324739,570.674883,1635.748579,340.585115,270.156317,255.915412,1261.484704,197.214884
2018-12-10,495.511197,1672.133398,494.225202,569.052127,1619.906544,337.159925,264.758462,255.038902,1245.671477,194.430146
2018-12-11,490.086057,1671.302241,486.359191,567.470977,1624.279802,332.866474,258.395131,261.359471,1230.801456,197.107762
2018-12-12,495.155515,1681.28027,490.703154,566.430649,1646.726518,339.330848,272.965002,263.758561,1264.764551,198.285887
2018-12-13,501.603452,1687.682618,498.968427,582.53344,1666.718688,341.742893,274.588746,271.278652,1283.947208,199.499743
2018-12-14,495.778034,1662.114301,497.324746,593.934578,1665.290665,341.598152,292.625509,268.325964,1283.542975,197.964601
2018-12-17,503.826843,1667.061492,500.752967,592.394854,1668.548406,347.821305,283.672907,268.925774,1279.814296,200.92787
2018-12-18,506.49489,1664.650053,502.255701,571.298889,1650.162654,350.136899,281.478653,271.27867,1284.845787,200.356609
2018-12-19,510.185798,1650.348665,507.04576,558.857609,1658.284144,356.263604,284.375108,278.660427,1292.033752,202.784317
2018-12-20,503.604506,1642.116896,502.59615,558.857651,1655.51789,352.645456,282.224748,278.337482,1305.511066,203.069915
2018-12-21,503.048606,1621.412367,504.627344,548.829909,1644.539839,350.715799,285.033342,273.585475,1311.531115,202.784321
2018-12-24,490.575231,1612.183195,494.037401,548.247194,1619.013884,344.54089,274.105985,272.201408,1283.677767,200.427985
2018-12-25,490.575231,1612.183195,494.037401,548.247194,1619.013884,344.54089,274.105985,272.201408,1283.677767,200.427985
2018-12-26,489.152286,1597.964314,499.437998,538.427324,1605.313971,344.347929,283.497365,272.201398,1286.642591,199.071352
2018-12-27,501.158771,1614.510954,502.067881,551.950526,1627.046819,348.062547,284.111778,274.600472,1288.75424,201.106336
2018-12-28,504.827376,1596.467574,501.962212,552.15848,1637.667591,350.040421,281.742007,274.139142,1301.018771,202.784286
2018-12-31,504.204811,1587.321365,501.786127,550.910303,1639.452322,350.715799,281.654238,275.20025,1302.815595,202.677184
2019-01-01,501.292148,1588.152851,505.07347,554.488664,1628.653051,351.970091,282.619698,277.460947,1298.323272,202.463007
2019-01-02,501.158723,1608.48262,504.251648,560.896453,1614.417549,354.961089,281.741994,279.12177,1298.23341,202.248807
2019-01-03,495.644647,1617.213603,499.731487,563.393027,1609.597866,354.38216,276.914618,272.708886,1283.947217,201.677528
2019-01-04,491.131092,1580.835594,499.790204,560.813372,1608.303673,355.829414,284.989478,275.892249,1264.719536,202.034574
2019-01-07,497.356638,1587.154975,501.398601,560.563615,1610.088793,357.952025,287.798124,278.199047,1265.618024,203.676826
2019-01-08,493.576848,1585.159158,498.616251,563.767545,1600.717335,368.372176,291.177254,282.351266,1252.365177,203.855366
2019-01-09,496.711901,1595.636227,498.111421,574.045189,1603.841597,370.060664,296.575152,283.366259,1252.095635,208.282372
2019-01-10,494.043805,1583.995413,498.68667,567.554043,1605.715678,368.709932,297.233396,283.735344,1256.902864,209.710407
2019-01-11,495.288905,1559.050531,498.733603,570.46675,1602.413279,367.793366,296.048518,282.5358,1252.41022,211.352638
2019-01-14,489.374622,1539.094819,495.422798,591.021981,1589.337974,365.38127,293.854246,280.136756,1228.420381,210.49583
2019-01-15,503.382165,1554.352841,499.320591,607.499207,1600.628417,362.197267,297.847808,280.136741,1211.169321,212.352304
2019-01-16,509.163051,1559.050546,498.968371,613.990394,1601.87789,366.394306,303.026233,282.951066,1223.299037,211.7454
2019-01-17,510.452656,1581.55769,501.527833,614.989008,1587.999221,364.657602,295.565799,280.828847,1214.583451,211.067092
2019-01-18,529.12933,1586.723571,502.255686,612.658858,1578.716827,363.162118,291.791676,276.67661,1214.763366,210.710057
2019-01-21,551.385672,1609.889125,508.712998,624.975323,1569.033554,362.92095,276.914692,273.816119,1201.510506,209.353407
2019-01-22,554.498518,1598.431536,504.087318,623.310832,1566.355994,359.399232,273.930413,270.355983,1187.359274,207.782521
2019-01-23,553.275647,1588.30725,501.516089,617.984823,1592.283273,360.557055,269.805236,270.309804,1174.241338,210.210189
2019-01-24,557.277896,1587.598705,498.18176,615.942986,1592.283368,355.540008,270.156337,267.495575,1173.028348,202.320192
2019-01-25,562.391638,1612.388751,495.446226,617.449211,1587.55284,351.825358,273.842665,268.510542,1180.710493,201.856079
2019-01-28,558.500661,1634.88713,493.579605,613.014342,1581.126721,342.418268,271.516755,264.450589,1202.094699,199.535468
2019-01-29,547.695022,1657.427536,489.10642,613.223491,1574.254518,337.787096,271.780078,263.89694,1175.948378,199.214157
2019-01-30,544.737715,1657.802738,483.060083,614.855201,1571.487767,355.636456,274.632585,267.034174,1176.128057,200.070975
2019-01-31,546.827789,1683.009177,490.691395,628.66191,1584.116762,363.403359,272.482203,272.016807,1187.539024,199.642619
2019-02-01,558.078198,1695.507821,497.089894,638.033587,1635.525097,352.066574,281.654215,279.306324,1199.084608,203.641122
2019-02-04,576.732769,1712.756822,496.150722,638.033741,1627.046467,344.347893,272.745576,263.158797,1192.166208,201.284843
2019-02-05,580.045653,1712.381764,497.559569,635.89992,1637.711977,343.576082,273.535491,264.819696,1188.706862,198.357326
2019-02-06,585.937781,1738.921752,499.437975,641.75734,1639.05083,349.172109,272.526128,267.357125,1187.808632,198.785725
2019-02-07,587.516359,1748.171584,500.142431,643.849262,1646.681976,349.075556,275.949168,271.278687,1186.775127,200.642232
2019-02-08,578.311408,1741.130225,503.652779,646.192153,1648.466993,345.795196,275.773643,265.742375,1167.05325,200.785009
2019-02-11,567.416583,1746.546409,503.171423,643.263371,1620.263568,342.225315,276.870738,263.850807,1131.203337,198.642944
2019-02-12,565.793519,1724.881146,504.369001,636.234631,1617.229165,339.620276,277.002419,260.390593,1136.504349,200.285173
2019-02-13,565.793519,1724.881146,504.369001,636.234631,1617.229165,339.620276,277.002419,260.390593,1136.504349,200.285173
2019-02-14,551.852733,1729.047675,502.490566,630.084352,1605.180126,334.651396,271.999473,247.611007,1106.719616,200.070983
2019-02-15,555.810388,1709.882265,495.000133,624.645285,1597.593813,335.519724,268.620323,248.072364,1126.62101,200.606531
2019-02-18,556.966601,1701.507474,497.324739,625.607766,1584.295311,330.936771,269.585824,244.981249,1131.697542,201.67755
2019-02-19,551.274628,1642.386697,495.011851,619.66659,1570.461176,338.076509,275.159222,246.826686,1141.086793,199.356969
2019-02-20,551.40805,1611.389084,495.681058,621.716726,1558.278582,335.375004,272.833282,247.564853,1152.452835,198.143142
2019-02-21,559.323289,1616.554951,497.782652,617.532858,1569.033218,342.466509,272.964993,250.056221,1160.404367,197.607593
2019-02-22,553.764866,1608.222386,499.696348,617.700262,1582.421091,341.646407,277.792342,250.886619,1153.12668,197.036376
2019-02-25,552.741985,1658.218858,500.130677,634.268208,1584.919902,344.878631,280.864236,250.425292,1155.866905,197.893195
2019-02-26,549.095662,1704.174374,498.968373,629.74965,1593.934499,340.295686,281.303128,247.472611,1145.579393,197.786081
2019-02-27,553.586939,1729.005787,498.839239,624.561767,1587.776179,342.225347,285.472209,251.624839,1163.549083,199.142778
2019-02-28,551.341265,1726.006185,494.471817,621.214536,1567.828577,339.379062,286.964297,249.871636,1170.692335,198.000279
2019-03-01,552.453029,1670.718301,493.309567,622.051413,1561.00074,342.51473,278.933327,253.377991,1178.778545,199.214147
2019-03-04,552.453029,1670.718301,493.309567,622.051413,1561.00074,342.51473,278.933327,253.377991,1178.778545,199.214147
2019-03-05,551.31911,1672.3848,495.704585,621.298194,1552.789735,351.342951,271.3851,256.376804,1177.386101,202.784292
2019-03-06,566.127108,1679.050483,495.516704,615.942876,1544.043004,359.737024,274.939825,260.713586,1192.795314,206.497271
2019-03-07,569.106317,1686.592238,500.142387,614.604268,1535.117911,360.846502,274.018215,260.66744,1219.525443,207.78256
2019-03-08,566.727345,1694.050191,500.142394,604.939506,1533.332871,360.267614,273.842705,262.2822,1224.64681,209.210547
2019-03-11,583.425193,1694.049611,503.359336,601.216025,1540.472879,365.091744,295.872947,266.665116,1213.864952,210.567269
2019-03-12,593.208316,1687.217064,510.708857,598.245454,1552.075771,375.319002,310.706141,267.495505,1260.586585,211.102764
2019-03-13,604.770063,1679.800607,524.562545,601.299534,1566.80232,379.419531,312.944286,271.64775,1255.689603,212.066725
2019-03-14,605.659467,1673.051462,527.732461,598.203694,1563.410535,379.1783,303.640618,271.924596,1254.297178,211.352679
2019-03-15,604.236473,1724.006188,530.644144,605.609065,1558.769577,384.243661,302.675139,278.014526,1267.594841,211.745355
2019-03-18,603.858541,1720.381635,538.099205,605.567146,1527.040484,385.835632,301.621928,277.645442,1268.403261,210.067452
2019-03-19,613.663784,1691.550205,534.401033,607.910258,1525.657421,386.848702,297.935573,282.904933,1235.383767,214.208801
2019-03-20,617.221152,1703.88261,540.059943,621.131025,1531.994139,384.147208,298.33053,281.105634,1241.71813,215.601158
2019-03-21,617.221152,1703.88261,540.059943,621.131025,1531.994139,384.147208,298.33053,281.105634,1241.71813,215.601158
2019-03-22,614.064047,1679.884151,541.703525,624.519903,1520.703703,382.362244,304.913283,282.720376,1271.368369,214.208805
2019-03-25,594.475649,1673.051423,537.207015,621.214705,1506.111378,374.305958,293.942048,272.616606,1248.007646,212.06672
2019-03-26,609.928368,1662.343346,543.582065,615.231796,1509.726038,381.590411,290.870061,281.42857,1247.827924,211.602561
2019-03-27,612.752166,1664.885172,546.646275,612.763216,1524.229374,384.436667,292.274448,286.826461,1249.894348,211.852485
2019-03-28,609.128037,1678.717788,545.93021,623.390199,1510.127628,387.765295,292.274405,313.400712,1251.152224,215.636838
2019-03-29,609.128037,1678.717788,545.93021,623.390199,1510.127628,387.765295,292.274405,313.400712,1251.152224,215.636838
2019-04-01,625.58121,1699.841423,547.573751,635.941785,1536.322708,395.146223,302.762928,302.328099,1279.454684,213.637582
2019-04-02,623.935945,1738.213523,544.756123,640.794904,1514.590524,385.932084,315.094594,305.419194,1282.105413,214.208769
2019-04-03,623.891388,1741.213398,543.816845,634.686702,1505.308266,388.633634,318.605419,306.757126,1271.36836,213.494735
2019-04-04,615.309061,1732.964077,543.112463,630.75378,1505.308099,381.783372,315.533444,300.574948,1252.410045,212.280892
2019-04-05,606.504264,1711.881566,543.288484,636.736702,1491.831189,378.695853,315.752903,298.68339,1251.37712,211.638314
2019-04-08,603.658293,1729.047526,545.448703,644.309406,1499.194309,377.682858,319.307579,294.577297,1246.03091,210.638659
2019-04-09,596.187611,1748.21268,540.764337,646.819575,1502.898327,384.34012,316.850042,291.301641,1246.210667,211.852503
2019-04-10,599.433842,1737.797171,536.302921,641.548028,1521.417868,384.774316,311.057212,292.547322,1241.718071,211.745384
2019-04-11,601.657228,1712.382077,531.372014,629.038415,1531.994096,380.625507,308.292441,291.024835,1247.064113,212.388026
2019-04-12,603.391523,1699.049784,533.532238,628.871044,1539.31279,381.638617,307.502535,291.947563,1241.583284,219.492598
2019-04-15,599.856341,1766.378207,538.392857,611.968475,1545.114015,382.989433,306.317613,294.069778,1229.139273,221.349096
2019-04-16,604.769877,1796.501342,542.384515,609.081544,1554.753067,394.03667,308.160799,294.715658,1249.714766,221.313368
2019-04-17,604.769877,1796.501342,542.384515,609.081544,1554.753067,394.03667,308.160799,294.715658,1249.714766,221.313368
2019-04-18,617.999382,1795.709391,543.593787,604.563129,1556.627529,396.545254,307.590252,291.393918,1246.749576,220.099507
2019-04-19,617.999382,1795.709391,543.593787,604.563129,1556.627529,396.545254,307.590252,291.393918,1246.749576,220.099507
2019-04-22,607.882892,1813.208434,545.930127,607.282478,1557.430801,390.370341,314.699683,288.164369,1231.744989,218.135933
2019-04-23,610.550886,1804.45879,537.711817,610.83887,1560.108136,385.883883,311.054869,289.502332,1226.443735,217.63611
2019-04-24,620.244939,1829.041251,536.279548,617.44916,1566.355792,388.488945,311.915215,287.841432,1225.050994,219.349794
2019-04-25,628.071563,1837.372796,539.77817,617.240023,1573.138821,388.247678,318.224243,287.887573,1240.415263,221.206308
2019-04-26,620.756455,1869.829198,536.537779,619.039066,1562.607425,393.650759,320.900849,289.271655,1228.240649,218.778572
2019-04-29,620.756455,1869.829198,536.537779,619.039066,1562.607425,393.650759,320.900849,289.271655,1228.240649,218.778572
2019-04-30,620.956527,1888.994983,544.756061,630.75376,1572.603341,395.387433,312.393175,287.887591,1227.791367,219.599709
2019-05-01,620.956527,1888.994983,544.756061,630.75376,1572.603341,395.387433,312.393175,287.887591,1227.791367,219.599709
2019-05-02,628.73853,1882.703196,554.06621,626.235344,1573.049489,390.7563,314.878553,287.333973,1236.776633,218.84997
2019-05-03,630.339352,1821.582792,558.374853,611.675544,1541.365539,390.94927,319.132396,287.703023,1233.811307,219.528272
2019-05-06,623.802564,1804.041702,552.246425,603.977173,1505.664913,390.659827,321.569946,286.318963,1226.309054,219.564052
2019-05-07,620.33402,1820.166229,553.678828,609.081576,1526.996161,393.023672,325.823765,289.17936,1234.84455,220.992083
2019-05-08,595.876279,1806.542262,545.648363,607.491696,1515.036386,376.283813,313.014525,281.705367,1231.834603,216.636511
2019-05-09,573.108583,1819.957996,540.059877,611.08975,1528.870591,372.135055,311.819601,277.737697,1229.85808,215.137052
2019-05-10,568.172619,1826.540633,545.906703,607.491628,1525.300293,375.511962,313.92264,286.734174,1224.197414,214.530092
2019-05-13,560.657426,1805.708738,543.194663,607.868259,1532.440514,372.183302,312.918917,289.917581,1217.458736,216.707915
2019-05-14,564.459462,1799.709301,542.642792,600.588357,1526.192948,373.148101,324.724453,292.270474,1210.855043,212.959245
2019-05-15,568.306016,1769.877913,541.750528,606.822237,1519.945354,370.977305,323.099408,293.331603,1217.458746,213.708956
2019-05-16,565.593472,1769.87799,544.521222,616.696084,1517.267751,371.459653,318.606612,292.593421,1211.169287,212.06673
2019-05-17,567.838984,1779.044117,556.332151,615.691975,1554.931652,378.213513,316.121261,297.068647,1232.283841,215.886759
2019-05-20,594.853621,1792.709083,572.62778,607.826493,1585.678672,399.439778,326.875236,319.075391,1307.308227,219.599762
2019-05-21,607.882764,1790.460212,575.14029,604.688549,1604.242955,396.35228,325.106859,320.69018,1313.642761,221.349063
2019-05-22,604.63659,1768.169272,569.645806,601.006732,1593.1312,394.036653,323.051669,316.122722,1323.840455,220.512712
2019-05-23,618.999863,1762.66968,572.909617,599.709717,1610.892045,412.899148,333.614473,335.868842,1403.806527,222.55175
2019-05-24,602.013032,1724.881019,560.288708,595.567763,1570.64005,418.302143,340.305912,329.409806,1391.946262,212.392746
2019-05-27,594.76476,1724.006084,568.683076,597.283123,1585.053684,423.367522,336.386638,334.484775,1437.589824,213.776384
2019-05-28,593.564034,1747.796162,568.237011,613.725627,1594.023433,423.753479,336.19549,333.746626,1443.879141,212.647658
2019-05-29,592.89701,1769.628471,570.772908,613.892972,1597.013585,415.311219,329.934224,331.255262,1434.849298,212.429176
2019-05-30,596.765853,1797.001284,574.788071,616.905307,1599.378748,412.947376,334.14023,327.564421,1410.050773,211.955764
2019-05-31,596.721312,1837.331467,578.803304,621.67486,1608.883804,415.070043,336.86458,330.240263,1420.96736,212.283518
2019-06-03,607.994091,1872.912004,577.582336,628.327196,1646.681765,411.403639,340.066893,328.902361,1410.634849,205.001066
2019-06-04,611.10675,1868.20265,578.979454,618.746156,1647.127978,407.881976,340.258105,329.59437,1424.112258,205.474411
2019-06-05,611.10675,1868.20265,578.979454,618.746156,1647.127978,407.881976,340.258105,329.59437,1424.112258,205.474411
2019-06-06,605.614995,1847.2021,579.977422,623.097365,1651.055083,403.154315,340.258073,322.581701,1412.252304,204.199996
2019-06-07,590.20662,1839.473987,576.27913,622.511651,1646.45877,404.215691,345.993582,316.261117,1378.019647,201.578308
2019-06-10,590.095494,1878.157095,579.965599,631.004846,1664.487322,407.882028,348.574591,320.459495,1385.47714,204.309229
2019-06-11,593.430532,1901.76115,577.605756,635.104973,1657.213449,408.798607,350.773147,321.382145,1383.85969,204.928237
2019-06-12,595.164904,1904.239211,574.905464,633.389616,1654.044991,407.158394,346.423776,320.136515,1371.011331,204.928219
2019-06-13,593.519554,1919.443815,575.750919,634.063387,1649.984164,407.447797,348.861364,320.597875,1373.796864,204.891812
2019-06-14,589.206139,1901.047122,577.382745,632.620675,1654.04494,407.15839,346.949506,319.582894,1383.590218,204.272825
2019-06-17,586.982656,1900.122766,572.909718,631.772029,1634.990033,404.939288,339.923525,317.18386,1380.984816,203.071193
2019-06-18,572.730568,1898.443418,571.054614,638.518265,1622.717799,411.065933,332.037247,317.414517,1365.665038,202.34294
2019-06-19,578.978316,1911.883644,574.083608,641.021686,1628.787068,411.017696,332.658548,318.521762,1374.695096,203.107605
2019-06-20,578.08913,1918.604498,575.785336,642.294522,1626.625019,419.363478,334.570404,319.49061,1404.345446,202.41579
2019-06-21,576.310335,1925.743848,574.060654,640.682333,1628.917272,419.894172,334.474787,323.596735,1410.59003,201.469078
2019-06-24,567.616675,1915.243465,574.27325,638.051697,1597.993112,418.543363,333.184345,327.333703,1404.74975,202.088056
2019-06-25,577.199725,1910.581774,576.848584,637.203108,1590.891337,419.508169,336.48226,329.409802,1394.462013,203.908678
2019-06-26,580.134572,1904.155859,583.582124,637.669773,1586.666279,424.525336,336.482226,331.255293,1405.019425,202.961978
2019-06-27,576.710531,1901.802745,589.370822,631.941836,1606.937814,428.288126,335.382919,334.94615,1409.691622,202.597843
2019-06-28,570.46269,1900.081415,584.763505,627.529127,1609.724419,425.007773,334.570395,336.791578,1414.139044,200.595197
2019-07-01,565.926933,1894.243024,588.071278,625.83192,1617.141082,426.454977,334.427004,334.946135,1409.736265,201.177745
2019-07-02,569.640119,1895.922896,590.079501,629.353678,1616.331799,424.525347,338.872021,336.791558,1406.995945,200.740833
2019-07-03,572.085886,1897.435352,591.449886,630.668869,1615.298131,424.525349,340.783868,338.360203,1423.124086,202.124504
2019-07-04,574.086877,1891.722913,590.173997,624.898431,1616.960899,425.876078,348.909133,342.235581,1429.143905,202.634258
2019-07-05,573.864529,1890.043242,589.477027,624.898606,1632.513223,424.42889,354.788076,344.726939,1430.087361,205.255958
2019-07-08,563.903599,1838.633943,584.66901,615.182204,1604.420709,420.038861,348.335588,339.974932,1393.788103,206.020593
2019-07-09,570.751749,1826.537429,569.595107,610.854475,1578.575506,414.684047,347.236247,332.177972,1382.24265,202.124512
2019-07-10,573.353064,1787.434967,566.570917,613.272874,1577.586798,417.482104,348.813527,333.562053,1374.33585,200.449529
2019-07-11,573.55333,1788.400839,570.351248,613.951749,1566.574634,417.675018,346.423763,335.868808,1359.375874,201.651105
2019-07-12,578.08905,1780.630466,571.296257,619.976751,1562.618993,417.771452,344.894312,338.221753,1346.841914,201.323393
2019-07-15,573.419833,1809.064862,567.752251,663.297003,1550.437772,413.333286,343.556031,336.79158,1324.334488,200.704436
2019-07-16,575.821192,1795.524533,571.296291,668.515789,1573.721234,415.407653,339.30219,337.71431,1315.39461,198.628901
2019-07-17,576.754982,1789.209924,569.784023,674.625696,1587.160708,412.030786,337.82053,344.680747,1321.279743,198.920201
2019-07-18,572.041395,1781.800521,573.895126,677.595676,1587.565182,410.535271,335.717471,344.911467,1307.263316,200.340292
2019-07-19,566.060298,1765.634325,571.93411,674.201481,1583.924023,405.566436,330.746731,337.760412,1299.940576,199.721253
2019-07-22,571.196409,1782.852848,555.194632,672.079907,1550.437825,399.400145,328.356944,331.762787,1274.96245,195.315405
2019-07-23,575.376415,1793.419631,542.11722,682.262953,1529.627039,402.35002,333.136556,325.71896,1271.188695,197.864249
2019-07-24,568.661688,1785.673982,541.762675,673.564832,1557.000633,398.336215,329.55185,318.060413,1292.546952,199.065867
2019-07-25,564.326018,1797.630005,547.066987,679.038427,1573.091897,400.270577,328.309172,316.676341,1276.802125,198.446852
2019-07-26,552.519682,1793.251381,541.916293,674.625723,1565.990051,405.638475,323.959786,319.398344,1271.660126,197.354496
2019-07-29,543.403694,1803.524064,537.167311,676.280442,1564.012408,421.065088,321.617728,319.767421,1272.342569,197.463731
2019-07-30,542.514313,1839.729017,536.612034,677.001655,1559.113113,424.30521,332.945351,319.905855,1267.928425,196.699081
2019-07-31,526.950341,1862.210214,535.61978,678.698874,1575.923509,416.084072,338.15509,307.449206,1272.296897,197.427313
2019-08-01,528.37336,1867.093188,530.418341,669.02495,1568.417328,412.360401,323.816373,305.880545,1261.420978,197.135983
2019-08-02,536.04078,1860.778193,526.629643,661.811985,1565.989974,404.139338,339.302161,297.345448,1253.138965,194.587171
2019-08-05,522.061069,1896.35208,520.946616,666.903557,1576.283146,393.306799,345.706797,279.444723,1236.665984,192.62088
2019-08-06,514.277153,1896.099621,523.373707,665.036674,1582.171309,397.997742,358.850624,280.736529,1273.616625,190.436136
2019-08-07,509.333877,1884.774404,521.420127,664.824416,1606.35334,401.382833,356.508678,279.075655,1264.97066,188.870435
2019-08-08,518.034827,1920.558749,531.128708,672.716303,1624.422596,402.930345,362.052994,272.662773,1248.679406,188.397045
2019-08-09,525.86362,1909.528981,542.021266,676.110633,1660.066295,408.540064,357.273384,274.969556,1267.336845,188.506289
2019-08-12,525.86362,1909.528981,542.021266,676.110633,1660.066295,408.540064,357.273384,274.969556,1267.336845,188.506289
2019-08-13,582.811592,1891.300394,538.303607,666.988379,1652.290384,407.863068,348.909147,269.018011,1246.859177,184.974323
2019-08-14,583.549766,1867.387921,529.329017,660.411884,1666.808542,408.346634,347.809882,268.741222,1220.420364,184.683015
2019-08-15,583.549766,1867.387921,529.329017,660.411884,1666.808542,408.346634,347.809882,268.741222,1220.420364,184.683015
2019-08-16,577.8907,1887.216509,528.760818,661.939194,1660.875394,406.218813,348.909077,270.171399,1219.464729,184.537359
2019-08-19,580.127424,1840.57052,530.892071,664.442623,1658.583276,413.859577,350.104017,269.802341,1238.622451,187.377548
2019-08-20,578.248596,1856.56855,527.52949,677.171445,1662.808286,409.313789,346.375949,265.188754,1233.707993,183.481412
2019-08-21,572.008056,1854.042479,530.702501,682.050702,1668.246662,404.961454,344.320782,263.527866,1221.285005,179.803796
2019-08-22,568.585822,1882.374555,525.883837,679.971725,1690.046883,398.964854,341.452971,256.792019,1208.133659,179.148344
2019-08-23,574.401407,1902.792634,515.500361,687.312013,1687.664333,390.260159,343.125832,253.977736,1180.830107,174.378345
2019-08-26,578.874802,1921.401303,536.610431,684.638899,1693.372796,400.415658,346.662739,265.742375,1222.468032,177.291313
2019-08-27,574.848699,1915.380631,538.208803,674.583196,1698.137352,406.702335,351.968063,265.742385,1255.914727,179.366828
2019-08-28,573.059275,1896.267724,534.526779,683.111638,1661.639701,404.526198,334.092391,264.496712,1246.859267,180.349934
2019-08-29,563.776768,1892.941927,533.662485,687.099968,1657.369559,397.32064,334.331383,262.328333,1233.207526,178.747831
2019-08-30,561.159694,1907.929614,535.154197,693.591567,1695.800208,399.303386,334.18799,256.469087,1234.936667,180.022231
2019-09-02,561.159694,1907.929614,535.154197,693.591567,1695.800208,399.303386,334.18799,256.469087,1234.936667,180.022231
2019-09-03,556.059964,1933.357045,525.91928,697.876994,1686.27126,393.065047,330.698937,250.97889,1207.72421,178.019562
2019-09-04,539.17229,1911.297415,538.469381,697.919437,1671.213493,386.536509,332.037258,254.531378,1196.165765,178.092403
2019-09-05,542.728797,1897.530201,538.090409,710.690571,1657.639104,381.071869,333.949032,254.992754,1217.735477,179.803768
2019-09-06,549.796992,1880.564613,534.349171,718.752123,1657.099784,381.555485,338.394035,255.592503,1214.094929,179.039113
2019-09-09,551.586462,1854.758325,535.367314,713.06661,1670.269574,387.261895,341.644176,257.161111,1239.396435,179.512475
2019-09-10,551.586462,1854.758325,535.367314,713.06661,1670.269574,387.261895,341.644176,257.161111,1239.396435,179.512475
2019-09-11,554.717935,1848.148669,538.469388,703.095731,1660.875576,385.90781,345.993602,263.758561,1259.418572,178.747803
2019-09-12,554.919098,1822.889299,541.973889,695.71298,1648.33491,393.838763,342.600085,266.480568,1255.732754,178.420102
2019-09-13,549.573288,1816.953389,536.918354,705.217081,1640.603765,401.286078,334.283614,269.894595,1244.083478,176.563077
2019-09-16,545.368071,1829.961552,535.781688,711.072517,1640.379013,402.011499,330.173188,268.003038,1234.982183,175.397888
2019-09-17,541.744593,1815.774733,532.431025,708.569098,1655.886191,398.384553,333.423306,264.312186,1224.106311,174.8517
2019-09-18,544.115584,1804.323654,526.665112,706.829499,1657.638946,392.146219,328.978277,261.082681,1208.998311,176.453859
2019-09-19,541.16303,1798.30339,524.285374,701.780344,1657.324353,382.716116,327.448841,258.314519,1201.535352,174.742466
2019-09-20,568.09368,1792.9146,572.993945,708.569146,1790.730522,410.087531,349.004732,283.873784,1289.134182,180.968947
2019-09-23,573.059349,1767.318542,607.471061,684.723882,1888.402401,435.234367,346.280406,291.578432,1411.590286,189.707885
2019-09-24,581.022237,1735.322842,597.644118,677.723045,1858.961485,433.928687,336.48223,290.794132,1387.017068,187.887289
2019-09-25,579.322262,1761.424866,591.937381,679.717201,1854.061962,426.481366,335.478505,274.508169,1348.519172,186.612855
2019-09-26,581.022183,1774.054446,603.824403,676.322804,1865.344233,443.600592,331.750426,267.495546,1360.623766,183.080869
2019-09-27,588.269308,1755.698725,593.642366,673.989242,1838.060513,437.023735,339.254427,263.943079,1357.620115,187.887291
2019-09-30,597.551896,1771.528315,587.248909,685.657303,1814.013516,430.543518,358.372732,260.067678,1350.612402,189.926357
2019-10-01,600.347841,1764.750534,594.352787,685.275465,1815.811372,428.657509,354.310076,254.208424,1361.943365,191.127981
2019-10-02,600.347841,1764.750534,594.352787,685.275465,1815.811372,428.657509,354.310076,254.208424,1361.943365,191.127981
2019-10-03,588.135203,1752.289097,589.048589,677.044101,1784.707362,420.339754,339.923545,240.552234,1342.876479,190.90952
2019-10-04,594.353332,1758.014719,587.059474,676.831902,1777.51546,415.213591,333.32772,240.367674,1341.511142,192.183907
2019-10-07,590.863931,1763.52964,577.706075,680.565881,1764.615663,409.603929,331.463637,233.816379,1300.556075,187.887286
2019-10-08,590.863931,1763.52964,577.706075,680.565881,1764.615663,409.603929,331.463637,233.816379,1300.556075,187.887286
2019-10-09,594.957332,1734.481177,582.465681,675.389438,1764.390708,424.01502,344.942109,241.751739,1304.560698,183.663473
2019-10-10,612.426339,1716.841364,580.594941,674.371029,1782.190182,417.341445,368.027426,238.060887,1303.286293,180.349976
2019-10-11,610.905448,1679.752794,579.67145,699.064884,1813.114691,419.034014,368.36201,241.198118,1319.668562,179.293982
2019-10-14,610.614659,1711.537077,577.729833,676.322786,1826.194263,422.080667,379.498433,239.35269,1310.476381,179.439644
2019-10-15,612.873683,1723.535585,580.145092,658.460023,1867.411424,421.161843,374.671031,239.814027,1314.936042,181.478746
2019-10-16,617.190632,1731.113517,584.880978,658.460115,1869.839063,425.078892,369.748045,241.705616,1312.205511,180.313533
2019-10-17,625.84711,1754.539568,582.441928,653.87776,1895.009775,428.802619,370.417232,245.442618,1309.29313,179.658135
2019-10-18,638.77545,1776.837173,584.336379,656.635643,1902.201357,429.141122,369.365693,250.379161,1326.039284,180.459197
2019-10-21,638.77545,1776.837173,584.336379,656.635643,1902.201357,429.141122,369.365693,250.379161,1326.039284,180.459197
2019-10-22,642.779316,1817.816731,595.299901,586.457604,1931.86708,443.648964,379.020469,253.747089,1335.868618,182.862401
2019-10-23,637.903125,1794.012596,591.866344,564.237854,1931.471364,443.939109,361.336059,256.330654,1318.667458,183.481394
2019-10-24,644.814766,1807.055066,593.9502,561.273377,1942.812011,443.939099,359.758767,256.192239,1335.140579,184.974308
2019-10-25,644.837098,1833.743279,590.493022,560.672016,1948.685365,455.206832,361.718438,262.189932,1312.114546,187.304722
2019-10-28,644.837098,1833.743279,590.493022,560.672016,1948.685365,455.206832,361.718438,262.189932,1312.114546,187.304722
2019-10-29,662.082636,1895.470732,595.465567,561.745983,1955.417434,466.18439,349.530489,262.974242,1333.138249,185.77538
2019-10-30,664.118087,1945.661906,597.999281,576.912087,1969.920765,463.282827,354.979177,268.510538,1357.847781,192.256745
2019-10-31,666.399551,1967.141851,598.567604,597.577524,1976.472389,461.106714,360.188942,293.239348,1352.88787,191.419274
2019-11-01,653.940746,1958.576053,589.024774,596.331475,1973.80656,451.628221,359.806602,290.655699,1347.927761,191.528508
2019-11-04,658.056494,1919.145372,591.98471,629.413365,1976.110724,456.802724,364.872909,294.346575,1336.050411,192.948593
2019-11-05,657.13935,1903.477362,589.522185,609.005677,1966.080439,458.446935,368.505399,297.114754,1328.40561,192.256756
2019-11-06,647.07379,1903.304584,596.247075,619.961361,1973.535527,468.022045,368.409806,294.300493,1335.094738,192.111108
2019-11-07,654.477514,1897.881654,601.314427,622.410186,1978.95737,467.151622,358.946272,298.314271,1328.724308,193.931739
2019-11-08,652.979003,1885.053868,600.035815,622.324419,1938.429162,479.725051,359.280867,296.192013,1317.848242,193.312718
2019-11-11,646.089732,1841.492019,600.746108,607.673821,1897.675366,482.626604,357.464579,294.946339,1302.148741,191.055172
2019-11-12,646.089732,1841.492019,600.746108,607.673821,1897.675366,482.626604,357.464579,294.946339,1302.148741,191.055172
2019-11-13,660.248424,1880.06081,601.456509,601.487003,1893.021763,481.175794,356.938834,293.977488,1292.228344,188.797587
2019-11-14,662.798359,1894.007319,604.771516,609.907963,1889.136064,483.448692,350.91653,285.580827,1279.577961,186.357962
2019-11-15,665.124606,1903.907834,608.560215,612.614615,1896.726849,492.975503,380.932291,298.683398,1267.518715,186.248754
2019-11-18,664.766668,1883.461183,605.931972,610.079733,1875.355738,487.897806,402.010263,304.358062,1268.519839,183.699892
2019-11-19,677.695189,1854.964772,603.824434,613.516865,1861.530221,485.528162,426.003684,306.157368,1254.321867,183.372157
2019-11-20,703.41801,1838.048193,607.589461,614.376189,1855.02384,481.659375,432.981913,306.803253,1268.110491,183.008045
2019-11-21,696.081399,1830.81629,609.507538,619.918439,1861.439863,487.269063,422.992584,307.126201,1290.453918,183.080853
2019-11-22,702.120669,1813.942497,607.920975,611.798319,1855.340157,485.28637,410.995839,308.00278,1273.207105,183.991171
2019-11-25,700.018095,1794.959364,605.955566,605.912369,1867.765263,483.593797,435.5629,311.416859,1264.151478,180.896158
2019-11-26,705.185086,1806.108107,606.074045,607.716732,1880.235567,500.567899,427.29419,313.723636,1255.960503,182.352644
2019-11-27,704.804784,1783.552426,608.915551,599.467773,1897.539591,498.923667,417.735031,318.844701,1246.858964,182.097762
2019-11-28,708.674377,1803.094893,607.636897,604.365622,1896.139549,502.937595,424.330874,323.873531,1232.297127,180.568433
2019-11-29,707.690246,1795.002675,606.145014,603.463482,1883.624132,499.552359,429.827395,321.889711,1228.839019,180.167886
2019-12-02,722.229137,1780.10875,603.327122,604.92425,1863.292309,497.134396,464.192555,317.737436,1222.195072,179.803777
2019-12-03,713.080763,1775.201482,600.982958,601.229378,1855.250164,494.474644,444.548461,316.445671,1213.594528,179.002734
2019-12-04,705.699502,1792.419688,595.25251,610.509426,1854.256014,513.915012,444.3095,316.445689,1194.072356,177.728281
2019-12-05,706.706145,1830.988436,596.128631,615.149526,1850.460482,519.863315,443.162382,317.96816,1194.98262,180.240729
2019-12-06,701.449632,1832.021818,596.720663,618.672406,1851.544985,515.994561,432.456173,311.555292,1191.342147,179.985834
2019-12-09,705.654801,1831.978405,591.913764,620.69169,1836.228454,511.932356,431.691408,302.328127,1182.14991,177.182115
2019-12-10,703.954828,1774.211475,593.713387,617.383557,1844.85787,512.85118,431.117837,297.71448,1168.589155,176.016906
2019-12-11,704.357395,1763.148639,593.879097,620.992458,1834.375794,517.638791,429.253837,291.347788,1172.912332,173.904983
2019-12-12,704.066686,1793.840019,601.196014,619.273843,1838.442487,519.476453,424.283096,297.991373,1167.542547,174.924533
2019-12-13,711.29147,1788.459322,602.569503,612.571759,1828.954351,524.989429,421.271918,307.679894,1190.431878,176.599451
2019-12-16,713.036054,1838.909365,601.456535,618.844375,1817.207033,523.635446,412.047355,311.186155,1199.53309,177.254905
2019-12-17,706.370562,1867.318768,603.729726,628.3393,1802.703492,525.182828,422.03665,309.802111,1205.903912,176.016882
2019-12-18,706.817796,1896.9777,615.190631,633.537787,1777.08558,525.086157,427.389771,309.617498,1206.768463,180.131478
2019-12-19,722.430611,1925.430846,618.268879,632.377778,1776.904983,523.441858,436.66217,304.127379,1202.263546,180.532034
2019-12-20,723.616004,1934.212049,615.474735,631.561468,1771.031307,531.469553,440.103439,313.262315,1208.543465,178.492946
2019-12-23,705.721815,1930.12257,617.558449,633.537875,1772.928904,530.84089,438.90854,312.662532,1203.173519,176.817956
2019-12-24,703.261415,1931.500206,616.185108,633.237157,1775.458661,526.101735,439.721132,308.371913,1200.443372,174.924515
2019-12-25,703.261415,1931.500206,616.185108,633.237157,1775.458661,526.101735,439.721132,308.371913,1200.443372,174.924515
2019-12-26,694.717024,1918.973387,611.804345,631.174852,1765.925809,524.602524,436.375394,307.679879,1189.248615,174.341929
2019-12-27,691.697388,1916.735562,605.718814,633.709708,1766.106461,532.436746,436.901144,312.201151,1184.834626,173.6501
2019-12-30,692.346089,1915.530624,610.3363,634.096308,1765.925734,534.080982,444.213902,311.739811,1189.703865,175.434309
2019-12-31,690.579033,1891.424924,607.115878,633.924562,1759.012861,525.956591,442.110883,310.355765,1192.25211,174.014188
2020-01-01,683.152975,1880.146965,606.192454,635.857775,1752.958546,524.699268,440.199069,309.986614,1200.352272,173.759301
2020-01-02,689.348791,1876.746367,609.981145,636.545159,1764.434912,524.118963,439.147588,313.58527,1226.836786,175.470696
2020-01-03,689.661956,1913.808002,608.560338,642.732024,1753.049019,523.055095,438.956366,311.832068,1224.060721,175.507152
2020-01-06,683.510767,1916.348167,597.573082,647.715748,1743.470623,519.621536,437.28353,306.065132,1212.27478,173.540834
2020-01-07,686.463396,1906.620175,602.143238,638.091943,1744.916479,518.025667,435.228273,301.728306,1219.100556,173.24957
2020-01-08,686.440942,1945.6627,597.738784,626.405994,1749.479704,510.046318,440.43804,296.653407,1191.069098,171.720262
2020-01-09,693.397366,1938.73163,604.203427,628.554028,1759.645437,529.438453,454.012051,305.788304,1201.262301,172.302836
2020-01-10,696.953733,1923.278716,609.460112,638.34977,1768.862424,528.567993,445.408842,311.832066,1215.869591,173.868569
2020-01-13,697.289325,1910.321925,614.006546,668.080335,1805.324182,528.132682,449.567018,309.525317,1219.009668,175.143018
2020-01-14,693.397335,1919.663393,612.135933,667.607821,1820.776129,521.265761,451.813438,306.065125,1211.364621,177.546221
2020-01-15,688.878996,1920.695963,609.957391,664.944013,1831.664861,519.331435,451.192083,303.758315,1216.051887,176.963615
2020-01-16,690.422347,1936.192399,611.401876,663.784015,1856.69551,522.281241,455.923857,301.636055,1213.09399,177.619034
2020-01-17,709.032283,1940.10932,608.512941,664.127672,1865.009052,520.34688,481.590193,298.4988,1206.768662,176.30822
2020-01-20,719.791212,1930.338006,617.961047,665.416729,1875.852665,526.150022,490.097847,296.607283,1201.262425,177.145676
2020-01-21,691.540874,1882.428373,591.984865,662.065546,1875.039183,522.523076,492.296472,292.455036,1195.801681,175.834858
2020-01-22,691.943392,1902.617278,594.352646,668.509953,1864.64766,517.396943,500.660726,292.501142,1194.072551,174.487564
2020-01-23,689.796095,1913.624156,590.492952,674.954548,1862.253245,512.851204,502.811505,299.698339,1219.419162,173.868584
2020-01-24,687.290983,1890.499678,593.879191,675.813744,1878.65417,519.766571,504.102017,302.005146,1244.902435,174.123455
2020-01-27,681.96747,1892.656249,584.880939,674.353049,1869.391756,527.117163,500.995283,297.114746,1242.217629,172.885434
2020-01-28,675.503244,1887.781765,581.471153,671.775215,1866.003365,522.861528,491.722938,295.269353,1233.207358,171.793067
2020-01-29,668.524393,1887.047913,588.196085,681.227185,1884.798765,517.251903,479.295971,294.992512,1251.364131,173.067514
2020-01-30,661.948361,1868.108042,586.751632,678.563423,1877.750653,516.429761,471.170712,292.270504,1253.048116,172.594149
2020-01-31,650.115877,1850.289614,586.207063,674.481942,1868.940093,515.2692,477.384155,296.837971,1253.230141,173.613682
2020-02-03,626.271955,1893.734916,567.3345,679.637467,1983.972695,502.115456,490.719201,283.135568,1186.700604,157.956422
2020-02-04,640.833328,1843.688833,584.407319,678.735173,1991.788892,517.106825,499.561355,283.781521,1189.794929,158.46618
2020-02-05,649.914529,1860.94613,591.037619,675.384071,1973.535824,522.668219,513.804601,289.410068,1205.904045,158.393351
2020-02-06,656.266957,1876.045981,591.36906,676.071528,1984.604974,529.051572,528.42999,298.498834,1205.904072,160.141135
2020-02-07,649.713343,1856.02784,590.564016,669.240301,1962.691928,523.973799,524.797591,299.882864,1196.256779,157.082528
2020-02-10,646.648943,1869.834086,588.646014,668.509971,1978.550609,524.457455,519.683428,297.852924,1185.380866,155.880925
2020-02-11,655.909089,1876.563876,594.352696,669.455141,1969.604771,526.923775,520.63934,300.621095,1182.195349,157.992809
2020-02-12,659.778774,1885.365196,593.358173,673.021197,2053.055441,532.63027,518.440738,304.40416,1183.014455,156.427096
2020-02-13,661.076,1895.719583,596.673301,682.258234,2068.372144,530.985913,518.823123,305.373063,1183.014517,155.444
2020-02-14,671.678234,1908.662806,591.226986,686.726472,2076.188543,530.647511,542.529855,306.249657,1187.656133,155.043435
2020-02-17,673.780898,1912.977221,583.933785,681.785764,2068.417694,527.455689,543.629131,296.330467,1181.194311,151.948375
2020-02-18,660.248435,1916.428614,577.06678,686.597596,2044.877641,526.536906,543.772397,294.531172,1173.86775,148.998998
2020-02-19,673.915096,1924.194216,582.51302,691.58122,2085.767035,528.567998,529.194795,298.960195,1182.240923,150.856021
2020-02-20,674.608447,1910.734134,582.512981,692.65531,2069.275591,531.324503,527.665333,303.758322,1173.04876,151.875573
2020-02-21,674.608447,1910.734134,582.512981,692.65531,2069.275591,531.324503,527.665333,303.758322,1173.04876,151.875573
2020-02-24,660.740415,1880.144589,575.290762,697.381299,2044.019284,524.070607,518.153953,305.695994,1157.57675,151.074493
2020-02-25,649.288375,1878.160217,572.567762,692.569473,2060.013331,521.120658,514.234715,302.789435,1151.888633,149.581596
2020-02-26,631.819222,1867.158392,570.531226,688.659801,2038.326177,511.98078,515.620778,305.234612,1126.723829,147.069141
2020-02-27,623.520759,1829.235726,569.489388,670.872877,2041.940575,506.129247,512.227239,304.496492,1107.565704,145.030061
2020-02-28,607.058158,1785.703965,561.201501,650.293479,2014.559985,490.219028,505.105703,290.332773,1088.908539,145.576243
2020-03-02,612.426315,1772.286577,568.850005,658.112896,2025.901209,503.469433,512.370665,287.887586,1103.379391,148.161505
2020-03-03,605.671287,1777.506868,561.367359,652.183826,1978.59611,502.453943,509.837478,271.647782,1080.126123,143.79203
2020-03-04,605.626586,1807.232526,558.833632,654.332101,1974.484405,500.519591,509.311771,270.355967,1081.081317,142.408378
2020-03-05,607.483184,1853.22377,551.729805,664.686202,2040.99177,494.377928,507.304334,275.338624,1080.535472,139.240483
2020-03-06,576.257972,1832.428179,540.316319,639.294856,2033.1751,480.498755,500.565092,253.193453,1059.375335,134.616149
2020-03-09,555.165192,1794.678175,529.660622,623.699203,1960.523331,459.414088,489.428688,242.443785,1033.71005,130.355915
2020-03-10,555.165192,1794.678175,529.660622,623.699203,1960.523331,459.414088,489.428688,242.443785,1033.71005,130.355915
2020-03-11,527.183263,1714.776488,530.418338,598.007118,1960.387537,456.270699,486.083008,238.522233,1020.194725,128.717335
2020-03-12,492.535726,1646.696328,511.474843,575.709131,1918.413864,431.317337,460.273276,213.977975,973.86986,123.182672
2020-03-13,509.982509,1570.419022,512.16157,573.13134,1915.702882,449.500437,486.608805,229.571885,965.132635,119.432222
2020-03-16,483.007113,1589.61737,491.110588,534.593117,1842.689597,410.280952,471.2185,213.516618,948.341019,115.135591
2020-03-17,474.194301,1493.623348,478.323698,508.686246,1886.786746,395.047787,459.795321,212.13253,914.666832,113.460637
2020-03-18,463.413079,1478.566459,470.272721,496.656531,1864.918976,363.17893,457.692348,205.904182,887.135709,112.623126
2020-03-19,432.590456,1464.945728,435.677137,479.471205,1716.000046,357.472504,431.739206,202.766983,804.542746,119.104512
2020-03-20,462.965715,1624.48226,433.143408,530.554666,1878.563527,347.99404,451.192097,199.029964,798.899854,128.535302
2020-03-23,424.985445,1521.050513,397.221807,482.006053,1793.757516,303.406758,426.051508,184.081943,737.148606,117.975734
2020-03-24,433.93251,1538.43445,383.606123,516.548584,1871.379811,294.992181,418.547544,177.115442,697.453059,119.213766
2020-03-25,515.14944,1573.201293,410.813764,545.634768,1932.826868,323.185725,418.929924,180.160416,715.218053,110.693277
2020-03-26,499.648678,1592.366484,444.083269,559.254201,2033.175177,352.443146,471.696457,185.466034,777.326694,116.082298
2020-03-27,495.354061,1607.968207,468.212652,579.919557,2049.124001,347.752277,453.868664,195.523648,821.347248,120.888722
2020-03-30,480.815086,1655.772252,420.07242,570.123897,1999.740569,322.943955,429.492782,179.929761,752.132596,120.087651
2020-03-31,505.419524,1612.313914,413.726287,568.835013,2090.104395,323.862772,427.294215,183.159257,759.515534,126.605453
2020-04-01,503.093233,1594.713171,409.10882,547.782958,2100.857507,313.126936,420.602792,179.468392,749.733172,125.804377
2020-04-02,503.093233,1594.713171,409.10882,547.782958,2100.857507,313.126936,420.602792,179.468392,749.733172,125.804377
2020-04-03,507.499725,1512.359175,399.708128,520.716005,2036.880188,299.344534,412.955491,173.655266,730.076116,133.086843
2020-04-06,507.499725,1512.359175,399.708128,520.716005,2036.880188,299.344534,412.955491,173.655266,730.076116,133.086843
2020-04-07,543.086661,1552.210559,429.686208,553.58293,2222.938411,318.785028,464.335919,172.824838,750.28684,135.23512
2020-04-08,549.796949,1569.724374,447.540494,563.378679,2362.369057,341.175426,469.450102,179.376095,767.821269,133.997141
2020-04-09,551.496824,1546.082813,440.862913,560.929727,2259.083451,333.67972,470.597185,175.316148,769.989899,135.635678
2020-04-10,551.496824,1546.082813,440.862913,560.929727,2259.083451,333.67972,470.597185,175.316148,769.989899,135.635678
2020-04-13,543.534047,1553.210095,448.345576,559.984534,2189.503748,334.453422,497.936312,174.116636,805.104882,135.926959
2020-04-14,543.534047,1553.210095,448.345576,559.984534,2189.503748,334.453422,497.936312,174.116636,805.104882,135.926959
2020-04-15,552.928388,1574.93939,440.673465,561.359242,2274.083846,340.353299,512.322896,177.115473,855.123979,141.097517
2020-04-16,531.209527,1534.001381,421.824678,545.54884,2282.713822,336.387844,490.384626,175.223881,848.848501,139.240514
2020-04-17,550.244281,1609.662431,435.700802,555.08683,2257.999558,372.850823,489.90665,182.697891,867.490224,139.386144
2020-04-20,562.322859,1590.584685,455.094233,567.975683,2186.792932,366.467362,485.318272,182.098152,870.258916,138.330188
2020-04-21,560.086095,1559.815824,442.331006,555.516443,2148.840604,334.840328,481.590233,173.655263,836.666701,134.215607
2020-04-22,619.539267,1555.817534,441.857449,554.227404,2168.67502,326.909389,494.256114,174.854799,817.194337,133.669417
2020-04-23,619.964376,1651.426336,453.933916,587.438223,2180.4674,343.158109,484.935892,175.223885,802.428611,133.997118
2020-04-24,668.770518,1609.6627,453.886552,580.005432,2112.695083,331.987163,477.001825,169.779852,801.967218,133.123229
2020-04-27,659.845806,1629.697142,453.413006,585.161036,2104.923657,341.320496,480.873287,169.318502,807.412033,132.759107
2020-04-28,651.100143,1623.613398,446.972172,581.723942,2113.282047,350.943982,475.52014,171.025542,800.767434,131.666745
2020-04-29,650.294809,1662.334709,470.130664,586.020359,2070.856741,364.146151,476.428264,176.977063,814.93332,133.196065
2020-04-30,668.770532,1766.157084,482.585962,618.672489,2053.055494,380.05638,493.204586,180.760176,846.079914,134.65254
2020-05-01,668.770532,1766.157084,482.585962,618.672489,2053.055494,380.05638,493.204586,180.760176,846.079914,134.65254
2020-05-04,655.372299,1708.791801,454.644301,602.51828,1951.848538,347.220356,516.194302,169.318505,812.118633,132.358569
2020-05-05,661.635172,1718.352574,447.066889,589.113678,1916.606687,336.581248,529.29036,167.242376,802.705326,129.227125
2020-05-06,664.297004,1698.101157,449.908457,585.547692,1873.232236,334.211637,527.139533,159.906789,782.587038,124.821236
2020-05-07,677.136033,1681.369312,446.735377,579.446955,1813.59216,331.648606,521.308477,159.214756,771.558866,120.779493
2020-05-08,706.773126,1685.758866,447.043256,585.075156,1895.822912,340.933627,521.738688,160.368154,770.451398,119.541466
2020-05-11,722.475293,1696.101922,451.80276,600.241141,1912.585602,332.277263,524.31969,155.846821,763.668358,119.068103
2020-05-12,701.606291,1700.534642,430.680786,593.753769,1832.433139,313.755658,539.136328,155.477741,756.054745,120.815903
2020-05-13,689.583349,1733.128683,454.644316,601.401298,1875.039213,336.968161,544.632769,164.75106,804.689536,126.42337
2020-05-14,675.900086,1671.504063,431.438517,577.212871,1831.258372,323.524265,537.702411,158.476571,811.749489,122.527267
2020-05-15,662.352306,1666.550081,422.629783,571.240965,1841.288769,319.703818,532.349307,155.24707,816.732921,120.524597
2020-05-18,669.261592,1697.449061,420.545988,576.181686,1850.505874,309.9836,534.356743,153.540044,802.890089,121.835438
2020-05-19,660.094317,1709.183111,410.742687,579.833571,1829.676918,301.278892,576.894921,145.650826,769.4824,125.003294
2020-05-20,653.388103,1706.097624,409.179846,578.286809,1816.303137,298.135574,585.020194,143.251739,776.126955,128.899427
2020-05-21,659.981351,1736.605357,418.651615,583.829175,1810.339279,302.536266,577.850866,144.08221,779.818433,138.694322
2020-05-22,658.423404,1766.157,412.163446,597.921193,1802.794132,297.603636,571.063879,143.574723,762.745463,139.750287
2020-05-25,658.423404,1766.157,412.163446,597.921193,1802.794132,297.603636,571.063879,143.574723,762.745463,139.750287
2020-05-26,654.675226,1759.20395,412.850192,601.014526,1825.339587,288.125152,551.037486,141.360188,777.695819,141.971424
2020-05-27,656.617037,1747.035505,430.870159,609.392357,1811.875483,311.386044,540.617991,148.372823,791.077371,141.206747
2020-05-28,668.245527,1750.512347,449.908447,610.0799,1820.821327,318.930082,542.960035,149.849162,841.650215,140.478522
2020-05-29,664.745696,1740.647356,452.276357,610.371495,1868.714063,323.330759,539.1363,149.387804,865.183222,144.19256
2020-06-01,694.709016,1790.494114,471.219842,615.466651,1936.486575,336.5813,536.889898,158.153618,899.006098,149.472339
2020-06-02,695.454106,1808.746269,475.955753,619.821456,1920.221053,338.515646,547.070506,158.061369,879.487556,147.032701
2020-06-03,704.485883,1799.026085,495.49126,620.039166,1941.908339,360.761005,543.246724,165.9967,897.806385,146.304485
2020-06-04,717.807961,1830.626303,492.034062,617.905332,1926.907938,351.089073,559.592868,163.920587,893.330521,147.469675
2020-06-05,730.678366,1828.882812,493.66792,619.864978,1922.932121,348.187545,563.990178,175.131612,885.855296,147.105536
2020-06-08,730.859027,1826.267525,505.15244,632.145694,1919.769311,361.48639,567.526982,182.236529,918.247751,148.307159
2020-06-09,714.87264,1826.703425,486.256255,635.455291,1938.113237,357.23074,565.567376,176.238881,895.406866,150.164157
2020-06-10,713.314633,1858.521555,473.516791,626.614871,1924.73913,345.140915,550.607299,174.393443,885.486232,147.943035
2020-06-11,708.07613,1834.984861,468.094194,621.345671,1932.148758,342.577856,548.504303,175.685239,878.56473,146.559364
2020-06-12,719.38857,1786.342426,467.265431,605.450569,1914.799334,334.791973,537.224509,166.088987,858.169409,142.153484
2020-06-15,734.72018,1794.88554,461.274529,613.507012,1926.275624,331.019976,538.897311,164.105146,857.754144,141.243171
2020-06-16,744.474605,1807.917933,470.722643,620.126371,1915.702911,336.484552,534.643561,165.120127,853.37051,139.058454
2020-06-17,738.558697,1794.754693,473.066939,618.645576,1896.72696,339.482802,540.570269,162.582661,830.345077,134.725351
2020-06-18,751.903261,1795.059796,485.380154,624.132688,1883.940187,343.06143,547.643976,166.688738,830.575879,136.54598
2020-06-19,807.810563,1821.908936,493.952061,620.039197,1910.581406,353.458707,552.710392,170.656446,845.249404,136.873697
2020-06-22,814.76509,1789.001117,495.349179,617.252036,1927.776216,362.937133,562.078224,176.930914,845.341631,136.546012
2020-06-23,796.498123,1781.809689,494.899269,631.013285,1976.086964,365.887034,558.828126,178.176587,895.176134,136.545989
2020-06-24,800.539957,1799.462221,500.819064,633.016501,1980.544891,367.531288,556.34281,179.837466,913.541166,141.789351
2020-06-25,789.837117,1795.757232,496.793645,614.552001,1992.372339,343.931887,538.849634,172.363456,890.377314,148.19792
2020-06-26,791.191964,1858.521226,503.4238,654.616397,1983.319699,346.73676,541.430479,174.024363,900.805654,152.494563
2020-06-29,785.659897,1854.68618,512.706183,648.606751,1997.830699,334.260041,543.868125,168.949422,882.348473,147.833769
2020-06-30,786.224364,1840.999791,510.788129,643.598793,2001.515958,342.819684,551.563244,168.764869,878.703215,145.212102
2020-07-01,789.837142,1842.786529,519.052233,646.516427,1994.101216,353.748845,549.651302,171.071642,868.41315,148.4528
2020-07-02,801.485143,1887.288208,526.274457,666.679376,1981.227075,358.729817,542.004032,173.470713,877.365051,150.564737
2020-07-03,813.002245,1922.157598,518.957528,665.416361,1990.643861,355.102922,557.7289,172.4096,881.70241,151.839153
2020-07-06,842.475244,1978.732617,530.371016,674.997108,1983.365242,355.779932,563.321087,175.177754,885.48616,154.938013
2020-07-07,845.354565,2007.325968,526.487586,694.114653,1979.271009,365.596873,556.91624,174.577975,887.701043,153.825563
2020-07-08,832.023706,1982.655374,532.738931,683.619622,1996.102377,366.564096,548.695414,182.190401,890.0082,151.86918
2020-07-09,832.046258,1956.590562,535.012115,688.06151,2019.711795,363.66251,545.110807,185.466047,878.564638,151.14032
2020-07-10,854.536567,1961.254962,530.418347,687.974375,2030.674798,356.118491,553.475008,186.850122,878.564763,150.756739
2020-07-13,883.148018,1956.983556,527.103169,701.43071,2069.796337,354.957867,563.034194,184.358773,871.920063,152.482957
2020-07-14,880.427476,1951.796372,506.218016,702.345268,2065.202064,340.885288,570.490324,177.438396,862.829996,153.058355
2020-07-15,897.24969,1970.102249,511.001267,738.969347,2084.353045,345.092493,562.986412,175.270023,853.647463,153.441961
2020-07-16,847.463061,2038.300453,504.607815,832.20595,2084.626072,337.161589,541.23937,172.501856,852.724556,152.559681
2020-07-17,870.58806,1960.455779,522.84096,801.199605,2128.933222,344.318804,548.599888,174.854777,858.215584,149.912814
2020-07-20,876.029201,1945.602769,545.9994,823.060902,2131.935588,354.329196,556.820844,178.31497,860.015127,149.874462
2020-07-21,896.433626,1955.868522,548.390988,827.15442,2138.031343,367.434518,558.063449,181.036991,869.612899,148.992138
2020-07-22,911.396779,1949.185109,542.02129,817.83508,2119.835394,376.719585,550.129262,181.544495,868.413214,151.830843
2020-07-23,943.001034,1914.194437,541.737063,797.628732,2062.654392,382.667735,550.368352,183.712858,865.598515,154.592796
2020-07-24,980.771821,1889.775153,531.791783,806.294921,2019.75716,375.945804,542.386432,181.129286,843.957297,154.746214
2020-07-27,997.004729,1935.206266,522.367319,829.854407,2034.268768,373.140965,538.897372,178.268855,844.418769,153.825553
2020-07-28,994.82826,2026.943282,518.294512,842.701085,2042.411336,350.847326,548.934492,175.77751,846.264502,152.40624
2020-07-29,989.74978,2046.164235,515.50034,836.12533,2058.150835,345.914664,544.059326,180.160421,868.274638,152.060978
2020-07-30,970.206834,2060.142773,513.203503,847.142989,2044.885864,342.964733,554.861118,178.545675,860.753379,152.214429
2020-07-31,965.35517,2039.873514,500.913811,859.16242,2030.175057,341.417198,534.643523,179.791344,851.7094,151.101987
2020-08-03,932.708106,2012.83307,486.350997,840.828547,2031.180332,337.886971,531.966973,179.560663,848.802325,148.838713
2020-08-04,982.585571,1982.952745,502.500359,845.444601,2027.388361,341.610643,528.955781,178.822485,858.261718,150.219706
2020-08-05,995.734972,2009.468966,500.014018,836.952785,2019.165279,348.187514,535.790556,181.636777,869.94456,149.299037
2020-08-06,982.902968,2026.50579,499.635152,848.667221,2036.616788,351.814484,538.86583,179.468381,869.199867,150.066233
2020-08-07,978.413914,2033.932504,495.941122,844.355955,2041.916156,347.849005,540.496725,177.253859,862.822985,151.140357
2020-08-10,981.678734,2031.311119,503.89749,833.338256,2034.561048,352.975119,542.031725,180.391079,902.992155,153.173467
2020-08-11,979.411466,2019.95349,507.212592,837.867285,2040.271172,362.018292,537.714629,181.590615,912.022143,159.349492
2020-08-12,972.610094,2006.324158,504.844585,835.080241,2018.388642,356.650456,538.434108,188.464865,889.959239,157.201293
2020-08-13,969.844148,2009.469244,507.378318,843.528479,2025.652177,360.132313,526.010615,191.279141,925.008493,156.66425
2020-08-14,978.051218,1993.131798,504.797296,838.738229,2024.738935,359.600309,520.782109,188.234203,946.74549,156.0121
2020-08-17,954.472811,1983.258704,495.846497,846.96892,2013.454413,354.329148,510.852904,183.297656,937.436204,153.058391
2020-08-18,967.758357,1999.85842,502.784478,844.138284,2025.469454,357.859379,507.591157,180.621779,938.367141,153.365255
2020-08-19,976.69093,1996.015112,506.644331,846.184932,2029.764348,363.517448,517.95205,184.820133,954.146169,154.746252
2020-08-20,963.042635,1988.981743,506.241717,840.915639,2008.109458,357.520878,511.908172,181.175403,935.574449,151.293792
2020-08-21,962.181174,1984.132039,515.642448,839.130187,2018.068875,360.760952,508.262625,185.927382,940.228932,152.828221
2020-08-24,954.246051,1974.478251,531.815362,829.157719,2020.764095,368.691927,510.756925,187.126929,932.223099,152.67474
2020-08-25,957.329399,1965.784931,533.733459,826.23992,2008.200644,377.009692,513.874805,192.340265,930.826765,152.137717
2020-08-26,973.947577,1974.435111,535.983068,831.117263,1997.327818,378.798982,506.919526,194.093438,919.748782,150.795071
2020-08-27,974.877165,1998.417055,535.106826,836.952794,1999.155518,384.408667,497.421988,199.76814,912.301392,152.598039
2020-08-28,967.123457,1991.952228,532.786332,829.593221,1994.038636,398.38457,508.022826,208.441681,935.295173,150.603283
2020-08-31,985.759593,1988.675745,544.057695,827.851231,1980.42465,408.153123,501.067552,213.655017,926.637519,152.674769
2020-09-01,962.362447,1990.248397,541.595058,814.351226,1987.186361,386.536493,532.86989,201.982669,899.26846,147.57281
2020-09-02,969.436065,1982.166582,539.416518,806.860964,1996.414246,381.071859,536.275534,202.074915,893.496814,148.071511
2020-09-03,969.776185,2030.437564,542.707968,826.893205,1968.500875,379.669466,530.42364,201.382893,903.923077,148.26328
2020-09-04,950.822677,2030.656201,532.975727,809.560964,1956.120301,367.482988,516.129279,195.892721,890.098923,145.769881
2020-09-07,954.812884,2047.474202,530.181602,807.862529,1986.363617,364.484636,506.535738,193.447548,885.071982,146.153472
2020-09-08,961.727692,2088.493889,529.850041,829.157627,1983.942123,368.788602,495.839089,192.386405,871.340948,146.19185
2020-09-09,982.948263,2061.016737,525.682498,823.931834,1959.135601,360.180635,486.053751,185.835103,863.893524,142.892823
2020-09-10,1063.273591,2051.842799,523.2434,820.448085,1958.587711,362.695302,487.348836,185.881272,859.238941,142.470863
2020-09-11,1060.054399,2081.984916,523.243488,831.030249,1981.795326,361.389622,482.024459,188.09577,857.889162,143.084662
2020-09-14,1070.097863,2189.229075,518.105123,863.168785,1982.435007,361.583092,477.035865,190.264171,859.564823,142.585947
2020-09-15,1054.567618,2217.405324,509.651583,865.738212,1952.55695,360.035564,467.826105,185.466047,851.977783,141.320024
2020-09-16,1074.337133,2190.845439,519.052251,875.884817,1972.612448,364.339557,470.752124,184.589462,860.169983,140.783014
2020-09-17,1058.172594,2180.492565,518.105073,889.254134,1959.912257,359.551978,462.741563,182.697901,854.537927,139.248556
2020-09-18,1051.711202,2184.555285,517.252563,887.338004,1943.923059,362.356796,477.419604,181.959698,850.953722,137.982689
2020-09-21,1059.215427,2188.486854,507.378276,897.963804,1917.836771,355.344702,475.836649,178.545681,841.365343,138.558092
2020-09-22,1032.463011,2232.258398,501.126905,890.560614,1877.406143,344.46388,459.048099,173.747525,826.610264,135.604346
2020-09-23,1032.349523,2201.548913,499.635119,903.189532,1882.202948,345.382697,448.015558,174.347307,813.344619,136.218106
2020-09-24,1009.337931,2140.521725,495.846471,878.802511,1901.390419,335.565736,415.877398,167.749887,800.497883,131.768274
2020-09-25,1003.352699,2131.785182,498.190659,883.941299,1928.801139,338.999203,426.861986,168.626454,833.545614,131.346349
2020-09-28,1014.77922,2135.279318,501.529501,885.029892,1911.7609,352.007951,429.452215,173.609111,854.118893,134.108283
2020-09-29,1026.568354,2193.859585,506.691613,895.350803,1890.654662,351.81452,426.478198,174.347308,849.790072,134.06992
2020-09-30,1027.928579,2188.574239,514.7426,891.823559,1916.009453,345.769537,422.496934,172.363467,842.017012,132.036816
2020-10-01,1026.477654,2219.152597,525.682442,894.044497,1926.882341,359.020038,416.932695,176.423411,850.48831,133.954841
2020-10-02,1026.477654,2219.152597,525.682442,894.044497,1926.882341,359.020038,416.932695,176.423411,850.48831,133.954841
2020-10-05,1019.834863,2383.492433,536.10139,918.7798,1940.039758,370.094326,419.714813,178.822487,845.787172,132.573846
2020-10-06,1012.920032,2390.394899,543.678791,923.221677,1955.298235,369.27221,412.519695,177.253869,842.063529,131.653203
2020-10-07,1046.972711,2420.100247,551.658746,933.673347,1964.43494,371.73853,414.19854,178.222704,833.173167,131.116149
2020-10-08,1028.382164,2520.573566,569.726158,978.963493,1978.140313,376.913011,417.796124,180.66791,832.242313,130.732549
2020-10-09,1021.580662,2472.389625,585.82813,969.644298,1979.922073,390.260211,417.316425,183.436059,851.745009,129.58174
2020-10-12,1022.827512,2493.48888,588.551167,992.898763,1962.241947,396.546923,413.095291,190.033476,861.798937,134.41516
2020-10-13,1036.430567,2494.275355,578.937334,1015.587491,1967.404778,387.842218,410.121337,184.543338,852.443215,134.146638
2020-10-14,1044.705736,2493.591731,575.077717,1014.585989,1978.140708,395.821526,402.446556,185.373778,853.653489,131.19288
2020-10-15,1038.357586,2481.088772,576.356372,1032.963104,1991.571629,396.450189,398.609142,186.850117,855.515341,128.737833
2020-10-16,1012.28525,2431.865528,569.96296,989.371444,1984.444785,388.132385,390.742482,181.544496,841.085996,127.970584
2020-10-19,1010.562239,2433.927582,584.880947,992.028016,1996.414222,405.009794,388.200226,188.787812,843.413294,129.581744
2020-10-20,994.37479,2421.55574,581.28174,996.992333,2017.886068,403.220491,396.402641,188.557139,870.875491,129.121461
2020-10-21,993.921389,2411.992794,592.458448,1005.39717,2007.150048,414.43983,403.118108,191.279156,866.686319,129.581739
2020-10-22,966.942102,2357.286092,591.98476,1008.576241,1998.469898,405.880293,414.774141,188.787822,874.133673,129.735151
2020-10-23,968.075703,2370.754026,591.250728,999.16355,1999.977381,406.702333,419.810754,189.710547,882.977379,131.192908
2020-10-26,953.089754,2377.729603,588.196037,994.409832,1984.536379,405.396687,421.585502,188.234186,892.984828,131.653175
2020-10-27,934.000296,2384.924739,585.354618,976.891441,2000.069007,398.868158,421.057876,182.282683,917.886913,129.888643
2020-10-28,933.025447,2330.350295,583.460123,972.533789,2008.372277,396.450149,468.161883,179.929732,925.93949,129.274844
2020-10-29,925.906667,2329.516389,570.412798,952.506531,1986.347707,389.679852,438.518046,175.962056,892.565858,127.318487
2020-10-30,936.380904,2346.49357,567.973963,953.915092,1949.563674,389.486435,436.407457,177.16157,881.39488,127.9706
2020-11-02,919.105176,2338.158956,580.145069,950.701955,1919.814098,408.926902,441.300161,182.005863,873.156239,128.277501
2020-11-03,865.600303,2338.290494,592.339985,950.217899,1923.630708,432.236135,441.971679,189.895079,887.073557,131.001074
2020-11-04,874.668964,2388.171119,598.993819,982.437535,1917.377338,427.49691,437.031021,192.847783,902.11215,131.806664
2020-11-05,889.156033,2377.77343,604.298057,988.599806,1942.206622,431.607459,443.122872,203.920373,910.795038,134.261713
2020-11-06,924.999736,2380.625627,620.400029,986.927131,1953.195913,430.30176,441.635936,204.704683,918.101772,135.949587
2020-11-09,938.149282,2407.605669,637.425553,1008.84706,1965.794467,449.355351,455.450495,205.442852,924.839257,136.026309
2020-11-10,947.671297,2380.537379,660.655018,980.544687,1971.817723,471.068707,454.874922,216.838409,983.958499,137.752534
2020-11-11,949.938493,2362.682936,670.032132,991.548758,1966.668134,474.453833,461.78221,220.852234,1008.536167,142.624335
2020-11-12,910.693971,2380.405575,657.600424,1005.325733,2026.81028,467.68353,463.556992,215.315906,1020.919689,144.81086
2020-11-13,923.48072,2338.202361,648.247048,997.403052,2040.052446,471.117048,458.568406,212.824573,1013.612903,144.849215
2020-11-16,923.48072,2338.202361,648.247048,997.403052,2040.052446,471.117048,458.568406,212.824573,1013.612903,144.849215
2020-11-17,945.404177,2364.613308,668.990243,1007.966622,2041.845844,476.823477,474.829368,222.928332,1040.8475,145.309529
2020-11-18,909.809914,2337.588038,672.021105,997.138842,1995.543627,482.626571,465.28384,233.447314,1095.316723,144.580683
2020-11-19,911.600836,2348.073491,662.762408,981.292978,1974.760805,477.162022,461.87815,232.340036,1116.905304,147.150841
2020-11-20,899.516964,2347.941968,667.001129,976.275161,1969.794999,467.586841,466.195207,226.434665,1101.72215,147.304325
2020-11-23,893.259622,2395.321703,674.223201,1007.790694,1967.955794,467.490097,466.96268,227.126677,1089.243555,147.687918
2020-11-24,895.073343,2406.728074,684.334373,1016.681803,1987.267359,464.25002,461.686298,226.065574,1085.590304,150.718366
2020-11-25,903.665793,2397.909989,693.521933,1006.646232,1996.463322,473.873561,458.472437,230.586893,1089.196192,151.869193
2020-11-26,890.992418,2396.15501,678.177726,985.914758,1988.186883,461.541904,450.557823,227.218965,1077.002194,150.258056
2020-11-27,886.956864,2384.529924,684.808007,986.839021,1993.245025,463.814782,453.43588,227.218968,1081.604763,150.181349
2020-11-30,886.956864,2384.529924,684.808007,986.839021,1993.245025,463.814782,453.43588,227.218968,1081.604763,150.181349
2020-12-01,891.559178,2400.498438,686.228701,1003.785031,1985.428046,472.47111,462.885468,229.710292,1081.794402,150.641659
2020-12-02,889.632205,2416.993904,678.083034,1010.123394,1977.059572,471.020339,468.065961,231.463456,1074.250337,152.482969
2020-12-03,898.292729,2433.83962,678.177796,1009.727343,1983.037035,469.085941,469.265141,238.983595,1079.37456,151.293795
2020-12-04,892.806131,2403.086864,663.709664,1000.9242,2018.901709,487.462535,477.563471,243.920149,1102.671107,152.943306
2020-12-07,890.992375,2407.605834,653.527462,1015.009406,2077.940885,498.681909,489.747231,250.471436,1112.065648,156.319007
2020-12-08,913.323913,2461.610437,657.718736,1027.333776,2095.044878,495.200051,495.263436,252.547534,1122.124548,157.047851
2020-12-09,922.188504,2491.83631,667.782572,1038.337911,2111.413734,498.101587,486.293592,253.654785,1124.49682,159.426198
2020-12-10,919.785327,2480.693848,663.970172,1031.427412,2168.337588,497.521263,488.068344,250.056227,1132.800036,163.914362
2020-12-11,924.092914,2463.496462,660.654945,1031.691021,2193.258718,499.939268,487.828503,254.900462,1154.673227,167.213388
2020-12-14,913.663937,2460.249387,657.339913,1032.263884,2199.144057,510.481555,491.186268,254.808222,1199.368501,167.712074
2020-12-15,902.192127,2452.090116,660.63132,1024.428863,2173.901104,507.048119,486.197592,252.870477,1188.076048,166.02421
2020-12-16,904.572729,2474.113029,670.979203,1029.006665,2165.578667,504.581738,497.709798,252.50141,1212.748404,165.372086
2020-12-17,909.129724,2503.856646,684.334367,1029.006457,2153.716019,499.552346,501.25941,251.117318,1218.442145,165.02683
2020-12-18,909.0843,2542.725782,681.824335,1051.982529,2155.462368,501.244943,493.968327,250.932794,1234.574195,165.678966
2020-12-21,916.837969,2532.636477,674.317985,1064.967474,2161.073124,497.811431,490.418749,248.210749,1270.15955,164.719963
2020-12-22,888.226517,2530.13579,655.824398,1077.37996,2145.715252,485.334723,484.470809,238.706786,1203.259056,158.237039
2020-12-23,884.848469,2561.151382,654.00107,1108.19112,2186.178078,488.913334,488.787846,243.504924,1206.390661,159.771455
2020-12-24,906.3185,2563.213701,664.917304,1100.31241,2216.249012,499.020431,501.739052,248.072347,1215.595292,161.612752
2020-12-25,906.3185,2563.213701,664.917304,1100.31241,2216.249012,499.020431,501.739052,248.072347,1215.595292,161.612752
2020-12-28,915.024336,2588.088512,672.968273,1098.639752,2223.054215,504.098182,505.576407,254.669772,1225.084691,161.267517
2020-12-29,912.439798,2590.106199,679.480152,1104.317794,2209.812057,513.383197,503.609786,258.268376,1228.92794,163.799316
2020-12-30,910.127155,2586.333221,681.919174,1103.305456,2220.524958,515.510937,502.12282,257.16112,1230.16156,163.799279
2020-12-31,912.258337,2548.868064,683.860775,1107.795037,2222.686567,520.830522,497.374031,255.823195,1237.420832,162.111431
2021-01-01,905.502206,2579.577603,683.387293,1114.045147,2210.731468,519.379687,495.407372,258.360673,1233.577532,164.336334
2021-01-04,906.36376,2676.750194,681.019274,1135.613315,2234.641471,517.445369,499.340671,261.959246,1255.024021,165.717334
2021-01-05,899.426244,2732.465706,677.585717,1143.536119,2259.424447,522.232878,495.887061,260.621316,1245.961506,163.607493
2021-01-06,891.445793,2731.807203,681.966448,1146.177088,2253.033704,532.533409,510.133366,266.803499,1262.093356,162.264877
2021-01-07,881.923716,2703.160441,678.461899,1142.347685,2237.123894,536.208858,531.910539,269.248723,1278.035839,159.272772
2021-01-08,878.931132,2744.530215,682.913646,1159.205807,2207.053022,529.148324,527.401615,268.879606,1312.339919,158.04523
2021-01-11,879.112505,2834.025485,693.758829,1217.791015,2245.630271,528.084358,531.814666,265.926915,1314.237882,158.121954
2021-01-12,888.725283,2816.477254,704.55656,1213.081347,2237.491989,532.58187,545.869121,271.140296,1297.061844,158.73571
2021-01-13,895.504036,2787.523281,708.913676,1226.110184,2205.213519,542.592212,577.239801,284.196688,1302.897899,163.415694
2021-01-14,891.853953,2871.505183,704.698658,1218.363452,2212.570742,540.125937,561.026708,285.350133,1318.745332,166.10093
2021-01-15,894.982585,2878.098165,696.955586,1201.153063,2213.490428,532.9203,585.826001,286.872572,1313.810755,167.635348
2021-01-18,905.502249,2862.93346,711.731411,1179.629201,2183.603156,530.405677,578.486889,284.796499,1284.725701,170.320606
2021-01-19,920.918882,2882.493647,715.899086,1171.706429,2190.59223,529.777047,573.162531,279.121783,1311.438364,170.090418
2021-01-20,933.161545,2925.523934,710.855246,1187.023951,2183.097332,536.402201,578.0072,281.15174,1321.924445,168.018942
2021-01-21,961.274278,2908.997308,707.705996,1198.159913,2206.960491,542.592282,579.494259,281.566989,1324.723746,168.402554
2021-01-22,959.165841,2922.93139,695.179495,1193.714439,2227.284286,535.338337,561.746359,274.969556,1304.795824,164.75833
2021-01-25,922.709913,2935.941634,701.383533,1186.583674,2236.802381,524.505872,563.952874,265.742416,1325.103392,163.032118
2021-01-26,922.709913,2935.941634,701.383533,1186.583674,2236.802381,524.505872,563.952874,265.742416,1325.103392,163.032118
2021-01-27,872.855171,2906.623379,697.073942,1168.669301,2230.043148,521.507534,558.100713,262.835821,1321.592046,163.147192
2021-01-28,872.084404,2878.97647,663.638657,1141.29096,2217.674482,512.464316,552.440595,261.451739,1295.401157,161.8813
2021-01-29,867.459306,2827.858831,667.166842,1136.625656,2135.599871,527.068914,554.982907,268.187524,1299.102115,160.193423
2021-02-01,863.786604,2782.278462,702.093918,1125.005122,2101.298252,589.452487,557.477234,289.640756,1387.353861,167.213403
2021-02-02,879.656667,2834.144176,747.558312,1139.486614,2092.102503,603.525021,581.029185,311.324604,1511.66546,171.471413
2021-02-03,885.097879,2844.6936,749.073801,1147.937494,2075.549199,606.910178,597.194154,313.631378,1478.452289,170.320586
2021-02-04,879.656649,2846.319848,752.057411,1138.606213,2077.388786,610.924074,597.6739,330.33255,1470.860729,177.532359
2021-02-05,881.765143,2818.18897,766.38342,1134.5127,2101.298435,614.454273,581.269064,376.791338,1468.013911,183.248077
2021-02-08,892.806089,2835.902582,772.729536,1153.219649,2104.701208,613.148524,579.110472,376.283796,1489.839676,182.634316
2021-02-09,902.146854,2853.308033,771.000994,1172.586551,2073.434222,622.09507,583.043817,372.316159,1494.109858,183.516605
2021-02-10,899.947665,2830.100522,764.773342,1148.245698,2060.836151,617.259065,583.043887,367.148889,1484.146162,177.302209
2021-02-11,935.972859,2830.012813,756.698596,1140.895096,2085.665166,612.810004,579.014505,366.272353,1480.255377,175.921213
2021-02-12,942.230107,2853.043958,754.188574,1165.323881,2089.573641,628.575226,573.54623,368.486876,1465.167154,173.197623
2021-02-15,934.657836,2820.958009,769.5802,1169.417505,2079.917415,654.592582,578.486931,377.806334,1465.167119,169.553377
2021-02-16,942.864948,2784.608311,777.157607,1161.802711,2049.846486,657.107271,577.143837,383.619401,1493.635451,170.167138
2021-02-17,950.36927,2754.016054,768.064718,1139.57453,2024.556988,643.131361,574.457624,382.789016,1486.992844,167.558642
2021-02-18,956.014444,2723.292642,760.558361,1149.69828,1994.210398,630.993201,573.690144,394.645927,1471.999537,169.246489
2021-02-19,954.450096,2713.841793,740.786091,1143.976274,2017.614408,614.647735,571.771481,382.9274,1468.013959,167.94226
2021-02-22,947.626,2721.622663,745.379827,1151.943096,2027.730069,608.651104,561.122627,370.009342,1434.753511,166.655769
2021-02-23,930.84905,2661.845366,737.707788,1136.49362,2016.096846,602.606214,553.543765,368.809816,1421.515788,165.515878
2021-02-24,936.448863,2640.176186,764.347075,1123.816909,2012.556353,623.835959,550.761737,378.775153,1453.779952,164.926319
2021-02-25,975.784101,2663.5153,774.908007,1144.196359,2009.337592,627.124449,560.691057,382.835144,1461.940709,166.026896
2021-02-26,967.57699,2612.924751,752.48363,1121.792145,2006.946649,594.820338,562.130031,370.009344,1417.245679,163.511321
2021-03-01,957.646874,2606.463803,744.740547,1130.771574,1980.829938,591.773706,536.371536,366.964412,1410.128396,163.314789
2021-03-02,965.808551,2659.207687,751.820626,1153.219569,2008.326099,596.271143,521.885409,368.671405,1413.592157,165.712414
2021-03-03,1006.572077,2693.491473,755.846157,1185.791457,2027.730004,612.955075,528.360947,377.298802,1432.903046,166.655759
2021-03-04,992.991701,2708.831098,744.006448,1200.624637,2026.350369,610.198692,523.804063,372.316177,1418.052016,166.105497
2021-03-05,1002.967253,2692.788379,731.977314,1179.629181,2032.281928,594.530188,516.608986,364.473053,1401.777678,165.083525
2021-03-08,1012.013272,2666.240575,736.429005,1184.999357,2037.937802,595.787542,513.682985,362.99673,1447.137329,165.712427
2021-03-09,1003.806125,2696.041255,741.496415,1188.828498,2027.730121,607.732349,510.373227,364.380747,1454.064659,164.88703
2021-03-10,1004.395612,2719.161026,745.900868,1209.560253,2057.065169,609.811691,508.93414,362.6276,1456.389441,164.454639
2021-03-11,1004.395612,2719.161026,745.900868,1209.560253,2057.065169,609.811691,508.93414,362.6276,1456.389441,164.454639
2021-03-12,1000.450742,2740.082379,757.740538,1225.141602,2059.82404,617.065698,511.092709,362.812185,1485.094917,163.511344
2021-03-15,974.378367,2724.259354,733.303371,1214.753824,2039.17888,592.740873,506.343946,356.168637,1450.078858,161.939059
2021-03-16,963.994949,2761.180778,729.514721,1237.730204,2066.813463,587.082883,512.052079,357.875592,1420.566789,164.218806
2021-03-17,953.565972,2773.487688,728.851623,1232.448313,2080.147248,583.84277,509.413897,350.309361,1416.723643,168.149413
2021-03-18,945.313525,2765.971606,720.824371,1226.946462,2069.020002,581.666672,510.565126,346.018734,1394.660801,172.237151
2021-03-19,950.323919,2724.259596,715.685945,1193.009951,2138.312821,569.576746,513.011433,344.081032,1349.253835,177.779246
2021-03-22,940.416476,2759.818367,707.966494,1211.320787,2167.050124,567.593881,512.291924,343.988769,1345.031146,177.975788
2021-03-23,956.603959,2785.794703,713.909915,1217.703148,2182.177642,569.915274,510.804864,348.740777,1344.177013,179.312163
2021-03-24,943.023636,2771.114661,713.436331,1206.434949,2161.900094,561.500754,511.76427,340.528526,1335.161953,175.145801
2021-03-25,931.347851,2752.25834,708.274219,1190.633211,2135.323805,560.001579,502.36263,332.962275,1318.081064,169.760891
2021-03-26,913.074566,2740.962068,709.908077,1194.330502,2138.082511,565.321061,503.561808,334.023419,1336.111068,168.58173
2021-03-29,913.074566,2740.962068,709.908077,1194.330502,2138.082511,565.321061,503.561808,334.023419,1336.111068,168.58173
2021-03-30,929.035276,2802.893451,740.004653,1232.448479,2212.570704,573.638915,506.439866,336.145646,1355.279678,169.014111
2021-03-31,929.488723,2817.44156,733.113937,1221.884613,2242.549796,570.302192,504.521164,339.421291,1358.505991,172.394387
2021-04-01,920.46543,2826.232908,710.097587,1225.053749,2250.090473,576.540473,502.602496,343.158309,1373.926471,173.416339
2021-04-02,920.46543,2826.232908,710.097587,1225.053749,2250.090473,576.540473,502.602496,343.158309,1373.926471,173.416339
2021-04-05,918.198357,2868.428765,703.277961,1254.456389,2222.870108,572.575063,507.495174,340.66701,1365.528217,172.944657
2021-04-06,909.107066,2878.977388,692.693217,1255.336771,2217.168681,559.518022,515.985433,329.409816,1343.98725,168.974792
2021-04-07,928.128465,2881.218952,689.875366,1263.215579,2239.239614,560.968851,524.667559,335.130682,1344.841025,169.171314
2021-04-08,916.83801,2931.721677,691.864509,1277.960826,2242.91759,566.626769,526.250442,335.222943,1361.542622,169.878832
2021-04-09,909.7418,2948.731637,678.556655,1280.866243,2283.380353,560.00157,527.401584,336.330205,1344.651538,169.760912
2021-04-12,889.359994,2934.446822,662.54932,1300.717588,2288.207753,533.839182,516.944748,317.414547,1322.77842,165.869648
2021-04-13,879.928752,2825.3537,666.077595,1263.479758,2304.439023,545.300334,518.047925,315.799727,1311.438402,164.847701
2021-04-14,879.928752,2825.3537,666.077595,1263.479758,2304.439023,545.300334,518.047925,315.799727,1311.438402,164.847701
2021-04-15,889.178609,2845.791986,680.403561,1202.869828,2296.25465,557.825423,523.948006,320.690149,1320.073802,165.437284
2021-04-16,884.145625,2854.362694,684.334397,1206.787099,2279.655662,558.792661,522.029301,318.798597,1322.161534,164.493955
2021-04-19,868.955733,2803.376919,671.405366,1214.577752,2261.953543,543.849495,513.251309,306.388026,1277.46632,162.017723
2021-04-20,870.134541,2835.330475,675.525584,1213.961604,2258.551201,553.860017,515.16996,313.631373,1271.061014,162.72522
2021-04-21,870.134541,2835.330475,675.525584,1213.961604,2258.551201,553.860017,515.16996,313.631373,1271.061014,162.72522
2021-04-22,868.071461,2767.334041,675.715039,1201.46121,2197.857316,561.549034,511.716251,311.555254,1271.108485,162.174931
2021-04-23,870.089268,2741.841222,679.409029,1187.02392,2161.073061,561.452414,510.804878,313.631384,1275.995455,162.725213
2021-04-26,889.632108,2771.729818,676.756944,1189.576877,2179.280979,585.632053,507.015448,320.597925,1272.721464,162.528682
2021-04-27,905.592879,2756.873344,682.913632,1191.073257,2194.592455,582.198589,516.656956,327.51829,1317.559153,162.6859
2021-04-28,910.48996,2769.971548,700.436401,1196.795599,2248.435447,602.364409,525.722829,336.145625,1328.472022,162.33214
2021-04-29,927.040197,2775.553659,712.110241,1205.158411,2252.06754,607.82909,527.641571,341.359037,1318.603108,163.157553
2021-04-30,923.186029,2753.312718,688.501978,1209.472023,2246.504226,596.125979,524.763365,334.484778,1295.306472,161.703282
2021-05-03,897.340436,2685.580467,673.394536,1198.115761,2220.846905,579.20026,539.633304,325.257612,1282.306063,158.676708
2021-05-04,892.262059,2716.34769,673.915444,1192.789847,2223.790018,588.050017,542.943034,334.853832,1281.926401,159.069774
2021-05-05,878.976539,2724.611185,667.569326,1183.062375,2238.31962,584.954944,541.983735,329.825088,1277.988168,158.79463
2021-05-06,877.38954,2755.026839,668.13775,1201.373137,2222.272502,590.806481,541.456045,331.578209,1287.287952,161.899791
2021-05-07,886.752901,2777.751354,674.838934,1208.723688,2229.123288,594.626922,549.610532,334.023389,1290.466776,162.292852
2021-05-10,882.740038,2781.574925,677.230573,1190.985163,2250.228607,596.7547,553.543808,338.636999,1327.428063,163.078962
2021-05-11,878.999216,2749.841272,674.483828,1180.509364,2230.962856,592.789264,551.481235,338.083351,1328.424472,162.332131
2021-05-12,876.437264,2742.720044,667.09577,1170.825897,2196.937441,586.744296,546.013042,344.634643,1352.243039,161.349519
2021-05-13,876.437264,2742.720044,667.09577,1170.825897,2196.937441,586.744296,546.013042,344.634643,1352.243039,161.349519
2021-05-14,880.563519,2723.819293,662.501983,1168.052942,2190.868035,582.198495,546.204792,343.711924,1351.199044,167.599094
2021-05-17,890.289563,2703.337802,683.197759,1175.183442,2202.454266,604.008676,541.024315,355.430417,1367.426177,170.586308
2021-05-18,908.041402,2746.236435,702.212336,1183.678602,2214.73168,614.647738,530.423656,362.212405,1349.396263,168.699664
2021-05-19,914.321497,2740.96245,700.365355,1194.990789,2188.660828,613.196932,518.575615,359.398121,1361.732393,166.184104
2021-05-20,911.804932,2715.293046,694.232448,1187.640136,2172.108163,612.133014,509.413851,357.829487,1354.09337,164.533248
2021-05-21,911.215517,2714.765921,711.281642,1195.03476,2175.924506,622.82041,511.620353,373.146616,1351.958201,164.965614
2021-05-24,911.306181,2729.534534,720.066605,1199.876442,2170.223025,632.008705,511.332555,386.80283,1383.558181,166.695071
2021-05-25,905.502208,2763.424305,716.893475,1204.278237,2179.280666,630.606267,509.221937,383.388729,1387.306286,167.756311
2021-05-26,897.567184,2795.888191,704.225054,1232.448224,2179.64903,635.103695,509.222004,386.387554,1401.208429,167.009552
2021-05-27,903.688532,2842.486398,705.17231,1246.753931,2163.831466,634.958631,505.576415,395.9377,1409.179409,168.345887
2021-05-28,954.472754,2825.040004,716.538351,1244.772989,2161.072977,638.343855,507.015436,400.136044,1423.081469,167.834913
2021-05-31,993.785282,2800.614454,719.616669,1247.082382,2156.474609,643.179773,514.210602,393.077286,1400.639086,171.293823
2021-06-01,998.455586,2800.26104,723.168585,1246.637589,2173.027667,643.083101,516.513089,401.704656,1416.296756,172.472991
2021-06-02,1001.856347,2790.985688,715.212161,1238.584537,2182.820797,628.043237,512.867528,404.103768,1399.310571,167.009503
2021-06-03,1020.220331,2786.657406,722.197693,1244.857879,2180.430536,632.202158,511.716277,411.559584,1437.647851,165.673115
2021-06-04,1005.007662,2788.689025,720.161319,1242.989355,2179.464396,633.41115,514.018695,411.512996,1468.251204,164.847693
2021-06-07,1016.592892,2818.369815,717.011948,1238.629141,2164.751064,628.671895,519.007284,407.322438,1489.365153,166.970206
2021-06-08,1009.859433,2854.190986,710.997409,1265.101578,2172.107937,626.737577,525.722782,402.75939,1502.175878,168.424525
2021-06-09,1007.070802,2844.473794,711.328895,1267.993147,2181.258239,624.416248,529.080496,402.573121,1475.60547,168.817542
2021-06-10,1011.151722,2848.007243,705.172288,1271.552471,2207.006937,621.321277,525.578793,403.504367,1455.677711,170.989036
2021-06-11,1013.766876,2923.094337,708.747928,1291.662456,2196.52393,623.400712,527.401705,405.553092,1449.177506,170.220653
2021-06-14,1027.530942,2922.829559,703.751498,1314.263865,2199.958633,615.227985,518.863455,402.712833,1441.918031,168.602967
2021-06-15,1035.106948,2913.37732,708.487412,1313.373971,2218.391054,624.996652,521.549638,403.038764,1445.903496,168.562538
2021-06-16,1022.434741,2910.462188,707.540238,1325.342047,2240.482565,627.898121,521.693486,402.992211,1438.596753,169.330917
2021-06-17,1016.951853,2946.990062,700.317985,1337.087761,2247.012028,616.630489,519.247183,396.659831,1423.271288,168.238999
2021-06-18,1016.951973,2966.379725,705.64588,1348.788885,2312.591505,615.711604,519.870732,394.750763,1414.825805,166.985289
2021-06-21,1022.639371,2902.77658,706.498381,1339.890836,2342.510285,612.326444,519.870762,392.050183,1394.37611,166.621294
2021-06-22,1028.782229,2939.039237,714.170458,1353.816296,2347.094673,622.965566,526.68215,396.194205,1427.968589,166.823516
2021-06-23,1024.050056,2940.762275,709.339924,1356.975133,2328.615868,614.16417,517.28045,395.542319,1430.056298,166.499983
2021-06-24,1007.669635,2988.464302,716.751423,1395.904928,2320.094739,615.421472,513.683016,393.679851,1435.939689,165.529398
2021-06-25,979.868356,3003.172523,720.800788,1404.135631,2306.339022,628.671899,514.114667,401.362542,1451.217827,166.297767
2021-06-28,967.583069,2995.973292,721.274255,1406.048748,2283.229538,631.573454,515.169966,403.364687,1449.936578,166.540405
2021-06-29,959.620393,2973.711881,717.356398,1400.264954,2313.332497,627.462875,510.613042,399.453525,1451.692114,166.055134
2021-06-30,965.831265,2987.581257,717.737023,1415.703316,2320.279591,619.773729,508.838197,395.681988,1445.618857,165.327172
2021-07-01,966.058798,2969.913919,714.407525,1403.112346,2300.828308,616.485456,509.413864,394.56458,1426.260572,164.841873
2021-07-02,970.495163,2950.213854,708.343108,1396.527808,2308.886475,620.305704,511.332562,396.147636,1424.030524,164.760978
2021-07-05,979.891169,2980.514298,715.596596,1410.36441,2328.060241,627.221164,507.015494,404.62187,1436.699035,165.08452
2021-07-06,977.775346,2939.878646,732.481779,1411.921659,2313.749278,633.507829,506.247981,406.484357,1441.443535,164.841865
2021-07-07,968.151889,2899.862042,735.026425,1397.506774,2307.127021,633.266101,509.030176,404.156273,1442.107744,165.974225
2021-07-08,963.23765,2913.377277,731.38773,1402.356007,2287.629075,632.540591,511.140672,405.459983,1446.188286,165.408059
2021-07-09,951.748653,2899.243587,721.066457,1396.928079,2282.766197,620.11238,515.649589,398.103217,1426.118121,163.66903
2021-07-12,956.207729,2858.607969,714.407512,1404.135832,2278.505333,628.913733,517.040672,400.664119,1438.596738,163.830792
2021-07-13,956.91308,2839.173382,716.357641,1384.91543,2274.476192,644.485436,513.730967,402.10752,1437.647879,163.547713
2021-07-14,958.642073,2846.240784,716.952206,1408.406941,2261.323215,646.081222,509.797606,402.573163,1470.765869,165.933788
2021-07-15,953.250205,2861.172352,726.179571,1420.90874,2246.178759,647.628795,510.852911,403.178449,1542.031515,168.643402
2021-07-16,962.236646,2850.549493,727.701564,1401.154796,2250.810609,645.839532,521.309739,402.759425,1539.943727,169.573586
2021-07-19,966.445513,2832.797896,708.152899,1381.801252,2238.769025,635.345545,522.556969,399.91914,1555.696256,169.452264
2021-07-20,959.16538,2846.254623,691.576915,1386.072294,2278.597831,629.880826,514.978072,397.637605,1539.801523,169.29049
2021-07-21,959.16538,2846.254623,691.576915,1386.072294,2278.597831,629.880826,514.978072,397.637605,1539.801523,169.29049
2021-07-22,966.400015,2855.063932,698.473676,1417.349622,2323.058564,638.633939,525.722819,397.358253,1563.050621,168.441197
2021-07-23,971.200376,2869.759767,693.217861,1422.37696,2215.380941,655.608088,537.858542,400.384797,1561.911794,172.768495
2021-07-26,965.080445,2854.444238,686.820557,1434.077988,2185.971902,665.183253,531.335011,398.382577,1544.214055,174.183974
2021-07-27,948.108538,2841.828644,689.626866,1431.986996,2185.462936,663.103796,523.612211,403.457832,1536.337727,172.283207
2021-07-28,936.414671,2836.915512,684.299628,1430.47422,2193.798728,664.457866,547.49997,400.896931,1536.741215,169.85668
2021-07-29,943.876943,2855.506773,680.137811,1441.508082,2196.531051,671.738587,553.256032,413.096123,1542.547169,170.018446
2021-07-30,940.942104,2853.780318,680.994047,1444.533507,2182.77625,667.033893,545.389399,413.841119,1559.389657,167.511039
2021-08-02,946.152012,2855.019812,682.539822,1454.632902,2179.858639,667.421908,546.780476,406.670565,1552.767991,167.834572
2021-08-03,951.430086,2912.652836,684.870445,1475.899655,2216.538445,671.156567,558.340614,417.100416,1572.633218,170.584618
2021-08-04,961.895414,2926.109132,701.327441,1494.808401,2218.159421,695.892041,563.041365,435.306111,1578.00747,170.746392
2021-08-05,980.459877,2934.785634,716.809554,1482.439785,2214.685786,695.01896,593.836472,430.696471,1567.019169,175.316358
2021-08-06,976.888027,2942.75317,713.456251,1477.67942,2205.191677,684.83377,591.869928,416.262309,1572.9211,174.709712
2021-08-09,950.884115,2954.262442,716.952206,1483.730019,2218.391006,685.124777,587.792593,411.419877,1558.525907,175.639888
2021-08-10,961.440362,2965.6827,722.85005,1494.8972,2217.464624,687.064889,602.470533,406.391204,1544.994461,173.456008
2021-08-11,964.625489,2974.624335,722.42207,1498.45658,2218.391039,685.949382,603.669835,403.131854,1533.478274,170.341981
2021-08-12,967.446542,2981.706761,717.071122,1509.579476,2235.526788,681.875248,603.382033,400.850377,1561.40497,173.253799
2021-08-13,978.230361,3080.860697,728.200991,1532.714749,2231.96033,688.616874,612.831472,402.526553,1609.197351,171.717029
2021-08-16,1002.391495,3093.565284,730.10362,1530.445396,2257.154932,686.191883,617.820142,404.156268,1609.437226,172.4854
2021-08-17,994.292181,3152.393339,724.871515,1556.205832,2304.023578,681.826718,612.064101,396.566689,1597.872965,171.069931
2021-08-18,995.020319,3182.670087,744.539201,1562.078824,2315.648569,679.8381,608.226665,395.16984,1594.130224,171.069926
2021-08-19,995.020319,3182.670087,744.539201,1562.078824,2315.648569,679.8381,608.226665,395.16984,1594.130224,171.069926
2021-08-20,988.286101,3164.964656,722.873916,1552.735679,2436.061847,663.881381,607.267387,388.651205,1557.56628,170.422862
2021-08-23,989.196146,3251.724703,729.223707,1559.987621,2475.752176,669.265003,604.869008,384.600297,1553.727671,170.018451
2021-08-24,997.386337,3246.723082,744.134873,1563.413344,2461.997304,676.34617,602.422658,389.954918,1548.305232,167.430149
2021-08-25,1010.126735,3273.636131,744.277664,1554.426215,2469.824027,679.450177,597.050255,392.32956,1560.445465,168.158096
2021-08-26,1021.456544,3264.650094,747.226483,1553.625544,2498.862264,680.517224,586.641368,387.207764,1538.324714,167.308838
2021-08-27,1020.478292,3301.744239,741.352515,1537.341801,2491.637789,679.450205,580.789304,385.857446,1599.504419,167.308815
2021-08-30,1035.539107,3311.350252,746.750884,1529.289009,2506.226351,693.564019,599.592612,394.192019,1617.018643,168.400765
2021-08-31,1039.133595,3367.788604,753.100688,1526.041232,2535.588571,698.317167,640.940514,397.637615,1608.429437,171.150829
2021-09-01,1043.297092,3378.943303,760.068723,1521.147044,2570.369136,712.770395,645.92912,402.805934,1648.736129,171.71703
2021-09-02,1050.07676,3416.52361,757.214937,1507.62188,2602.788265,706.222689,646.360797,403.690651,1641.0589,171.069955
2021-09-03,1089.75385,3414.53239,760.068637,1517.988197,2601.631138,709.860291,642.379473,404.435624,1635.588561,170.867747
2021-09-06,1128.430025,3432.857981,751.959099,1541.167953,2616.682462,706.174212,638.685991,404.016596,1646.816776,170.827269
2021-09-07,1118.419454,3426.085884,752.458605,1543.748247,2601.584646,700.79064,652.836378,402.014419,1636.26033,173.375136
2021-09-08,1116.59951,3377.43823,751.745024,1513.449864,2602.788669,701.081595,656.002234,405.459969,1626.375593,172.283211
2021-09-09,1109.251214,3371.860495,751.245678,1508.155687,2615.432241,702.19715,660.223364,403.970004,1612.844073,173.011143
2021-09-10,1109.251214,3371.860495,751.245678,1508.155687,2615.432241,702.19715,660.223364,403.970004,1612.844073,173.011143
2021-09-13,1107.044444,3410.547621,753.409731,1514.028455,2614.320639,696.377038,668.665579,403.970014,1608.093677,174.022225
2021-09-14,1089.298838,3449.590373,744.13498,1509.089797,2597.230801,692.593973,671.255887,406.71714,1630.310404,175.720763
2021-09-15,1090.095041,3523.514125,739.521164,1526.129822,2579.632199,694.534028,705.072831,414.399834,1655.07006,175.68033
2021-09-16,1108.75056,3525.062223,744.039773,1529.822738,2591.025064,707.532248,707.039523,434.048925,1658.812807,188.985755
2021-09-17,1117.441337,3492.527333,755.787951,1528.71054,2577.779528,712.382411,704.881038,439.450067,1671.480719,191.938036
2021-09-20,1100.378228,3427.014868,752.315825,1519.545349,2601.862394,698.802094,703.873788,422.315338,1665.050796,193.596169
2021-09-21,1099.582097,3427.502381,746.108708,1536.496511,2648.453199,693.078937,710.637097,411.000827,1660.972146,196.103585
2021-09-22,1111.139381,3449.900182,737.309563,1547.307602,2630.484117,693.563996,702.290849,412.351093,1660.252416,198.813217
2021-09-23,1136.164996,3434.097543,747.702129,1552.735557,2609.920837,698.414087,710.013518,420.126955,1703.438054,198.651444
2021-09-24,1140.009873,3491.996666,764.801297,1590.997837,2575.0007,702.876131,722.389175,420.82538,1737.02713,197.357308
2021-09-27,1151.134928,3456.230094,777.905138,1574.091285,2561.107101,709.811731,715.329757,419.568195,1710.875697,195.618273
2021-09-28,1167.060359,3408.423144,776.240439,1521.591737,2551.334854,713.352393,710.345143,424.457195,1688.131227,195.416064
2021-09-29,1169.380836,3369.469699,764.159227,1513.939481,2542.072328,690.60538,686.106604,430.510178,1671.768587,195.254298
2021-09-30,1153.273457,3368.584633,764.04026,1515.363257,2505.809535,692.496999,693.730034,432.93143,1664.331109,194.445454
2021-10-01,1155.639564,3373.011881,755.787982,1493.963043,2512.015573,674.018066,671.788257,424.224373,1643.457977,191.695394
2021-10-04,1171.587663,3349.684017,761.662059,1502.015745,2523.130075,682.263167,670.664276,432.465802,1654.446245,192.787285
2021-10-05,1188.491355,3399.570904,759.830915,1515.318817,2514.747588,678.043622,687.523808,436.749511,1669.84932,192.059389
2021-10-06,1192.108866,3415.018842,773.790839,1520.702152,2532.393095,683.863794,691.921937,438.611965,1665.91472,191.210074
2021-10-07,1182.462591,3451.803278,774.195163,1516.430881,2504.837364,683.815259,686.302119,432.093324,1659.580672,190.037281
2021-10-08,1221.434216,3532.277789,771.484031,1540.722914,2481.032079,688.713873,683.71208,432.093334,1670.808857,189.915942
2021-10-11,1237.632624,3326.532722,782.423674,1539.388503,2468.944183,697.832072,680.291329,442.290323,1676.423015,193.717496
2021-10-12,1220.79738,3281.824663,780.78278,1502.905643,2489.83146,691.623945,682.588147,451.090528,1655.981868,196.548422
2021-10-13,1237.405177,3253.893487,783.850603,1524.839768,2494.972245,694.436972,681.024326,452.720153,1692.785678,202.938286
2021-10-14,1236.472389,3255.303245,803.827344,1587.082882,2479.364618,707.920288,678.287801,459.937263,1744.608544,211.795118
2021-10-15,1236.472389,3255.303245,803.827344,1587.082882,2479.364618,707.920288,678.287801,459.937263,1744.608544,211.795118
2021-10-18,1249.007967,3239.957581,820.474747,1600.785918,2481.356496,726.447715,686.05777,466.549028,1737.507016,214.58559
2021-10-19,1251.897414,3273.131929,804.992686,1632.374507,2530.540236,732.364774,683.174576,469.529012,1809.003405,212.361272
2021-10-20,1247.98415,3219.822782,807.989198,1644.386895,2393.453559,734.741337,697.737268,472.602054,1793.31257,200.997069
2021-10-21,1241.272684,3199.820962,799.998463,1614.133098,2320.279795,737.069354,696.222275,471.670835,1752.861919,200.875757
2021-10-22,1212.561515,3159.151904,812.388856,1568.930351,2314.027315,742.889444,689.331965,473.719564,1757.660251,198.813154
2021-10-25,1219.432353,3117.418397,803.827385,1539.165822,2281.886302,841.006936,688.061397,480.005376,1739.714192,191.412301
2021-10-26,1214.381565,3130.235491,796.145865,1549.978749,2300.895482,816.465407,693.778853,482.566314,1738.850491,193.313095
2021-10-27,1217.976132,3114.490985,791.960254,1556.756392,2288.12736,823.54652,698.470243,490.621457,1740.86578,195.173426
2021-10-28,1200.298903,3120.478755,784.801857,1548.318096,2251.595102,807.007726,690.064926,484.754707,1786.930723,190.84612
2021-10-29,1181.279596,3069.919383,761.971324,1537.41076,2238.547667,784.503355,685.129263,477.397936,1751.326492,184.618015
2021-11-01,1163.010706,3092.980936,766.252065,1532.563039,2246.842015,785.424807,706.435691,481.402265,1732.22862,184.051847
2021-11-02,1159.370779,3116.575838,771.484063,1531.889795,2262.778213,785.71586,706.728879,488.898689,1750.894608,185.426871
2021-11-03,1146.630175,3122.164238,765.728821,1541.764774,2268.370086,781.835783,715.916122,505.009053,1837.793951,183.485651
2021-11-04,1139.759698,3116.264384,759.997393,1541.360669,2264.642612,765.345441,688.843172,499.049183,1843.40805,183.849624
2021-11-05,1139.759698,3116.264384,759.997393,1541.360669,2264.642612,765.345441,688.843172,499.049183,1843.40805,183.849624
2021-11-08,1146.630331,3147.08857,763.25548,1562.905764,2282.34955,769.225531,698.714567,497.698893,1875.125673,186.599691
2021-11-09,1150.679851,3135.557361,758.451593,1570.98499,2279.739783,764.9574,700.229459,495.417366,1884.914357,186.761454
2021-11-10,1163.920593,3121.986264,746.275245,1571.837979,2255.322816,760.786312,721.291633,492.158009,1875.221614,188.338703
2021-11-11,1169.608435,3113.426768,739.568823,1561.783566,2243.160931,753.705129,721.878031,486.89649,1901.852637,187.246778
2021-11-12,1182.462611,3134.803495,741.542669,1600.474645,2249.357903,756.518312,728.133093,477.72385,1885.778089,189.228405
2021-11-15,1184.032371,3166.247506,747.630758,1615.870336,2264.642257,761.02887,729.110387,480.424432,1894.895022,193.313085
2021-11-16,1171.655914,3171.525309,740.662768,1623.904844,2268.975747,752.492673,725.249909,472.508966,1900.12522,193.838822
2021-11-17,1137.05218,3160.260713,734.384226,1617.665789,2246.050057,748.806561,715.769439,470.646478,1899.117788,198.368346
2021-11-18,1132.524849,3123.005851,734.146513,1606.39944,2242.601512,744.49002,707.071013,471.391482,1875.221489,196.548452
2021-11-19,1132.524849,3123.005851,734.146513,1606.39944,2242.601512,744.49002,707.071013,471.391482,1875.221489,196.548452
2021-11-22,1114.324477,3118.660135,738.522374,1602.764058,2245.909969,747.351522,738.835238,471.205195,1823.398597,194.728527
2021-11-23,1092.597596,3087.614918,726.679038,1568.51633,2236.683685,735.226298,743.770816,461.33407,1819.1759,188.21736
2021-11-24,1096.533552,3098.347911,730.745759,1562.456816,2242.275588,749.097598,764.099888,465.6178,1825.701793,188.217347
2021-11-25,1138.440186,3071.693483,729.295055,1549.61959,2224.568197,732.316242,751.101036,461.380704,1791.584946,187.812948
2021-11-26,1127.33769,3095.642526,716.643019,1542.572704,2204.065456,719.802959,745.725574,454.349825,1767.497027,186.073925
2021-11-29,1137.530256,3130.545764,717.094873,1536.87236,2182.863608,705.93172,737.906729,444.897832,1717.88144,180.897348
2021-11-30,1126.564088,3161.058077,727.249692,1552.941112,2200.337485,710.345335,733.21539,444.4322,1726.374655,182.151039
2021-12-01,1125.699825,3184.342885,716.80951,1563.713517,2196.376753,710.781827,720.70522,444.432162,1721.672096,180.614255
2021-12-02,1135.801084,3235.788452,727.154575,1571.434023,2225.500488,705.301171,719.043735,445.270317,1721.672201,182.919479
2021-12-03,1136.84758,3251.710877,730.555418,1603.886049,2227.270973,707.629282,718.017502,448.389928,1770.424271,182.959928
2021-12-06,1103.40412,3244.659289,722.398296,1556.57698,2203.086961,705.010181,705.556169,444.199361,1747.583623,179.724537
2021-12-07,1093.848849,3191.438169,728.676716,1548.452584,2182.304344,718.735989,689.722905,446.713751,1737.027068,179.522346
2021-12-08,1106.498276,3234.414206,739.64014,1579.7827,2184.91356,736.050814,702.721796,458.540427,1766.777241,182.515073
2021-12-09,1126.109305,3224.036748,739.473605,1588.400497,2188.781554,740.124964,707.55967,459.564777,1808.187661,191.250499
2021-12-10,1122.059608,3230.467112,726.774086,1583.328372,2187.290307,737.020865,702.623981,461.846357,1814.617524,193.272605
2021-12-13,1125.745314,3248.206938,731.363976,1590.151073,2191.950376,746.624033,702.135355,466.036898,1819.799682,193.110853
2021-12-14,1094.758925,3224.257638,721.066494,1582.655124,2166.740844,741.434398,690.30928,456.63135,1798.446865,191.776294
2021-12-15,1094.303942,3213.613734,724.562424,1569.144724,2166.601289,736.729846,679.167398,457.236685,1822.198927,187.812964
2021-12-16,1099.081357,3200.708006,721.542131,1595.761723,2167.067166,735.17782,674.280519,456.817604,1831.076136,182.919457
2021-12-17,1095.668925,3238.760537,716.310112,1653.5739,2151.829402,719.754427,670.175665,448.296829,1799.118589,180.250301
2021-12-20,1054.649474,3198.534625,693.479514,1642.487387,2119.584152,698.608044,646.181474,432.09331,1755.884976,174.911926
2021-12-21,1067.458142,3229.757281,690.031102,1649.983269,2146.004898,707.095805,655.710775,426.73869,1777.52561,174.264843
2021-12-22,1079.243009,3225.854696,692.528143,1642.038435,2159.704748,712.915888,670.468892,425.854028,1803.773089,173.253796
2021-12-23,1082.928596,3255.746063,693.384372,1671.16907,2148.148074,717.329478,673.400934,433.024551,1811.738455,176.691377
2021-12-24,1088.388741,3286.348227,690.625676,1683.871652,2155.603618,711.897389,667.39011,431.720849,1812.602235,178.309075
2021-12-27,1082.018566,3281.913329,691.576948,1682.749361,2151.03747,716.601941,662.992101,428.833968,1800.030383,176.691381
2021-12-28,1094.235742,3304.088317,697.712656,1701.960428,2160.636205,720.190948,668.025468,431.068954,1832.035817,178.430396
2021-12-29,1100.674201,3299.608753,694.906374,1700.075262,2163.851832,722.616114,668.025468,430.370549,1831.98769,178.187748
2021-12-30,1094.281146,3317.393382,697.688814,1714.438591,2171.44742,718.299515,670.273405,423.619097,1825.030107,176.24652
2021-12-31,1084.703238,3335.133473,706.226596,1704.159948,2209.051253,723.877056,678.385459,429.672102,1830.212275,176.974472
2022-01-03,1095.646251,3397.223459,724.395925,1718.253687,2216.180487,743.034939,676.919482,439.543184,1859.338625,177.823761
2022-01-04,1119.784652,3449.690083,729.104717,1711.6106,2244.232592,754.675251,687.328282,451.369936,1864.665043,179.320096
2022-01-05,1127.064782,3432.703205,747.70215,1708.244239,2255.322598,771.99003,686.839656,460.961654,1872.342448,179.158349
2022-01-06,1116.599603,3401.658425,739.497355,1641.006164,2247.866993,768.740451,704.187716,460.402869,1874.261868,178.268624
2022-01-07,1118.442148,3428.180114,745.20506,1648.187813,2257.09334,778.246683,698.958906,467.433715,1856.939492,178.470853
2022-01-10,1117.964622,3528.499982,747.70214,1678.619919,2259.98239,788.431888,695.244936,470.227439,1880.931474,181.746622
2022-01-11,1126.13195,3481.488811,746.132531,1678.709699,2253.738186,790.274942,693.485675,472.881455,1890.576427,181.382644
2022-01-12,1148.882614,3485.037153,749.913873,1695.766128,2251.594629,800.702634,716.111613,478.18948,1904.012001,180.89736
2022-01-13,1156.185553,3479.714803,739.616259,1716.862247,2257.093462,803.176211,718.994805,477.584142,1947.197891,182.636364
2022-01-14,1168.15221,3527.613007,736.619814,1735.265173,2256.254877,797.356055,714.352377,475.256087,1967.303051,181.827511
2022-01-17,1167.105879,3586.155611,740.09199,1754.027204,2231.278552,804.049223,718.115219,483.218198,1988.416112,182.47462
2022-01-18,1165.90013,3585.002266,737.666216,1746.037551,2244.791486,810.93631,714.156872,481.867877,1994.750132,183.849625
2022-01-19,1156.640476,3564.911278,732.362853,1720.0043,2207.420583,796.385992,698.812282,482.054119,1945.278362,179.886313
2022-01-20,1142.05758,3483.164029,727.011869,1658.960291,2167.300098,788.577378,703.357088,483.45096,1952.955859,179.684096
2022-01-21,1138.553855,3422.341814,727.630243,1623.051839,2175.50155,787.025286,697.835021,472.602091,1914.376701,178.349485
2022-01-24,1139.691425,3420.653098,723.563615,1587.727282,2185.380112,792.215003,690.993408,471.950199,1880.019881,176.125224
2022-01-25,1086.864444,3384.888487,711.078057,1562.008035,2174.895075,780.186727,704.138912,481.914436,1853.436812,173.658235
2022-01-26,1086.864444,3384.888487,711.078057,1562.008035,2174.895075,780.186727,704.138912,481.914436,1853.436812,173.658235
2022-01-27,1072.053874,3317.357868,706.321684,1534.807544,2167.346316,777.470598,699.789692,494.346401,1844.511651,174.305319
2022-01-28,1081.062916,3314.159213,707.130239,1550.831522,2160.915468,781.690209,736.929336,499.514773,1869.463346,177.338458
2022-01-31,1094.940877,3339.216117,709.437189,1570.53621,2154.5321,774.754522,718.359476,503.705335,1846.431024,178.551734
2022-02-01,1101.401988,3383.645033,721.542108,1597.916258,2162.127256,788.480374,718.359516,506.545572,1919.270926,185.062908
2022-02-02,1095.21395,3433.404217,730.103527,1609.406905,2174.243034,794.155002,715.183089,506.82501,1927.044443,188.702681
2022-02-03,1092.688682,3449.843179,732.457996,1597.018576,2173.264661,793.864023,712.495339,507.244014,1904.971615,190.239502
2022-02-04,1068.572936,3398.483342,729.081024,1574.530858,2155.370815,787.655893,706.875528,508.827156,1878.868504,192.908675
2022-02-07,1072.372316,3404.792839,722.493408,1554.826305,2159.051826,780.865703,703.796831,511.248351,1868.98362,189.875516
2022-02-08,1073.828376,3376.269213,703.20624,1548.542417,2113.665936,771.844553,698.519139,500.678841,1820.471642,187.893825
2022-02-09,1086.204633,3356.943562,713.313524,1564.70123,2125.17612,780.138169,709.661022,499.607892,1823.302609,188.460029
2022-02-10,1090.072191,3367.47243,730.341417,1592.440257,2129.509358,784.551822,710.491777,506.545618,1833.954988,188.783571
2022-02-11,1084.976257,3334.329917,725.347302,1567.34941,2123.917663,773.493595,708.976924,500.725416,1812.842121,188.70267
2022-02-14,1071.530685,3370.538394,713.194626,1542.752298,2084.076616,750.746593,688.061379,480.145068,1772.487357,187.188681
2022-02-15,1102.90378,3407.635764,725.299683,1568.067511,2147.356189,754.67518,696.955326,490.621454,1806.124377,185.11804
2022-02-16,1107.044359,3424.608056,729.984684,1575.877503,2146.983391,754.238697,711.713501,491.692415,1811.210781,186.111951
2022-02-17,1117.008802,3407.636074,723.920294,1570.087474,2155.604238,744.24748,711.029369,484.242538,1808.907416,185.822051
2022-02-18,1117.691438,3390.708806,721.542109,1546.298236,2169.397077,734.110812,703.259305,485.080676,1819.559872,185.076623
2022-02-21,1109.09175,3401.238236,728.058367,1559.58437,2147.262885,740.027915,700.327199,481.91443,1807.947758,183.295856
2022-02-22,1090.163363,3259.157074,723.96775,1571.882735,2124.849557,736.972373,686.595304,470.553327,1780.212842,179.651479
2022-02-23,1095.009239,3219.171606,725.680176,1578.39122,2119.211241,733.722767,692.899307,470.599938,1777.333784,180.148444
2022-02-24,1064.682813,3095.617626,701.541565,1539.520368,2089.435271,705.301171,672.96112,454.396452,1727.43028,176.66969
2022-02-25,1050.144952,3136.624474,697.237015,1551.37027,2046.565849,717.135524,679.411738,458.074776,1726.182571,179.320165
2022-02-28,1077.172661,3166.613498,684.228417,1551.280384,2031.56091,722.422061,674.37834,451.928625,1748.783264,179.278756
2022-03-01,1077.172661,3166.613498,684.228417,1551.280384,2031.56091,722.422061,674.37834,451.928625,1748.783264,179.278756
2022-03-02,1092.48386,3173.899802,665.131556,1539.026768,2008.169256,703.21569,668.514122,446.806835,1753.293818,179.402963
2022-03-03,1098.78582,3179.808678,662.087386,1556.532121,2020.424446,700.305673,664.409194,450.159291,1740.434057,182.384761
2022-03-04,1075.784852,3164.346895,659.233549,1558.417177,1936.548695,685.367298,652.827524,438.518837,1683.332941,188.348284
2022-03-07,1052.033337,3152.617908,633.715662,1571.882855,1845.403828,647.002965,663.969411,422.73443,1599.600543,188.01699
2022-03-08,1021.957146,3206.820583,634.500504,1615.870322,1824.761222,649.379526,671.299616,411.699282,1598.832758,189.217966
2022-03-09,1077.013352,3246.806159,653.858889,1644.237743,1870.473424,654.278201,682.1972,423.06035,1631.270026,191.661377
2022-03-10,1094.303876,3273.463347,678.734802,1656.042703,1970.145466,679.983622,691.48214,443.873429,1687.123516,192.572447
2022-03-11,1097.03408,3234.233259,670.149371,1644.058206,1966.604153,664.172354,686.497522,442.150665,1665.482687,196.382475
2022-03-14,1103.131106,3241.785877,689.674397,1701.152415,1952.438595,677.510147,688.892112,452.580496,1683.284854,198.328921
2022-03-15,1104.746453,3251.24905,689.436619,1695.182546,1939.204766,686.870764,693.436829,456.771066,1693.841383,199.944063
2022-03-16,1095.623434,3259.246319,692.052539,1700.209617,1938.459344,690.071955,699.301009,460.309767,1699.263615,201.269262
2022-03-17,1136.346995,3296.565739,708.604812,1726.557585,1972.661542,703.264105,711.469164,468.877159,1731.844906,203.257109
2022-03-18,1136.346995,3296.565739,708.604812,1726.557585,1972.661542,703.264105,711.469164,468.877159,1731.844906,203.257109
2022-03-21,1130.249846,3300.075138,710.435915,1693.880969,1967.256482,701.227168,707.950586,467.480277,1732.228727,205.20354
2022-03-22,1153.432744,3297.454263,712.50496,1696.664091,1913.995541,699.384134,704.676444,461.70661,1705.357631,207.688366
2022-03-23,1167.037566,3314.1596,722.398342,1705.640914,1879.326877,705.010181,703.552495,467.852786,1719.320966,210.131743
2022-03-24,1175.819419,3339.394707,699.02068,1700.793313,1855.841656,691.332996,692.801493,460.775386,1707.948646,212.450899
2022-03-25,1190.311409,3358.320504,690.625661,1700.254643,1842.468278,684.930804,698.274793,459.378496,1706.221397,211.829725
2022-03-28,1196.567804,3299.231151,683.9667,1688.494756,1846.00958,692.011952,720.314258,464.314038,1684.244548,213.693314
2022-03-29,1200.321762,3307.228066,694.549631,1696.125342,1859.103627,695.455536,745.725584,466.921542,1683.380796,213.279157
2022-03-30,1223.072526,3321.445538,705.25158,1722.697406,1881.610096,709.811798,752.469353,465.990296,1705.405583,212.36807
2022-03-31,1214.745538,3336.240044,706.178963,1717.311073,1914.228463,717.717497,741.816145,463.33624,1709.532138,210.670127
2022-04-01,1212.675381,3343.659446,718.212609,1714.887272,1943.911072,716.165408,749.29296,474.697371,1721.672233,211.498374
2022-04-04,1217.157279,3358.764478,819.09535,1699.356947,1987.339989,727.320627,757.453873,479.49325,1756.076788,213.610484
2022-04-05,1214.836602,3408.169394,792.74502,1696.30483,2011.151291,732.801276,756.281083,480.890076,1770.616098,216.882154
2022-04-06,1198.729232,3384.799947,756.16851,1667.488581,2017.115599,722.567628,763.024889,479.772596,1783.091992,218.124531
2022-04-07,1185.761246,3328.109567,733.123827,1641.140793,2026.994507,735.080774,760.239384,484.149392,1781.028621,217.172054
2022-04-08,1194.406624,3292.122965,725.703881,1649.983143,2044.235797,733.334775,750.954508,483.776911,1764.762118,222.680004
2022-04-11,1200.572053,3298.653942,718.212629,1628.438258,2044.795176,742.501432,747.875781,486.105006,1755.980876,226.241567
2022-04-12,1184.214319,3322.33352,716.714435,1577.71779,2017.6751,745.847986,742.744621,481.169459,1709.676118,222.514384
2022-04-13,1179.664132,3296.432374,714.550264,1577.717895,2017.675131,749.388651,739.372721,485.080643,1701.374784,224.129497
2022-04-14,1179.664132,3296.432374,714.550264,1577.717895,2017.675131,749.388651,739.372721,485.080643,1701.374784,224.129497
2022-04-15,1179.664132,3296.432374,714.550264,1577.717895,2017.675131,749.388651,739.372721,485.080643,1701.374784,224.129497
2022-04-18,1164.739781,3207.709973,680.946445,1481.214524,2034.357101,740.027884,723.392915,479.586365,1679.398052,225.70323
2022-04-19,1213.971966,3166.435378,660.922117,1469.230189,2056.677482,754.578189,722.268951,485.127182,1689.76282,225.7032
2022-04-20,1244.002873,3171.411601,646.819503,1433.007711,2021.076471,746.915111,727.64445,478.375749,1643.362099,219.863895
2022-04-21,1269.028599,3237.920767,656.284642,1460.746695,2053.788422,741.288956,727.058098,482.380017,1656.221789,219.035646
2022-04-22,1274.943726,3213.9294,654.16801,1445.934773,2040.042122,736.09934,724.125945,478.189478,1647.20074,217.834642
2022-04-25,1255.105154,3184.606464,651.932564,1411.911547,2014.879149,739.348939,726.17841,464.872861,1607.469809,214.521564
2022-04-26,1271.758615,3188.072211,657.307214,1429.147345,2011.104924,745.508499,741.718418,472.974553,1634.436967,215.929638
2022-04-27,1286.774072,3170.789977,655.904143,1411.866829,2005.932459,727.514589,744.308413,468.225262,1623.400457,214.107449
2022-04-28,1297.239311,3202.733751,655.90408,1437.945123,2096.890968,729.357715,737.222534,474.93017,1661.212072,218.414431
2022-04-29,1299.582709,3219.483105,668.151857,1433.905353,2134.169259,737.166352,743.770837,477.25827,1668.889563,217.834634
2022-05-02,1276.536211,3152.573897,668.960408,1393.912667,2098.754484,721.500466,726.129546,460.961637,1617.978422,219.077046
2022-05-03,1276.536211,3152.573897,668.960408,1393.912667,2098.754484,721.500466,726.129546,460.961637,1617.978422,219.077046
2022-05-04,1269.483539,3150.353108,667.604812,1409.397964,2097.683475,724.604628,722.611064,462.31192,1614.091849,220.360864
2022-05-05,1242.1828,3139.290173,654.001563,1426.813418,2052.110982,720.724546,716.502519,460.03037,1603.823044,219.656825
2022-05-06,1209.876925,3087.309282,634.976055,1402.081554,2022.33471,701.324158,707.510847,452.673629,1567.163037,221.437608
2022-05-09,1181.711783,3070.870788,630.933081,1424.479483,1993.817133,698.414057,704.187779,450.438673,1564.140171,220.443701
2022-05-10,1149.633417,3078.690055,643.537544,1408.635055,2048.336252,698.414097,712.006667,449.367722,1563.900342,220.982076
2022-05-11,1130.682037,3064.162218,644.488855,1391.398995,2040.694431,698.22005,718.359504,446.061842,1544.130686,217.172034
2022-05-12,1107.886098,3065.273131,638.413391,1371.24555,2017.53544,689.39289,706.435714,440.474414,1492.25991,212.368048
2022-05-13,1127.519674,3056.564638,634.179089,1372.816635,2067.068596,681.341762,696.857567,444.199359,1511.405638,216.053873
2022-05-16,1128.884844,3047.768291,631.292054,1357.196365,2070.75,670.235044,682.197175,429.765189,1504.303869,215.308417
2022-05-17,1155.685138,3080.645197,633.697959,1369.001355,2122.053898,690.653906,693.925521,437.354791,1543.075067,219.905315
2022-05-18,1169.380842,3105.524672,641.541027,1391.174589,2145.352655,695.503961,710.687255,436.377024,1557.566185,221.810329
2022-05-19,1143.217739,3025.554683,623.785894,1332.823793,2128.390995,677.75268,677.31036,419.056025,1499.745355,231.293989
2022-05-20,1203.233727,2944.605527,637.162306,1316.709996,2188.222184,690.556925,675.844277,432.093315,1548.401318,233.861651
2022-05-23,1207.397049,2966.820053,639.929091,1335.786049,2225.500111,704.185738,678.189999,438.984456,1593.074607,232.287945
2022-05-24,1200.321627,2954.335886,637.547258,1319.223537,2218.044568,695.843505,673.645273,434.700774,1587.028634,227.773859
2022-05-25,1208.830478,2945.610802,642.816096,1294.940456,2171.40034,699.238525,674.280603,439.262221,1573.592993,226.862774
2022-05-26,1198.911319,2899.675621,659.681045,1283.71925,2139.760523,711.024267,679.753771,444.605789,1524.841171,227.600282
2022-05-27,1185.374499,2933.1316,671.084557,1316.934364,2176.013557,718.978596,684.151942,449.240077,1541.251643,229.679062
2022-05-30,1216.702032,3029.47498,683.498843,1373.489802,2204.065289,729.406211,687.816992,451.037073,1596.625211,229.933618
2022-05-31,1218.886257,3026.612492,675.944488,1377.149215,2206.768235,734.013724,690.602541,450.564162,1606.893989,232.903188
2022-06-01,1208.148034,3030.727437,673.851388,1374.20068,2249.544968,732.946715,690.211591,446.402767,1594.034235,232.563821
2022-06-02,1243.297588,3070.086816,667.860791,1373.3842,2149.965141,729.212195,681.170963,446.733806,1582.949788,232.8608
2022-06-03,1281.928143,3110.610258,673.995741,1410.715969,2166.740482,734.304733,684.933815,449.712964,1606.222245,233.921383
2022-06-06,1280.403842,3088.873258,667.379694,1394.023232,2145.305991,728.436216,674.182806,440.349872,1595.281976,234.006229
2022-06-07,1269.983976,3058.323946,661.268858,1378.827454,2106.070663,720.67601,671.690654,440.680923,1572.345474,233.327457
2022-06-08,1265.388455,3053.940927,664.492599,1379.144992,2067.953837,718.784497,672.228155,449.760239,1542.979145,232.81835
2022-06-09,1275.398697,3074.55979,664.997912,1376.196389,2058.075323,712.091302,664.018349,445.362417,1535.49361,230.527502
2022-06-10,1269.438153,3035.199944,658.213439,1355.330461,2058.541589,706.465213,661.135137,438.978479,1530.215262,229.933615
2022-06-13,1216.156108,2945.744904,639.953121,1309.65245,2066.136614,681.24468,658.10526,429.426214,1502.816256,228.321517
2022-06-14,1215.723847,2897.349792,638.028463,1314.460826,2063.293995,673.824066,673.791969,424.886548,1491.636091,226.921533
2022-06-15,1200.00304,2892.967159,633.12052,1312.19253,2029.75415,675.473089,669.491472,430.750307,1503.824057,226.794271
2022-06-16,1209.899742,2902.67251,635.406098,1309.788541,2034.549092,679.062174,668.416456,432.925554,1511.501592,227.303357
2022-06-17,1194.338231,2789.870055,625.036922,1267.330931,2031.164077,671.884096,646.767887,423.278758,1468.267711,224.121603
2022-06-20,1190.811934,2807.760866,637.547281,1290.37416,2071.121785,667.179339,632.791649,419.401085,1437.461966,225.81855
2022-06-21,1180.028288,2896.32156,651.501151,1320.901896,2098.481043,686.773785,643.249444,430.277415,1454.1123,229.806326
2022-06-22,1164.057387,2907.771385,643.297287,1324.167786,2091.80573,677.946668,635.625975,426.730817,1430.84005,229.339681
2022-06-23,1148.905451,2968.1087,648.614146,1322.716228,2122.31522,684.833819,649.5534,431.69607,1450.801483,226.751856
2022-06-24,1142.535161,2992.261649,655.182124,1331.33484,2180.088649,693.806448,660.402148,435.384581,1451.041482,227.685167
2022-06-27,1157.982955,3008.274134,662.086865,1346.303701,2192.357832,706.998731,671.446268,439.640526,1482.423047,229.636619
2022-06-28,1152.977639,2978.843151,650.057704,1350.159559,2184.977557,695.794958,669.393798,440.491712,1494.707076,230.994182
2022-06-29,1181.666314,2981.527556,649.93737,1339.953548,2162.319131,685.512802,673.498644,437.607135,1491.348187,233.327444
2022-06-30,1190.265961,2961.757177,651.501142,1344.489473,2114.464008,690.556968,675.942034,443.849214,1503.728166,233.07291
2022-07-01,1179.391238,2981.526962,654.388158,1347.210985,2155.832158,685.561285,670.273373,443.376305,1512.461115,241.812067
2022-07-04,1111.139271,2968.064409,654.484322,1353.788394,2236.029395,699.481006,669.980141,448.43616,1523.449454,248.854293
2022-07-05,1121.559189,2926.959307,663.69869,1369.845969,2267.713685,710.199814,673.694151,453.968937,1532.854329,248.599788
2022-07-06,1111.116484,2923.82874,660.835792,1360.819469,2359.00493,709.957358,679.216251,454.914707,1526.376604,246.054405
2022-07-07,1107.158004,2969.360983,672.672498,1373.475012,2379.595061,721.694556,680.731135,461.771497,1549.073078,248.727039
2022-07-08,1100.219025,2956.479742,678.446517,1376.196499,2354.022486,734.789785,680.828867,463.332,1633.381288,249.830047
2022-07-11,1105.133006,2884.915527,678.398434,1360.728638,2373.953909,748.418582,665.582115,464.656103,1620.761408,251.951196
2022-07-12,1110.092883,2805.479841,676.161014,1332.332593,2341.611758,744.441556,651.801352,464.703395,1605.454623,250.593633
2022-07-13,1107.499238,2782.04316,670.844074,1324.530788,2368.641959,741.822427,654.831065,465.743728,1615.387229,250.127023
2022-07-14,1107.47658,2741.849664,660.474938,1318.134927,2371.979478,736.729827,637.434121,462.386266,1600.128325,251.442126
2022-07-15,1098.854058,2716.646358,656.745889,1311.829615,2419.928686,736.24479,642.614177,458.130299,1619.80178,249.448236
2022-07-18,1103.404157,2759.743556,657.323271,1355.013138,2449.168032,749.970649,654.831115,464.845261,1664.666946,251.399723
2022-07-19,1113.414531,2761.537449,653.690445,1348.889372,2420.96303,758.555291,661.672679,471.512903,1665.002823,250.80579
2022-07-20,1156.868123,2844.950165,659.729023,1384.225442,2461.390669,765.878891,664.604722,482.909482,1676.423109,254.114822
2022-07-21,1137.530135,2855.758025,658.959303,1392.980075,2472.578916,765.296933,664.555938,485.557614,1719.371894,256.405656
2022-07-22,1144.946832,2867.41753,672.191317,1397.107819,2485.083001,779.798698,666.461769,491.988804,1729.674897,256.660196
2022-07-25,1122.719405,2857.955194,675.848244,1376.378107,2495.236888,793.281904,671.006402,490.853867,1735.458096,257.042001
2022-07-26,1112.003965,2842.213896,674.597136,1357.780138,2467.971844,778.73164,669.833577,492.556258,1730.841301,257.720779
2022-07-27,1104.314142,2864.816437,676.521871,1336.324318,2435.535653,779.701724,668.465335,501.210057,1768.505218,258.781347
2022-07-28,1122.94682,2927.510763,685.182854,1383.000643,2467.972024,791.050959,664.018418,508.350613,1765.103328,258.951075
2022-07-29,1145.310841,2975.315946,692.20797,1411.350869,2486.775585,798.714125,665.239958,507.87776,1781.140795,259.544996
2022-08-01,1177.457445,2984.015439,696.94741,1418.880931,2480.194073,800.26618,685.033069,505.986227,1766.901339,262.005539
2022-08-02,1186.580398,2971.36898,695.094931,1403.458203,2481.228915,797.356104,687.487318,515.349309,1760.875186,268.665942
2022-08-03,1187.5813,3003.74793,690.836585,1424.324041,2504.638887,803.176157,684.100458,516.768014,1753.439667,263.787336
2022-08-04,1191.107684,3038.636838,696.105379,1455.033398,2485.318148,805.067771,685.720276,514.498128,1763.937014,263.320623
2022-08-05,1173.384882,3028.861328,691.413904,1474.855962,2498.668814,815.689438,697.009859,513.457789,1756.355516,264.550878
2022-08-08,1175.546187,3030.565175,704.670171,1471.499234,2498.997948,821.950521,696.862568,495.582722,1780.703365,266.375049
2022-08-09,1175.546187,3030.565175,704.670171,1471.499234,2498.997948,821.950521,696.862568,495.582722,1780.703365,266.375049
2022-08-10,1178.435634,3036.036244,708.038365,1470.773301,2516.579279,832.392012,704.863504,495.109861,1814.673864,266.502376
2022-08-11,1187.535867,3075.231201,717.421123,1479.981776,2508.164665,845.56588,706.237871,497.474295,1826.14309,265.95085
2022-08-12,1201.845973,3066.531387,716.603181,1464.241546,2469.006467,856.056146,699.464091,502.959725,1816.617748,262.514562
2022-08-15,1201.845973,3066.531387,716.603181,1464.241546,2469.006467,856.056146,699.464091,502.959725,1816.617748,262.514562
2022-08-16,1209.103529,3062.809289,725.841598,1459.705512,2489.925204,863.130975,702.900137,504.898508,1811.758071,264.296392
2022-08-17,1218.021669,3065.58959,727.886514,1462.427167,2532.844239,864.106774,711.39187,501.777531,1815.014063,265.781181
2022-08-18,1218.389455,3042.314866,728.43983,1449.907505,2552.588008,866.204933,722.53416,505.797064,1845.339553,268.11442
2022-08-19,1215.057105,3068.773721,727.525637,1455.985973,2537.49842,865.473012,724.104813,504.709414,1887.571889,268.241731
2022-08-22,1201.179521,3035.229532,716.146067,1450.633473,2507.271615,846.444103,720.963416,491.705117,1889.515884,268.962921
2022-08-23,1211.176841,2997.379765,710.179521,1410.26241,2472.390472,847.02967,729.013378,495.58274,1858.364029,268.114471
2022-08-24,1218.846089,2966.974111,709.963034,1402.551153,2453.869075,854.20206,740.401164,494.63699,1844.804977,271.041677
2022-08-25,1215.604807,2940.201524,715.400229,1405.000566,2471.16839,860.154721,740.253914,499.649515,1864.244533,268.453859
2022-08-26,1209.716117,2921.232248,712.994399,1401.598567,2458.28815,856.300094,727.933504,500.784447,1858.41268,267.60535
2022-08-29,1211.998588,2818.715353,695.768591,1332.2875,2451.894721,840.19876,711.637269,488.962381,1837.029228,267.223499
2022-08-30,1207.547704,2893.876526,716.9159,1357.281082,2507.459498,869.230004,716.742117,503.621786,1873.964261,272.696159
2022-08-31,1207.547704,2893.876526,716.9159,1357.281082,2507.459498,869.230004,716.742117,503.621786,1873.964261,272.696159
2022-09-01,1189.150763,2861.139692,716.675302,1331.879094,2496.177206,864.302023,732.351234,511.566233,1876.394236,273.120376
2022-09-02,1175.638521,2836.922172,717.180558,1340.86062,2466.091938,860.008372,727.344568,508.681593,1903.901048,275.114242
2022-09-05,1178.446102,2823.424336,721.270462,1330.881274,2465.527229,864.497216,728.375328,511.471639,1917.460055,279.653601
2022-09-06,1189.630123,2817.056341,724.951423,1333.602943,2463.271099,868.449297,751.003533,513.268597,1929.463895,279.992937
2022-09-07,1184.562992,2835.935856,716.939954,1329.747328,2441.552681,861.325739,747.960271,508.303329,1906.379616,278.550544
2022-09-08,1185.978219,2855.309238,721.751616,1343.673029,2440.706611,879.037191,761.802336,516.673337,1921.590827,280.501976
2022-09-09,1191.45616,2900.154814,726.082159,1378.963388,2488.656036,889.917824,760.624278,526.793082,1931.699426,282.79285
2022-09-12,1192.369169,2932.71246,723.67625,1402.460432,2449.168063,886.941534,757.286471,528.306304,1911.871224,282.029251
2022-09-13,1200.449242,2927.01683,729.402225,1408.901373,2452.929322,891.869536,774.466315,529.630429,1939.086422,284.235287
2022-09-14,1191.456134,2817.549196,740.469079,1359.866751,2450.108684,899.969013,773.975414,543.675023,1917.654446,287.629098
2022-09-15,1188.511808,2814.27576,741.455439,1338.32035,2443.339371,914.021085,776.184345,547.127067,1929.075074,285.974592
2022-09-16,1165.435905,2775.34916,728.824793,1292.77815,2410.480131,895.431241,773.582825,542.871152,1902.05431,283.89587
2022-09-19,1151.603885,2728.397016,728.48801,1275.54117,2433.185313,890.454497,771.619371,543.24949,1877.803477,285.847336
2022-09-20,1158.451491,2762.434419,733.299669,1282.390771,2464.681241,900.212951,782.369028,546.606978,1900.985146,288.138206
2022-09-21,1156.306039,2727.85892,732.096745,1259.937215,2488.420586,894.845844,782.418091,545.992201,1891.751336,292.889523
2022-09-22,1142.611003,2717.588863,726.635595,1255.537134,2539.660228,889.673928,780.258334,542.871207,1852.19202,295.901634
2022-09-23,1139.39274,2710.906871,709.722437,1265.380446,2560.81458,883.038177,773.582761,537.196507,1842.32649,296.580392
2022-09-26,1103.717541,2713.911323,691.173355,1269.598861,2565.750521,856.690447,757.041066,519.226952,1824.199307,293.525905
2022-09-27,1107.460773,2713.149147,692.881622,1275.994822,2551.413011,853.714114,751.003542,521.023937,1811.758083,288.09574
2022-09-28,1085.549082,2735.527012,678.735236,1275.405118,2546.71182,842.39437,756.893755,510.525879,1803.982152,282.792866
2022-09-29,1080.755785,2740.818988,674.69338,1279.034031,2563.870396,840.784233,754.930361,506.648225,1805.342885,284.150385
2022-09-30,1096.504771,2708.395454,688.767558,1287.60721,2552.493976,846.102543,794.198558,507.783187,1830.176849,284.871618
2022-10-03,1103.329493,2709.292272,682.223648,1280.984614,2570.451378,840.149998,800.62878,502.817902,1800.094265,282.538356
2022-10-04,1103.808748,2778.623894,701.542619,1299.355554,2516.391367,851.567252,801.806758,506.742803,1828.232888,283.386755
2022-10-05,1103.808748,2778.623894,701.542619,1299.355554,2516.391367,851.567252,801.806758,506.742803,1828.232888,283.386755
2022-10-06,1118.416561,2801.943143,703.755994,1324.349421,2531.246255,870.157048,800.923187,512.417427,1865.216545,287.883653
2022-10-07,1115.632154,2784.90217,690.451633,1322.580229,2456.689494,863.130989,782.221733,506.553618,1874.887671,285.804887
2022-10-10,1103.626265,2804.634257,686.145201,1329.066865,2454.527445,868.303015,780.258336,504.945838,1863.272519,281.223228
2022-10-11,1101.982746,2820.77792,681.814713,1342.357513,2454.38599,861.911179,782.909004,504.756732,1869.882032,280.374726
2022-10-12,1087.237993,2789.296716,680.780204,1307.384472,2448.792588,850.640257,767.054467,505.986191,1862.300588,281.223234
2022-10-13,1092.852778,2789.386198,676.642204,1304.526738,2451.189522,844.541224,764.747462,504.851239,1858.412595,281.095933
2022-10-14,1103.055661,2825.262933,696.249733,1355.375826,2467.877777,862.447909,765.680075,505.844318,1882.469075,283.301921
2022-10-17,1101.982767,2813.151538,701.350071,1356.283252,2453.822405,866.05857,756.893811,515.160099,1860.356745,284.023105
2022-10-18,1124.351124,2837.38577,703.900339,1370.753196,2483.954661,878.939689,771.226599,532.940555,1877.074499,289.326011
2022-10-19,1153.955018,2840.668031,710.877304,1365.310037,2460.920825,878.890848,774.220902,532.89333,1892.431641,294.798633
2022-10-20,1149.915022,2841.567282,699.088621,1364.44808,2453.868959,871.718409,779.472978,526.603887,1864.050172,297.768251
2022-10-21,1148.910694,2841.926923,701.374155,1366.262375,2507.224714,888.014948,788.16109,535.115893,1871.04834,299.677318
2022-10-24,1142.382771,2857.752952,703.948385,1380.596496,2482.074695,910.947207,792.725969,541.452511,1866.091382,296.707649
2022-10-25,1140.785075,2863.373425,706.258028,1390.666415,2431.305202,920.461604,791.596983,554.40953,1899.867399,296.537929
2022-10-26,1140.785075,2863.373425,706.258028,1390.666415,2431.305202,920.461604,791.596983,554.40953,1899.867399,296.537929
2022-10-27,1126.83898,2854.156066,706.041462,1407.698862,2378.654476,911.142322,807.157056,553.274622,1916.585226,295.562184
2022-10-28,1157.218905,2858.20276,705.87311,1401.324869,2398.304478,905.092099,809.316821,551.052094,1930.338738,295.774295
2022-10-31,1169.065039,2876.637293,720.789238,1418.245812,2418.14233,894.894583,818.544826,546.134085,1977.625264,297.386425
2022-11-01,1186.891214,2933.828114,735.705467,1444.475612,2438.011129,898.74919,826.054895,553.983982,1998.376861,297.386463
2022-11-02,1164.157655,2940.482189,735.344598,1442.412057,2426.795227,898.505185,814.814319,547.552702,1984.76924,302.265091
2022-11-03,1168.425861,2902.759847,731.495206,1415.952947,2412.5977,891.771894,809.316795,556.064636,1965.81562,304.174144
2022-11-04,1186.891218,2895.565953,729.498415,1394.446311,2409.758527,891.332811,806.764362,564.576564,1972.473664,302.052951
2022-11-07,1191.593181,2916.023169,727.525614,1401.278881,2415.43717,897.870902,808.973165,588.930121,1975.049353,302.349927
2022-11-08,1191.593181,2916.023169,727.525614,1401.278881,2415.43717,897.870902,808.973165,588.930121,1975.049353,302.349927
2022-11-09,1196.91129,2922.31801,730.388547,1402.287803,2408.716654,899.627475,810.3967,587.322297,1979.860598,306.67713
2022-11-10,1185.316196,2900.016888,734.74315,1386.696422,2402.186499,890.8937,815.501537,581.742267,1945.744482,305.361957
2022-11-11,1203.325179,3004.86714,787.671572,1443.100067,2410.515785,905.580046,821.588159,585.950889,1962.219372,306.252941
2022-11-14,1206.064008,3011.521932,783.341146,1459.516574,2379.23378,884.648279,815.599679,571.197008,1965.232659,302.859013
2022-11-15,1198.94277,3003.383379,781.007478,1465.431919,2336.878997,891.576729,823.404226,569.447225,1960.469944,296.07128
2022-11-16,1194.17233,3028.517096,790.077406,1475.658069,2350.129692,895.919237,828.60722,570.771364,1953.520267,294.289537
2022-11-17,1192.825591,3021.41326,785.049283,1469.971806,2364.326894,900.017788,833.859484,570.061977,2001.292776,294.798681
2022-11-18,1190.999732,3023.886192,780.935317,1465.569594,2355.382551,899.725029,836.264494,572.899292,1993.468349,292.507774
2022-11-21,1181.413135,2997.76313,775.642381,1456.260711,2377.578032,902.457349,837.197167,569.447198,1976.021386,288.477569
2022-11-22,1172.511548,2984.499752,771.961431,1456.39823,2388.935731,904.116314,844.805364,568.123189,1976.167341,289.326056
2022-11-23,1176.802665,2994.435854,772.274231,1460.066873,2389.881933,909.337059,836.264592,576.540492,1986.713095,290.174476
2022-11-24,1184.152259,3051.042415,785.265836,1500.420275,2423.009478,917.924468,835.430092,578.148337,2002.264788,290.598722
2022-11-25,1198.257911,3060.394823,785.121395,1507.757479,2418.655184,920.12009,844.265512,580.418231,2037.061258,290.089641
2022-11-28,1242.150108,3072.669094,773.453093,1516.470136,2406.445577,920.998335,836.951697,577.77004,2013.928411,289.962352
2022-11-29,1246.988868,3083.459564,775.810856,1502.9426,2498.680586,926.950997,829.343575,578.621233,2013.928366,292.719882
2022-11-30,1253.288584,3070.780934,776.075375,1509.362418,2553.624301,935.050483,836.41179,578.242961,2027.536014,291.99872
2022-12-01,1257.648038,3129.320674,787.671595,1533.987203,2539.426862,933.879462,837.58991,576.729705,2050.863259,289.919977
2022-12-02,1254.452698,3119.339008,778.818158,1524.082207,2517.65786,911.922989,836.362719,576.540499,2040.074394,289.156377
2022-12-05,1240.187277,3092.586917,776.893426,1508.536946,2484.531059,914.362621,836.019091,584.484987,2038.033391,287.501838
2022-12-06,1231.1713,3064.530963,776.460341,1491.24921,2517.610454,907.28782,829.539903,586.187347,2041.143631,286.950309
2022-12-07,1230.258312,3051.717528,778.818197,1489.231597,2574.257849,910.654425,826.202076,579.661565,2083.910656,289.750263
2022-12-08,1216.563533,3039.937436,782.37875,1489.323139,2565.976451,910.995965,824.827747,580.512738,2114.041741,290.301794
2022-12-09,1214.281104,3034.092899,786.637118,1493.083506,2594.891539,912.215726,821.293605,584.484998,2132.849274,290.598713
2022-12-12,1197.390654,2963.862594,795.659047,1436.175755,2578.233032,911.337525,821.63721,585.147021,2108.20961,291.871479
2022-12-13,1201.955581,3000.235982,797.294962,1446.768425,2574.447244,913.289203,824.631376,583.917568,2114.721816,293.568386
2022-12-14,1204.67186,3036.700064,801.384901,1456.8567,2574.447211,913.435526,826.594791,592.760458,2148.060714,294.713739
2022-12-15,1193.738506,3025.684148,803.261451,1439.889974,2539.663891,897.6758,815.795965,595.408572,2147.088773,293.653199
2022-12-16,1195.473329,2960.265381,791.569057,1421.089016,2543.875581,891.625599,817.464927,582.215121,2149.615814,287.544242
2022-12-19,1188.717207,2918.451388,792.314926,1391.190373,2574.446916,888.600423,829.588935,576.445919,2126.142566,290.471464
2022-12-20,1198.760115,2921.598529,787.382956,1390.365194,2561.243567,890.405791,824.385899,573.608614,2118.804107,289.283592
2022-12-21,1201.955587,2952.217303,791.424712,1394.950525,2550.926903,893.723601,817.808567,576.114972,2113.993179,289.538142
2022-12-22,1189.01398,2962.06385,783.100461,1403.158913,2544.632855,882.013494,809.611323,566.515397,2088.138609,286.271569
2022-12-23,1182.55468,2937.649899,771.865261,1384.770647,2507.767135,868.156607,802.984816,558.665501,2045.177091,281.605014
2022-12-26,1160.414342,2942.281097,788.633933,1384.770667,2496.693258,875.329032,800.285156,569.069015,2048.919478,284.320091
2022-12-27,1163.518428,2943.899807,787.166354,1395.363443,2493.900865,880.940111,804.457343,570.392994,2068.35896,285.423078
2022-12-28,1163.975064,2936.974905,785.746928,1398.573295,2463.802705,882.111075,799.008874,574.081559,2076.134649,284.235287
2022-12-29,1163.564268,2941.831281,790.799146,1395.225971,2445.06285,901.04241,809.660398,584.484993,2061.11772,284.871609
2022-12-30,1176.391675,2966.559936,791.520934,1403.57172,2448.04363,886.551186,809.709502,586.896643,2073.218761,285.720065
2023-01-02,1177.304802,2937.649675,788.994845,1399.994845,2441.986231,885.087463,801.266885,585.619953,2038.810883,283.386755
2023-01-03,1174.565828,2985.443535,790.558642,1405.635278,2424.901918,884.062816,803.819231,583.160903,2038.033405,282.835287
2023-01-04,1169.110728,2992.05321,791.881828,1394.950689,2421.49468,885.965741,805.439091,581.600332,2042.553042,282.114046
2023-01-05,1157.858026,3001.000703,778.553536,1381.102167,2453.249444,881.184115,809.905839,578.432042,2040.366129,283.30192
2023-01-06,1163.130627,2968.852818,774.247032,1352.762859,2472.132057,857.715082,797.389092,574.507204,2062.235441,286.398838
2023-01-09,1187.804305,2991.738053,775.425897,1365.923512,2488.742779,857.519929,806.469819,575.973079,2067.678741,289.580575
2023-01-10,1189.630132,2965.660648,769.868412,1360.925373,2511.36395,857.178413,810.985652,575.973079,2072.1495,287.120032
2023-01-11,1167.718333,3011.971365,768.906025,1370.188256,2506.158068,849.810729,765.385519,566.98829,2080.022515,284.320121
2023-01-12,1156.077628,3012.420763,771.744967,1361.934309,2463.329397,848.347004,755.224913,565.475062,2103.981812,283.047399
2023-01-13,1128.870456,3038.498356,774.632015,1393.483453,2498.01866,853.762942,751.936242,570.203862,2104.176403,281.901938
2023-01-16,1131.951775,3083.653286,780.117265,1401.370699,2487.323286,856.251398,754.046823,573.230321,2100.434034,281.859539
2023-01-17,1133.481185,3110.139952,775.161197,1414.393802,2531.854999,846.980877,754.832261,573.135725,2155.641957,282.962526
2023-01-18,1137.178689,3135.108853,789.884965,1423.244162,2549.364974,850.93301,765.729176,564.765771,2211.044475,285.550365
2023-01-19,1132.636478,3114.922239,793.926792,1421.134738,2535.925062,849.518028,762.293156,559.658556,2219.7924,284.786765
2023-01-20,1129.82899,3121.957053,803.068981,1416.961863,2465.60078,855.32432,761.655013,564.245515,2233.254189,284.40493
2023-01-23,1125.811962,3144.351303,809.612903,1424.574199,2464.654338,861.959986,761.802294,569.116267,2209.58668,286.907921
2023-01-24,1115.517906,3174.654953,819.140016,1438.789391,2470.333432,860.398724,763.323942,571.811682,2189.175307,289.113933
2023-01-25,1102.302403,3159.06606,814.592918,1427.05022,2500.621346,855.616985,766.219968,563.536163,2143.200834,289.326048
2023-01-26,1102.302403,3159.06606,814.592918,1427.05022,2500.621346,855.616985,766.219968,563.536163,2143.200834,289.326048
2023-01-27,1089.817224,3169.182704,787.671619,1422.418611,2504.92798,822.633646,764.649233,537.716713,2133.481169,295.986494
2023-01-30,1082.764407,3180.632321,782.042035,1416.044775,2470.333761,806.288237,760.771554,524.286793,2112.340808,298.447022
2023-01-31,1089.954181,3171.941752,780.790888,1420.538668,2451.59301,818.047101,764.747503,526.7931,2072.97569,301.204515
2023-02-01,1086.439148,3144.351524,801.144343,1426.178872,2463.708357,854.055707,770.29411,534.359248,2153.843805,310.283065
2023-02-02,1071.854034,3190.335277,781.657057,1455.435373,2498.491213,839.808367,766.710863,503.76362,2106.217459,326.403926
2023-02-03,1072.310457,3222.523197,798.979033,1471.668434,2515.244164,851.567255,780.405609,516.342412,2120.699605,324.325119
2023-02-06,1059.528635,3194.151561,803.261483,1465.5696,2503.460461,846.834463,780.111101,528.495469,2120.456702,329.373573
2023-02-07,1062.450293,3212.406813,801.096162,1445.438734,2503.981227,835.319553,781.289148,521.496782,2111.125453,325.725121
2023-02-08,1077.286396,3255.539608,802.683999,1470.155255,2467.967317,839.905985,766.71084,524.42868,2114.284416,320.125242
2023-02-09,1082.285084,3262.621347,799.532356,1485.517218,2460.773868,844.004522,760.918764,522.064194,2091.637613,322.41612
2023-02-10,1075.003906,3257.792634,798.016725,1482.353099,2448.233026,841.077061,759.053607,527.029552,2109.132995,319.828249
2023-02-13,1072.767055,3263.908056,799.580501,1464.652553,2452.113511,838.539801,765.336464,526.698519,2148.449206,318.301
2023-02-14,1087.329377,3241.698844,807.158966,1463.735235,2462.761293,846.346518,763.373021,515.065584,2153.892495,328.906876
2023-02-15,1112.573585,3242.756262,807.399549,1466.486596,2434.177734,852.152784,772.748378,515.112885,2126.531391,330.157698
2023-02-16,1124.716394,3287.819805,809.276132,1480.656136,2424.806975,856.592886,776.037015,517.193508,2140.576378,332.227331
2023-02-17,1117.275487,3254.619637,802.660052,1462.818046,2409.994885,846.590543,773.042818,510.384077,2185.967735,331.62375
2023-02-20,1118.30263,3239.077541,803.285478,1470.155108,2406.919117,845.614641,779.276705,504.993193,2188.883509,334.167667
2023-02-21,1116.955869,3227.030055,799.869173,1468.917054,2407.81778,838.686212,773.582772,500.264288,2198.603351,332.78791
2023-02-22,1109.286693,3170.102175,790.053394,1444.475666,2388.509774,833.46539,767.349016,493.596626,2178.192044,331.925494
2023-02-23,1093.195204,3175.068215,778.938457,1439.752342,2381.268938,824.048621,763.27487,495.582728,2146.311073,339.773064
2023-02-24,1093.834438,3158.100939,778.481294,1438.972943,2376.867927,825.170754,761.605986,498.892913,2111.417229,335.461229
2023-02-27,1090.867248,3117.68111,769.38726,1412.376101,2353.915364,837.563961,740.597495,501.068214,2079.92512,333.564065
2023-02-28,1080.527485,3119.520798,772.418595,1397.702074,2341.942165,837.271187,743.24808,499.791461,2078.370517,331.364953
2023-03-01,1070.71282,3116.761274,776.12361,1376.470748,2337.825209,843.126289,739.664903,508.256044,2070.302851,328.04489
2023-03-02,1073.520355,3099.195659,772.731337,1365.235871,2337.82543,841.028184,738.045092,510.620516,2088.770151,327.48429
2023-03-03,1092.601814,3088.251418,779.491758,1366.336503,2356.660012,851.908909,751.887107,533.697241,2099.36471,332.3567
2023-03-06,1106.821693,3131.429952,788.850413,1394.400426,2365.131446,855.665831,761.704175,537.101997,2123.615552,338.47952
2023-03-07,1106.821693,3131.429952,788.850413,1394.400426,2365.131446,855.665831,761.704175,537.101997,2123.615552,338.47952
2023-03-08,1104.265304,3123.198825,788.874482,1372.022537,2367.544756,852.543118,755.813952,534.832155,2128.23237,339.040067
2023-03-09,1103.306782,3113.082552,791.978067,1374.177723,2358.600802,848.78612,780.45466,535.06858,2137.368937,339.428106
2023-03-10,1070.028075,3069.168592,776.484464,1352.1211,2338.298365,824.926836,764.698379,524.854319,2120.845124,336.496052
2023-03-13,1070.028115,3099.103887,771.696881,1355.789528,2355.335014,834.636428,763.569396,523.151921,2117.881016,337.099707
2023-03-14,1052.201831,3038.957053,761.9772,1328.321463,2339.718525,814.290167,762.538585,503.905483,2110.153911,333.262165
2023-03-15,1049.166086,2998.44553,761.640476,1323.277312,2327.88709,823.560688,751.543527,503.148912,2150.44195,331.408075
2023-03-16,1028.943333,2961.15324,750.188627,1300.303238,2337.162871,811.216241,745.113349,500.642557,2125.705253,329.726492
2023-03-17,1028.007513,2962.624461,759.86011,1323.323063,2350.318886,818.144773,745.555147,502.770548,2166.430775,332.011744
2023-03-20,1013.422547,2915.031999,754.519087,1302.045756,2381.978381,817.559304,745.898693,498.041713,2143.20088,327.139371
2023-03-21,1038.073212,2903.167859,761.447932,1288.564064,2388.22544,833.85576,751.985301,495.06255,2164.584104,326.665031
2023-03-22,1046.039228,2890.982253,763.156152,1290.627556,2348.615273,841.711292,749.236484,498.420045,2183.294682,326.708155
2023-03-23,1036.201685,2893.603747,765.22513,1269.258359,2366.267135,846.492986,751.788912,492.745431,2179.163541,330.071444
2023-03-24,1027.117362,2915.353989,757.309921,1283.015297,2364.232169,839.222883,752.966985,487.023537,2157.148612,330.287039
2023-03-27,1028.943393,2899.489255,759.980373,1280.080382,2370.952121,835.709907,755.617547,486.266929,2128.62116,331.494297
2023-03-28,1030.08467,2896.546639,761.640375,1282.144114,2378.997318,838.149494,751.592597,483.997094,2108.987134,329.72649
2023-03-29,1024.743657,2896.96038,770.830727,1274.715461,2403.889966,841.272114,741.088421,489.908124,2098.781649,331.149371
2023-03-30,1024.743657,2896.96038,770.830727,1274.715461,2403.889966,841.272114,741.088421,489.908124,2098.781649,331.149371
2023-03-31,1069.777071,2954.89962,776.099547,1311.446438,2431.006745,859.715555,739.223142,496.43397,2115.936847,331.580574
2023-04-03,1072.310631,2965.889322,777.422791,1316.077849,2432.474033,865.668138,747.960285,499.838689,2122.303574,331.149378
2023-04-04,1072.310631,2965.889322,777.422791,1316.077849,2432.474033,865.668138,747.960285,499.838689,2122.303574,331.149378
2023-04-05,1071.854023,3002.124818,796.813768,1309.199391,2450.031669,866.302498,753.948675,498.987506,2199.08904,333.779616
2023-04-06,1074.592971,2995.686748,803.165201,1310.024682,2446.671163,868.595704,754.635904,504.756709,2227.422248,336.582264
2023-04-07,1074.592971,2995.686748,803.165201,1310.024682,2446.671163,868.595704,754.635904,504.756709,2227.422248,336.582264
2023-04-10,1072.949682,3009.159494,804.031355,1315.160653,2431.480465,861.472038,762.096837,501.635681,2254.880387,336.323566
2023-04-11,1068.65862,3010.03364,803.261467,1314.564472,2418.276588,864.204435,761.802335,506.648271,2264.697574,343.30881
2023-04-12,1080.892719,2998.997722,812.307423,1312.867746,2419.22315,870.449874,760.378773,505.040408,2247.882546,343.05009
2023-04-13,1079.979595,2970.534027,816.565713,1294.112564,2425.233464,879.866702,757.041075,505.276851,2230.67861,342.015175
2023-04-14,1079.979595,2970.534027,816.565713,1294.112564,2425.233464,879.866702,757.041075,505.276851,2230.67861,342.015175
2023-04-17,1106.98148,2909.283486,827.60852,1156.635275,2440.992466,895.138597,774.564453,515.443876,2210.072526,346.671992
2023-04-18,1085.092512,2903.260313,807.038582,1164.70578,2423.009143,886.014422,751.003617,518.754113,2167.500176,346.67198
2023-04-19,1076.373436,2887.763877,803.694559,1150.398621,2411.651216,875.231437,752.819674,517.808325,2172.359892,346.111442
2023-04-20,1076.875393,2862.932606,807.134862,1135.266118,2396.885854,877.573453,759.593466,515.869533,2188.348947,347.232526
2023-04-21,1077.788472,2910.249642,806.894221,1131.047427,2375.211768,878.939624,761.066065,516.768023,2180.135893,352.708554
2023-04-24,1086.872732,2925.423702,813.871205,1128.066789,2370.857719,884.599506,753.359662,525.421746,2170.124454,353.570948
2023-04-25,1086.735902,2934.850765,812.066817,1133.110933,2365.983538,893.870035,762.783999,537.101987,2190.827507,356.632343
2023-04-26,1089.246745,2950.668559,805.955912,1130.818124,2383.256561,894.797079,765.631014,536.250759,2223.194088,356.158082
2023-04-27,1088.287982,2942.207858,810.887919,1144.391563,2387.042529,897.675747,774.760842,536.629174,2245.258032,359.952496
2023-04-28,1106.502275,2968.00482,813.65472,1154.663443,2335.7433,898.212505,787.375711,548.971414,2302.604228,369.309121
2023-05-01,1106.502275,2968.00482,813.65472,1154.663443,2335.7433,898.212505,787.375711,548.971414,2302.604228,369.309121
2023-05-02,1116.499428,2975.132096,817.504002,1173.693788,2345.39732,903.433254,792.038817,549.349651,2348.627424,368.231217
2023-05-03,1116.134209,2957.658672,816.060525,1167.044645,2356.754701,901.530284,779.963844,543.816933,2323.015947,369.524782
2023-05-04,1119.717678,2965.429475,834.561352,1170.071105,2375.069359,901.579173,778.196829,549.302441,2314.899842,368.231254
2023-05-05,1123.597982,2983.4089,799.195575,1173.005861,2385.14958,919.680949,776.478874,556.348439,2339.490526,372.456807
2023-05-08,1133.77776,2993.387845,794.095127,1165.027119,2391.632954,918.949027,780.749229,555.733636,2318.155994,373.793472
2023-05-09,1135.215801,3033.071725,796.813763,1166.586109,2389.881959,922.169387,783.743355,554.645968,2334.582113,373.534768
2023-05-10,1141.173193,3040.888448,796.164196,1170.621528,2399.346926,918.266031,782.95803,543.816964,2321.995227,367.670662
2023-05-11,1145.578273,3043.831827,812.211153,1170.162953,2459.921961,924.121005,780.012904,548.545786,2249.194584,368.576168
2023-05-12,1135.489623,3025.713673,804.897477,1151.911855,2498.728395,925.09687,779.178492,549.255118,2172.360187,364.522947
2023-05-15,1143.31847,3027.553785,808.72276,1163.742754,2527.8325,926.072727,787.817462,552.328803,2196.659281,369.697229
2023-05-16,1141.05894,3021.11559,813.641207,1168.374359,2535.073007,929.195397,786.590351,558.381775,2191.799466,370.818293
2023-05-17,1125.264118,3016.517085,803.031461,1156.451611,2530.908686,925.487289,783.056231,558.476329,2181.10765,369.912785
2023-05-18,1121.61235,2969.567922,804.953836,1155.25941,2526.365465,929.244262,788.308341,561.691954,2170.950908,372.931068
2023-05-19,1116.567877,2974.672562,803.031541,1167.778303,2507.246616,932.903631,793.560402,554.456809,2137.417681,364.867953
2023-05-22,1125.720721,3042.68187,804.442935,1188.230243,2513.351359,931.195939,789.29007,548.829539,2159.72439,367.15324
2023-05-23,1126.633512,3060.615465,802.836795,1205.242874,2508.003788,935.684739,794.149484,552.04517,2166.139399,371.853144
2023-05-24,1124.807686,3050.729483,795.609512,1196.851202,2496.835148,930.805486,788.210166,553.511064,2146.60265,374.914569
2023-05-25,1117.960336,3040.428735,788.455225,1198.685537,2485.619032,918.85152,810.396647,551.288507,2145.43616,381.554807
2023-05-26,1145.350042,3070.45604,787.944211,1213.772051,2514.534565,929.439411,814.176192,555.875493,2158.509512,383.53824
2023-05-29,1154.93649,3101.126836,798.651259,1222.255654,2536.161823,934.464994,814.225338,564.05646,2178.969417,389.617926
2023-05-30,1158.451475,3059.696023,799.454343,1216.477758,2522.390355,929.293019,811.231073,563.205198,2174.303782,398.06079
2023-05-31,1145.738109,3060.38599,795.706837,1220.788236,2536.587438,929.000238,872.489458,563.83327,2161.668322,398.545743
2023-06-01,1134.348466,3071.697629,788.382236,1219.320933,2585.095004,931.195844,822.618859,565.375973,2159.724335,394.137052
2023-06-02,1133.412564,3067.926608,785.900172,1220.280644,2591.673221,921.827827,823.944194,567.78634,2174.595778,392.285398
2023-06-05,1133.823436,3059.741907,786.727509,1217.074143,2576.340174,928.805058,825.956643,568.654037,2209.100686,394.004789
2023-06-06,1135.62668,3024.65655,783.490993,1197.694957,2562.994542,924.90172,822.913336,567.786356,2216.779127,391.13913
2023-06-07,1141.241599,3015.459536,784.805114,1202.713931,2581.072457,922.998815,831.994188,569.425332,2253.033937,392.946688
2023-06-08,1148.933598,3007.320546,791.350961,1200.855135,2575.914281,927.536411,833.859386,572.655249,2279.325857,393.03488
2023-06-09,1145.144625,2988.927348,787.700847,1192.025215,2545.058833,921.193532,824.435029,567.979122,2302.458599,392.109008
2023-06-12,1136.311404,2992.973941,786.386834,1204.294048,2514.818366,920.705597,827.674659,560.651666,2303.576495,388.802459
2023-06-13,1151.946464,3002.722315,783.077345,1214.332084,2552.677774,923.389176,828.558184,560.555233,2291.815236,393.60797
2023-06-14,1166.348864,2994.307527,784.537418,1214.518093,2557.505055,924.072255,818.692043,557.807384,2293.85663,394.79831
2023-06-15,1169.795304,3008.794038,781.592923,1202.667481,2572.081212,920.168897,818.544799,556.023767,2303.090249,395.680085
2023-06-16,1178.856942,2964.274926,783.174622,1209.684888,2578.233101,915.094594,824.631318,554.095424,2313.296062,401.71997
2023-06-19,1179.587309,2978.635602,785.632494,1207.825988,2587.267402,911.386357,824.631337,552.215337,2352.077532,401.984495
2023-06-20,1170.457299,2994.942164,784.050751,1212.938032,2557.686693,906.116792,818.446692,549.03368,2322.675735,401.014559
2023-06-21,1173.127872,3021.718203,796.826176,1211.822663,2582.925648,905.970424,825.36764,549.081826,2344.399487,400.485532
2023-06-22,1174.702724,3027.509623,806.705989,1198.438406,2555.396268,912.947687,828.067332,548.599803,2356.063066,396.473662
2023-06-23,1156.488477,3010.600209,807.8497,1189.097536,2538.745476,909.385866,846.965142,541.947169,2358.978714,394.710113
2023-06-26,1148.271658,2977.709068,803.396501,1184.124831,2551.770457,909.288279,841.663898,538.476211,2336.477736,398.016661
2023-06-27,1145.578264,2973.77162,814.17661,1191.560543,2539.747044,917.241336,855.407748,547.58748,2329.771072,394.313384
2023-06-28,1158.519991,2993.505917,817.583433,1205.223268,2564.556828,921.193502,857.616598,553.420524,2364.713518,397.311279
2023-06-29,1158.519991,2993.505917,817.583433,1205.223268,2564.556828,921.193502,857.616598,553.420524,2364.713518,397.311279
2023-06-30,1167.102135,3066.746611,831.648544,1244.446422,2562.934742,919.436993,866.844666,553.420499,2413.895352,398.501619
2023-07-03,1196.934178,3074.900574,855.350164,1251.045616,2581.971652,922.901205,867.973583,565.327719,2422.54578,410.845979
2023-07-04,1198.303742,3071.37934,850.239925,1251.045629,2582.782376,928.317111,857.812993,574.583578,2414.770101,412.653531
2023-07-05,1190.999736,3084.350289,837.099477,1262.152627,2633.069906,941.44221,855.064212,572.414246,2415.304594,423.807553
2023-07-06,1207.18242,3083.84066,821.452508,1252.393123,2638.41323,940.612779,861.837949,572.22141,2429.884047,420.941894
2023-07-07,1216.540658,3110.200177,815.198618,1250.859809,2642.850296,931.976508,867.433602,574.149713,2433.820877,419.266569
2023-07-10,1258.104655,3080.41267,816.050276,1247.23482,2587.219672,929.878526,873.323853,578.29551,2394.310294,415.2106
2023-07-11,1264.495578,3052.849119,815.68526,1255.599949,2592.372415,929.68337,876.808978,574.583566,2409.521522,418.428896
2023-07-12,1279.103542,3047.42902,810.964477,1256.52953,2581.112437,928.170848,879.31234,573.185552,2416.276676,421.250459
2023-07-13,1277.733979,3119.974776,806.657189,1279.672903,2564.413486,936.075062,876.956236,576.560026,2415.256296,420.368773
2023-07-14,1260.34144,3265.807513,804.783504,1329.119804,2563.507268,941.686197,873.961969,570.100274,2407.626212,418.825683
2023-07-17,1285.060902,3289.016319,818.605394,1356.027498,2579.442448,950.273577,880.24496,581.236147,2424.101098,419.531067
2023-07-18,1295.286161,3265.01988,829.312517,1373.687103,2577.439047,964.081736,864.095894,582.393145,2420.164387,418.120299
2023-07-19,1303.754522,3258.395362,821.890551,1393.066383,2573.431086,956.323812,860.954375,580.802365,2432.800238,423.631166
2023-07-20,1301.213513,3231.616245,823.472293,1367.22741,2591.943319,974.035377,870.476955,588.90115,2425.75347,435.314239
2023-07-21,1293.275701,3190.74355,822.401557,1254.763483,2553.821959,977.255589,875.581811,597.289207,2522.270145,438.841185
2023-07-24,1243.842361,3170.818003,819.89518,1254.670381,2486.644944,984.330362,876.269048,599.60318,2564.065276,440.604637
2023-07-25,1239.020329,3164.641034,826.879056,1248.117951,2468.180952,974.864743,878.330606,599.506749,2544.382746,413.094391
2023-07-26,1259.693647,3177.692165,827.171053,1254.763353,2479.822365,973.644985,880.097638,594.252144,2598.910785,417.062224
2023-07-27,1255.069339,3169.146134,828.825775,1267.589997,2464.745876,982.183582,884.907989,598.97645,2601.340576,418.957946
2023-07-28,1257.641225,3152.471925,812.229872,1267.636331,2475.003464,974.572048,883.435494,597.674893,2593.370062,413.932037
2023-07-31,1263.106264,3183.079845,806.340905,1261.734343,2464.649848,975.255101,881.373834,598.735478,2614.607668,414.152435
2023-08-01,1265.628689,3214.059421,811.524089,1272.423085,2455.966859,979.451243,880.981163,598.590777,2613.635804,413.403017
2023-08-02,1242.383423,3201.426245,803.761564,1275.164989,2455.632605,970.083121,874.354736,588.611858,2600.071389,409.831967
2023-08-03,1236.893661,3189.210877,803.68849,1270.145838,2443.800698,959.251288,865.912016,579.30788,2597.908654,408.906128
2023-08-04,1244.361766,3224.277588,806.194945,1288.131075,2441.796286,952.420407,876.612658,577.234969,2590.290295,406.834074
2023-08-07,1250.494502,3240.068842,809.407046,1296.588889,2456.157442,957.787562,884.073498,556.313024,2608.967786,402.557617
2023-08-08,1253.486612,3241.88045,805.756934,1295.241204,2466.844596,962.76428,877.937874,553.661527,2604.544105,402.954435
2023-08-09,1250.791413,3220.561482,805.221523,1297.518477,2451.338868,959.571352,881.030229,554.384688,2609.950857,405.511413
2023-08-10,1261.177405,3218.611055,805.099866,1297.332515,2434.592392,957.948038,867.72822,556.891465,2616.438977,404.982389
2023-08-11,1265.554498,3220.236584,797.385891,1298.308382,2420.517549,947.96167,861.654692,558.241276,2611.818657,400.221038
2023-08-14,1277.152313,3209.414945,785.997536,1296.588997,2423.714384,947.371328,858.59742,552.456395,2618.35579,397.8844
2023-08-15,1277.152313,3209.414945,785.997536,1296.588997,2423.714384,947.371328,858.59742,552.456395,2618.35579,397.8844
2023-08-16,1277.399694,3219.633117,783.393701,1319.778816,2438.075337,944.321354,861.950547,546.093029,2649.27209,403.307096
2023-08-17,1275.075237,3214.802668,783.515346,1319.82528,2443.418733,942.353579,847.995635,552.600988,2645.389355,396.782225
2023-08-18,1274.827925,3167.61347,776.896442,1309.322345,2450.193654,939.598732,850.115979,554.62573,2629.316377,390.91867
2023-08-21,1268.337425,3167.381268,778.940518,1307.742353,2457.016265,943.829388,861.950497,554.914946,2621.354168,395.459656
2023-08-22,1259.651704,3168.542321,777.723781,1306.859348,2457.112013,941.517339,867.818511,553.854363,2640.080796,401.32321
2023-08-23,1262.083809,3160.181932,774.098043,1316.664924,2465.222882,952.438289,864.90924,557.228957,2679.746145,401.764069
2023-08-24,1260.619553,3170.446762,776.847682,1324.519042,2473.09522,966.556896,862.640877,561.133702,2719.853969,399.868348
2023-08-25,1243.297861,3145.133504,767.74675,1322.148926,2462.551029,956.9149,863.873694,554.673911,2637.180951,397.664
2023-08-28,1232.874968,3152.751059,770.25318,1324.286635,2450.432488,959.276196,863.676407,554.191805,2654.187215,394.004759
2023-08-29,1217.712147,3148.617083,775.120079,1323.914931,2441.748691,961.489921,858.005738,555.638077,2675.91237,391.49179
2023-08-30,1212.525533,3165.848821,780.619564,1335.300798,2419.897345,960.161755,850.707672,556.987895,2691.198449,391.491822
2023-08-31,1203.591591,3174.487667,770.496505,1342.968592,2423.523587,950.618135,847.650499,549.85319,2678.370106,392.285399
2023-09-01,1203.914158,3148.106136,768.476745,1343.991148,2399.381602,957.357705,855.589453,550.720932,2669.866808,392.373564
2023-09-04,1202.921544,3188.839354,774.536002,1366.298124,2398.904836,953.422169,857.463293,555.686223,2695.474725,390.918669
2023-09-05,1208.033757,3201.983463,773.051703,1375.638964,2407.92179,954.356827,855.835989,557.518133,2692.525519,391.932678
2023-09-06,1209.125709,3199.103497,778.697166,1378.288007,2410.450543,953.864949,870.234719,553.661573,2696.261151,395.459654
2023-09-07,1210.167958,3214.059337,785.510794,1369.458131,2406.395178,953.864914,871.516822,560.169589,2807.491034,395.900514
2023-09-08,1218.977816,3218.703721,794.709147,1370.71286,2405.631705,959.276196,878.371019,567.40067,2879.006731,394.930572
2023-09-11,1229.326207,3237.932296,796.461227,1373.780187,2422.664571,966.163279,879.998241,571.064366,2876.352516,395.106932
2023-09-12,1232.378709,3334.725731,799.576059,1397.89942,2432.302192,979.101279,884.140328,572.944535,2957.944458,400.5737
2023-09-13,1222.27831,3333.75046,803.810139,1398.828966,2394.133687,978.80601,905.343887,576.56009,2893.752195,402.954406
2023-09-14,1223.841776,3341.971509,803.031446,1405.846271,2398.904962,976.887575,907.908068,582.055698,2881.90675,401.984494
2023-09-15,1224.933784,3350.935814,812.765219,1411.283715,2376.00349,981.413371,935.62068,579.163263,2885.150688,398.633911
2023-09-18,1216.496233,3362.03622,805.464921,1398.735888,2378.818273,980.183499,922.898516,586.58722,2880.284811,400.309173
2023-09-19,1216.496233,3362.03622,805.464921,1398.735888,2378.818273,980.183499,922.898516,586.58722,2880.284811,400.309173
2023-09-20,1204.882108,3367.33124,778.210487,1389.627216,2366.460961,979.937538,906.626004,585.04454,2894.980956,401.279084
2023-09-21,1186.269975,3348.752537,763.585572,1398.410868,2369.323835,966.655274,907.464298,584.851702,2855.807221,399.912384
2023-09-22,1182.473076,3375.459331,761.371192,1400.641188,2376.003222,945.403639,909.63395,580.416655,2886.625364,395.371459
2023-09-25,1171.677931,3362.686592,749.836672,1384.747663,2385.259431,945.698761,900.758036,579.934557,2874.190102,392.197174
2023-09-26,1166.466343,3339.416963,749.496056,1375.499541,2375.048923,943.48509,908.253265,573.667637,2894.047178,391.932676
2023-09-27,1177.1871,3357.112707,745.845917,1365.92608,2390.125744,931.235817,908.351886,572.992693,2944.083607,396.605897
2023-09-28,1182.7459,3346.709393,748.327993,1368.714637,2386.499319,931.973777,919.15092,573.860479,2998.740302,396.73816
2023-09-29,1175.847137,3314.800731,747.281557,1344.734578,2359.590783,940.582623,923.490247,578.488357,3006.457133,392.902555
2023-10-02,1175.847137,3314.800731,747.281557,1344.734578,2359.590783,940.582623,923.490247,578.488357,3006.457133,392.902555
2023-10-03,1159.220075,3282.985642,743.169143,1335.625887,2384.591201,936.253557,915.452616,583.212679,3025.232936,390.521912
2023-10-04,1150.981084,3295.804133,747.062631,1347.662319,2396.089584,920.413206,913.184326,578.922226,3012.109543,389.463835
2023-10-05,1156.14277,3366.402037,755.117271,1371.549495,2409.20984,928.726922,916.784033,573.040938,3062.04735,388.4057
2023-10-06,1153.859785,3376.573468,751.929466,1379.775159,2404.630135,931.285053,916.389555,577.476023,3062.096714,391.139098
2023-10-09,1147.481899,3417.49264,744.629185,1385.816464,2401.290258,926.857631,915.255397,567.882757,3032.654822,390.786407
2023-10-10,1150.435072,3388.6963,744.142438,1391.393296,2405.440916,942.058435,940.896941,573.667614,3046.417362,392.241241
2023-10-11,1166.21827,3390.553937,750.542464,1411.144149,2446.567675,946.535046,943.609005,575.59594,3057.230629,396.297272
2023-10-12,1171.007881,3333.564724,755.336242,1398.271154,2450.002839,944.616473,943.609014,571.739349,3052.364663,398.986572
2023-10-13,1170.089751,3322.743034,753.778885,1336.555461,2458.734,941.960035,942.770734,560.458792,3046.417411,398.369385
2023-10-16,1168.62549,3320.560048,746.794923,1341.760349,2463.791439,939.451138,945.532121,558.000185,3060.425335,397.663971
2023-10-17,1171.181529,3282.938457,757.161318,1350.822605,2452.340771,945.452772,947.011487,559.15723,3061.359372,400.750059
2023-10-18,1174.804808,3272.302443,750.080072,1351.426653,2453.533443,935.318961,945.680141,558.482306,3026.903882,404.01248
2023-10-19,1152.370854,3238.068436,742.804077,1338.089056,2437.454747,929.760005,938.184809,553.420548,3017.810976,401.102751
2023-10-20,1148.846868,3259.162979,743.169117,1337.020082,2427.101782,924.84066,934.437224,549.563956,3004.39282,395.900511
2023-10-23,1144.653013,3240.024499,744.020826,1331.304026,2395.040052,929.56325,936.015161,545.707354,2955.879718,387.920775
2023-10-24,1144.653013,3240.024499,744.020826,1331.304026,2395.040052,929.56325,936.015161,545.707354,2955.879718,387.920775
2023-10-25,1132.219888,3189.77943,741.125054,1320.47948,2376.003535,918.740614,926.69548,540.693782,2915.182305,386.201384
2023-10-26,1120.705207,3142.0029,726.135081,1293.600263,2376.00334,901.81802,911.852887,533.077042,2866.669756,384.966921
2023-10-27,1128.398228,3131.105855,719.3215,1303.956541,2380.77456,903.34309,905.738443,542.332886,2861.164995,385.14328
2023-10-30,1153.958963,3150.524263,725.137453,1299.578633,2377.911728,911.361578,919.101653,546.382256,2882.251059,385.451874
2023-10-31,1155.448028,3165.565083,731.975349,1300.331813,2377.911822,915.985771,910.817396,549.081892,2901.469057,382.101316
2023-11-01,1150.236586,3140.047018,719.053802,1296.848147,2379.772406,902.801819,901.941439,549.226496,2932.532831,380.117402
2023-11-02,1153.611647,3144.097994,725.405125,1295.765496,2399.196662,909.885774,913.184366,554.818552,2888.001804,381.528139
2023-11-03,1158.89747,3155.227488,725.843153,1310.546865,2415.05706,919.429385,920.827494,558.723328,2898.028667,383.027129
2023-11-06,1161.403919,3159.325264,729.055268,1324.904488,2420.103088,932.465655,927.731029,561.61582,2928.453436,385.143279
2023-11-07,1160.957222,3170.361599,727.108432,1323.63355,2408.039796,935.122135,926.005092,560.362381,2932.97538,383.468015
2023-11-08,1161.90021,3168.312364,726.840793,1322.786134,2427.072138,933.154379,928.815754,561.712156,2951.800329,385.760467
2023-11-09,1159.368912,3158.579974,726.427181,1315.725053,2424.188425,927.152702,924.377862,560.989079,2977.310165,386.201354
2023-11-10,1149.665815,3117.55536,728.081932,1292.799896,2392.083822,926.267331,924.081981,560.169549,2992.350557,386.201387
2023-11-13,1153.760506,3125.518349,728.057576,1301.555637,2390.737876,925.726181,927.336477,561.615751,3002.524761,386.554079
2023-11-14,1153.760506,3125.518349,728.057576,1301.555637,2390.737876,925.726181,927.336477,561.615751,3002.524761,386.554079
2023-11-15,1172.298277,3178.603681,735.357739,1331.259675,2405.973392,929.169742,939.565559,566.918613,3018.941662,390.16922
2023-11-16,1178.353423,3286.963123,739.275622,1368.354061,2408.61662,930.940668,940.749049,566.91859,3029.804195,391.932708
2023-11-17,1177.90678,3282.446107,733.678739,1366.094566,2435.242525,923.266484,940.847571,553.902596,3062.588069,389.287444
2023-11-20,1170.536335,3291.200297,736.355499,1367.036122,2436.203629,911.804359,951.005613,546.478662,3059.147484,388.229369
2023-11-21,1185.227557,3295.996919,740.73575,1365.153087,2419.382431,913.083359,962.889506,546.334096,3046.417136,387.347656
2023-11-22,1188.428945,3290.035825,739.762382,1373.579198,2426.351238,910.279336,962.840179,544.2611,3036.242844,388.317566
2023-11-23,1191.183542,3300.607036,741.636094,1382.005738,2429.715567,910.426885,967.475429,543.296979,3035.603929,389.948728
2023-11-24,1192.474021,3263.866503,746.162228,1367.647926,2422.073546,915.395494,963.678496,542.284632,3014.960176,389.94876
2023-11-27,1192.474021,3263.866503,746.162228,1367.647926,2422.073546,915.395494,963.678496,542.284632,3014.960176,389.94876
2023-11-28,1191.034607,3242.166384,748.157653,1360.445612,2433.560118,916.035007,974.378893,544.936062,3007.24343,387.083099
2023-11-29,1197.114556,3276.392447,760.689768,1375.227017,2430.580356,925.922892,993.215529,548.599794,3037.471578,386.642302
2023-11-30,1191.530923,3275.13555,765.288965,1375.179876,2455.428038,925.676946,1004.162501,549.756812,3071.533734,386.598144
2023-12-01,1189.396705,3275.41457,762.028213,1374.473866,2481.813212,936.647132,1008.452506,553.613332,3143.688147,397.619903
2023-12-04,1215.999781,3304.145974,784.537405,1385.771464,2507.237304,978.806066,1029.606796,574.631798,3290.750004,402.425354
2023-12-05,1211.45846,3295.018722,797.677883,1381.064247,2534.728352,999.369097,1031.529951,589.383203,3268.582587,403.659787
2023-12-06,1227.390551,3364.728417,797.410206,1390.573213,2483.495445,999.860967,1020.730894,591.986443,3343.293056,409.567474
2023-12-07,1221.434648,3381.212784,795.244482,1386.665954,2460.522338,986.037566,1005.641857,590.588423,3352.041793,409.831968
2023-12-08,1229.251775,3394.670444,805.464864,1407.237466,2435.675132,996.515781,990.158261,594.686059,3371.8011,407.010434
2023-12-11,1224.735196,3402.121048,809.699012,1410.344252,2431.830094,1003.550522,990.749997,597.674934,3347.225002,399.95645
2023-12-12,1223.419944,3444.402532,806.073257,1402.812378,2420.343613,1004.534339,987.051702,595.794854,3317.734207,405.599609
2023-12-13,1210.2176,3399.326766,796.217864,1389.678759,2419.093867,1004.239214,988.185892,598.253367,3352.140408,404.585601
2023-12-14,1228.383177,3425.404051,807.387291,1422.583511,2426.880047,1023.227916,997.259078,605.243447,3381.631216,406.481352
2023-12-15,1240.816234,3628.385611,811.791766,1495.595767,2433.800632,1026.86825,996.913844,626.69568,3439.531606,408.200743
2023-12-18,1258.137903,3659.166271,810.185714,1499.785331,2445.815745,1013.339972,985.029952,632.143188,3446.511282,402.072661
2023-12-19,1277.494571,3590.341374,807.241314,1481.850114,2467.395055,1008.961826,984.191721,635.951532,3465.189096,403.83609
2023-12-20,1289.878086,3631.0401,812.254103,1490.841353,2473.162519,1005.51826,979.950992,636.722869,3454.965599,404.938293
2023-12-21,1277.296201,3545.264889,822.377238,1456.147564,2479.939122,994.597262,968.017795,625.683377,3381.582008,400.088777
2023-12-22,1280.968874,3581.819435,820.503539,1474.365235,2479.698672,993.269018,985.177901,626.117263,3436.681283,401.984527
2023-12-25,1280.968874,3581.819435,820.503539,1474.365235,2479.698672,993.269018,985.177901,626.117263,3436.681283,401.984527
2023-12-26,1286.453333,3570.690161,820.527802,1457.418528,2491.137184,981.413382,988.678919,618.307612,3448.821816,404.62967
2023-12-27,1290.399082,3555.975556,830.529172,1478.131208,2510.697812,988.69408,1009.931899,626.165424,3488.781861,404.277008
2023-12-28,1296.40465,3574.415606,837.780824,1477.142589,2537.612084,995.384369,1027.58503,629.877377,3499.545892,409.743776
2023-12-29,1297.397435,3560.073707,834.617401,1468.198448,2563.661274,992.285127,1028.867128,626.310062,3479.934572,412.565338
2024-01-01,1293.84881,3568.827585,831.818941,1465.891922,2565.87177,988.644775,1017.722894,623.706899,3477.968452,414.372923
2024-01-02,1297.893761,3549.362938,828.728507,1458.501281,2551.020979,981.560971,1011.312498,624.767434,3465.631405,415.607332
2024-01-03,1307.323883,3512.808987,829.653208,1431.009802,2526.654102,972.066547,1022.703333,624.767412,3407.042912,423.851624
2024-01-04,1295.337617,3463.588378,824.907997,1430.821474,2521.271196,973.198032,1044.202753,623.224788,3421.050952,424.512907
2024-01-05,1300.300947,3490.363803,829.750561,1449.604083,2527.903634,982.200413,1048.986009,628.383019,3494.679823,422.705382
2024-01-08,1306.306499,3482.913068,818.775765,1446.120792,2524.154931,982.102085,1044.400056,621.874975,3499.546137,419.266569
2024-01-09,1293.823795,3494.648089,816.561324,1462.126012,2488.589985,978.953648,1053.177369,611.606793,3532.772686,414.372922
2024-01-10,1319.732076,3473.134253,807.873989,1445.602788,2493.684399,978.904478,1058.502909,602.881268,3498.562801,411.551358
2024-01-11,1352.489687,3513.87969,809.309744,1435.764381,2488.589933,982.397214,1059.094606,604.665008,3499.152926,411.37503
2024-01-12,1363.235048,3637.046814,805.951507,1523.322556,2455.908588,992.432741,1063.680484,613.679718,3517.928574,412.388976
2024-01-15,1386.190072,3692.693668,818.070134,1567.525182,2478.737387,995.335167,1089.470001,622.357053,3544.519743,414.857877
2024-01-16,1386.041313,3631.226043,819.40847,1552.037711,2484.360773,999.418243,1101.600338,621.778608,3528.102968,418.825685
2024-01-17,1376.090012,3641.424564,777.139784,1551.096274,2471.624666,991.547239,1093.66142,613.968993,3553.121283,420.58914
2024-01-18,1360.927176,3640.353255,737.328834,1552.508558,2470.326697,978.264918,1080.889917,610.739063,3555.578855,412.521271
2024-01-19,1365.890429,3717.059346,735.017128,1568.042973,2474.123478,994.597264,1120.683611,612.715611,3593.818706,417.062223
2024-01-22,1365.890429,3717.059346,735.017128,1568.042973,2474.123478,994.597264,1120.683611,612.715611,3593.818706,417.062223
2024-01-23,1361.671682,3689.253144,717.715457,1576.704588,2384.297851,1042.315112,1156.38461,612.137091,3599.225516,417.723477
2024-01-24,1339.585138,3642.128343,709.806809,1581.694577,2351.039761,1019.243211,1177.53889,600.036987,3556.56174,412.12448
2024-01-25,1354.127493,3620.887291,709.271469,1582.212321,2372.282567,998.729508,1184.097183,601.435066,3556.856789,409.964201
2024-01-26,1354.127493,3620.887291,709.271469,1582.212321,2372.282567,998.729508,1184.097183,601.435066,3556.856789,409.964201
2024-01-29,1441.82839,3582.436811,711.923898,1581.082599,2354.019591,1015.35694,1153.623127,606.930692,3670.495467,403.174863
2024-01-30,1449.248438,3608.507595,712.11854,1591.109349,2397.802984,1007.338419,1164.570161,610.787291,3674.476404,400.044645
2024-01-31,1423.712411,3595.566201,717.837102,1569.690686,2389.488525,1022.24409,1158.850183,620.139525,3477.968669,390.169159
2024-02-01,1432.745591,3662.056782,717.180083,1578.870101,2414.143651,1017.275504,1154.066913,629.539961,3434.469344,394.798339
2024-02-02,1464.063939,3736.613154,720.70859,1617.941672,2390.449523,1033.06666,1158.997959,636.867446,3378.043255,394.313353
2024-02-05,1459.696119,3771.874705,706.619024,1601.230433,2369.158874,1009.896457,1143.66254,631.32362,3350.125282,391.183195
2024-02-06,1431.256638,3891.820144,705.548304,1631.593294,2346.666296,1018.210211,1140.161339,631.516467,3369.589051,388.758423
2024-02-07,1438.850418,3896.603143,707.54372,1627.827232,2345.272346,1014.914263,1132.419493,653.643615,3388.512741,383.556182
2024-02-08,1448.752106,3899.416757,700.316391,1606.502584,2347.098704,1011.667448,1130.693691,693.125524,3359.807905,384.128008
2024-02-09,1461.160205,3924.503226,688.270917,1593.839615,2334.266579,997.401314,1130.151303,702.236636,3332.479803,379.74161
2024-02-12,1450.265915,3900.917513,688.003356,1593.886877,2335.612181,995.87628,1113.435025,699.970877,3282.49239,374.191357
2024-02-13,1468.133592,3910.670186,683.477075,1590.262081,2307.833241,1010.486838,1109.490171,692.257769,3281.902595,367.745964
2024-02-14,1472.749521,3858.997336,677.223258,1571.76173,2301.152566,1018.99726,1105.693166,721.664198,3260.669063,369.043996
2024-02-15,1473.816633,3888.443929,688.903669,1588.991007,2292.213313,1010.093247,1115.851184,736.608457,3265.584067,371.102965
2024-02-16,1466.148367,3889.992313,694.841218,1608.997527,2289.618095,1009.650485,1111.511935,746.828463,3340.343781,366.626942
2024-02-19,1468.630001,3871.563765,695.473945,1611.351388,2302.065652,1029.131195,1129.214449,737.572655,3350.174471,369.491585
2024-02-20,1464.659383,3843.148214,709.222747,1595.110693,2315.041991,1035.673921,1135.72339,736.126452,3310.607302,367.432649
2024-02-21,1477.588819,3810.653525,712.507885,1576.045766,2328.835683,1046.840825,1143.169301,749.624483,3299.941231,367.119303
2024-02-22,1474.039966,3840.287946,695.376599,1586.02528,2326.432573,1048.808719,1123.050488,745.28579,3311.835969,371.640065
2024-02-23,1486.547456,3873.158144,697.858686,1599.064932,2312.206309,1052.744218,1116.245614,742.875435,3342.211544,372.311439
2024-02-26,1483.544635,3798.133574,698.321067,1576.939887,2313.215728,1045.16832,1110.377674,738.874257,3432.404726,369.76015
2024-02-27,1488.929728,3867.531082,694.354565,1573.315287,2315.522996,1049.005411,1115.407436,735.017661,3452.409491,369.491591
2024-02-28,1480.318521,3896.509429,693.137789,1589.038286,2330.950672,1047.677136,1136.758878,729.618432,3453.392681,369.133507
2024-02-29,1468.1089,3880.754325,686.421571,1583.812791,2334.60324,1043.594122,1122.261484,726.870604,3436.681088,367.969739
2024-03-01,1488.979373,3882.536062,697.298994,1574.115491,2344.215397,1072.372323,1125.023081,744.321649,3596.276595,369.849651
2024-03-04,1501.337898,3861.810338,699.367369,1567.054388,2333.737979,1077.34093,1133.405786,749.142414,3617.362595,369.67064
2024-03-05,1496.325153,3811.262862,702.287536,1541.540145,2326.144301,1081.768473,1163.485304,758.735704,3582.612417,368.283107
2024-03-06,1497.913193,3818.765286,707.081363,1525.346764,2315.426806,1095.591888,1180.102963,761.965551,3590.476472,366.985045
2024-03-07,1492.056639,3867.531549,706.205334,1533.160978,2331.911715,1077.341016,1196.86867,764.954427,3642.282256,371.461038
2024-03-08,1492.056639,3867.531549,706.205334,1533.160978,2331.911715,1077.341016,1196.86867,764.954427,3642.282256,371.461038
2024-03-11,1478.06028,3894.727692,703.723253,1519.36822,2319.415645,1070.404536,1201.503808,764.375944,3637.219662,374.45994
2024-03-12,1477.067523,3966.892758,712.507891,1529.912809,2292.501909,1077.144235,1191.345884,749.865554,3609.694749,363.896635
2024-03-13,1472.203486,3977.255146,716.206716,1529.442071,2282.889492,1072.077265,1195.290694,736.31928,3575.091958,392.095261
2024-03-14,1437.882544,3962.250433,713.481299,1560.746446,2250.881139,1079.407041,1183.160157,723.881759,3574.305642,380.905318
2024-03-15,1422.69497,3975.379672,710.220542,1549.495798,2246.315327,1068.732121,1205.941866,719.784146,3541.865589,383.635676
2024-03-18,1431.132639,3990.15043,708.614472,1537.115273,2234.828769,1067.305589,1213.584969,711.444305,3511.588259,376.608398
2024-03-19,1427.037804,3805.635868,706.862345,1505.434222,2214.546689,1071.191755,1223.299204,708.021535,3489.273419,375.578897
2024-03-20,1434.383516,3768.123368,706.497394,1482.791489,2177.588102,1072.421678,1221.918438,712.456664,3465.139925,372.982846
2024-03-21,1447.188745,3759.120344,706.302687,1484.674478,2171.53253,1082.260323,1225.764777,723.688862,3534.98438,377.772148
2024-03-22,1449.273263,3693.0986,706.059307,1439.43639,2178.116898,1076.061869,1227.835673,721.953458,3585.414006,384.620392
2024-03-25,1449.273263,3693.0986,706.059307,1439.43639,2178.116898,1076.061869,1227.835673,721.953458,3585.414006,384.620392
2024-03-26,1441.729184,3701.257789,699.829733,1419.24128,2171.532695,1071.585325,1216.987373,721.037549,3614.511576,384.217542
2024-03-27,1488.979328,3652.772761,704.696624,1411.285735,2175.233309,1074.88135,1211.316695,719.109253,3663.958107,383.948999
2024-03-28,1494.88565,3671.52907,710.804469,1423.336897,2199.167717,1087.228965,1221.425403,732.318032,3748.646543,387.843098
2024-03-29,1494.88565,3671.52907,710.804469,1423.336897,2199.167717,1087.228965,1221.425403,732.318032,3748.646543,387.843098
2024-04-01,1482.998569,3688.690979,717.277473,1440.424709,2205.992283,1085.162725,1214.916348,734.198137,3786.493268,386.142193
2024-04-02,1483.023398,3666.699056,727.522177,1405.778274,2208.875956,1076.799868,1210.82357,741.188208,3794.504962,383.769949
2024-04-03,1473.543652,3733.424488,727.911549,1407.613931,2193.352298,1066.173933,1223.496362,744.900178,3735.22806,383.859475
2024-04-04,1468.878094,3778.110765,744.629239,1408.131925,2193.496457,1068.289406,1216.001176,747.503383,3754.937736,382.56144
2024-04-05,1459.993895,3753.118151,756.552992,1399.705433,2192.054316,1068.486147,1194.64962,740.17585,3725.692499,386.455532
2024-04-08,1480.020638,3781.862534,757.891345,1403.706809,2200.176725,1074.143345,1193.860754,742.393396,3754.987179,386.186984
2024-04-09,1478.854383,3766.107024,756.723372,1425.21987,2186.383525,1097.264366,1198.199968,744.755545,3762.998627,386.276483
2024-04-10,1476.074965,3742.052552,754.314281,1421.500854,2188.594066,1098.543505,1213.732811,752.709763,3735.522806,391.916192
2024-04-11,1476.074965,3742.052552,754.314281,1421.500854,2188.594066,1098.543505,1213.732811,752.709763,3735.522806,391.916192
2024-04-12,1475.55382,3763.762685,744.556168,1418.629292,2177.011772,1093.919161,1214.867003,751.552744,3737.587398,390.081061
2024-04-15,1471.235688,3811.449826,734.895473,1404.648237,2141.350227,1088.311191,1217.973607,735.933595,3617.411635,384.172791
2024-04-16,1460.366147,3684.376896,736.306871,1370.001731,2144.714834,1057.269966,1216.938057,727.834795,3537.097749,382.248109
2024-04-17,1460.366147,3684.376896,736.306871,1370.001731,2144.714834,1057.269966,1216.938057,727.834795,3537.097749,382.248109
2024-04-18,1475.08233,3691.222944,739.20263,1360.163012,2150.914354,1060.664462,1264.177695,732.703717,3556.266941,382.158585
2024-04-19,1463.170505,3612.962624,747.038257,1343.35755,2156.729959,1054.711971,1278.625727,725.038728,3482.785353,381.576703
2024-04-22,1471.930535,3636.830245,757.964419,1352.772541,2166.150092,1071.1426,1287.403006,741.429229,3558.577063,382.785223
2024-04-23,1482.527236,3652.772956,742.925789,1362.187364,2185.325999,1082.260365,1332.374276,749.817332,3571.110669,385.381294
2024-04-24,1457.760505,3655.58569,740.613994,1359.786584,2180.375792,1080.686159,1335.332917,750.588621,3592.933854,385.649804
2024-04-25,1457.189636,3632.750516,739.616312,1360.351455,2152.981518,1107.496687,1325.273681,785.201562,3603.796597,392.363792
2024-04-26,1454.236532,3635.704684,743.655813,1360.822234,2167.543449,1101.937799,1327.14735,787.611961,3598.783176,396.839786
2024-04-29,1457.11523,3636.642101,746.794935,1355.549955,2147.357922,1144.687017,1327.443319,801.447436,3587.969682,396.078857
2024-04-30,1472.178772,3640.346464,749.252689,1352.49015,2153.365526,1150.688726,1316.397736,804.918352,3587.035854,394.333207
2024-05-01,1472.178772,3640.346464,749.252689,1352.49015,2153.365526,1150.688726,1316.397736,804.918352,3587.035854,394.333207
2024-05-02,1466.470884,3630.358914,748.036,1340.674454,2156.201255,1136.865307,1301.703114,804.002469,3572.486778,396.213146
2024-05-03,1464.113446,3651.459625,749.788027,1341.42767,2148.943919,1138.734752,1292.432703,806.219897,3560.543256,393.930398
2024-05-06,1429.420248,3694.927412,746.819277,1361.104711,2173.791517,1139.767682,1280.548738,806.027099,3467.155,394.288461
2024-05-07,1410.311632,3739.989431,741.733415,1358.892277,2296.923494,1134.159602,1276.603956,785.442535,3436.681069,399.256781
2024-05-08,1422.421912,3736.51971,728.544165,1355.502812,2280.246261,1113.744385,1281.485748,792.52899,3438.057323,398.093063
2024-05-09,1413.289544,3724.046615,723.580015,1365.105803,2270.490151,1110.645108,1277.442277,809.546256,3319.700275,395.228433
2024-05-10,1399.640628,3726.484662,716.292907,1351.92519,2279.044842,1110.694272,1290.460192,802.218754,3250.052337,390.618159
2024-05-13,1396.637903,3709.041254,720.165582,1341.615964,2289.281497,1112.416126,1284.937582,790.456123,3258.75222,389.812511
2024-05-14,1416.590172,3700.413608,722.977532,1349.85398,2280.294179,1109.710447,1281.9789,792.914726,3327.466121,387.887828
2024-05-15,1419.468926,3682.735948,720.116138,1348.018015,2264.434367,1109.612085,1300.0758,795.71069,3359.414566,387.843052
2024-05-16,1417.012036,3693.0185,721.522199,1370.566593,2257.032868,1118.220994,1338.143795,796.53032,3409.647695,387.261232
2024-05-17,1426.640835,3702.937301,724.210871,1371.743433,2260.685328,1125.550718,1341.250341,792.962883,3416.971097,391.647648
2024-05-20,1426.640835,3702.937301,724.210871,1371.743433,2260.685328,1125.550718,1341.250341,792.962883,3416.971097,391.647648
2024-05-21,1431.231804,3631.854456,725.049508,1360.163188,2234.6365,1115.515301,1343.962436,806.316354,3411.417282,391.289584
2024-05-22,1457.983762,3628.548102,723.026903,1374.520674,2281.928247,1107.742643,1332.374254,810.378002,3413.776475,395.631284
2024-05-23,1481.261517,3688.767908,737.851487,1391.655847,2294.231911,1118.663662,1358.311761,819.053739,3540.538485,398.272134
2024-05-24,1477.563898,3668.741812,749.814759,1389.16085,2290.81964,1116.695929,1378.479897,824.690568,3596.91542,396.078852
2024-05-27,1473.990419,3691.932529,762.197443,1393.020912,2306.871991,1129.289549,1387.602284,822.876996,3632.304571,392.900936
2024-05-28,1467.637431,3655.706067,757.782143,1389.631688,2315.571024,1116.892587,1367.828646,824.151432,3622.719979,387.171669
2024-05-29,1447.287998,3635.774397,751.763434,1379.746137,2302.113937,1105.430663,1371.083233,818.024439,3599.717049,387.082194
2024-05-30,1429.817271,3584.292268,751.640077,1365.011769,2280.438246,1102.921701,1367.335654,819.543917,3582.120637,385.784137
2024-05-31,1431.65366,3542.1619,757.757374,1379.74249,2285.244721,1112.366863,1368.864341,818.563619,3681.259716,384.530849
2024-06-03,1503.37289,3543.815051,788.837341,1382.863655,2294.856707,1154.083074,1400.866725,894.047918,3853.3884,389.320166
2024-06-04,1487.043779,3537.627624,769.104006,1358.855511,2412.701836,1140.702355,1377.740236,879.343174,3831.860289,388.655731
2024-06-05,1420.63526,3574.279221,769.400014,1380.94289,2618.306052,1105.135396,1330.155281,779.350942,3383.105777,397.499184
2024-06-06,1433.092985,3627.272539,772.285998,1415.802813,2499.163491,1099.970087,1357.276232,816.946038,3478.165129,399.049004
2024-06-07,1461.185011,3698.214031,781.609998,1478.607574,2495.798922,1110.10401,1410.926285,815.132514,3487.798769,402.65024
2024-06-10,1482.37816,3689.618081,779.784664,1469.100643,2493.059421,1114.924824,1416.843609,828.807908,3524.170934,402.057637
2024-06-11,1462.847878,3665.104838,775.024025,1446.676887,2476.766917,1110.84199,1414.821765,823.07305,3577.254926,399.140221
2024-06-12,1465.155654,3677.904757,783.558658,1448.885771,2468.404526,1115.121735,1427.889127,828.905934,3587.03585,396.040418
2024-06-13,1461.433312,3674.598461,782.276013,1445.284578,2408.616703,1105.086062,1435.877346,829.249084,3652.850008,398.319695
2024-06-14,1468.803846,3673.654123,788.837254,1444.036059,2436.547543,1096.034529,1414.230054,833.170298,3656.880155,393.761177
2024-06-17,1468.803846,3673.654123,788.837254,1444.036059,2436.547543,1096.034529,1414.230054,833.170298,3656.880155,393.761177
2024-06-18,1476.472084,3629.256809,794.510621,1447.205152,2424.512486,1116.745144,1424.0921,834.738797,3647.049903,395.858119
2024-06-19,1476.57124,3621.558127,823.814544,1455.512,2421.600599,1146.753225,1415.019005,843.659664,3636.23684,392.712756
2024-06-20,1471.955357,3598.981315,829.512453,1457.288503,2416.747829,1141.292633,1387.552876,836.307285,3579.912492,388.838049
2024-06-21,1463.865255,3663.074342,825.269793,1495.941611,2405.100759,1151.033049,1404.318578,831.356722,3576.643173,387.744027
2024-06-24,1438.850341,3643.425859,826.379823,1468.428245,2395.249561,1156.690279,1404.170684,819.543929,3534.040331,386.513216
2024-06-25,1445.228292,3634.593842,847.025768,1482.641131,2374.721625,1186.550841,1414.230164,829.200011,3558.75975,386.558812
2024-06-26,1507.814951,3652.824819,844.041138,1487.394518,2394.424401,1203.129182,1459.546557,832.09194,3591.405334,388.746916
2024-06-27,1526.203943,3723.719124,845.077091,1515.772158,2410.147828,1215.083143,1468.471827,830.719511,3568.02354,389.521841
2024-06-28,1569.384287,3740.722346,841.919739,1525.471352,2417.232985,1207.212297,1515.070305,846.992753,3542.907516,390.205599
2024-07-01,1567.796069,3780.113528,842.265171,1536.419205,2448.776877,1195.750074,1446.577926,833.758518,3508.67675,392.256927
2024-07-02,1561.939324,3800.611609,855.881055,1568.974086,2441.012233,1197.373441,1453.08697,829.641142,3600.421177,392.621593
2024-07-03,1563.428379,3803.162525,885.037013,1571.086748,2445.720037,1196.241992,1412.652173,827.239394,3616.768752,391.709876
2024-07-04,1555.983518,3823.235651,868.140401,1594.134505,2462.219876,1215.033983,1421.23211,828.268734,3610.3289,393.396546
2024-07-05,1586.755695,3803.776178,831.263825,1599.752345,2478.864871,1222.560617,1413.835637,844.29689,3604.384363,395.675799
2024-07-08,1596.980044,3808.027329,816.439186,1599.896371,2518.658954,1219.510633,1419.013199,847.973087,3612.013059,405.294145
2024-07-09,1588.741039,3785.072748,812.369178,1600.616651,2537.099632,1230.038011,1421.774545,852.825641,3650.950118,414.821377
2024-07-10,1585.763063,3781.624745,809.063926,1607.578999,2548.746886,1232.546914,1428.776627,843.316576,3659.866845,415.140483
2024-07-11,1592.46345,3759.614912,802.083218,1598.93603,2540.060283,1237.515579,1430.847665,841.404968,3650.553876,418.923992
2024-07-12,1593.356924,3967.385758,808.274579,1651.51363,2561.849708,1232.694551,1427.642618,846.012435,3633.809937,422.342859
2024-07-15,1594.051744,4005.218023,804.031966,1659.436325,2551.901256,1218.477545,1420.147332,869.883115,3640.051566,425.260283
2024-07-16,1588.244697,3962.284785,802.650629,1668.943635,2644.834418,1224.921903,1452.988282,870.618314,3617.858738,425.53378
2024-07-17,1588.244697,3962.284785,802.650629,1668.943635,2644.834418,1224.921903,1452.988282,870.618314,3617.858738,425.53378
2024-07-18,1582.189594,4085.511137,801.145894,1695.35241,2670.263823,1236.18732,1465.463898,877.284522,3645.253078,429.317322
2024-07-19,1578.293333,4126.9555,800.67729,1770.833687,2662.304693,1230.333203,1459.59593,881.303821,3625.14064,437.066737
2024-07-22,1526.203933,4090.218746,814.490528,1750.666836,2669.050221,1225.217253,1451.706128,877.382529,3628.014008,437.112335
2024-07-23,1494.687092,4129.748349,812.911922,1766.944292,2728.595605,1228.513153,1449.733808,867.089193,3679.682056,453.477247
2024-07-24,1498.409596,4108.350472,799.690622,1769.249223,2676.329804,1213.755005,1455.256473,850.913993,3525.073942,465.557219
2024-07-25,1489.450927,4112.042884,801.663957,1758.253476,2644.689011,1198.603335,1433.954376,834.003562,3597.349925,452.200862
2024-07-26,1501.313155,4187.267905,800.060589,1808.286296,2646.775649,1200.325068,1499.044377,847.237823,3666.802102,461.682491
2024-07-29,1516.277296,4195.362471,805.043274,1827.492692,2639.981402,1222.708256,1503.975487,871.598639,3754.979832,461.500199
2024-07-30,1513.79575,4164.118199,806.473897,1805.357166,2673.320944,1211.000097,1464.428311,863.216953,3759.933661,453.841945
2024-07-31,1499.352486,4179.26744,803.094577,1810.350924,2629.935792,1204.900135,1483.41296,857.72721,3786.684098,453.978676
2024-08-01,1506.847229,4184.28575,814.021905,1793.78538,2644.785969,1202.932371,1490.168559,864.050292,3803.477389,452.884673
2024-08-02,1498.235856,4164.118001,824.110471,1785.718733,2678.319492,1182.271024,1484.399187,841.404956,3714.259541,455.346217
2024-08-05,1472.997761,4013.573688,812.023868,1726.178845,2661.334223,1169.726631,1467.485651,814.985451,3574.562247,448.462938
2024-08-06,1466.644651,4031.799966,805.585887,1725.650489,2690.209276,1168.545955,1472.318046,810.279948,3601.312827,448.280572
2024-08-07,1461.681404,4019.207011,804.130545,1726.562926,2700.011752,1160.773433,1442.838,794.741935,3621.970378,451.836206
2024-08-08,1454.236514,4006.94616,815.625238,1709.325007,2678.076907,1155.460485,1454.341874,801.702182,3595.21969,454.0243
2024-08-09,1465.65205,4027.444153,820.188519,1710.093332,2676.863675,1161.904755,1469.713292,813.613026,3572.234144,454.024305
2024-08-12,1462.177757,4013.573338,826.799153,1731.940704,2682.104658,1169.228167,1465.250656,806.799799,3577.6338,455.847681
2024-08-13,1459.274267,4008.839538,805.31456,1738.182702,2676.523656,1180.143924,1466.143183,803.858868,3573.670854,453.887535
2024-08-14,1461.18507,4077.199904,796.089258,1752.587668,2661.86811,1161.090954,1467.82904,793.222447,3545.632104,454.935974
2024-08-15,1461.18507,4077.199904,796.089258,1752.587668,2661.86811,1161.090954,1467.82904,793.222447,3545.632104,454.935974
2024-08-16,1469.523509,4191.57637,806.17798,1787.975387,2672.593096,1183.865152,1478.638675,798.859251,3547.811772,459.676804
2024-08-19,1492.339768,4255.249086,807.904575,1793.449357,2678.562117,1186.594102,1476.754521,809.152566,3566.636363,464.32641
2024-08-20,1497.942396,4322.237007,812.023937,1810.879142,2675.16514,1180.689793,1472.440574,806.799818,3546.92034,458.947402
2024-08-21,1501.87661,4317.503055,806.375307,1804.44485,2712.872324,1169.625078,1454.441048,804.839193,3581.894149,464.052944
2024-08-22,1500.507089,4318.402676,808.225294,1818.513724,2727.333846,1183.468251,1487.464932,807.682127,3578.772989,463.59706
2024-08-23,1505.312882,4266.374431,806.103893,1807.902054,2738.010332,1195.773305,1497.481234,805.819477,3588.532098,462.183896
2024-08-26,1516.941539,4310.07039,812.985899,1813.808164,2751.549833,1205.647035,1508.092457,807.240962,3614.292023,463.141196
2024-08-27,1507.454412,4270.161857,812.714581,1827.252518,2741.018908,1223.062773,1513.695618,803.319708,3702.469438,462.77653
2024-08-28,1501.478273,4319.870591,808.940581,1873.588256,2699.915123,1217.009527,1551.529355,801.11398,3689.985862,457.944553
2024-08-29,1530.88576,4313.715878,811.23455,1873.107973,2727.333903,1225.543614,1558.669689,799.937576,3675.719029,462.867714
2024-08-30,1533.59999,4348.038052,819.91722,1872.627834,2733.448709,1226.089439,1595.065407,804.545117,3710.395715,464.18966
2024-09-02,1520.726465,4344.013861,812.418535,1897.356112,2726.266144,1229.711399,1591.693555,809.152579,3687.558501,467.608539
2024-09-03,1516.941509,4313.621071,809.039242,1888.953389,2744.75592,1241.371477,1565.909221,809.691779,3679.632378,470.389241
2024-09-04,1511.463363,4248.385225,811.431899,1850.732428,2760.188157,1234.176998,1553.016912,802.535437,3646.987062,465.010194
2024-09-05,1519.705458,4259.746887,813.947864,1863.024593,2771.010193,1235.318205,1550.04186,805.966581,3634.107024,466.696843
2024-09-06,1491.044858,4278.636092,812.88721,1859.663485,2782.123118,1224.452001,1542.703195,796.898668,3590.315569,466.788017
2024-09-09,1464.077686,4251.462553,813.257232,1844.634387,2851.762412,1228.818359,1533.92658,772.68482,3560.790966,467.38063
2024-09-10,1466.194215,4298.519998,815.970533,1858.222967,2851.180068,1231.844966,1572.851133,773.272985,3591.504417,469.523051
2024-09-11,1462.907332,4307.41955,815.230555,1849.579965,2863.215367,1229.810785,1585.64416,772.488791,3570.648978,473.625713
2024-09-12,1480.088618,4291.560175,823.863863,1878.773923,2876.220828,1247.375218,1639.097302,774.351355,3604.433971,474.537403
2024-09-13,1477.250001,4305.194623,825.837189,1880.886583,2869.427081,1246.333097,1641.179944,779.350988,3601.16426,474.081544
2024-09-16,1475.009007,4304.295289,827.711828,1874.548606,2824.392,1255.909241,1639.246028,779.35097,3636.088545,471.346485
2024-09-17,1471.597578,4294.590014,827.810478,1880.742466,2828.176969,1262.508384,1652.237544,771.998625,3670.765159,468.201124
2024-09-18,1476.104552,4257.900566,838.121097,1861.824223,2808.426071,1285.431509,1657.096795,779.105895,3723.225876,467.152685
2024-09-19,1470.626414,4187.03087,848.037099,1848.523702,2847.977236,1290.045922,1697.508924,785.575954,3715.745745,469.340779
2024-09-20,1489.052889,4100.397389,860.839007,1839.016646,2901.407505,1351.918438,1709.112033,779.203921,3774.695908,471.665582
2024-09-23,1495.527005,4080.229271,871.396386,1842.761813,2945.714548,1321.602418,1739.706288,789.154119,3803.328851,473.580111
2024-09-24,1494.53094,4062.808318,878.944345,1835.079219,2931.155855,1321.205456,1752.89596,788.418881,3796.393684,472.075842
2024-09-25,1490.546863,4061.482745,882.076943,1826.148225,2873.260815,1317.583419,1752.251409,782.291913,3777.965492,473.443415
2024-09-26,1498.017071,4087.235832,882.07702,1841.849458,2904.804843,1323.140537,1764.251032,787.193488,3767.810012,477.500415
2024-09-27,1527.374769,4145.181638,877.242282,1896.251819,2940.861874,1322.793216,1748.829908,792.095068,3703.460358,481.830946
2024-09-30,1518.908662,4070.145722,864.045683,1825.812215,2909.706125,1286.870498,1718.632368,786.80134,3681.316727,478.047427
2024-10-01,1482.03081,4067.305928,859.383714,1833.206642,2875.541649,1270.44715,1708.566505,784.595611,3689.589782,473.853631
2024-10-02,1482.03081,4067.305928,859.383714,1833.206642,2875.541649,1270.44715,1708.566505,784.595611,3689.589782,473.853631
2024-10-03,1443.634334,4051.446964,851.564417,1835.991452,2837.106978,1256.058151,1680.947436,788.173839,3583.578338,470.161281
2024-10-04,1411.711728,4069.436443,834.051185,1876.565154,2828.274286,1254.718481,1672.71624,793.908625,3520.714666,471.665602
2024-10-07,1390.944708,4068.725871,818.437178,1864.945213,2782.123175,1253.279517,1656.154671,788.173789,3480.489746,469.4775
2024-10-08,1395.426764,4051.825192,817.351916,1880.262284,2801.097775,1238.245662,1665.575982,768.959631,3505.803742,467.289412
2024-10-09,1395.401917,4066.595368,817.327185,1898.556484,2742.717682,1255.413072,1690.467799,788.516881,3524.82616,464.782269
2024-10-10,1380.486427,4065.506762,821.619127,1886.0724,2705.39861,1245.092709,1684.864617,788.614963,3522.052128,451.88177
2024-10-11,1377.772318,4016.366952,821.125826,1869.746824,2707.922267,1231.299252,1676.23687,786.899389,3464.786454,450.331919
2024-10-14,1374.584956,3943.887604,834.741848,1891.354072,2722.189757,1228.421415,1695.872754,793.320479,3540.827262,454.935983
2024-10-15,1366.243302,3948.195723,837.677146,1912.433219,2716.948753,1248.665205,1718.384435,791.604911,3537.012684,455.30064
2024-10-16,1358.574044,3896.168132,842.58579,1881.799081,2715.250213,1245.3408,1727.805699,793.075385,3548.802518,454.79923
2024-10-17,1363.006242,3910.322898,837.504472,1899.516854,2700.157564,1247.325556,1723.541343,803.368701,3549.892661,451.289182
2024-10-18,1362.981401,3935.238245,834.223836,1859.99955,2659.392967,1259.184083,1701.872521,806.407684,3559.255258,448.143826
2024-10-21,1368.53425,3929.353884,862.417724,1823.459447,2657.452114,1262.607636,1694.78176,810.181925,3588.48248,444.542645
2024-10-22,1370.526246,3881.754833,858.397063,1803.292585,2630.275607,1275.061593,1698.699038,800.770855,3558.462562,445.271994
2024-10-23,1352.074885,3904.296777,861.603759,1811.167295,2613.824261,1258.241263,1687.244739,776.998197,3481.480472,440.622309
2024-10-24,1338.354725,3871.504388,872.531016,1809.246565,2569.128971,1250.798708,1678.964089,781.311575,3442.494327,439.801831
2024-10-25,1339.002112,3883.843016,867.20302,1801.900137,2465.276868,1259.184123,1670.782418,784.987815,3403.260194,449.921638
2024-10-28,1347.617704,3923.706362,863.823701,1807.230046,2513.417753,1297.786285,1663.939601,788.124826,3341.833084,442.992762
2024-10-29,1337.856655,3894.758012,870.237034,1798.378144,2509.632331,1325.125178,1654.121677,818.416542,3353.127572,446.001344
2024-10-30,1344.629665,3898.079863,865.673677,1786.140408,2487.89156,1320.709337,1637.31229,816.602938,3406.628585,449.693718
2024-10-31,1337.65749,3870.839736,857.854454,1736.509265,2488.085555,1308.850734,1625.21345,811.701382,3621.177557,449.465815
2024-11-01,1336.611629,3795.52629,860.419682,1715.238566,2471.051707,1286.274904,1612.866531,809.348632,3608.248163,448.645261
2024-11-04,1334.669502,3788.834715,860.863711,1716.209862,2472.071031,1281.908715,1610.38732,821.014393,3591.454758,449.87605
2024-11-05,1304.340637,3783.234994,869.595649,1717.618112,2455.813617,1291.335993,1580.685705,834.640776,3551.874012,442.217831
2024-11-06,1323.016097,3938.702432,873.936988,1774.679549,2476.386532,1304.931093,1597.395923,844.443935,3626.081812,441.625254
2024-11-07,1318.733157,3991.853765,868.732346,1773.222616,2464.407254,1292.824499,1595.214201,845.424253,3629.15342,440.07531
2024-11-08,1296.472006,3957.63789,869.15167,1787.694367,2469.660517,1265.237301,1566.40503,846.502624,3633.116314,438.251932
2024-11-11,1280.884226,4018.903916,879.511676,1814.306737,2469.316739,1266.130494,1568.487593,837.18958,3627.171925,438.981275
2024-11-12,1284.17121,4003.433043,875.663719,1826.933019,2451.692179,1285.084165,1581.77655,836.601443,3617.264256,435.744791
2024-11-13,1270.376152,3983.264427,853.167744,1819.357272,2427.98003,1266.477724,1559.463066,815.377568,3571.540639,432.78174
2024-11-14,1267.537605,3948.383567,841.056459,1822.07677,2420.02656,1257.993126,1555.0003,801.898225,3532.802007,431.18629
2024-11-15,1267.537605,3948.383567,841.056459,1822.07677,2420.02656,1257.993126,1555.0003,801.898225,3532.802007,431.18629
2024-11-18,1267.836433,3998.687804,847.987749,1796.047128,2381.046164,1252.932258,1555.942391,800.623839,3535.328437,426.49109
2024-11-19,1276.402144,3921.950401,865.180394,1806.245287,2395.970682,1251.344551,1545.083216,804.152931,3573.670801,431.915631
2024-11-20,1276.402144,3921.950401,865.180394,1806.245287,2395.970682,1251.344551,1545.083216,804.152931,3573.670801,431.915631
2024-11-21,1239.0015,3884.269815,867.770341,1813.335489,2380.80068,1247.275963,1529.265528,782.782073,3497.927312,423.072212
2024-11-22,1263.802438,4038.50426,865.451689,1859.033137,2407.655137,1271.588363,1561.942368,803.809889,3580.110724,434.422792
2024-11-25,1299.260783,4107.932693,889.748283,1864.132339,2460.283507,1301.160164,1595.908392,832.876165,3726.247856,439.61947
2024-11-26,1292.687126,4144.475053,892.930282,1882.877379,2449.728444,1304.186847,1591.544862,830.033307,3720.203997,440.02973
2024-11-27,1298.6632,4154.724857,896.55623,1885.596994,2447.764609,1300.812784,1570.619838,825.91595,3685.626671,437.704928
2024-11-28,1291.442045,4119.180245,905.806184,1859.858636,2493.127237,1300.465473,1575.330389,829.150974,3686.12212,441.0782
2024-11-29,1294.330579,4080.027862,890.266289,1823.048068,2462.050868,1293.271046,1635.229714,827.435438,3715.349424,436.610886
2024-12-02,1306.133461,4070.062836,892.017643,1828.681469,2445.358973,1300.515126,1632.551931,825.425779,3683.496509,436.975599
2024-12-03,1321.521965,4104.990228,906.447527,1845.144124,2446.29188,1302.747925,1639.196522,839.738365,3763.748143,431.596539
2024-12-04,1323.11562,4163.789505,920.063516,1858.935905,2447.813753,1309.892729,1616.982136,846.99275,3799.563981,435.972688
2024-12-05,1324.65937,4260.647303,927.438818,1893.852684,2469.41516,1332.617499,1608.602289,854.29614,3848.111302,431.003953
2024-12-06,1318.633488,4237.868399,919.668807,1882.246153,2450.563014,1336.785276,1611.180767,858.217371,3848.061554,433.009679
2024-12-09,1309.768937,4242.044869,927.463529,1874.718835,2432.054649,1318.873486,1592.586118,849.786617,3922.418258,430.320203
2024-12-10,1289.748839,4265.203595,926.328806,1909.101353,2369.26395,1321.800875,1598.486839,851.845298,3926.876671,425.260273
2024-12-11,1284.868342,4222.350297,923.467502,1921.144953,2365.679949,1321.056613,1574.834493,852.727558,3911.172976,426.855767
2024-12-12,1273.115285,4256.850779,921.864197,1941.347102,2356.45038,1328.499158,1604.486672,847.28683,3922.418286,426.582211
2024-12-13,1270.127249,4266.247663,924.996821,1948.777171,2351.148103,1336.834945,1671.030306,845.914404,3861.981854,432.508274
2024-12-16,1275.904192,4247.359881,922.505496,1942.124098,2349.626127,1340.109514,1673.013725,849.34554,3878.230144,432.508268
2024-12-17,1258.872175,4207.448893,918.756208,1925.030086,2336.86193,1337.777573,1644.89878,845.620287,3839.590524,433.784643
2024-12-18,1254.937825,4140.10882,905.75695,1927.895178,2339.807386,1324.728309,1609.54443,835.22896,3783.711907,431.961254
2024-12-19,1239.947766,4142.006338,888.539592,1903.419604,2343.686056,1293.022963,1596.404198,821.504514,3727.436692,432.462698
2024-12-20,1234.569275,4159.091084,886.788325,1923.03881,2330.479749,1287.813173,1608.85023,819.543934,3690.580519,426.171983
2024-12-23,1222.318155,4002.484177,890.956954,1884.237202,2309.124023,1296.992334,1594.123208,807.780143,3665.811541,435.516865
2024-12-24,1228.64295,4003.433625,892.288935,1886.179727,2314.229552,1294.511504,1585.545049,809.93686,3645.005488,437.841673
2024-12-25,1228.64295,4003.433625,892.288935,1886.179727,2314.229552,1294.511504,1585.545049,809.93686,3645.005488,437.841673
2024-12-26,1222.816119,3986.301772,893.916952,1864.569333,2299.403418,1302.698244,1593.528298,806.652767,3631.283383,439.300383
2024-12-27,1223.015476,3968.268402,890.932297,1868.842838,2303.134362,1305.873793,1614.949169,802.192337,3609.982062,439.345988
2024-12-30,1218.334064,3985.684423,895.396953,1860.92704,2316.389681,1316.34304,1599.676877,792.046064,3589.522902,438.935706
2024-12-31,1214.250373,3929.353879,879.018321,1842.473149,2310.007469,1280.0728,1583.958276,783.468282,3587.145231,441.853138
2025-01-01,1221.421805,3923.706267,885.036981,1838.539596,2294.788498,1283.09955,1593.230847,782.929158,3654.913154,443.858878
2025-01-02,1239.499468,3970.213473,889.698928,1906.236297,2336.517963,1283.496504,1606.172562,786.605346,3689.688919,446.730699
2025-01-03,1257.029638,3967.318761,885.653615,1896.814986,2370.834736,1278.137748,1603.594155,793.565529,3685.527377,447.642404
2025-01-06,1256.979753,3938.560333,866.882313,1916.288731,2375.105759,1267.966283,1596.503367,781.899771,3658.132973,437.188337
2025-01-07,1239.549323,3929.733193,849.023722,1902.254091,2358.708727,1279.080513,1589.710182,768.420423,3616.125024,423.791028
2025-01-08,1265.993791,3916.11324,844.41116,1882.877406,2365.336199,1275.160775,1600.07351,768.518488,3629.995677,428.004317
2025-01-09,1264.698874,3927.265665,833.237172,1895.746655,2428.814276,1255.065869,1606.767567,756.166484,3572.97723,436.146858
2025-01-10,1251.750619,4078.415011,826.281191,1920.950701,2411.484459,1255.264263,1611.527828,748.373014,3519.377086,427.956958
2025-01-13,1240.29639,4103.044848,812.393912,1925.807047,2415.903006,1234.425085,1601.313167,729.305894,3501.840598,420.382509
2025-01-14,1248.364163,4094.454839,817.055857,1915.123277,2423.26689,1235.318189,1619.858201,742.098988,3459.683882,418.015449
2025-01-15,1251.999582,4039.927419,820.262522,1901.76844,2341.673228,1234.87161,1600.470256,743.961606,3493.567693,418.299518
2025-01-16,1269.928024,4075.567319,819.201925,1910.412533,2336.861955,1245.886664,1621.444946,761.411188,3510.707889,416.074558
2025-01-17,1320.725133,4021.616501,814.243881,1804.594215,2336.174732,1239.436376,1625.411738,752.833455,3546.771753,418.299537
2025-01-20,1310.764916,4007.310518,819.399185,1775.40801,2325.079419,1232.241944,1631.362002,769.547826,3583.726802,417.731459
2025-01-21,1307.776892,3973.672984,819.448572,1779.001616,2334.21092,1229.463296,1642.964986,769.449777,3609.635493,423.222915
2025-01-22,1277.796629,4024.080766,824.8012,1812.170087,2319.18816,1198.254123,1627.395114,747.980838,3549.24855,418.441561
2025-01-23,1272.268621,4051.339039,832.250518,1825.524764,2298.863248,1198.651152,1631.758738,740.775546,3495.202597,418.346895
2025-01-24,1267.936024,4038.435656,824.01192,1840.433609,2337.647496,1208.673829,1648.121903,738.863956,3488.564544,421.329308
2025-01-27,1235.515414,4017.508415,810.839862,1809.450538,2366.023449,1225.196379,1633.543692,740.48142,3461.615728,421.329292
2025-01-28,1239.798428,3964.97409,830.91854,1809.936151,2363.372444,1254.321581,1616.783861,744.794835,3449.974341,418.299527
2025-01-29,1237.806365,3970.628543,829.364464,1834.363224,2352.571873,1246.18441,1613.412061,745.824165,3423.075294,414.228256
2025-01-30,1251.999668,3991.941585,837.627855,1832.95477,2381.046285,1250.203298,1631.312348,749.941527,3485.295032,414.701648
2025-01-31,1261.959849,3990.54026,840.982418,1842.91028,2434.067565,1246.382847,1625.510824,762.244467,3556.827792,424.359096
2025-02-03,1251.003646,3940.808958,832.151828,1822.61109,2474.324336,1250.352163,1647.229311,747.784813,3388.398561,440.454843
2025-02-04,1283.673179,3981.261088,851.391825,1856.265041,2405.592974,1270.695248,1654.468843,765.871635,3417.130663,435.862802
2025-02-05,1285.366353,4011.370355,860.469042,1864.520588,2408.538763,1267.96626,1661.311552,766.606872,3419.062701,431.602166
2025-02-06,1282.87632,4001.221474,862.837057,1868.697125,2365.28705,1269.206666,1653.477119,755.676291,3372.546461,426.06336
2025-02-07,1278.593385,3953.374595,871.717044,1868.405624,2338.776427,1265.237386,1693.393453,744.941898,3338.811067,421.802699
2025-02-10,1261.461822,3916.644231,850.232345,1850.243279,2354.535765,1255.313898,1685.906004,729.256847,3318.054637,410.251668
2025-02-11,1259.519671,3905.045091,844.090403,1848.300775,2334.849147,1252.188012,1692.500931,725.580706,3329.943894,407.647952
2025-02-12,1222.019374,3887.404606,844.583733,1840.142279,2297.488433,1260.027473,1699.49243,724.159185,3269.507391,397.973057
2025-02-13,1223.115015,3851.350797,845.693777,1819.648816,2303.085642,1256.306199,1714.070526,722.982807,3284.269852,398.117323
2025-02-14,1219.130863,3816.118104,839.60112,1805.85695,2323.11558,1253.825407,1709.806176,718.473391,3255.438876,400.281275
2025-02-17,1222.616977,3802.586096,848.530424,1799.495039,2293.659424,1248.516347,1702.66585,714.405052,3209.467476,395.664849
2025-02-18,1225.00749,3793.306527,854.228414,1808.139397,2296.163342,1247.9705,1681.889509,713.914908,3211.052703,395.13591
2025-02-19,1227.846104,3745.508401,857.361082,1796.047124,2263.908561,1254.768112,1659.576094,720.384953,3272.331299,393.164278
2025-02-20,1234.419808,3661.46296,845.915746,1778.370302,2213.587369,1254.321619,1636.122207,717.100921,3255.091986,388.451702
2025-02-21,1235.06724,3689.494239,836.172445,1777.253333,2212.703985,1235.169308,1644.948368,717.296977,3294.17727,387.826591
2025-02-24,1218.383848,3637.49148,830.869098,1756.031363,2210.199949,1222.467415,1623.973757,705.58219,3294.771956,387.970827
2025-02-25,1216.142823,3535.805496,832.743818,1727.330776,2228.462967,1222.219306,1635.477618,704.797962,3218.929103,391.433148
2025-02-26,1216.142823,3535.805496,832.743818,1727.330776,2228.462967,1222.219306,1635.477618,704.797962,3218.929103,391.433148
2025-02-27,1210.166694,3516.473336,843.967163,1724.805463,2228.511778,1225.3948,1642.270834,703.572595,3228.390983,390.952296
2025-02-28,1212.507307,3479.743067,857.040413,1704.651907,2208.825634,1215.620243,1634.783393,687.544405,3170.233492,387.105262
2025-03-03,1201.650622,3405.557099,859.90173,1678.913652,2159.142472,1207.681464,1589.462278,683.672163,3197.182112,383.739117
2025-03-04,1169.329796,3432.379922,845.718457,1650.16449,2140.486925,1207.334102,1577.313851,704.307799,3191.237358,382.007987
2025-03-05,1178.294049,3480.081342,843.991791,1683.138576,2152.171274,1216.562873,1612.618635,716.904823,3215.01575,396.963212
2025-03-06,1209.120879,3488.877182,838.61447,1672.794826,2189.384394,1218.54761,1618.221876,722.247571,3236.267357,394.029901
2025-03-07,1249.808479,3503.90791,839.231132,1655.991955,2186.340471,1208.524903,1628.783615,720.384933,3258.609217,390.32715
2025-03-10,1252.995639,3501.10473,838.614456,1669.58954,2226.057308,1216.41408,1641.179981,723.963131,3216.303872,391.288891
2025-03-11,1244.529457,3468.868823,835.703817,1631.710494,2221.442389,1238.444081,1662.50165,719.600736,3174.790836,392.779625
2025-03-12,1257.97572,3450.020297,847.790404,1589.849447,2189.531584,1242.363793,1702.417937,722.492677,3192.178689,397.492158
2025-03-13,1259.121271,3406.571792,848.925146,1559.886195,2169.894151,1245.985824,1643.163309,717.051939,3203.27507,398.550132
2025-03-14,1259.121271,3406.571792,848.925146,1559.886195,2169.894151,1245.985824,1643.163309,717.051939,3203.27507,398.550132
2025-03-17,1252.398009,3412.516348,850.503732,1548.182607,2155.656828,1264.195375,1634.733859,716.855816,3210.11141,400.329333
2025-03-18,1233.921753,3380.860352,843.794434,1544.346191,2131.895508,1259.283325,1625.560547,708.915283,3144.126709,396.19385
2025-03-19,1248.264553,3428.513281,863.823739,1556.923897,2172.741629,1308.205788,1628.436427,734.550504,3295.861859,395.03972
2025-03-20,1267.935979,3459.396031,875.170375,1584.993299,2208.138045,1314.110235,1695.475972,737.883612,3327.863257,391.09653
2025-03-21,1275.904109,3495.45047,875.219684,1557.798027,2214.323933,1338.670766,1717.045736,740.726501,3423.075206,391.914033
2025-03-24,1300.804676,3527.830813,890.167619,1560.90601,2224.928084,1362.487002,1725.574362,767.538184,3484.502358,397.059388
2025-03-25,1302.497915,3586.068322,909.555548,1589.120956,2250.457085,1353.357446,1726.07017,770.528138,3492.428527,399.367599
2025-03-26,1288.653296,3557.553683,901.563607,1590.675119,2238.576054,1347.601776,1750.367141,760.773974,3464.488993,395.472527
2025-03-27,1279.888232,3540.638538,908.223582,1573.386639,2219.920553,1341.151552,1731.921289,760.528883,3495.400837,394.991619
2025-03-28,1290.595466,3538.656969,905.756947,1552.504639,2254.384263,1347.552103,1731.276762,763.273755,3481.530203,399.704229
2025-03-31,1290.595466,3538.656969,905.756947,1552.504639,2254.384263,1347.552103,1731.276762,763.273755,3481.530203,399.704229
2025-04-01,1272.816469,3464.277439,892.880973,1502.92196,2243.240131,1341.995067,1750.367141,767.34212,3469.244743,398.550107
2025-04-02,1250.555495,3445.042712,887.602278,1510.934927,2203.032324,1327.70529,1745.805308,761.705284,3425.799918,394.318431
2025-04-03,1246.820432,3385.016289,889.970295,1490.538435,2212.065453,1322.793286,1740.400409,769.253736,3431.001274,394.510752
2025-04-04,1240.495487,3286.085502,908.692193,1429.689236,2225.959124,1328.300798,1756.119077,767.489151,3372.348433,397.011285
2025-04-07,1166.590715,3181.451683,878.056275,1365.489314,2220.60797,1314.854481,1760.036325,738.86395,3062.042373,392.49108
2025-04-08,1191.839934,3237.127417,879.11701,1414.634832,2264.399565,1300.018961,1727.8553,758.764371,3164.387843,399.896538
2025-04-09,1185.067014,3160.766428,875.663663,1368.937141,2311.480202,1295.106846,1712.533392,752.833462,3129.612366,403.02226
2025-04-10,1185.067014,3160.766428,875.663663,1368.937141,2311.480202,1295.106846,1712.533392,752.833462,3129.612366,403.02226
2025-04-11,1217.786306,3188.749541,897.567623,1397.443725,2351.442691,1314.854444,1752.350545,744.745808,3127.828945,406.292236
2025-04-14,1217.786306,3188.749541,897.567623,1397.443725,2351.442691,1314.854444,1752.350545,744.745808,3127.828945,406.292236
2025-04-15,1246.023534,3203.683386,925.884819,1406.087689,2356.499444,1343.930153,1804.911154,755.529293,3241.766112,412.784055
2025-04-16,1235.963728,3168.59586,929.338154,1386.468415,2332.934361,1349.288697,1811.357193,759.499602,3246.521893,409.754539
2025-04-17,1275.107331,3193.244359,947.048687,1388.702229,2336.763727,1398.11206,1881.966909,785.232855,3219.870264,411.485688
2025-04-18,1275.107331,3193.244359,947.048687,1388.702229,2336.763727,1398.11206,1881.966909,785.232855,3219.870264,411.485688
2025-04-21,1295.724978,3241.960413,962.342017,1429.495148,2329.399474,1425.004588,1888.512273,808.12322,3259.599963,412.687892
2025-04-22,1298.713151,3222.532203,972.159341,1398.609126,2362.390879,1407.936368,1872.347361,819.053782,3254.646129,418.169832
2025-04-23,1300.804745,3306.625755,976.25403,1445.035089,2393.810738,1418.951295,1870.264765,814.642333,3284.368929,420.718512
2025-04-24,1299.310729,3298.506498,949.120746,1440.276015,2442.315068,1410.317818,1862.231943,802.878538,3276.442817,419.372045
2025-04-25,1319.928324,3361.625143,953.610062,1458.535575,2299.45236,1403.966887,1846.265346,802.878538,3304.877661,416.150201
2025-04-28,1369.131835,3342.293062,951.982061,1446.783323,2306.423848,1424.012219,1823.654496,806.603719,3319.838031,414.034344
2025-04-29,1405.287477,3378.250592,951.538142,1466.402922,2290.222703,1427.286966,1832.480714,812.681686,3345.201526,413.168765
2025-04-30,1406.781476,3392.652686,955.53405,1465.431568,2309.860327,1422.722136,1861.339457,795.526166,3323.9993,412.880232
2025-05-01,1406.781476,3392.652686,955.53405,1465.431568,2309.860327,1422.722136,1861.339457,795.526166,3323.9993,412.880232
2025-05-02,1421.024554,3374.867443,958.000727,1479.417589,2302.496349,1435.523317,1867.983857,787.585644,3343.715355,414.996075
2025-05-05,1433.773655,3387.432945,962.983358,1479.22342,2312.216625,1435.72187,1857.967606,783.272243,3319.045561,421.728345
2025-05-06,1426.303501,3356.985416,957.112687,1472.03596,2346.778758,1422.72208,1896.148428,783.419322,3322.017797,422.834364
2025-05-07,1418.733689,3343.936211,961.355305,1475.144114,2343.636898,1430.958619,1901.106945,766.999035,3308.939843,418.362206
2025-05-08,1415.148106,3360.851606,964.364722,1472.910293,2328.908668,1437.805844,1889.999801,771.018256,3334.897609,414.996064
2025-05-09,1389.25152,3331.080748,946.70342,1467.956813,2300.237899,1409.027893,1855.587439,766.312796,3444.871883,412.735946
2025-05-12,1433.275577,3509.224132,966.880677,1585.090347,2343.735087,1441.874357,1867.785554,788.075828,3569.509661,419.516317
2025-05-13,1441.94094,3501.974813,967.768687,1565.859323,2354.535605,1436.813456,1868.082942,791.751965,3572.679916,421.199379
2025-05-14,1424.211886,3442.045908,952.228737,1549.153783,2327.043041,1429.668515,1855.190803,791.604916,3583.578491,415.332685
2025-05-15,1455.586593,3479.742868,959.431409,1572.075364,2326.944741,1445.347591,1854.397415,793.516524,3614.98551,418.7469
2025-05-16,1455.188122,3473.846557,958.938097,1566.24791,2343.734922,1447.530663,1818.795003,804.0,3608.347482,419.516338
2025-05-19,1448.813511,3431.413342,959.530072,1539.441187,2361.408795,1448.523051,1813.5389,801.400024,3586.451515,421.728336
2025-05-20,1439.251734,3439.145874,954.399396,1537.984347,2351.197539,1447.828404,1809.770549,799.400024,3600.421261,423.940385
2025-05-21,1430.48668,3418.847304,960.467407,1525.843668,2332.639636,1440.1875,1811.357218,791.0,3577.138495,421.439844
2025-05-22,1418.136198,3380.957036,949.268751,1515.936798,2320.268454,1434.233432,1821.472662,788.200012,3558.80942,416.438697
2025-05-23,1428.096422,3416.91425,955.583345,1541.577946,2321.642705,1440.683661,1826.5304,794.950012,3598.043511,422.209231
2025-05-26,1435.267695,3426.580187,961.947402,1538.27575,2353.84825,1460.331911,1834.662405,797.549988,3638.565484,426.585186
2025-05-27,1431.283623,3421.747337,961.010083,1537.401733,2365.827329,1451.797821,1842.199434,801.349976,3631.134964,427.210325
2025-05-28,1416.940906,3411.114832,954.35011,1542.063608,2344.716977,1446.836127,1851.521449,798.900024,3629.153307,413.92513
2025-05-29,1414.351234,3414.497854,957.458063,1562.654368,2332.934462,1451.698553,1851.521494,800.400024,3634.998602,414.120996
2025-05-30,1424.909045,3389.559678,961.404779,1548.297396,2331.854297,1449.71397,1851.521423,814.5,3661.154902,411.427451
2025-06-02,1411.861226,3344.419772,955.090082,1536.478294,2340.789409,1448.820813,1843.587794,822.549988,3663.136499,411.819258
2025-06-03,1420.825398,3357.4687,962.983363,1543.668271,2336.371008,1443.859056,1854.000702,818.400024,3669.199951,413.043608
2025-06-04,1420.02848,3310.564028,958.69144,1533.819033,2324.68673,1429.073144,1868.975485,817.0,3661.699951,410.399009
2025-06-05,1448.913107,3324.411384,966.387386,1544.062116,2336.861994,1447.828437,1873.33902,811.700012,3677.399902,412.308978
2025-06-06,1445.725866,3306.76051,984.837958,1545.244147,2353.062888,1450.210127,1866.298019,816.450012,3667.0,412.65179
2025-06-09,1451.702086,3348.79131,984.196594,1564.056136,2355.517431,1455.56882,1859.455154,824.5,3708.899902,414.904603
2025-06-10,1448.11635,3399.306041,978.178043,1583.26215,2356.695751,1430.660859,1860.050115,822.049988,3704.0,419.752973
2025-06-11,1462.757814,3402.426521,970.679372,1609.953453,2359.34683,1423.516047,1851.02565,820.599976,3692.0,419.312205
2025-06-12,1451.203997,3388.481145,967.423347,1603.452969,2344.716911,1425.500756,1867.388773,816.5,3708.0,418.430682
2025-06-13,1429.789592,3364.881872,953.610076,1584.739424,2282.760494,1410.615635,1829.307099,796.299988,3596.0,410.741824
2025-06-16,1436.662121,3421.930234,956.520728,1610.150548,2294.248527,1418.058139,1854.496598,795.400024,3653.699951,410.301061
2025-06-17,1442.239809,3432.657305,957.852719,1622.560499,2290.811991,1418.852051,1863.421926,798.849976,3627.600098,410.447972
2025-06-18,1437.060563,3450.210541,955.238085,1619.901182,2289.142673,1421.03517,1855.488358,795.5,3639.100098,409.860313
2025-06-19,1434.17211,3365.369348,960.418065,1605.422874,2265.970535,1403.867644,1863.422017,793.25,3643.0,409.664415
2025-06-20,1465.148386,3360.786049,971.814018,1606.112251,2271.076455,1422.325329,1932.841629,799.450012,3669.899902,410.888732
2025-06-23,1457.977037,3340.014567,965.893987,1576.860129,2268.169867,1412.302558,1932.841609,794.950012,3660.0,408.929794
2025-06-24,1469.132369,3356.690293,976.303314,1584.739449,2283.053027,1424.905375,1946.725617,806.650024,3684.0,412.015148
2025-06-25,1466.542823,3364.394165,977.783346,1595.475147,2272.63477,1417.958929,1953.667501,803.799988,3642.0,409.566444
2025-06-26,1492.837761,3365.759355,1000.03259,1599.513287,2273.130893,1436.416516,2001.666326,803.349976,3669.0,412.259992
2025-06-27,1515.945425,3380.387367,1007.393088,1605.028807,2292.478756,1454.774858,2022.095433,809.450012,3731.399902,413.337422
2025-06-30,1518.734421,3378.924382,1004.400566,1590.648993,2298.92807,1450.706313,2007.120702,821.0,3717.5,412.113087
2025-07-01,1525.308134,3398.526023,1005.497784,1593.308308,2284.640422,1436.515683,2013.96347,824.900024,3678.899902,410.252093
2025-07-02,1523.913699,3403.303981,1007.442971,1624.136417,2290.990552,1439.889742,2028.839116,824.049988,3674.199951,408.342104
2025-07-03,1525.806093,3350.058981,1001.507689,1607.786717,2308.750906,1435.027214,2027.946574,814.5,3625.0,407.460587
2025-07-04,1523.913698,3341.9649,999.26332,1618.620787,2323.137674,1433.340288,2019.616237,813.849976,3600.0,406.48111
2025-07-07,1538.654841,3341.08751,996.719623,1619.211814,2396.85832,1429.867043,2019.120407,812.650024,3609.800049,408.635978
2025-07-08,1538.754408,3340.014466,1000.011462,1621.378492,2399.636414,1433.935647,2018.128591,813.549988,3614.0,409.517506
2025-07-09,1544.830101,3329.287506,1004.40052,1613.302229,2420.67096,1427.683895,2023.781342,812.450012,3605.100098,411.67231
2025-07-10,1518.634716,3314.659472,1005.996544,1614.188686,2415.01566,1427.981614,2011.781684,815.5,3589.899902,411.672314
2025-07-11,1508.97336,3252.247598,999.911739,1582.868051,2510.266784,1417.065841,1942.85785,812.549988,3586.600098,409.468512
2025-07-14,1494.032936,3190.810883,991.881658,1567.79887,2512.747324,1413.989602,1911.519867,815.5,3548.699951,411.32953
2025-07-15,1490.546909,3178.523536,999.313189,1579.420856,2510.167519,1422.821512,1926.891398,821.0,3521.0,413.729224
2025-07-16,1485.068728,3175.122236,1008.839425,1587.694284,2513.144094,1418.256637,1927.883107,834.200012,3516.0,416.716621
2025-07-17,1483.674297,3172.284664,999.911682,1585.724457,2505.702545,1412.30258,1928.775666,842.5,3515.0,417.15736
2025-07-18,1478.89346,3159.368577,996.021345,1575.185734,2495.284358,1418.05814,1916.0,832.650024,3499.0,416.471741
2025-07-21,1470.128459,3128.839514,998.515167,1565.041073,2474.150905,1456.461771,1919.900024,827.349976,3508.100098,414.072037
2025-07-22,1426.203928,3111.715911,1006.495321,1561.889351,2465.617841,1470.652356,1911.300049,828.049988,3507.600098,411.770275
2025-07-23,1420.327316,3113.574848,1012.380686,1567.89731,2467.602227,1478.591087,1949.0,825.200012,3490.0,409.321586
2025-07-24,1417.339231,3105.453458,1016.320808,1558.14663,2446.765888,1477.300971,1970.400024,821.950012,3493.399902,407.313672
2025-07-25,1395.426749,3089.014535,1007.5,1526.136602,2409.657785,1488.514473,1952.699951,819.200012,3477.0,401.828621
2025-07-28,1402.199795,3050.951005,1010.700012,1496.392014,2429.20409,1482.362095,1930.0,808.950012,3446.100098,402.41632
2025-07-29,1414.550412,3007.897356,1013.25,1494.32357,2438.332375,1478.392722,1923.599976,800.0,3504.300049,402.955008
2025-07-30,1417.638164,3003.004781,1016.299988,1498.755799,2433.768021,1477.102585,1939.199951,803.400024,3685.300049,400.898118
2025-07-31,1397.020374,2994.002727,1015.700012,1504.074379,2529.118618,1483.056676,1926.5,803.799988,3662.899902,405.501651
2025-08-01,1400.307303,2971.497291,1014.150024,1476.102489,2706.226452,1473.728539,1919.699951,801.0,3636.0,410.741832
2025-08-04,1410.466687,3013.181055,1009.25,1460.442371,2563.051775,1467.476863,1919.900024,797.200012,3636.800049,413.827166
2025-08-05,1405.386969,3011.322048,997.200012,1456.404084,2533.087491,1450.309251,1937.599976,804.049988,3657.699951,409.370573
2025-08-06,1390.347165,3000.852112,994.0,1434.144864,2543.108751,1442.866779,1964.800049,810.200012,3671.0,406.481112
2025-08-07,1388.155746,2985.979206,1000.799988,1420.257453,2524.157566,1436.813511,1933.300049,806.650024,3649.0,406.236251
2025-08-08,1391.641835,2994.002667,996.400024,1411.590144,2510.167493,1436.515761,1893.800049,807.799988,3662.300049,406.823952
2025-08-11,1382.478557,2984.315549,998.799988,1411.787194,2504.809599,1427.386241,1866.0,825.0,3676.899902,408.440067
2025-08-12,1396.323287,3029.815464,998.0,1419.272648,2516.815472,1433.800049,1865.0,825.5,3727.899902,411.182568
2025-08-13,1386.263451,2978.933777,997.0,1412.378169,2481.989145,1427.699951,1872.5,824.950012,3716.0,408.92981
2025-08-14,1380.699951,2990.186411,998.0,1447.835268,2489.430589,1431.099976,1883.0,828.0,3708.5,406.530075
2025-08-15,1380.699951,2990.186411,998.0,1447.835268,2489.430589,1431.099976,1883.0,828.0,3708.5,406.530075
2025-08-18,1394.900024,2983.434959,1013.299988,1442.615149,2576.744318,1452.400024,1912.599976,838.0,3701.5,405.207807
2025-08-19,1421.0,2959.951147,1003.049988,1427.546011,2594.603793,1438.5,1931.800049,831.0,3654.0,400.99607
2025-08-20,1424.900024,3036.664852,996.0,1476.398089,2659.096958,1435.900024,1952.0,831.900024,3619.899902,401.82861
2025-08-21,1431.900024,3062.69327,998.75,1485.262351,2646.297558,1447.800049,1940.900024,833.25,3648.0,398.49843
2025-08-22,1423.400024,3029.130636,998.0,1481.618148,2637.764476,1446.0,1947.699951,826.0,3634.5,398.155588
2025-08-25,1419.5,3084.219946,988.700012,1515.794887,2622.38545,1435.900024,1940.099976,820.5,3617.899902,392.327723
2025-08-26,1410.0,3094.005179,985.700012,1515.203983,2683.90182,1427.900024,1925.800049,815.849976,3600.0,397.078189
2025-08-27,1410.0,3094.005179,985.700012,1515.203983,2683.90182,1427.900024,1925.800049,815.849976,3600.0,397.078189
2025-08-28,1392.199951,3078.83823,972.200012,1506.536644,2726.566584,1411.800049,1899.800049,811.0,3576.899902,396.19667
2025-08-29,1403.5,3048.01567,963.299988,1479.254311,2701.761455,1405.0,1900.099976,806.700012,3615.0,402.02454
2025-09-01,1363.199951,3063.769415,957.450012,1480.731802,2652.449133,1412.400024,1904.800049,808.299988,3628.600098,401.779663
2025-09-02,1384.5,3087.155404,954.799988,1489.990035,2671.40015,1413.900024,1917.5,810.5,3619.899902,399.477908
2025-09-03,1376.5,3074.33698,956.299988,1479.254365,2665.942813,1400.0,1892.099976,813.299988,3606.300049,404.76703
2025-09-04,1374.0,3050.951374,965.700012,1461.62428,2728.550925,1415.099976,1903.5,816.75,3624.899902,418.234792
2025-09-05,1381.0,3036.664997,967.5,1450.49452,2652.052018,1411.5,1910.699951,812.5,3609.100098,408.440064
2025-09-08,1386.0,2998.992959,973.150024,1436.016319,2623.973067,1410.599976,1899.0,813.849976,3579.899902,402.122469
2025-09-09,1381.199951,2994.198327,974.400024,1484.474342,2625.560504,1407.5,1904.0,812.349976,3550.0,402.51427
2025-09-10,1388.5,3055.550145,973.900024,1511.756824,2632.208178,1413.699951,1905.0,824.599976,3577.399902,405.207818
2025-09-11,1385.5,3071.499614,969.25,1504.468305,2636.97082,1408.0,1916.0,825.700012,3564.699951,408.146244
2025-09-12,1396.300049,3080.99106,970.75,1519.636122,2608.395199,1419.699951,1925.0,825.799988,3595.399902,408.489022
2025-09-15,1400.800049,3066.607039,972.349976,1504.468358,2573.172083,1426.800049,1913.0,827.799988,3607.0,405.795476
2025-09-16,1408.0,3082.263246,969.349976,1491.171937,2569.798895,1424.900024,1942.0,833.0,3674.0,405.844458
2025-09-17,1416.199951,3113.966174,974.400024,1503.680405,2570.890214,1426.099976,1950.099976,858.150024,3704.0,406.089324
2025-09-18,1422.0,3134.123415,979.650024,1531.553751,2589.543461,1432.800049,1949.800049,860.799988,3700.0,404.571138
2025-09-19,1417.0,3112.107103,976.700012,1527.909537,2584.384075,1418.0,1976.800049,864.450012,3705.0,404.130381
2025-09-22,1410.699951,3040.089741,971.200012,1491.861269,2567.020701,1409.900024,1966.0,868.200012,3693.600098,402.563226
2025-09-23,1395.0,3014.453159,968.200012,1490.186945,2555.213522,1403.300049,1955.0,874.25,3673.5,399.72278
2025-09-24,1396.0,2991.26281,956.450012,1474.132643,2555.908055,1390.900024,1937.300049,880.5,3709.199951,396.343562
2025-09-25,1384.5,2964.452057,958.0,1480.042239,2547.474399,1391.5,1950.0,870.150024,3704.0,394.727458
2025-09-26,1382.699951,2891.260738,951.450012,1456.404069,2525.546525,1372.699951,1944.699951,864.349976,3794.899902,397.567898
2025-09-29,1389.0,2866.308778,956.799988,1442.910689,2497.764898,1366.5,1928.0,873.5,3740.0,399.624802
2025-09-30,1377.099976,2852.610021,960.0,1430.303639,2506.595659,1356.599976,1907.599976,877.599976,3696.600098,398.400459
2025-10-01,1378.599976,2861.905847,969.599976,1427.644407,2530.11087,1379.400024,1877.0,876.450012,3688.0,397.665861
2025-10-02,1378.599976,2861.905847,969.599976,1427.644407,2530.11087,1379.400024,1877.0,876.450012,3688.0,397.665861
2025-10-03,1371.599976,2861.122909,966.75,1426.462525,2528.721872,1371.900024,1900.300049,873.0,3746.0,397.176142
2025-10-06,1377.400024,2929.226311,977.400024,1456.502703,2529.714065,1372.599976,1907.0,875.299988,3767.0,395.608953
2025-10-07,1395.900024,2939.891635,989.849976,1460.540787,2539.437456,1383.099976,1946.0,877.0,3766.0,394.335681
2025-10-08,1389.0,2977.563803,985.900024,1475.41314,2505.305789,1381.599976,1962.599976,867.799988,3760.0,393.503104
2025-10-09,1380.0,3000.069398,979.0,1491.171932,2503.321408,1378.699951,1948.800049,865.799988,3796.399902,393.160279
2025-10-10,1388.0,3003.983173,986.200012,1498.755747,2515.128495,1385.0,1947.599976,883.75,3799.0,395.560019
2025-10-13,1377.699951,2970.225428,981.0,1482.012027,2511.854353,1386.400024,1965.900024,888.099976,3784.0,392.719528
2025-10-14,1388.0,2962.103634,980.450012,1491.565892,2489.629044,1389.0,1964.0,884.150024,3786.800049,392.621575
2025-10-15,1384.0,2926.499514,984.900024,1466.154912,2512.052751,1400.400024,1976.0,887.5,3843.899902,392.621581
2025-10-16,1400.5,2921.883431,996.599976,1452.26751,2548.466398,1418.900024,1986.900024,891.849976,3885.899902,397.665871
2025-10-17,1423.300049,2935.436938,1009.0,1436.410293,2594.603757,1439.599976,2034.300049,894.75,3869.5,405.354721
2025-10-20,1473.800049,2969.026262,1020.0,1444.880559,2604.228024,1445.0,2057.0,913.650024,3887.600098,406.334205
2025-10-21,1474.0,2977.669286,1010.0,1463.594134,2586.368601,1387.599976,2058.5,910.0,3895.0,405.452701
2025-10-22,1474.0,2977.669286,1010.0,1463.594134,2586.368601,1387.599976,2058.5,910.0,3895.0,405.452701
2025-10-23,1482.900024,3042.687339,1020.5,1522.689382,2646.396543,1389.800049,2067.0,918.0,3966.199951,411.819248
2025-10-24,1459.800049,3034.830097,1011.950012,1519.734627,2563.845541,1381.599976,2033.0,914.099976,3939.899902,409.370589
2025-10-27,1485.0,3038.955047,1009.049988,1515.300049,2505.305736,1386.800049,2094.0,928.0,3948.0,414.023073
2025-10-28,1492.0,3035.026577,1008.0,1506.5,2506.298028,1375.800049,2102.600098,935.849976,3986.0,412.994616
2025-10-29,1508.300049,3021.080174,1012.5,1520.199951,2493.994711,1371.699951,2110.399902,942.049988,4016.699951,413.533338
2025-10-30,1503.099976,3009.09784,1009.5,1508.199951,2477.524081,1370.199951,2088.0,944.900024,4062.600098,413.0436
2025-10-31,1497.5,3012.63344,1004.450012,1497.099976,2460.160579,1362.0,2073.800049,946.700012,4045.899902,417.647111
2025-11-03,1495.0,3003.401364,994.549988,1491.400024,2455.596432,1351.599976,2081.0,953.400024,4041.0,412.994619
2025-11-04,1492.800049,2975.214004,997.0,1481.900024,2444.08709,1349.800049,2135.600098,959.299988,3990.0,405.991369
2025-11-05,1492.800049,2975.214004,997.0,1481.900024,2444.08709,1349.800049,2135.600098,959.299988,3990.0,405.991369
2025-11-06,1501.599976,2970.008538,991.049988,1483.0,2444.682292,1342.199951,2123.300049,971.400024,3978.0,404.816
2025-11-07,1498.400024,2950.365674,984.900024,1480.900024,2425.0,1344.300049,2048.0,964.849976,3892.899902,400.702244
2025-11-10,1501.0,2993.48167,990.950012,1520.0,2429.300049,1349.599976,2028.800049,963.200012,3943.800049,398.743298
2025-11-11,1498.800049,3001.14252,993.5,1533.400024,2433.699951,1360.400024,2056.899902,954.950012,3966.800049,399.673762
2025-11-12,1524.699951,3080.401515,999.0,1559.199951,2434.800049,1370.0,2079.800049,961.549988,3973.800049,399.72275
2025-11-13,1522.099976,3075.981924,990.099976,1557.5,2431.0,1390.400024,2107.0,963.950012,4022.899902,399.135078
2025-11-14,1520.900024,3057.517764,991.650024,1530.0,2430.199951,1381.199951,2107.899902,969.049988,4011.5,400.359418
2025-11-17,1523.699951,3067.732007,997.950012,1510.199951,2438.399902,1382.5,2122.0,976.0,4030.0,403.542696
2025-11-18,1527.800049,3049.562245,999.0,1506.0,2422.899902,1382.800049,2159.0,976.700012,4026.800049,401.38785
2025-11-19,1522.300049,3098.669467,996.549988,1543.0,2450.699951,1384.0,2166.199951,984.450012,4026.5,397.225089
2025-11-20,1550.900024,3108.000078,1011.599976,1555.0,2459.0,1388.300049,2169.300049,986.599976,4048.0,398.645337
2025-11-21,1557.800049,3113.401674,1008.299988,1551.5,2443.199951,1376.0,2174.5,980.599976,4057.0,400.114556
2025-11-24,1550.0,3122.142811,1011.450012,1585.0,2444.899902,1377.0,2165.800049,977.700012,4038.0,400.408375
2025-11-25,1559.599976,3093.562543,1006.099976,1550.599976,2424.199951,1376.900024,2170.699951,988.950012,4055.5,396.196662
2025-11-26,1571.599976,3121.258962,1006.950012,1560.300049,2427.699951,1377.0,2134.899902,999.0,4074.600098,395.657963
2025-11-27,1575.5,3123.22317,1016.799988,1574.300049,2459.699951,1394.0,2136.899902,988.549988,4140.0,397.616917
2025-11-28,1581.300049,3091.107009,1012.049988,1568.400024,2470.0,1398.5,2129.5,983.0,4104.200195,396.686387
2025-12-01,1577.5,3097.687374,1017.5,1574.0,2488.0,1400.0,2119.0,991.200012,4103.399902,397.176123
2025-12-02,1567.5,3087.865968,994.400024,1579.900024,2484.399902,1381.800049,2114.800049,980.450012,4088.600098,397.176132
2025-12-03,1552.400024,3154.553495,1002.299988,1586.0,2484.899902,1394.199951,2109.899902,972.549988,4046.899902,393.943893
2025-12-04,1560.5,3191.973355,1004.700012,1599.0,2483.0,1391.599976,2108.5,952.549988,4009.199951,395.266134
2025-12-05,1545.800049,3213.187842,1008.0,1631.800049,2422.0,1395.300049,2111.899902,973.299988,4048.0,397.029204
2025-12-08,1551.0,3201.696467,1006.5,1630.0,2355.100098,1394.900024,2114.399902,972.5,4047.899902,396.931265
2025-12-09,1542.5,3175.964471,1002.799988,1606.900024,2330.399902,1384.300049,2100.399902,964.0,4019.899902,396.196667
2025-12-10,1547.5,3167.419897,998.5,1608.0,2316.899902,1379.400024,2096.899902,963.950012,4030.0,396.0987
2025-12-11,1550.0,3151.116048,1002.700012,1607.400024,2313.0,1366.599976,2069.199951,966.5,4015.0,395.706912
2025-12-12,1559.800049,3165.455364,1004.700012,1601.800049,2309.0,1370.699951,2087.100098,967.0,4114.0,395.706931
2025-12-15,1558.599976,3180.384021,1001.799988,1610.800049,2299.0,1370.0,2078.899902,968.849976,4096.0,395.070273
2025-12-16,1551.699951,3162.509119,998.700012,1603.0,2302.699951,1368.699951,2106.600098,969.0,4103.799805,397.420984
2025-12-17,1550.0,3179.107227,996.0,1606.900024,2286.199951,1365.0,2128.0,978.5,4079.0,394.825417
2025-12-18,1551.5,3229.098653,987.400024,1630.0,2278.300049,1369.5,2116.600098,981.450012,4071.800049,393.699017
2025-12-19,1574.199951,3258.661033,988.0,1654.900024,2284.800049,1360.400024,2115.0,982.0,4091.5,394.384637
2025-12-22,1577.5,3269.170264,992.900024,1693.199951,2295.0,1371.300049,2151.699951,983.0,4098.5,395.364105
2025-12-23,1580.900024,3260.625246,998.900024,1679.0,2310.0,1365.0,2164.0,977.549988,4095.0,400.50633
2025-12-24,1575.699951,3267.696931,999.400024,1667.599976,2305.0,1368.199951,2137.199951,977.299988,4080.699951,401.094035
2025-12-25,1575.699951,3267.696931,999.400024,1667.599976,2305.0,1368.199951,2137.199951,977.299988,4080.699951,401.094035
2025-12-26,1561.0,3260.72357,997.200012,1668.800049,2290.0,1362.0,2123.0,971.0,4061.5,398.792269
2025-12-29,1558.099976,3229.294849,997.400024,1673.099976,2298.699951,1355.699951,2112.699951,968.900024,4061.100098,396.490485
2025-12-30,1553.599976,3209.160934,995.0,1647.900024,2298.0,1347.099976,2102.800049,976.200012,4063.899902,395.168212
2025-12-31,1577.0,3188.044767,997.599976,1628.599976,2325.5,1350.0,2121.0,985.650024,4094.5,395.462052
2026-01-01,1592.5,3176.357423,997.549988,1639.599976,2326.0,1348.400024,2123.899902,987.650024,4146.799805,394.433619
2026-01-02,1594.599976,3196.196709,1003.200012,1643.5,2357.699951,1356.900024,2125.0,1009.5,4172.700195,352.610113
2026-01-05,1611.800049,3189.026916,1006.400024,1637.0,2394.0,1375.5,2112.100098,1015.5,4195.0,346.684334
2026-01-06,1569.0,3204.937704,966.700012,1619.900024,2428.100098,1413.599976,2121.800049,1024.0,4185.0,343.501059
2026-01-07,1520.0,3241.670006,956.450012,1642.0,2421.899902,1429.900024,2103.800049,1022.700012,4180.0,337.477273
2026-01-08,1503.900024,3228.214376,953.0,1644.300049,2418.100098,1442.199951,2092.0,1011.599976,4169.899902,338.06495
2026-01-09,1479.900024,3172.035749,950.599976,1631.300049,2386.0,1429.5,2084.0,1008.0,4094.0,334.000163
2026-01-12,1485.300049,3193.937788,942.0,1613.300049,2413.899902,1424.300049,2048.800049,1017.25,4026.899902,332.530948
2026-01-13,1485.800049,3221.437848,947.700012,1618.0,2422.199951,1441.800049,2049.899902,1029.5,4028.0,332.530955
2026-01-14,1467.0,3201.794832,940.049988,1617.0,2398.899902,1443.900024,2034.0,1030.400024,3904.899902,329.102789
2026-01-15,1458.800049,3135.5,925.450012,1599.800049,2353.5,1418.400024,2022.5,1028.349976,3865.800049,327.878448
2026-01-16,1480.0,3221.899902,935.950012,1694.0,2372.899902,1429.0,2029.699951,1047.449951,3914.0,330.571993
2026-01-19,1450.599976,3220.0,936.150024,1685.0,2425.399902,1400.0,2023.0,1043.599976,3878.399902,327.780477
2026-01-20,1416.0,3160.0,934.5,1680.199951,2439.0,1387.800049,2018.0,1052.0,3874.300049,327.633585
2026-01-21,1412.900024,3138.5,932.150024,1657.0,2400.5,1371.5,2007.099976,1040.599976,3830.0,322.540298
2026-01-22,1419.5,3160.0,928.299988,1671.199951,2402.0,1358.0,2018.900024,1055.5,3801.300049,321.952647
2026-01-23,1407.0,3194.5,926.099976,1675.699951,2434.300049,1355.199951,2011.699951,1053.0,3799.399902,319.699831
2026-01-26,1407.0,3194.5,926.099976,1675.699951,2434.300049,1355.199951,2011.699951,1053.0,3799.399902,319.699831
2026-01-27,1391.599976,3175.0,931.200012,1689.400024,2421.600098,1369.099976,2003.800049,1055.0,3815.0,318.034744
2026-01-28,1409.900024,3205.199951,941.450012,1688.800049,2420.199951,1380.400024,1995.0,1065.599976,3828.199951,317.05529
2026-01-29,1402.900024,3200.100098,939.299988,1666.5,2374.699951,1387.699951,1970.5,1075.0,3960.899902,315.977857
2026-01-30,1398.0,3141.0,938.900024,1655.0,2385.0,1381.900024,1974.0,1082.5,3942.399902,318.475497
2026-02-02,1392.900024,3198.0,929.799988,1662.0,2360.0,1354.400024,1969.800049,1031.300049,3934.800049,308.925634
2026-02-03,1489.5,3350.0,994.0,1728.0,2399.899902,1417.0,2050.0,1089.800049,4122.0,318.083728
2026-02-04,1464.0,3120.0,957.200012,1584.900024,2393.5,1414.0,2034.599976,1073.900024,4107.0,314.950012
2026-02-05,1461.5,3029.699951,956.049988,1551.0,2423.0,1414.0,2022.900024,1081.0,4088.5,315.350006
2026-02-06,1452.800049,2985.0,948.099976,1525.0,2429.0,1410.5,2049.699951,1073.599976,4078.0,327.700012
2026-02-09,1465.900024,2977.0,950.0,1528.0,2439.0,1414.0,2055.199951,1150.0,4124.700195,328.700012
2026-02-10,1471.0,3011.600098,940.900024,1515.900024,2458.100098,1409.5,2057.0,1154.0,4174.600098,323.549988
2026-02-11,1470.0,2998.0,936.0,1505.900024,2470.600098,1413.0,2021.0,1187.5,4187.700195,322.200012
2026-02-12,1473.0,2880.0,928.599976,1435.699951,2479.600098,1433.0,2027.0,1203.699951,4199.0,320.399994
2026-02-13,1450.699951,2713.0,928.200012,1377.300049,2400.0,1434.400024,2024.199951,1201.0,4199.0,318.399994
