Date,RELIANCE,TCS,HDFCBANK,INFY,HINDUNILVR,ICICIBANK,BHARTIARTL,SBIN,LT,ITC
2016-02-16,200.865988,887.165337,221.155582,409.794892,680.067619,165.966988,267.840446,140.488355,626.84988,131.629566
2016-02-17,198.569136,888.509845,220.465876,411.054357,671.815995,160.321569,263.443974,136.516982,617.070558,129.567577
2016-02-18,202.816152,901.008545,224.603974,419.832766,691.168877,164.014432,269.803888,141.165326,646.06649,134.85696
2016-02-19,203.10867,911.865786,223.799343,425.118758,691.977036,165.754748,270.401471,141.797128,645.154204,134.924219
2016-02-22,204.571258,911.687645,225.983285,425.195106,702.950579,166.773492,274.883276,147.754237,650.17216,131.517475
2016-02-23,204.278775,892.603627,222.075138,425.95852,709.628143,161.510057,271.553905,142.609465,641.561796,131.181271
2016-02-24,204.11626,870.631963,217.56929,426.836333,704.524515,157.77473,271.169735,140.172482,632.951371,128.200409
2016-02-25,203.867102,864.481543,215.684164,420.25256,708.097343,154.124318,271.468605,136.291321,616.984886,127.303881
2016-02-26,204.614624,869.999411,217.247441,425.939348,715.497895,153.445166,270.614906,137.690331,622.858363,127.819386
2016-02-29,202.599452,836.537848,213.339278,407.733937,700.526235,154.251682,267.24283,138.096521,600.476913,120.131841
2016-03-01,209.024127,855.127399,223.420005,417.848083,695.932572,165.754752,264.852584,143.105913,616.414749,136.717219
2016-03-02,213.921212,892.405798,228.741983,429.374375,706.055584,179.210397,274.02956,155.697059,646.180559,142.746215
2016-03-03,216.142203,910.106064,232.190358,440.442746,719.45361,181.842069,276.590588,161.112624,646.893177,141.984181
2016-03-04,217.442314,929.308447,228.305214,442.389192,715.795679,185.959432,279.237038,161.112597,676.858737,141.087681
2016-03-07,217.442314,929.308447,228.305214,442.389192,715.795679,185.959432,279.237038,161.112597,676.858737,141.087681
2016-03-08,218.309047,911.371416,232.075439,437.923755,700.951716,181.926986,278.938206,163.730109,668.98963,141.648012
2016-03-09,220.71422,907.791673,231.443206,436.225269,703.120727,178.319009,280.261409,161.293116,671.726608,140.168756
2016-03-10,218.634087,915.623251,232.213347,434.85127,705.204816,182.181657,282.566304,161.924929,673.579857,140.236016
2016-03-11,218.980779,923.553704,232.880019,434.412399,707.33156,180.483779,285.12736,160.255121,667.906202,141.199769
2016-03-14,219.489988,925.531098,235.696214,434.526893,718.815592,185.619827,283.249229,163.098297,671.555692,144.337517
2016-03-15,219.955842,917.659872,234.868606,430.881867,710.776784,187.190413,286.834727,163.955761,670.329555,141.199758
2016-03-16,217.864826,912.43933,234.247894,431.87426,706.906147,185.534945,286.322404,163.910636,664.25668,141.648007
2016-03-17,221.753094,922.367105,232.454777,440.461824,717.114208,190.968162,288.584681,166.979433,675.4047,144.113382
2016-03-18,222.563848,933.441568,233.42027,443.496051,712.860816,191.986897,290.29207,167.88203,678.626564,144.337516
2016-03-21,224.10866,957.173225,237.305436,450.385184,720.601933,196.486205,292.981185,174.200155,681.049902,146.242587
2016-03-22,226.935369,963.699666,239.248025,447.312716,733.617213,195.764662,294.218961,175.554051,696.816595,144.449593
2016-03-23,224.031977,971.926334,239.213544,451.167442,732.04355,195.934416,300.493498,176.276122,701.549551,143.597904
2016-03-24,224.031977,971.926334,239.213544,451.167442,732.04355,195.934416,300.493498,176.276122,701.549551,143.597904
2016-03-25,224.031977,971.926334,239.213544,451.167442,732.04355,195.934416,300.493498,176.276122,701.549551,143.597904
2016-03-28,222.552883,973.607506,239.46642,456.377192,731.745723,190.076776,296.097065,169.371285,683.159767,143.57549
2016-03-29,223.549883,971.01656,240.064154,454.77432,730.384767,188.803365,295.414127,168.468731,678.569359,142.992765
2016-03-30,228.480175,972.994392,242.282577,456.300882,730.639907,192.538692,299.725182,171.943688,685.126959,143.709966
2016-03-31,226.288945,977.800082,244.845898,458.113836,727.747672,198.39633,295.840958,173.613496,690.829128,145.637419
2016-04-01,224.601676,962.750263,242.949269,456.129111,728.172988,197.547394,283.590709,173.297572,691.114499,145.90638
2016-04-04,224.667426,967.8524,244.604464,463.170905,732.68148,199.202828,286.450487,173.794007,696.588508,146.152932
2016-04-05,223.98814,965.894538,242.684891,463.342532,733.532296,191.010596,280.901637,165.445037,678.597746,145.32371
2016-04-06,224.075796,972.737395,242.937801,456.472637,734.127609,186.850794,283.035815,164.452183,674.292687,145.682285
2016-04-07,223.966219,971.807833,240.70785,448.457647,727.36486,186.044291,281.072369,163.369073,671.61269,142.992756
2016-04-08,225.960262,959.941905,242.363066,443.515161,719.496009,186.38391,277.956501,162.647002,673.437249,142.992754
2016-04-11,226.354684,954.404631,239.742326,439.335856,718.900599,186.001861,291.103091,164.27166,676.060494,142.096254
2016-04-12,227.46125,984.108536,243.51251,449.831669,731.745762,189.991874,293.79215,168.152811,688.29176,143.889271
2016-04-13,230.638568,993.759351,245.868919,445.156385,743.059606,197.844537,298.444692,172.214464,700.865319,145.458165
2016-04-14,230.638568,993.759351,245.868919,445.156385,743.059606,197.844537,298.444692,172.214464,700.865319,145.458165
2016-04-15,230.638568,993.759351,245.868919,445.156385,743.059606,197.844537,298.444692,172.214464,700.865319,145.458165
2016-04-18,231.263053,965.083745,246.351654,470.785191,754.118286,199.160354,300.664219,167.521,689.432272,148.394218
2016-04-19,231.263053,965.083745,246.351654,470.785191,754.118286,199.160354,300.664219,167.521,689.432272,148.394218
2016-04-20,226.968215,965.084182,249.098891,467.846265,759.775301,198.735903,302.286162,166.167114,711.642422,149.088999
2016-04-21,226.792918,954.088053,250.351797,464.907511,762.19973,209.050487,299.639858,171.492422,710.530487,146.847718
2016-04-22,225.543922,950.923981,249.478135,460.67101,751.140991,212.403766,298.572702,172.891408,707.936086,145.435752
2016-04-25,221.818828,950.172103,249.317262,458.419222,744.761074,213.210254,302.456915,176.727458,716.831649,143.62031
2016-04-26,220.767021,965.875017,251.156399,461.281582,749.184477,209.262718,303.395964,175.599212,718.68485,140.079145
2016-04-27,222.629544,979.283212,254.949601,468.895894,749.354731,206.503664,309.158268,176.456671,724.786285,146.152919
2016-04-28,217.140544,988.064068,255.259982,460.670925,740.933034,202.895684,316.286476,172.575504,714.721775,144.13581
2016-04-29,214.489102,992.770711,254.305929,459.907695,730.895005,196.358888,307.749771,168.288187,710.216908,143.485844
2016-05-02,214.302864,988.815628,256.558875,456.529851,727.32235,191.350161,304.24969,167.430739,704.79975,143.172056
2016-05-03,213.152493,977.740207,255.903709,447.236371,721.367669,186.765908,305.615527,165.760934,709.931793,140.751469
2016-05-04,213.207271,971.80766,256.156519,446.797469,717.96493,181.205403,306.725318,161.699265,707.080841,139.025714
2016-05-05,212.747082,974.398618,258.099141,450.785896,720.34676,181.46007,300.194695,161.112595,709.475725,139.675657
2016-05-06,211.892531,961.524162,256.846235,449.240081,720.304271,180.993156,302.542302,162.556747,715.063932,137.16544
2016-05-09,213.163428,971.570624,257.248528,450.594982,713.881699,186.001866,305.786226,167.024577,720.309839,143.216881
2016-05-10,214.302883,987.233128,261.179642,456.701625,719.32598,188.97314,307.621646,168.513863,734.451624,144.203055
2016-05-11,212.549892,984.859998,259.70835,455.136905,724.004638,185.66228,304.761886,166.167135,738.443095,141.692811
2016-05-12,213.656493,996.943716,260.352111,456.778096,722.516068,193.769611,303.652063,167.340465,747.709435,141.244558
2016-05-13,213.645535,992.830139,259.77732,455.00333,699.207478,189.652315,301.347122,166.347612,730.146451,141.266962
2016-05-16,212.790935,997.714602,260.363593,459.907613,694.996829,184.813325,292.682383,158.088917,723.474621,142.141088
2016-05-17,211.750089,1009.382924,264.67403,461.109865,706.906201,188.676018,297.590969,158.17917,732.54135,147.340816
2016-05-18,211.257059,999.119208,260.122195,457.197806,700.100927,188.294002,296.438561,156.644761,728.207618,146.040886
2016-05-19,207.203288,999.138894,260.237095,458.381025,689.339875,190.331454,293.151912,155.155472,718.51376,144.561616
2016-05-20,204.080762,997.833255,260.604923,457.999359,685.767057,186.426348,289.651849,153.936982,713.410178,145.592637
2016-05-23,202.831753,980.983925,260.512976,452.274313,691.636865,187.06303,291.529891,151.815899,705.940205,152.181938
2016-05-24,203.357671,972.83597,261.053258,449.449993,693.678263,188.124219,291.786048,150.191234,697.557948,155.386967
2016-05-25,206.228186,981.300094,263.524619,455.74749,703.545993,192.368888,296.225075,154.74931,713.381662,156.821391
2016-05-26,206.874586,990.832932,268.110889,461.854085,707.756877,197.802091,296.865323,156.599625,792.614655,158.502306
2016-05-27,207.893517,1008.828958,270.513249,470.060009,723.494263,202.131663,298.402027,163.82036,827.968735,159.667761
2016-05-30,211.454251,1021.248791,270.83506,473.838481,722.85629,202.725894,300.70691,175.644332,836.037393,162.126909
2016-05-31,209.591734,1013.338281,270.674229,472.884356,718.815446,204.848248,296.353197,177.088469,836.63613,160.495482
2016-06-01,208.561842,1016.897878,269.202927,475.555972,719.708768,202.980594,300.749606,177.449496,833.157859,162.218779
2016-06-02,207.093694,1028.368015,269.202871,478.609338,710.308856,201.707209,307.152154,176.501782,822.066761,162.310687
2016-06-03,209.449277,1036.476134,268.754609,480.918372,739.572042,205.442521,303.353353,178.682865,830.249714,162.011987
2016-06-06,208.72621,1040.315531,268.984491,481.319133,744.378143,205.442527,296.395866,180.23746,833.129245,161.460563
2016-06-07,208.518018,1044.231992,268.432721,479.029101,748.929462,207.734645,296.481247,183.026536,833.271914,164.056965
2016-06-08,207.981136,1041.234749,266.903969,471.49122,758.456741,214.611011,300.152012,189.793433,849.722816,165.757274
2016-06-09,209.525973,1021.133461,264.949876,455.629209,743.867814,214.950609,298.615442,190.479282,847.983475,162.034985
2016-06-10,212.177391,1020.334197,265.800459,451.787457,741.060682,213.507409,296.737339,187.735953,841.825246,160.86314
2016-06-13,211.026947,1006.267551,264.616516,450.204288,737.828096,205.82454,291.572549,183.072234,829.850334,158.841148
2016-06-14,212.396509,1006.366905,263.053276,450.686999,731.830682,207.395043,287.987143,186.364266,829.736419,159.829143
2016-06-15,213.371603,1007.865658,265.11082,455.243189,734.127705,205.102931,296.225099,190.707887,834.5263,162.563432
2016-06-16,211.903465,1005.647778,265.605092,451.787385,730.852637,206.248295,291.316489,194.822893,842.794518,161.34566
2016-06-17,212.571773,1022.65228,267.950017,453.717885,742.209084,203.735704,294.048271,193.496942,839.886504,163.298722
2016-06-20,212.111629,1035.759988,266.398213,455.494054,740.550098,202.436081,302.03007,190.113473,832.70152,163.183849
2016-06-21,214.675363,1055.581292,266.949956,461.652516,736.80732,204.688762,307.450878,194.914334,849.92238,163.367654
2016-06-22,214.105664,1051.724994,268.053407,458.756638,737.069813,204.298864,308.048498,193.359785,844.049063,162.012016
2016-06-23,212.549903,1049.147685,268.39827,460.764435,734.747484,204.515471,309.030235,194.548564,840.171565,163.13787
2016-06-24,204.529982,1004.728717,263.685482,447.887692,728.555218,191.562704,297.676337,185.175485,798.887105,160.932081
2016-06-27,206.085741,992.1404,265.076339,447.887722,735.564761,198.667204,298.572751,192.536773,814.283321,162.724284
2016-06-28,209.263028,982.449455,264.375201,445.995714,738.789989,199.273705,300.322743,196.971823,837.092434,164.953075
2016-06-29,210.358652,985.206595,268.793335,447.964964,754.270879,202.955926,302.414258,197.611976,842.366972,167.273784
2016-06-30,211.903471,999.213851,269.361215,450.957288,765.924832,207.331309,303.438624,199.257953,846.729121,168.261767
2016-07-01,212.549878,996.816104,271.597904,451.787343,762.097551,207.547895,309.585095,200.172407,855.738726,167.227815
2016-07-04,213.755086,991.880703,271.505125,454.142687,763.731546,209.583927,314.920574,203.007184,882.909957,168.192865
2016-07-05,214.806888,989.942058,269.326401,452.154181,762.742492,211.879906,310.396152,202.595692,884.991323,166.952091
2016-07-06,214.806888,989.942058,269.326401,452.154181,762.742492,211.879906,310.396152,202.595692,884.991323,166.952091
2016-07-07,216.088729,969.101656,269.07144,445.957028,764.247645,211.403393,309.585097,200.583935,884.221574,168.123916
2016-07-08,213.941359,960.509486,271.470322,445.37802,785.620048,207.54789,301.347179,197.977727,867.913012,167.158886
2016-07-11,215.946298,969.900812,273.741776,447.887694,792.414503,213.656086,305.658249,203.007193,886.445399,170.088482
2016-07-12,217.151479,973.437672,277.102593,450.976572,785.792122,217.251656,307.322855,204.973242,882.111792,170.260788
2016-07-13,220.032955,979.591572,276.581055,453.756577,789.060308,224.486152,306.554573,204.790368,879.916255,169.571467
2016-07-14,218.740107,987.484579,276.32615,449.432199,793.01646,224.962691,308.902186,206.664976,879.8593,168.951101
2016-07-15,219.890526,969.721318,276.998222,406.187765,801.617191,228.211726,311.932711,211.054318,887.928048,170.639935
2016-07-18,219.507061,971.339996,283.383788,407.404019,782.652838,227.475291,308.21926,208.676769,892.404332,170.674389
2016-07-19,218.093715,970.100702,281.344083,414.720837,763.731667,228.081758,305.274005,207.579433,890.465569,169.295742
2016-07-20,222.750086,978.353043,283.175157,413.137799,771.644181,229.987847,308.475321,209.591191,894.428538,170.915673
2016-07-21,220.219192,984.86671,283.349006,415.299944,774.482317,226.392264,309.457022,205.201836,884.991309,169.916134
2016-07-22,220.241112,995.876916,283.117247,411.863607,771.472134,224.269556,310.823008,203.098641,885.304738,170.364182
2016-07-25,220.734148,1003.986073,284.392025,410.435002,770.354131,225.915706,309.969292,203.647294,891.263729,171.639438
2016-07-26,222.454307,1014.884354,286.280987,413.272952,773.192164,225.352582,313.170549,206.573524,901.584903,172.673406
2016-07-27,221.084729,1019.692103,285.087363,416.439025,772.547221,227.691879,314.493673,207.396556,904.749696,169.7783
2016-07-28,221.983158,1032.533609,286.37373,414.701509,769.837968,234.319882,310.396155,209.682641,890.351573,171.122456
2016-07-29,221.753065,1041.328395,286.246227,411.786368,776.245432,227.042049,307.707022,208.859647,883.85104,173.293796
2016-08-01,220.230175,1054.550365,284.542704,412.500701,787.942279,215.04232,309.115615,206.024881,849.637348,172.018543
2016-08-02,220.504084,1077.708764,287.497851,415.068338,794.865723,212.269809,303.609414,207.853761,849.779848,173.018059
2016-08-03,217.26106,1061.381556,285.319136,413.253611,782.265895,208.414334,301.56059,206.482097,838.517804,173.19038
2016-08-04,215.486167,1056.253125,285.921797,413.157102,781.66381,205.035324,301.38984,204.104503,832.758592,172.466604
2016-08-05,218.477187,1054.549959,287.810735,409.27675,788.157257,211.490052,306.938762,207.487975,842.794602,173.087027
2016-08-08,223.210272,1053.368189,288.459755,410.261338,793.31762,211.879915,298.188573,211.877328,853.685901,171.984065
2016-08-09,223.725181,1033.254779,286.87202,413.716896,794.822772,211.836605,294.304326,212.746048,848.154795,169.640421
2016-08-10,219.561843,1060.960905,282.711615,415.145553,793.661596,206.334927,294.517786,211.282929,841.85379,169.433616
2016-08-11,219.035967,1067.99241,283.233118,415.164856,793.446586,205.815111,293.107358,206.75641,834.155639,169.9506
2016-08-12,222.848708,1082.617124,282.630489,409.276692,796.413714,208.977466,294.907108,205.20187,843.079648,172.535529
2016-08-15,222.848708,1082.617124,282.630489,409.276692,796.413714,208.977466,294.907108,205.20187,843.079648,172.535529
2016-08-16,222.520011,1071.318402,281.332571,396.921127,792.414563,211.273457,291.136127,221.890518,839.373094,174.706856
2016-08-17,220.701274,1048.941054,284.16019,397.886402,782.910901,212.443108,294.392889,223.399357,850.207516,173.845228
2016-08-18,222.629591,1053.789205,286.141928,394.411431,778.567638,214.652437,297.263957,225.456872,854.311819,173.362713
2016-08-19,220.679361,1041.72902,287.741228,393.233794,775.127407,217.944788,297.649679,231.812257,854.109891,172.156446
2016-08-22,220.701275,1016.206537,287.6369,389.623687,784.286951,215.475546,296.621176,232.269477,853.734618,173.36271
2016-08-23,220.219203,1017.769036,288.807349,393.870841,790.436401,215.518846,295.421354,229.526147,844.614292,172.535518
2016-08-24,221.533958,1029.328766,289.039186,404.257303,781.147637,214.739081,299.963632,231.812257,845.682123,171.70838
2016-08-25,221.095731,1012.079657,290.719593,398.504228,780.244693,213.222851,294.907105,227.331489,837.283361,172.50107
2016-08-26,222.322803,1008.553721,290.626851,392.693276,774.052224,210.710286,292.721662,224.816744,819.908531,173.741847
2016-08-29,224.842731,988.340136,286.524337,390.357297,774.912403,211.92325,287.32232,223.353633,819.215858,173.052516
2016-08-30,230.737156,1002.163257,288.320592,395.762909,780.588584,218.334664,281.751548,228.428813,841.526035,174.431143
2016-08-31,229.422398,1002.002951,293.315464,396.84393,784.243996,222.666707,281.837282,229.709043,848.712586,176.740373
2016-09-01,224.755078,996.47378,295.61007,398.465591,785.534027,224.182908,258.397266,229.663297,867.039938,178.601492
2016-09-02,219.627585,1000.08012,296.942763,396.226153,789.146302,225.482562,262.682432,230.120532,858.236993,179.394231
2016-09-05,219.627585,1000.08012,296.942763,396.226153,789.146302,225.482562,262.682432,230.120532,858.236993,179.394231
2016-09-06,222.410457,993.649382,299.005671,399.855602,793.231516,227.605211,267.953252,234.098373,867.674868,179.980146
2016-09-07,221.983181,970.811327,297.394757,403.098984,797.617839,235.792783,270.910041,238.121927,871.629024,180.600531
2016-09-08,223.5499,915.41922,297.510624,395.376713,801.144091,238.738538,273.395456,244.065856,878.065223,181.083044
2016-09-09,225.697284,929.562565,296.282249,396.36135,797.617958,234.016651,272.838364,240.819597,871.628967,177.188405
2016-09-12,225.511047,931.145274,294.706163,395.859328,784.759879,227.605227,269.195933,230.257697,842.709424,173.53504
2016-09-13,225.511047,931.145274,294.706163,395.859328,784.759879,227.605227,269.195933,230.257697,842.709424,173.53504
2016-09-14,228.085766,925.536095,293.292302,401.805449,778.352552,230.767627,271.767048,231.355056,840.515862,172.018563
2016-09-15,229.422409,928.240751,294.323688,399.758995,779.212614,232.370476,271.595669,232.452382,841.12202,174.052006
2016-09-16,232.073793,929.542598,297.557038,400.820819,782.136867,230.724292,275.195262,231.720828,847.673677,176.051049
2016-09-19,234.681401,941.562749,298.53051,402.075715,781.87882,232.023892,275.152367,233.366822,845.076062,178.015614
2016-09-20,234.254085,955.746005,297.614964,403.774678,774.826453,233.36683,272.281292,231.949424,847.702608,175.947677
2016-09-21,234.24313,961.876479,298.507298,405.821044,774.525335,231.287476,273.223978,229.206076,846.403641,174.396683
2016-09-22,236.434363,950.016701,301.439316,406.187787,776.847378,235.92275,276.523678,233.275391,852.580283,174.913683
2016-09-23,238.625568,950.037019,301.659496,401.554493,774.91225,233.843359,277.680616,232.086611,860.430621,173.569501
2016-09-26,241.090738,959.592587,299.85159,398.079487,762.441472,226.82547,273.481146,229.206082,843.690695,170.605466
2016-09-27,242.482159,962.036964,300.118186,398.986863,764.935796,224.399525,269.153189,227.057156,826.286971,168.882174
2016-09-28,238.033978,967.686344,298.762292,398.948239,757.926186,224.442847,266.624795,226.828534,830.32756,169.226828
2016-09-29,233.892558,969.449127,293.883338,395.376737,751.26083,210.796921,269.195993,222.667779,819.937394,166.124894
2016-09-30,233.651475,970.851362,293.755862,398.118085,743.950162,213.959304,264.053764,224.771013,814.771039,165.780245
2016-10-03,235.831759,962.036701,295.841873,396.187541,739.821869,216.688472,269.11023,231.03499,828.451526,166.504027
2016-10-04,239.282971,960.794526,297.209378,400.898157,738.617894,220.847261,270.910024,232.086617,833.156074,165.676867
2016-10-05,237.924389,952.019833,295.84188,400.396141,741.714261,220.587321,274.766718,237.34468,831.886205,164.884163
2016-10-06,239.282944,950.677619,296.456131,396.129626,751.690667,215.908729,273.481129,233.778332,834.685808,162.437069
2016-10-07,242.460233,944.848279,295.807108,390.009806,746.659333,215.04232,271.852787,233.412576,831.799496,163.195318
2016-10-10,239.72122,943.586332,296.386556,389.971165,752.077808,215.865394,269.967257,234.144086,835.291893,165.125394
2016-10-11,239.72122,943.586332,296.386556,389.971165,752.077808,215.865394,269.967257,234.144086,835.291893,165.125394
2016-10-12,239.72122,943.586332,296.386556,389.971165,752.077808,215.865394,269.967257,234.144086,835.291893,165.125394
2016-10-13,230.518017,929.903262,291.217825,394.372908,733.199541,207.158012,261.825414,224.816739,826.200436,163.33318
2016-10-14,232.632555,917.923539,290.650034,384.662146,719.868728,207.677848,259.168574,227.788718,830.414225,164.091429
2016-10-17,231.997099,939.319063,285.724718,392.809097,721.588762,212.746344,253.897772,230.4406,831.799566,164.401634
2016-10-18,232.720244,943.485875,287.173373,396.65086,730.18936,224.832744,254.58349,232.086595,837.60087,165.6424
2016-10-19,236.960261,949.69624,289.259364,400.010115,725.931885,228.081759,260.539808,233.046779,852.031742,164.33266
2016-10-20,237.540937,955.986666,289.954678,399.160613,721.244617,231.460722,261.396871,233.458274,855.783867,164.12589
2016-10-21,231.920436,960.894956,289.722921,399.031767,719.911519,237.482271,261.911136,234.189824,861.873737,164.573944
2016-10-24,232.413435,965.2009,292.284049,400.202451,726.104032,241.857643,260.239954,237.116058,858.237083,165.228798
2016-10-25,231.000071,956.543607,288.343835,396.182877,713.46105,246.579537,258.568616,238.442014,853.561412,164.160344
2016-10-26,230.539931,953.128472,286.257892,393.880484,710.881027,239.994862,269.795866,234.829931,848.857008,160.955031
2016-10-27,228.633555,950.316664,283.731403,390.680331,703.871487,238.262039,268.767425,232.54383,841.093117,165.194306
2016-10-28,228.721212,959.355574,287.42828,387.57793,717.11631,238.738564,272.752635,232.269474,844.498852,165.090907
2016-10-31,228.721212,959.355574,287.42828,387.57793,717.11631,238.738564,272.752635,232.269474,844.498852,165.090907
2016-11-01,229.510053,937.721917,289.03915,384.943711,721.303343,237.828853,271.038566,234.555615,842.767179,164.849681
2016-11-02,223.725187,921.993627,287.752792,382.446015,721.650252,232.846993,264.525099,229.11463,829.201976,162.057928
2016-11-03,223.637555,917.775304,285.492933,376.6313,723.94869,232.543767,261.653981,223.902304,832.376859,162.678327
2016-11-04,219.123592,921.592011,287.810739,375.031296,730.713649,229.901185,260.582692,219.741568,806.343453,170.295247
2016-11-07,218.915464,907.952948,287.405135,380.494873,723.818491,236.095998,260.282806,224.496675,803.716943,170.260796
2016-11-08,218.751079,907.932821,287.428275,378.777711,725.162788,241.077861,257.968776,227.377201,798.897074,173.845219
2016-11-09,203.784953,860.869139,277.056191,351.61619,692.985479,212.26979,242.584958,214.894995,747.580577,164.436102
2016-11-10,220.657483,860.045514,290.673213,364.884814,705.821656,248.398974,259.897074,242.556968,808.450325,169.261287
2016-11-11,218.049891,838.110579,293.338603,358.523689,692.204699,237.828855,255.69758,247.357865,800.051484,166.124906
2016-11-14,218.049891,838.110579,293.338603,358.523689,692.204699,237.828855,255.69758,247.357865,800.051484,166.124906
2016-11-15,214.642528,824.3306,289.873597,354.562616,679.325285,230.594349,251.969463,247.540758,786.919355,162.540466
2016-11-16,214.894511,858.920676,287.416731,362.367701,692.118006,228.904825,259.939875,252.524479,779.848187,157.198279
2016-11-17,213.514036,855.766955,283.963203,361.528599,696.454727,228.731554,252.955105,252.02151,785.043347,157.439533
2016-11-18,215.179363,845.34173,280.266316,358.055348,689.99325,227.258679,253.040772,251.335745,785.620501,156.543426
2016-11-21,215.442345,845.66307,275.433742,353.938181,687.478077,220.803938,254.926249,233.961216,773.498602,154.130818
2016-11-22,217.655465,852.512755,275.665488,355.772443,696.281291,224.659437,252.826538,229.663305,753.006547,154.061898
2016-11-23,219.025001,854.581756,273.753338,356.084617,706.949263,225.699127,256.383225,232.955315,778.116458,154.061892
2016-11-24,215.223201,858.5189,269.07146,360.31878,711.676208,223.533103,255.74044,232.772446,773.49849,153.096847
2016-11-25,215.694327,880.694981,268.399259,363.10912,716.099448,222.710034,255.954773,236.247341,771.420617,153.751698
2016-11-28,215.639524,904.678825,273.058029,378.777734,719.004999,219.634265,257.968726,226.782789,779.270888,156.681309
2016-11-29,216.505073,904.939957,272.687208,377.411816,720.088994,220.327406,271.509918,230.440579,778.722584,158.714778
2016-11-30,216.198285,900.822067,273.753391,375.050801,720.783017,221.756975,277.509221,231.080712,779.270957,157.956524
2016-12-01,218.027967,905.542651,276.511555,377.372793,729.326046,223.316517,268.724567,232.863874,792.432058,159.266208
2016-12-02,217.326795,885.917594,272.733548,375.070323,718.267872,221.670336,269.367414,231.355034,784.466118,157.163809
2016-12-05,216.1654,871.776258,272.68717,373.860517,721.606891,223.359845,272.109856,231.537921,778.751439,156.784732
2016-12-06,217.940344,871.736049,275.862537,375.284995,722.647759,224.876054,278.323385,234.418438,783.773471,157.956516
2016-12-07,218.323789,861.993972,270.485335,374.71908,721.650206,217.468266,278.623329,230.120529,779.27092,156.129814
2016-12-08,220.076784,867.758761,275.120898,378.563032,725.076067,223.879673,281.451636,235.972971,786.082326,157.37064
2016-12-09,223.571801,873.102049,275.352662,383.031418,725.379694,227.865148,282.051542,236.658836,783.31165,160.300181
2016-12-12,223.615641,868.964342,273.753364,376.670329,720.175858,228.601613,279.866127,239.859409,782.79206,159.886608
2016-12-13,225.160451,876.998789,273.16234,378.972856,715.448905,227.431959,279.394707,239.173559,788.045022,160.058929
2016-12-14,227.494122,879.409186,271.968697,384.046035,710.158367,225.265923,275.538021,239.859377,783.369438,159.921058
2016-12-15,229.783947,884.631939,269.69727,385.958293,705.691728,223.3165,272.109879,236.841699,778.693595,157.508462
2016-12-16,230.518017,904.718929,271.539908,389.373027,705.648293,220.803924,264.353701,240.545207,780.454255,155.785183
2016-12-19,231.032952,908.455,271.296594,387.948628,700.791401,220.717295,260.625536,238.533438,774.393238,155.337105
2016-12-20,230.770031,918.799968,271.574626,390.758407,692.508363,216.818456,256.340359,231.583662,775.894113,156.819141
2016-12-21,231.657465,926.252204,272.339552,389.568133,690.29684,217.641563,257.11167,232.360939,773.498565,155.440512
2016-12-22,230.287931,918.458351,270.809793,378.348422,679.845611,217.165021,248.75558,227.102873,757.364901,154.578874
2016-12-23,230.518001,915.485355,271.01839,379.94847,678.197807,216.731818,249.526896,226.599917,751.85223,154.268686
2016-12-26,228.907453,910.343391,271.203789,380.533796,680.886338,214.089251,247.42716,222.759247,761.001531,153.027924
2016-12-27,229.422379,916.570142,272.084626,382.446046,690.903815,213.7427,249.526903,222.302024,767.206721,154.647821
2016-12-28,229.444303,925.267784,273.730172,388.299801,699.056685,217.511568,254.369175,226.005526,776.962013,160.403587
2016-12-29,229.970231,925.207732,273.834498,385.62659,699.533575,216.645175,254.969063,224.496683,767.957197,160.127862
2016-12-30,232.950315,942.342101,278.12243,387.421724,709.898073,217.77149,257.197406,226.096971,775.807531,162.885133
2017-01-02,234.977193,945.053699,276.291359,389.997389,710.418508,214.955683,259.768544,221.844785,778.780298,164.470555
2017-01-03,236.894509,941.397685,274.831175,383.226608,710.765367,215.99538,257.111689,220.473142,780.540897,164.918621
2017-01-04,233.213254,947.423863,274.379212,387.226635,708.206796,216.948426,256.383208,221.479015,791.104352,165.504503
2017-01-05,234.188362,932.198146,274.216918,385.860729,712.933775,218.507941,265.724969,222.850667,795.433557,168.261754
2017-01-06,235.141554,906.768002,275.398962,377.782571,721.346647,222.839988,272.795501,224.496684,800.975003,166.952089
2017-01-09,234.681375,906.727644,276.314486,376.592342,718.441256,221.800289,270.995748,224.953906,794.683265,166.883163
2017-01-10,236.65348,920.587586,277.044662,377.743535,719.005036,223.793028,271.724161,225.319687,795.173818,169.364679
2017-01-11,237.529982,916.048153,281.726566,376.182573,719.958891,226.652171,273.224009,227.697257,805.246658,169.985067
2017-01-12,236.609647,925.609505,284.044322,381.48992,715.275433,229.987857,274.252446,229.114636,816.214227,168.296251
2017-01-13,237.650508,899.034614,284.762868,375.694697,715.622417,229.424672,270.824327,227.788699,826.719919,167.158878
2017-01-16,235.327787,895.0774,285.73635,371.694643,713.324105,229.424681,271.938526,229.251822,826.777566,170.329731
2017-01-17,227.559858,905.040316,286.535963,371.675163,717.053479,230.031162,271.767046,232.635268,831.222404,171.501578
2017-01-18,225.423398,910.12228,287.602109,370.660469,726.463932,231.114173,266.753379,234.647063,834.685763,172.190861
2017-01-19,225.916426,917.15263,286.246223,369.996995,744.634053,230.637673,266.539169,234.555602,834.137508,172.018556
2017-01-20,224.360655,909.941613,285.087326,369.177519,741.121503,227.475274,269.15308,228.886019,814.482575,174.879215
2017-01-23,221.928403,910.442023,286.431678,366.835982,738.562857,221.063851,270.31009,228.703163,797.684852,175.809771
2017-01-24,222.8487,922.609447,289.549094,366.874989,730.366855,221.497054,269.667314,232.269487,806.978418,177.395213
2017-01-25,222.66246,933.910539,294.381662,364.806678,742.379036,221.453739,261.396875,232.45238,819.908489,178.946165
2017-01-26,222.66246,933.910539,294.381662,364.806678,742.379036,221.453739,261.396875,232.45238,819.908489,178.946165
2017-01-27,223.286952,944.788129,298.530477,351.674814,740.514278,225.872414,265.939218,237.298956,827.383737,176.533566
2017-01-30,224.557859,933.950496,296.803745,362.484716,738.215959,233.670075,276.052236,240.865293,830.067863,176.120004
2017-01-31,227.95428,886.369487,295.980924,352.923557,738.302717,230.854252,294.007205,237.436094,823.718277,175.49958
2017-02-01,226.836734,868.440921,296.792162,353.235732,736.52474,227.691864,291.521799,239.21927,834.858988,178.187905
2017-02-02,227.505107,867.41401,299.596656,355.167525,730.106606,243.070615,295.035643,245.711886,848.712597,185.770378
2017-02-03,225.719205,882.723681,300.50054,359.440752,727.331115,241.554376,301.849129,248.729549,841.035426,186.459723
2017-02-06,226.146537,892.372729,303.965677,363.148115,737.218601,245.669797,302.23481,252.387376,853.96545,188.941239
2017-02-07,225.083752,896.824637,301.995569,362.367666,738.085819,247.186057,300.649262,252.661651,849.780666,189.975203
2017-02-08,223.944333,904.096848,300.883001,363.889642,734.920281,244.93339,297.306836,249.278204,859.651281,187.493667
2017-02-09,224.996119,914.632056,299.585117,365.489613,731.580978,241.381085,300.649286,247.677889,852.233849,187.941732
2017-02-10,224.72221,931.06984,300.848257,368.12379,735.180308,242.680739,304.291698,251.472858,861.383086,187.183474
2017-02-13,223.944314,959.815999,301.126372,375.753218,739.343555,242.204213,302.834778,247.083523,855.206526,185.149979
2017-02-14,225.675412,966.120831,302.238962,379.46059,732.882008,243.720398,304.248804,245.163153,857.775345,185.529122
2017-02-15,229.038935,956.894882,303.038575,378.075235,731.494222,241.381107,308.619736,244.202974,852.089303,186.942221
2017-02-16,230.638582,981.269402,306.005333,386.368052,732.058011,236.399276,308.791177,246.580594,843.373226,183.150975
2017-02-17,231.931366,967.732508,315.322776,387.402287,726.377082,238.998471,310.50523,244.797427,845.653293,181.979159
2017-02-20,233.695335,970.190451,315.021471,387.714424,735.05039,243.547129,317.232987,245.071735,851.454507,183.047563
2017-02-21,235.130572,989.145611,323.887059,390.270605,738.996443,243.633808,308.105529,245.666108,852.002864,179.773331
2017-02-22,239.282952,966.987322,323.296005,384.943693,738.953179,243.590461,307.762696,246.44339,850.155684,180.359256
2017-02-23,258.423429,972.970237,321.488156,387.655942,742.639391,244.370199,311.705073,246.534864,847.500411,180.324773
2017-02-24,258.423429,972.970237,321.488156,387.655942,742.639391,244.370199,311.705073,246.534864,847.500411,180.324773
2017-02-27,260.833745,995.148812,319.529612,392.963337,740.904636,240.081502,302.149114,244.705954,842.824822,177.739869
2017-02-28,269.193306,987.071263,320.897085,393.86091,744.287273,238.868503,305.448707,245.071735,846.317191,179.842282
2017-03-01,269.52203,995.128858,321.337485,394.19259,748.450459,240.211456,309.776752,246.717733,849.203185,180.876241
2017-03-02,268.875632,995.148673,318.984917,396.690261,757.47032,239.994836,301.849138,243.700079,848.539406,181.634481
2017-03-03,272.052872,997.304109,317.304526,390.407205,755.345389,238.305337,302.791856,241.642584,842.767206,177.946659
2017-03-06,277.24612,988.904079,318.254844,397.939051,751.312447,238.695246,306.134322,243.562925,847.384925,180.29032
2017-03-07,284.017052,997.163334,318.973294,395.987756,752.960213,238.262028,305.405868,243.608635,853.994459,180.014632
2017-03-08,281.814845,1004.072771,320.097487,391.987712,748.710439,235.749448,307.248494,243.242837,847.875597,181.634507
2017-03-09,280.806895,1008.847252,320.236584,389.860837,747.799775,236.182642,305.662926,245.437517,845.65331,180.807317
2017-03-10,276.358641,1012.835366,322.901969,395.480443,752.309958,233.41017,308.491218,246.443425,854.340706,181.048564
2017-03-13,276.358641,1012.835366,322.901969,395.480443,752.309958,233.41017,308.491218,246.443425,854.340706,181.048564
2017-03-14,281.628582,1027.782456,326.031041,399.148811,762.414075,243.547125,307.334209,250.375516,875.669604,182.806326
2017-03-15,282.757112,1004.737694,326.934947,393.177959,779.717031,246.146349,305.277301,249.3239,889.061652,182.806321
2017-03-16,283.458265,1009.632595,327.653448,395.441427,776.551321,244.716773,307.762691,252.433001,899.336429,184.391755
2017-03-17,284.433332,1011.143301,327.467991,397.763406,780.584375,242.290825,294.821426,250.101187,891.341654,190.802391
2017-03-20,280.116651,993.517005,330.504317,396.143863,777.115056,237.395632,290.750482,248.546651,886.204311,191.491691
2017-03-21,275.942409,993.114324,332.370109,397.587808,770.436861,234.883048,295.721325,247.037812,890.677824,195.076132
2017-03-22,273.148532,995.108644,330.469548,398.212231,775.423738,229.164759,279.223295,243.974393,880.518504,192.043172
2017-03-23,275.657488,985.942651,329.797385,400.631715,778.979885,229.424671,287.579359,243.882953,876.852991,189.630534
2017-03-24,277.947311,976.314037,329.58881,401.060956,777.982269,233.626773,289.850574,245.66613,889.81198,192.146562
2017-03-27,273.290982,969.344196,325.428347,399.812244,776.334439,235.836097,287.236595,251.655761,887.791671,190.457697
2017-03-28,272.173414,970.955545,327.525919,401.978143,778.416123,238.348676,290.193367,254.67341,889.581136,193.0427
2017-03-29,270.256113,977.240792,329.125242,400.339096,780.888032,239.691605,292.421681,258.925632,894.718499,193.146032
2017-03-30,274.561889,981.027752,330.295718,398.153636,788.563717,242.377467,293.278732,264.137953,896.017278,193.042641
2017-03-31,277.410445,972.969897,332.961137,393.373096,785.09436,238.868529,295.678442,263.817922,895.930652,192.146555
2017-04-03,292.979215,970.230219,330.5159,392.63162,784.400502,239.864905,288.179342,267.20133,910.07319,192.077619
2017-04-04,292.979215,970.230219,330.5159,392.63162,784.400502,239.864905,288.179342,267.20133,910.07319,192.077619
2017-04-05,302.412475,964.91232,330.875152,386.738785,796.326165,245.106686,290.621897,264.869515,951.20111,191.422735
2017-04-06,307.255095,963.925253,330.295709,387.129102,798.797957,241.94427,289.336352,266.515526,963.409845,188.320836
2017-04-07,307.331829,963.763937,331.118504,382.055768,798.971425,238.91183,292.893079,263.040624,964.621881,186.735382
2017-04-10,301.798902,968.941144,332.057209,370.777582,794.461383,239.2151,293.150166,262.034747,959.946566,187.562594
2017-04-11,300.221266,969.343866,331.790641,373.099534,795.545633,239.778251,293.835808,264.092238,964.56435,187.355807
2017-04-12,296.068891,960.077571,332.717837,374.777623,796.586402,240.991209,295.978416,264.366563,967.623705,192.697983
2017-04-13,295.236146,935.119275,333.077043,361.626166,796.629656,242.074247,290.750486,265.189552,965.401227,191.284905
2017-04-14,295.236146,935.119275,333.077043,361.626166,796.629656,242.074247,290.750486,265.189552,965.401227,191.284905
2017-04-17,299.103751,924.683976,331.037418,360.396815,791.078743,243.02728,290.021971,263.817894,964.506494,189.940744
2017-04-18,299.541929,927.464051,333.29724,358.679775,790.168191,244.803446,288.222209,263.726485,960.061931,191.698533
2017-04-19,297.471197,907.621821,333.29727,356.162671,785.788415,241.597693,285.179671,258.696988,959.282721,191.526125
2017-04-20,298.906505,922.992007,336.762367,358.465095,786.005026,235.489539,289.722016,258.056909,960.061809,191.870832
2017-04-21,302.07284,927.041015,336.843441,359.460278,783.620077,231.330784,291.650432,255.359256,969.75934,187.976182
2017-04-24,306.81688,919.587582,346.972169,356.2992,779.326623,229.77122,290.236286,256.868089,976.109059,186.907736
2017-04-25,312.492181,927.725762,354.528117,359.245545,783.229623,233.929981,292.593116,260.617326,1002.084804,188.803406
2017-04-26,307.342776,927.867138,340.354878,355.206506,798.190826,236.529212,301.677724,259.108508,1004.393785,194.386817
2017-04-27,307.25509,917.633354,358.352462,357.470011,811.981273,236.832456,303.177524,257.005292,1006.702549,196.11013
2017-04-28,304.8009,913.745915,356.266438,357.31386,808.468621,236.442595,300.392141,258.331229,1004.509155,191.18153
2017-05-01,304.8009,913.745915,356.266438,357.31386,808.468621,236.442595,300.392141,258.331229,1004.509155,191.18153
2017-05-02,299.388561,918.580315,354.70194,357.118771,801.399958,238.262045,297.13544,262.53769,995.735264,190.595597
2017-05-03,299.103725,913.947364,356.787892,358.113966,800.185576,235.013015,294.692882,261.348896,990.539976,189.906265
2017-05-04,296.704312,930.183399,352.905686,362.504188,809.899673,245.929754,294.564288,268.02436,994.003312,190.354332
2017-05-05,290.338696,927.645327,353.763268,359.031003,823.342957,255.113692,294.092905,267.155613,983.151321,190.526682
2017-05-08,288.881604,933.769048,354.284784,363.713972,820.524246,259.922212,295.078479,268.755912,984.24789,187.872769
2017-05-09,289.297935,939.75185,355.235045,367.655552,821.781933,258.535981,294.478599,269.990395,984.190389,186.804384
2017-05-10,291.576863,933.084153,356.254914,365.723805,827.506226,257.626259,288.39365,267.932922,999.256253,187.49365
2017-05-11,296.17843,935.803329,357.170388,365.879956,846.456963,259.532383,310.633751,269.258863,992.617967,188.872304
2017-05-12,294.513056,934.715762,356.057863,371.304412,841.513263,254.117329,309.819617,270.676253,996.658627,188.906743
2017-05-15,292.201345,943.397962,357.4601,370.387234,845.242671,258.362706,309.733874,272.047921,1002.373275,189.906273
2017-05-16,293.844714,956.230158,358.850794,369.548303,851.747743,260.831934,313.204913,273.739647,997.207004,191.629581
2017-05-17,295.323803,976.193156,359.604143,368.338516,859.596886,263.821043,318.132858,279.363474,998.909913,192.491207
2017-05-18,290.141553,983.948319,358.816003,367.94828,852.571579,263.994313,315.904549,276.162911,990.770886,190.974673
2017-05-19,287.051917,1001.574824,358.155439,369.899484,867.315807,263.127914,315.518925,276.162947,979.889862,194.352327
2017-05-22,288.191352,1011.244167,362.292708,373.294669,875.121786,261.828332,318.304238,268.115774,998.043918,200.797483
2017-05-23,285.298931,1012.855561,362.733064,372.338503,879.458324,262.348163,317.961519,262.674819,997.120515,205.588182
2017-05-24,283.787015,1019.160517,362.037755,370.582384,887.697953,262.781355,313.376287,257.553898,968.374061,205.346963
2017-05-25,284.08279,1034.611524,363.219826,375.031292,893.595734,265.120703,309.176848,259.291393,976.686265,203.589166
2017-05-26,284.860656,1033.261677,371.100236,382.680223,895.417092,273.394924,315.818896,263.251043,1012.388224,206.484258
2017-05-29,292.661511,1032.99997,374.936203,380.767994,900.924468,271.878647,315.304643,261.405631,1019.401818,209.207102
2017-05-30,295.488165,1017.28761,374.588575,381.919256,913.544006,272.441822,316.547366,259.329496,1012.475006,213.722122
2017-05-31,292.705287,1018.495662,376.210967,380.436212,920.265599,276.080734,315.433177,265.00426,1010.570203,211.619719
2017-06-01,289.900462,1019.302028,375.608414,379.808998,920.395783,274.434614,313.547711,262.605146,1009.011652,214.239098
2017-06-02,288.585732,1028.367043,376.917956,382.047677,907.299259,273.481555,316.93304,264.219929,1026.386398,217.272058
2017-06-05,288.333789,1031.449024,376.63978,379.214644,943.63986,275.647548,318.261426,264.588965,1029.503508,219.352256
2017-06-06,287.271055,1059.590188,377.798733,382.126937,942.772542,275.25764,314.533322,264.450581,1022.952002,216.551744
2017-06-07,286.832798,1038.056035,377.87981,374.44006,946.675552,277.900228,317.96152,265.004228,1023.442579,217.286878
2017-06-08,291.007092,1013.459654,380.4989,375.68811,944.116802,276.817201,314.276183,265.511706,1022.576745,216.621764
2017-06-09,291.653499,1001.574853,380.139597,365.722904,945.374529,273.871394,313.890559,263.712407,1016.86196,213.331074
2017-06-12,288.585767,995.289782,384.75203,372.498437,939.303187,272.788384,311.576531,262.328312,986.441643,211.790799
2017-06-13,287.271039,996.884574,384.983803,377.055132,949.754388,271.965292,310.333827,261.128802,1002.402218,211.580791
2017-06-14,288.344751,1000.143622,386.374443,376.896718,949.017267,273.264925,309.862466,260.759701,1001.391873,209.445345
2017-06-15,297.810876,979.774186,383.268607,376.262714,955.434962,273.524799,312.347828,259.606351,998.621265,209.69039
2017-06-16,300.045943,972.237213,384.311692,370.873902,944.030015,273.481562,309.048278,261.359514,993.252943,211.790783
2017-06-19,304.625639,979.835493,386.698964,367.704021,945.634661,274.694466,311.319397,263.251042,999.891216,215.711525
2017-06-20,308.405513,969.711499,389.352769,370.101206,946.328385,276.635047,313.462054,263.52786,1004.509195,215.711541
2017-06-21,307.704316,976.596175,389.294812,370.89373,948.800227,278.123849,312.390718,265.97305,1010.743382,215.081407
2017-06-22,312.842754,971.626324,391.983527,370.517315,955.658908,276.875173,310.676608,268.556668,999.94917,215.781571
2017-06-23,313.478251,958.997025,388.275055,371.66639,940.738443,273.369197,311.319408,265.557841,992.271684,216.061614
2017-06-26,313.478251,958.997025,388.275055,371.66639,940.738443,273.369197,311.319408,265.557841,992.271684,216.061614
2017-06-27,312.251134,949.871691,383.882837,366.020104,951.239681,272.264563,312.819235,255.407911,973.165173,217.741913
2017-06-28,305.797925,951.256633,384.242149,364.930418,948.833134,277.355436,314.961816,252.593686,970.538751,215.011413
2017-06-29,304.603696,946.408728,385.232061,367.149292,948.833075,278.652197,323.703658,250.65596,978.735607,216.061661
2017-06-30,301.305889,946.40885,383.342162,368.100237,931.112171,276.154805,319.332748,248.856705,958.965137,217.216876
2017-07-03,300.418432,954.556767,384.333745,370.319194,946.076506,277.355499,322.932311,251.486408,965.949598,238.255896
2017-07-04,304.362717,957.388059,385.442045,376.183444,948.483011,277.211388,324.046409,251.025035,964.564278,235.420329
2017-07-05,312.031952,955.330655,383.808833,374.598491,946.90812,277.115293,319.975475,251.301884,969.817079,231.219523
2017-07-06,315.099743,953.334285,385.290316,374.123036,950.714491,280.813364,320.489708,253.377975,975.704943,231.954696
2017-07-07,315.537966,947.386694,386.841946,369.705008,953.689902,277.787736,328.245909,257.622503,975.647272,233.179885
2017-07-10,326.296978,969.161656,387.553597,372.458775,953.864881,278.556121,334.373752,261.313358,988.231313,231.744695
2017-07-11,325.836831,988.329484,388.965152,379.056133,959.990612,277.307446,337.202023,261.128778,998.621431,231.044518
2017-07-12,328.137592,989.999735,386.970315,383.850458,966.991529,277.211366,338.059042,261.313331,1001.911743,229.224121
2017-07-13,332.656605,988.57346,391.893306,382.008032,989.744148,283.406838,342.564096,264.40443,1016.666945,231.744675
2017-07-14,334.732746,967.552588,390.108387,382.780684,984.756093,282.878542,345.571338,265.050386,1016.272747,234.405161
2017-07-17,339.470281,970.48556,391.275006,385.930707,988.913109,287.008835,348.793338,267.264851,1018.77053,224.533264
2017-07-18,333.727776,976.16843,391.356662,388.743991,1004.008607,289.602337,349.008114,267.587812,1023.766099,193.517268
2017-07-19,334.081158,983.888995,392.406593,383.989155,993.682142,289.506229,349.910268,268.879596,1025.518803,200.378611
2017-07-20,336.532778,990.162706,393.876485,383.137317,1001.995946,287.92139,357.514275,267.633919,1030.690186,201.918918
2017-07-21,341.226147,991.812543,396.641364,384.900542,1001.995527,284.511459,345.914948,265.973047,1025.606654,200.623637
2017-07-24,350.071839,1013.992382,395.474747,389.338317,1009.915533,289.698363,348.879231,268.233727,1026.395313,201.708879
2017-07-25,352.854727,1028.86297,404.352499,390.764823,1000.245444,289.890434,359.705144,271.878419,1021.487353,203.634244
2017-07-26,353.627781,1040.546911,404.224173,392.428948,998.801495,292.531918,362.36872,272.432062,1021.925567,204.089335
2017-07-27,350.811712,1007.660169,408.668893,383.077821,1017.003854,293.300421,353.518921,273.308676,1028.060755,200.763669
2017-07-28,348.52579,997.650632,410.897071,381.294874,999.020315,282.254213,350.726533,272.75505,1010.970169,201.043721
2017-07-31,352.501389,1006.229805,412.168646,390.982756,999.457806,284.559481,352.273117,274.969547,1034.283244,199.188368
2017-08-01,351.507447,1017.66949,413.486894,395.579034,1009.871526,289.506247,355.495134,284.150574,1026.921202,199.53844
2017-08-02,355.173799,1005.821682,415.785112,391.161052,1014.859733,287.873355,354.635924,281.705379,1027.622513,199.048339
2017-08-03,357.150576,1007.639566,414.000235,388.407224,1013.372173,282.926577,355.065538,275.984527,1023.3718,196.492865
2017-08-04,356.719937,1016.443489,412.075365,386.74307,1016.872483,282.302208,353.647821,274.600464,1025.168362,195.792689
2017-08-07,356.156677,1013.665634,416.473344,382.642107,1025.054683,284.991733,357.814913,281.566962,1027.184224,195.652719
2017-08-08,350.469393,1019.834346,412.063725,378.422122,1033.499435,282.254168,355.79583,277.922253,1020.17285,191.48689
2017-08-09,350.071865,1018.609008,410.255444,382.186375,1029.430325,278.412043,353.991488,276.907266,1006.1498,189.316492
2017-08-10,348.514755,1015.769549,408.972178,384.088196,1020.547744,251.228784,354.249246,269.43324,999.13811,189.561511
2017-08-11,338.586818,1014.400975,403.909196,384.187333,1000.726748,269.238892,352.273075,256.007706,998.238683,189.106449
2017-08-14,344.771068,1006.230303,407.840573,387.178864,1003.920918,276.202837,348.105937,255.131139,992.738352,189.386465
2017-08-15,344.771068,1006.230303,407.840573,387.178864,1003.920918,276.202837,348.105937,255.131139,992.738352,189.386465
2017-08-16,342.385712,1007.128886,407.968949,383.949571,1007.246201,275.962649,346.90302,253.008897,996.508662,189.981622
2017-08-17,344.804191,1005.86252,409.182164,395.460189,1019.497758,279.804816,348.793295,258.360644,1003.428499,194.56751
2017-08-18,343.037288,1009.661798,406.67403,350.349102,1023.391935,279.324547,354.635892,254.669787,996.2868,193.79732
2017-08-21,344.605423,1019.017604,405.55408,344.722531,1034.681092,280.717296,358.717157,252.224598,997.706281,196.702894
2017-08-22,343.677782,1018.077807,405.227463,340.760188,1039.669085,280.621264,357.900914,250.240753,987.459606,196.282794
2017-08-23,343.03728,1010.376754,408.30721,346.267957,1035.249899,283.646978,364.473784,253.008899,988.657447,197.157958
2017-08-24,345.54406,1015.688029,410.442113,357.540696,1028.51156,284.943688,367.73875,256.053886,998.948388,196.807942
2017-08-25,345.54406,1015.688029,410.442113,357.540696,1028.51156,284.943688,367.73875,256.053886,998.948388,196.807942
2017-08-28,344.815216,1005.413315,410.255488,371.666404,1031.530476,286.336475,369.629022,257.437938,1001.432291,195.54765
2017-08-29,337.924216,1006.618281,405.507446,366.733293,1035.249673,286.336496,367.180285,254.715892,996.597308,195.617651
2017-08-30,340.408924,1005.045254,408.318924,366.158746,1038.968936,287.585167,367.309115,254.669768,1005.158434,196.457844
2017-08-31,347.642313,1007.721128,409.800468,361.720931,1045.13864,285.279899,364.430788,253.008913,1002.940639,196.317842
2017-09-01,353.164004,995.424385,410.897066,360.571853,1056.38333,285.423951,361.89613,255.223405,1003.872085,196.52787
2017-09-04,352.46822,996.016526,407.397272,354.033987,1044.657188,282.878541,355.452171,255.038873,995.399788,197.438045
2017-09-05,358.034055,995.628686,408.540582,355.519904,1043.388348,284.991753,341.876716,254.623669,995.665755,197.158004
2017-09-06,358.420573,1000.919503,405.507357,352.647195,1050.389051,282.686424,345.012822,252.501403,989.987956,192.712125
2017-09-07,360.01077,1001.348117,410.663719,353.578305,1053.364245,280.573248,339.428027,251.993948,992.072884,188.721381
2017-09-08,358.729729,1001.960823,413.206917,349.516924,1051.964132,278.604172,340.759782,250.148457,1006.09002,189.036417
2017-09-11,360.695489,1000.919085,417.686601,346.168738,1055.37703,277.643582,342.392221,248.71823,1022.502723,190.086584
2017-09-12,360.894288,1003.778747,424.242915,348.20939,1070.253919,279.036413,341.962615,249.594839,1081.898395,192.257061
2017-09-13,363.102911,1011.214118,425.57279,349.081106,1089.681157,279.708815,343.509228,251.440267,1071.252533,189.701566
2017-09-14,371.93749,1009.866004,427.322733,349.318871,1076.467364,280.189031,341.103494,251.255757,1074.800864,189.316501
2017-09-15,368.734949,1015.218419,427.777668,353.518977,1081.280351,279.468643,337.967402,249.041211,1066.417467,187.776179
2017-09-18,372.423406,1016.95425,432.22237,359.105824,1090.38121,280.621281,339.55692,248.626,1081.055435,186.410902
2017-09-19,369.728828,1017.873469,431.06748,357.996372,1114.490361,278.171907,335.604547,245.857871,1082.785457,184.905664
2017-09-20,373.306911,1010.846816,430.530817,359.561532,1098.344889,278.171887,318.764204,246.780555,1089.57224,187.461123
2017-09-21,369.397568,1013.175341,427.136036,359.838813,1092.13162,272.456696,334.87423,246.688286,1072.361185,187.006052
2017-09-22,359.215647,1018.077748,424.639531,351.85475,1079.967404,264.868459,336.163055,240.921305,1043.351071,186.971012
2017-09-25,355.681811,1018.384102,418.246563,352.290543,1082.942907,264.676291,332.855084,234.739107,1015.80464,182.665206
2017-09-26,358.773917,1007.455563,416.47343,354.351011,1051.045536,265.828994,329.117571,236.215453,1021.127523,182.770206
2017-09-27,351.397067,1010.621722,412.973634,354.667944,1039.625384,264.532229,330.191612,230.217794,1003.8276,179.794614
2017-09-28,344.638555,1001.73611,411.410397,354.350997,1043.256889,258.528929,324.349003,230.217786,1000.722559,181.404937
2017-09-29,344.152631,989.275717,419.098222,354.628396,1022.998095,264.868412,325.766688,233.493452,1003.428558,180.249716
2017-10-02,344.152631,989.275717,419.098222,354.628396,1022.998095,264.868412,325.766688,233.493452,1003.428558,180.249716
2017-10-03,346.913399,991.543267,419.296564,357.243485,1024.748307,264.29213,329.074609,231.232779,1000.766994,180.984901
2017-10-04,351.441208,990.705703,418.421575,355.480238,1031.486937,264.244113,323.146086,231.924804,1005.469,184.240494
2017-10-05,361.623102,990.460481,418.363264,356.213225,1035.424687,260.401921,320.611515,229.940974,1001.166315,185.115683
2017-10-06,363.367909,991.9516,418.573254,358.174622,1043.256662,259.873668,324.950439,232.616859,1006.932868,185.290703
2017-10-09,365.753275,997.26267,417.756656,362.156784,1054.545852,260.546006,324.392036,234.600672,1010.348278,186.515964
2017-10-10,367.078448,1001.429995,418.258316,368.318192,1054.501968,258.528885,322.200996,235.938631,1009.816073,185.640757
2017-10-11,369.28714,1003.67664,417.080014,367.704062,1048.901256,255.695352,331.652242,231.094365,1000.1459,185.15066
2017-10-12,371.981699,1024.205714,417.173339,364.355862,1064.347119,253.63012,339.986483,229.29506,1006.267556,184.835594
2017-10-13,385.785764,1030.74225,425.106163,367.525744,1077.42964,257.040081,361.552497,230.863682,1007.952985,184.975629
2017-10-16,380.462942,1043.835997,429.772532,369.685195,1093.838182,259.681519,371.347375,230.77143,1011.945496,185.885809
2017-10-17,383.069134,1053.028478,429.095931,368.298378,1112.259032,262.419102,391.023126,231.278907,1011.36865,186.20087
2017-10-18,386.514664,1054.029071,429.072581,365.70304,1102.632854,251.901146,393.085244,223.804913,1009.682785,187.006039
2017-10-19,398.883115,1050.351966,429.45756,366.594587,1097.119817,246.474132,398.240448,222.513119,1008.707267,188.336286
2017-10-20,398.883115,1050.351966,429.45756,366.594587,1097.119817,246.474132,398.240448,222.513119,1008.707267,188.336286
2017-10-23,401.577676,1040.730871,428.384321,367.743678,1083.905345,246.378101,408.121227,223.574244,996.464175,186.09587
2017-10-24,410.01477,1049.555714,432.339061,365.168099,1097.38237,244.937258,424.145403,226.942142,999.037164,186.30588
2017-10-25,410.588995,1046.657059,416.473385,362.652035,1107.096071,273.129096,424.360148,258.222273,1020.328956,187.776175
2017-10-26,411.251583,1031.459244,410.138833,372.498467,1096.944618,283.358813,431.706381,292.962502,1072.716338,187.041015
2017-10-27,408.910401,1036.539022,415.073451,374.043777,1090.381276,274.233665,414.994889,286.134392,1082.69671,187.251096
2017-10-30,411.074916,1057.5952,418.19994,372.87493,1076.379775,283.598947,417.615436,286.595776,1086.02362,184.450539
2017-10-31,411.781648,1065.623685,419.798134,369.62378,1076.773311,286.528582,418.173934,280.782643,1074.180043,184.765622
2017-11-01,417.7671,1056.427299,422.773037,370.949649,1090.429906,290.466763,438.193334,285.48852,1076.398032,186.445921
2017-11-02,417.10448,1067.856652,423.927891,369.623873,1090.474223,299.111653,455.892926,289.317779,1067.925197,185.745767
2017-11-03,415.29345,1066.238344,425.012795,368.398467,1085.145344,301.65708,461.649545,288.441194,1074.357442,185.465726
2017-11-06,410.368141,1069.904991,425.246177,370.688528,1087.743674,299.351753,452.928694,296.607262,1081.011092,185.045637
2017-11-07,398.905215,1092.149078,424.81453,371.974102,1080.168873,297.142534,439.997669,291.11707,1067.348825,184.590569
2017-11-08,390.534405,1113.532762,424.40625,380.672363,1082.1507,291.907591,415.080815,282.95105,1071.87334,185.325701
2017-11-09,394.04614,1113.962809,424.89617,380.973649,1093.248776,294.693142,425.563065,284.381266,1069.832813,181.545
2017-11-10,388.369931,1103.33217,422.854703,381.676742,1095.979035,298.775435,426.680102,285.580773,1079.680428,181.61497
2017-11-13,385.852085,1106.896606,418.806545,381.415601,1117.9552,300.648479,426.722973,304.265812,1071.873232,180.634789
2017-11-14,385.631143,1109.128795,419.973161,378.96487,1126.763025,297.574776,425.133467,302.189664,1070.853098,179.23451
2017-11-15,387.817727,1106.609561,417.173343,379.466993,1108.530555,300.312265,415.42449,297.345415,1069.965934,175.313789
2017-11-16,391.152836,1100.710628,418.853204,381.074119,1097.608452,303.530139,413.405362,298.63727,1072.583099,176.714023
2017-11-17,401.312643,1107.531188,423.041294,387.763487,1119.760733,311.022279,421.911444,310.032795,1077.906237,179.234544
2017-11-20,399.766621,1104.130993,426.739459,384.589525,1115.224446,304.682758,420.150142,305.649894,1085.890651,180.109712
2017-11-21,408.822045,1092.128656,428.395942,385.714557,1120.377221,305.018944,424.875728,304.496492,1075.466208,178.674436
2017-11-22,407.916481,1094.750265,430.367518,387.020199,1113.022589,305.49921,425.691982,301.728335,1078.039148,178.954482
2017-11-23,409.33007,1093.357391,428.839297,389.310331,1111.569176,302.761706,424.016524,306.018953,1074.623425,179.514584
2017-11-24,418.496044,1095.03712,429.539211,397.827724,1103.642268,303.482066,425.305312,305.880559,1076.575524,180.669803
2017-11-27,416.994125,1090.571714,430.612493,399.073254,1101.484466,301.128717,421.868479,302.697187,1077.906166,180.1447
2017-11-28,414.387859,1093.766752,433.003995,394.252001,1111.921487,299.447814,421.181167,305.603757,1072.582968,179.234538
2017-11-29,415.668882,1085.574229,432.992367,393.850238,1112.890334,299.976086,421.00933,301.912905,1075.244673,179.934657
2017-11-30,406.171657,1074.513306,429.305869,389.049102,1108.046167,294.164825,421.696684,293.885254,1072.583107,178.289356
2017-12-01,400.959255,1073.89919,430.262486,384.509252,1096.815743,292.387882,414.006821,287.195545,1071.695906,178.289339
2017-12-04,396.387317,1066.299721,426.996078,389.129503,1093.248514,290.370743,414.565322,287.103255,1066.195689,177.519173
2017-12-05,395.548052,1076.622945,421.606385,393.327984,1105.4038,291.715523,409.710786,284.934875,1056.924508,176.784061
2017-12-06,401.445138,1070.355333,419.739853,395.336775,1105.932222,286.384511,411.558054,287.426244,1054.839815,175.628847
2017-12-07,407.717697,1071.236001,420.696454,395.979564,1120.421269,288.353614,416.025892,288.302796,1061.049956,175.033697
2017-12-08,405.972908,1063.862505,423.239589,399.75619,1137.376692,294.885256,442.575298,287.979871,1080.301455,177.414184
2017-12-11,403.543367,1068.512028,429.30589,399.334325,1155.301325,296.085934,450.522938,290.747985,1078.127762,184.345501
2017-12-12,401.091826,1068.122885,423.694556,402.568548,1152.65844,294.212861,447.257982,290.332802,1065.04229,182.385127
2017-12-13,402.28445,1065.5012,423.496258,400.82088,1150.500734,288.353606,441.801997,287.103262,1051.291314,180.35474
2017-12-14,401.423058,1036.866429,422.772996,401.483785,1148.783087,289.458199,439.052547,285.580807,1043.395408,180.319753
2017-12-15,405.376613,1039.221954,432.922388,406.525871,1154.37623,290.610835,442.27462,287.426249,1065.485732,184.450526
2017-12-18,381.059281,1021.811916,422.143011,404.095178,1145.87645,275.674512,425.391209,277.184076,1042.419578,181.369926
2017-12-19,406.392561,1050.630565,437.740365,401.584183,1168.380918,296.326111,446.957243,293.79298,1076.442075,184.205501
2017-12-20,405.067341,1044.875183,434.823877,402.166765,1174.546587,299.207679,452.327276,292.039777,1072.583248,183.925428
2017-12-21,401.975252,1056.919086,435.185534,401.122144,1184.763576,299.784022,448.503781,291.024804,1097.423666,183.155266
2017-12-22,401.665992,1061.077154,434.380605,408.19323,1181.416697,301.41689,449.749634,292.039814,1111.618419,183.54035
2017-12-25,401.665992,1061.077154,434.380605,408.19323,1181.416697,301.41689,449.749634,292.039814,1111.618419,183.54035
2017-12-26,405.57533,1078.036309,433.202306,411.005641,1180.271914,300.840629,451.296216,291.855242,1115.433316,183.890419
2017-12-27,405.95082,1069.392855,431.907412,412.773462,1182.605897,299.784001,455.892918,288.856427,1110.110273,183.190305
2017-12-28,405.99495,1067.405772,433.505609,411.327004,1188.022576,298.247125,455.463336,283.873758,1108.469039,182.770193
2017-12-29,405.729973,1072.690516,435.873814,413.817983,1189.079747,300.168232,448.503786,285.165575,1107.138153,183.610377
2018-01-01,400.870942,1079.429027,431.755722,413.817977,1180.315835,296.902395,451.425083,282.628082,1114.191255,182.910243
2018-01-02,400.385024,1073.366402,433.633982,411.005582,1170.186722,295.365503,439.782862,278.060656,1102.613522,182.350121
2018-01-03,403.322483,1077.87244,431.919056,409.237861,1175.867685,300.168234,442.274575,278.798789,1110.287639,182.455167
2018-01-04,404.493122,1081.477479,432.339072,405.622013,1181.548722,299.207699,442.059825,279.721541,1135.660462,182.455145
2018-01-05,406.503001,1085.574282,432.934029,404.175531,1187.538318,299.303741,445.539523,281.982218,1160.412472,183.365321
2018-01-08,407.938605,1098.621519,433.447322,409.820423,1187.846259,300.26429,441.801996,281.428556,1167.953297,184.310496
2018-01-09,408.159456,1096.449905,432.805682,413.376036,1194.36419,298.48725,433.639559,279.859907,1176.736394,185.360706
2018-01-10,413.239338,1103.864997,433.342335,415.043304,1193.483537,298.295196,433.295895,276.814993,1168.973809,188.371297
2018-01-11,413.018492,1139.729763,433.09735,423.962551,1195.245239,296.374068,432.350812,276.814953,1164.89277,187.706158
2018-01-12,414.454107,1122.667864,433.972233,430.109482,1195.245156,297.382659,433.467746,277.322423,1161.964873,186.340907
2018-01-15,417.524195,1120.414991,433.937285,427.919908,1201.410732,307.612437,431.70636,278.245181,1174.252219,186.935991
2018-01-16,406.392549,1126.764325,439.863607,434.408353,1201.190543,313.663781,422.212176,272.478197,1174.03056,182.59516
2018-01-17,400.650032,1172.481548,440.271886,451.182092,1203.392526,320.867809,422.255142,269.986881,1171.280349,181.719988
2018-01-18,404.228046,1174.898085,447.516437,454.838183,1189.608236,329.464636,423.586947,277.276342,1198.072512,186.690984
2018-01-19,407.320167,1189.481577,447.796392,456.405033,1189.12346,327.351425,415.424465,279.121761,1200.778306,189.806569
2018-01-22,415.22715,1199.837019,455.705918,454.797924,1185.952838,331.193563,419.290947,280.551955,1143.733641,190.22667
2018-01-23,430.687766,1268.841991,453.407684,464.038605,1189.123498,336.620666,419.978288,282.674224,1235.910322,191.521893
2018-01-24,425.232343,1265.803539,455.110892,469.060645,1175.911582,337.917372,391.066086,291.763005,1232.982592,193.272253
2018-01-25,422.361097,1265.125985,455.087552,466.951248,1197.491164,336.860782,381.872587,287.74921,1234.934247,195.057575
2018-01-26,422.361097,1265.125985,455.087552,466.951248,1197.491164,336.860782,381.872587,287.74921,1234.934247,195.057575
2018-01-29,423.752596,1281.961729,461.503917,468.136533,1204.229298,341.567407,373.796117,286.964864,1258.000672,192.537122
2018-01-30,419.202701,1290.872265,462.938816,467.132262,1224.399705,336.66864,378.123645,286.964833,1248.02008,190.401684
2018-01-31,415.911813,1272.352851,463.603723,458.875901,1200.17777,330.040964,377.388614,284.058321,1252.677555,188.931374
2018-02-01,413.725279,1268.328603,463.207114,449.39425,1189.960557,330.233106,371.940543,281.428589,1246.644989,187.216085
2018-02-02,397.999675,1274.344203,452.987733,454.034621,1190.84119,320.531656,359.574183,272.66275,1250.947553,189.596527
2018-02-05,389.518424,1263.421632,444.669891,456.344802,1181.37269,314.144034,355.596233,267.587828,1202.197774,190.331684
2018-02-06,384.747743,1225.706089,428.442587,439.992916,1144.158868,300.648514,361.952334,261.036498,1148.2139,187.741145
2018-02-07,393.140608,1210.287315,434.532193,443.367807,1151.249427,316.881551,369.346176,267.587792,1179.930087,191.836974
2018-02-08,394.178667,1215.030174,435.48879,448.590654,1149.663785,316.497433,367.530148,269.940733,1182.591616,190.891769
2018-02-09,391.373675,1189.427923,430.262505,444.352076,1155.433272,309.917713,362.946841,272.201427,1169.372974,187.496144
2018-02-12,398.463465,1213.613304,432.840709,441.057673,1174.238432,310.494026,364.373717,263.112632,1183.966818,188.546339
2018-02-13,398.463465,1213.613304,432.840709,441.057673,1174.238432,310.494026,364.373717,263.112632,1183.966818,188.546339
2018-02-14,406.834265,1187.72366,437.39042,438.004191,1173.225573,304.058423,368.654323,253.747068,1193.769859,185.605747
2018-02-15,409.992658,1192.897687,437.472067,443.146819,1179.170642,309.437409,369.000233,253.055033,1194.479505,185.395737
2018-02-16,405.553269,1200.247499,437.623703,449.213468,1187.317699,306.219648,361.822601,249.179593,1171.45759,185.955828
2018-02-19,403.54339,1188.832178,433.750603,450.097441,1170.406744,302.761733,348.678027,236.815208,1141.782091,183.785397
2018-02-20,405.862466,1202.259814,433.692263,443.448134,1169.569727,303.818251,358.968878,244.33535,1142.003725,183.54037
2018-02-21,407.342274,1215.461098,432.152419,458.012128,1165.298131,303.241967,360.914564,246.734429,1134.684514,184.45054
2018-02-22,406.392583,1241.104554,429.667544,458.192845,1156.710037,301.561051,357.455485,248.626026,1132.023247,185.850781
2018-02-23,407.607316,1228.621575,431.732382,460.724086,1162.831996,305.7874,360.698367,251.440279,1135.926923,186.305904
2018-02-26,413.725285,1240.570551,439.466932,455.742114,1159.352562,310.39798,363.941387,252.685927,1158.638184,186.235898
2018-02-27,414.49827,1245.005395,443.30499,452.246835,1175.074949,307.036063,366.924757,245.396499,1181.083307,185.885814
2018-02-28,416.640676,1240.673315,438.171998,459.03673,1154.728309,298.82349,368.308465,240.644499,1162.718972,184.170488
2018-03-01,417.855474,1240.077961,435.838838,464.460418,1157.590929,292.24381,368.178705,241.059713,1164.937145,184.030456
2018-03-02,417.855474,1240.077961,435.838838,464.460418,1157.590929,292.24381,368.178705,241.059713,1164.937145,184.030456
2018-03-05,407.099318,1245.395681,433.563948,459.31784,1139.53466,287.489105,361.130776,238.75293,1151.496452,182.035073
2018-03-06,399.810738,1244.245881,429.18923,459.458404,1135.52685,282.590365,355.077356,235.292747,1131.136045,178.884456
2018-03-07,392.279262,1239.462039,426.622776,457.228744,1137.200481,274.08962,338.34396,227.034422,1117.828658,177.519197
2018-03-08,394.598357,1226.732839,427.439393,461.628026,1131.122761,277.835686,341.586822,225.41967,1117.163039,180.459788
2018-03-09,402.439083,1222.503594,430.239218,464.259546,1132.7967,279.22852,343.792017,232.201626,1135.571847,180.809836
2018-03-12,405.310295,1246.442484,432.432364,470.768113,1139.798716,282.158119,349.369816,228.141665,1150.653527,184.100467
2018-03-13,406.988883,1179.306077,432.805718,472.134129,1157.106572,287.777257,363.335958,230.310054,1148.036707,187.076044
2018-03-14,406.039153,1180.558385,431.172432,469.703404,1154.860816,286.048306,361.952341,230.67917,1146.217874,185.745781
2018-03-15,401.975292,1172.5715,435.185527,470.868565,1139.975211,288.545678,360.828133,233.032082,1146.306399,185.675775
2018-03-16,391.395782,1151.794216,430.834188,469.763834,1128.392537,285.664098,357.714957,230.771418,1118.183429,181.229897
2018-03-19,394.024086,1157.953254,430.040837,459.076803,1147.901909,279.75678,343.056959,227.080565,1123.018376,180.844824
2018-03-20,391.837461,1157.542824,428.197636,461.467276,1150.324407,278.796292,339.597855,226.388522,1131.136142,180.284741
2018-03-21,394.598352,1170.272248,430.075875,466.931295,1149.443695,276.010687,347.81327,228.00327,1148.879304,181.124902
2018-03-22,395.680594,1159.00113,432.829034,464.159173,1153.010998,269.815269,356.374539,222.051734,1143.556331,180.529767
2018-03-23,392.743065,1148.940652,428.664291,458.956323,1130.770547,262.755284,350.407576,214.393202,1119.159277,178.35939
2018-03-26,394.244927,1142.165156,427.789365,459.619121,1143.27792,265.060593,351.618266,216.146367,1124.925857,176.784042
2018-03-27,396.232702,1159.206213,437.705411,462.069856,1163.668472,270.295492,353.001921,228.833707,1154.202207,179.864656
2018-03-28,388.723346,1160.006377,437.717056,452.487836,1164.593005,266.165172,341.932733,229.479611,1146.572789,178.07931
2018-03-29,388.723346,1160.006377,437.717056,452.487836,1164.593005,266.165172,341.932733,229.479611,1146.572789,178.07931
2018-03-30,388.723346,1160.006377,437.717056,452.487836,1164.593005,266.165172,341.932733,229.479611,1146.572789,178.07931
2018-04-02,391.594552,1166.165858,441.088455,450.49907,1158.251658,248.587323,337.695307,225.973283,1164.005571,178.849464
2018-04-03,391.04235,1187.559605,445.871535,453.231144,1179.082491,251.084721,338.343949,229.064406,1169.328562,180.284709
2018-04-04,394.046218,1187.518461,438.277002,449.976791,1179.875131,255.022925,339.814036,226.526943,1144.62108,180.004677
2018-04-05,399.103979,1199.159435,441.01849,453.632967,1200.265931,257.136115,338.257457,230.679139,1163.074011,178.884456
2018-04-06,399.766592,1201.705252,444.65825,450.820526,1200.045742,266.069114,331.296005,235.154335,1157.928387,182.070055
2018-04-09,403.101622,1196.962693,447.131439,444.573058,1204.493574,263.523712,325.718206,237.691799,1169.151082,182.6652
2018-04-10,403.808434,1201.356338,446.454823,444.111075,1221.66897,268.038194,323.858919,238.52225,1178.155771,185.605756
2018-04-11,404.647694,1209.527734,444.564942,448.570617,1220.392343,271.208031,331.512268,236.492273,1188.801678,184.415535
2018-04-12,408.247834,1235.130007,444.681599,451.985596,1230.565074,272.360653,327.923353,232.755257,1193.725411,183.015241
2018-04-13,410.235587,1286.108801,447.761446,462.130155,1232.414825,274.521852,324.983133,230.402345,1189.333846,182.035056
2018-04-16,410.147291,1277.341802,447.936381,442.745012,1237.391429,272.88894,323.85892,228.003283,1194.25784,182.035095
2018-04-17,413.460287,1292.309023,451.261181,447.968026,1250.559279,275.482414,323.556262,227.541923,1202.286739,183.925424
2018-04-18,413.040591,1291.754574,450.316218,447.505963,1268.351579,277.595633,330.647408,226.342385,1198.560605,187.636146
2018-04-19,413.018502,1299.92608,451.004539,451.222287,1275.706352,275.96265,333.328228,226.250101,1208.141926,192.712163
2018-04-20,406.92263,1330.414975,450.806221,456.786772,1269.408412,268.662598,338.516888,220.990634,1205.657874,191.486907
2018-04-23,410.147259,1391.823442,434.042255,464.139045,1277.159466,264.388162,343.186717,220.80608,1202.552921,192.537103
2018-04-24,413.018516,1372.50375,449.371265,462.069932,1273.372081,268.326389,342.970476,221.082914,1199.447975,192.292046
2018-04-25,425.62995,1381.76317,446.104856,460.101269,1276.322787,265.925073,356.28805,218.453173,1203.83922,190.926762
2018-04-26,425.055688,1423.625907,445.929865,466.047418,1285.835541,264.484216,350.62377,214.531591,1180.018943,191.136797
2018-04-27,435.325882,1404.326697,446.221472,471.75246,1294.687464,265.108542,346.775491,215.223638,1200.778593,194.917537
2018-04-30,424.061771,1411.553777,450.024586,474.343824,1298.783129,271.159939,349.542797,225.60422,1225.441657,195.757744
2018-05-01,424.061771,1411.553777,450.024586,474.343824,1298.783129,271.159939,349.542797,225.60422,1225.441657,195.757744
2018-05-02,426.292459,1425.391681,454.037677,474.484453,1290.06339,264.67632,351.099386,221.221284,1233.248741,196.212802
2018-05-03,423.730517,1425.021933,454.03766,472.515825,1269.760713,266.357245,345.045903,220.298588,1219.497765,198.173173
2018-05-04,419.644466,1424.857788,458.774047,464.03861,1275.089579,267.365901,340.722056,221.774959,1208.31934,193.132228
2018-05-07,422.449485,1400.589906,460.803891,472.274757,1290.371403,271.68826,342.019207,223.34356,1212.134175,193.867365
2018-05-08,426.358795,1394.758827,456.044204,466.469249,1302.262381,288.161458,343.14343,225.696493,1203.129635,197.438073
2018-05-09,425.055712,1412.621144,456.405833,467.252651,1309.088716,292.243785,343.489344,227.265094,1207.653995,197.087954
2018-05-10,430.356413,1412.620935,462.437128,467.192527,1303.583518,293.636598,349.283361,227.265106,1202.242253,194.147396
2018-05-11,431.902513,1413.565802,463.370377,468.478077,1308.075597,295.413529,329.912338,227.034437,1210.360013,195.86278
2018-05-14,431.438698,1400.549221,469.530026,470.065068,1315.95894,293.108269,327.145039,228.972129,1221.626906,197.438063
2018-05-15,431.416605,1409.95244,472.866442,477.336962,1330.447687,293.012203,327.188305,226.895999,1214.440788,196.527847
2018-05-16,420.726696,1427.013209,470.638246,475.890662,1327.0127,283.646958,323.426538,222.005617,1205.391829,195.722733
2018-05-17,415.889749,1427.32136,469.553344,471.49131,1374.267642,282.446275,316.032688,222.5131,1197.673192,194.952539
2018-05-18,411.693259,1419.930397,467.45347,471.270424,1376.953959,273.36919,307.039,219.468137,1163.961115,193.237222
2018-05-21,407.320206,1444.588203,463.38206,470.065099,1385.542152,276.394905,307.168727,221.728807,1163.073946,194.987548
2018-05-22,408.6012,1434.589501,463.253758,471.631963,1372.462105,275.530399,304.055505,222.374702,1167.598587,194.672518
2018-05-23,401.599761,1429.374742,458.097416,474.68532,1374.92835,277.403428,306.347176,234.646852,1166.62264,191.1018
2018-05-24,402.041503,1438.14147,456.452495,481.314549,1365.283464,279.708771,308.63888,240.506074,1176.736278,190.261643
2018-05-25,403.94097,1466.966611,464.280318,490.47483,1371.669333,282.97457,317.373082,242.259238,1181.482604,191.895382
2018-05-28,405.553232,1431.42781,468.036734,484.528667,1388.140493,281.773931,320.659209,245.488755,1192.439134,194.501554
2018-05-29,403.918903,1432.248854,473.356449,484.608891,1377.306324,276.923216,321.048389,242.489903,1220.20734,194.537275
2018-05-30,400.473326,1429.990618,470.439949,484.367877,1371.405142,271.592227,322.561771,239.860196,1204.01671,193.252025
2018-05-31,403.985118,1429.344425,488.402055,486.236109,1391.399114,268.278321,321.048406,242.812896,1202.996281,192.50231
2018-06-01,405.707886,1421.229413,493.333003,489.028186,1392.63242,275.530427,322.172596,244.150836,1208.851755,192.14527
2018-06-04,411.052813,1418.165353,478.528313,486.939289,1372.285973,274.281729,320.05392,241.105855,1201.22213,191.002875
2018-06-05,415.668868,1416.964552,475.017923,488.947966,1362.641078,271.928408,309.200895,240.736768,1176.913703,190.538689
2018-06-06,416.397735,1420.317702,480.183708,490.173511,1371.801388,270.007343,313.135671,241.936316,1180.817369,191.217047
2018-06-07,421.610161,1427.439769,482.109134,497.385097,1387.259229,275.818575,324.291327,247.657136,1196.741697,192.859289
2018-06-08,424.326825,1436.71405,477.835612,500.619369,1392.984556,274.233703,321.913135,246.365327,1180.905613,190.645815
2018-06-11,432.476771,1443.338642,478.727883,504.235148,1395.5391,272.02444,326.669465,252.040072,1186.140274,191.46695
2018-06-12,433.028945,1451.61986,478.63397,502.386928,1400.823879,273.993534,328.226041,252.82434,1192.88265,192.252382
2018-06-13,437.09284,1488.883051,475.276176,508.955985,1426.455076,275.098172,322.821172,261.728587,1200.334834,190.78862
2018-06-14,436.165249,1477.289899,475.487506,507.971497,1407.782136,272.888962,322.994146,259.560156,1188.802004,189.931789
2018-06-15,441.399734,1481.099215,474.853541,508.341991,1400.471694,268.950735,320.140348,255.223376,1173.941637,188.218123
2018-06-18,444.823135,1508.8814,471.754053,519.59974,1412.362465,272.21657,318.281093,254.162319,1171.99002,188.146722
2018-06-19,438.925992,1507.928878,474.149191,509.597368,1400.20732,276.971228,319.275598,248.902829,1159.569643,187.539785
2018-06-20,439.45615,1505.941439,475.487612,509.576869,1406.63685,279.516656,320.356607,250.148492,1153.315221,187.825405
2018-06-21,451.139911,1505.113243,480.665061,508.753473,1409.263928,282.92659,314.605817,247.38035,1140.894963,185.933225
2018-06-22,445.463637,1490.166748,481.322629,510.893929,1403.051323,283.983136,316.767761,245.211919,1138.676753,185.647608
2018-06-25,442.747023,1495.507832,486.770128,516.162598,1426.479963,277.403497,321.524053,246.549867,1121.598871,185.469091
2018-06-26,430.798199,1507.928845,488.366831,521.204853,1432.559002,273.465285,322.734703,244.888988,1118.804432,187.182768
2018-06-27,428.097151,1532.977984,490.750064,520.937367,1418.448908,263.187531,322.648231,240.829017,1090.326206,186.718654
2018-06-28,418.13626,1512.317805,495.728047,525.321138,1416.363136,259.153257,318.713462,235.938634,1069.921583,184.933584
2018-06-29,422.004964,1525.566853,494.29567,528.202315,1424.749642,258.961146,324.550731,238.245431,1093.919368,185.861814
2018-07-02,425.562484,1524.573242,484.469021,540.859513,1442.143379,260.305929,316.119155,234.370003,1102.658029,185.683304
2018-07-03,427.05212,1537.780963,485.020806,548.165584,1450.973801,261.458531,316.594745,236.584554,1105.452468,186.468738
2018-07-04,431.788067,1537.863711,485.819082,551.08805,1455.100259,260.305891,313.654551,234.831365,1102.924168,187.218462
2018-07-05,426.273964,1541.962867,491.348877,521.966331,1480.614387,260.065718,311.016959,235.431158,1105.053392,188.146684
2018-07-06,428.897607,1558.151796,495.763351,522.336976,1484.16383,256.511757,311.233159,235.800233,1104.432361,192.894996
2018-07-09,437.346551,1553.886907,494.91795,526.473628,1485.584061,259.345389,312.703238,238.014775,1120.667202,194.358766
2018-07-10,444.683838,1549.125667,498.968343,532.750654,1489.22244,261.170338,313.481585,242.120858,1129.139821,195.001375
2018-07-11,452.621493,1568.502626,501.269569,531.536416,1490.065548,256.944041,312.097929,237.968611,1128.119713,195.465495
2018-07-12,463.627375,1623.445679,505.308232,528.696322,1524.853427,258.432816,311.622305,240.967434,1131.135917,195.144194
2018-07-13,480.258507,1634.624578,507.91469,534.417785,1529.956319,255.551246,309.027943,236.953593,1142.003714,192.21669
2018-07-16,477.168013,1637.481517,508.067223,530.034011,1547.571676,246.378096,298.175049,231.601867,1133.708804,192.573696
2018-07-17,475.633861,1643.726369,507.949804,540.324445,1489.310933,249.739956,294.024117,231.09437,1125.635653,192.288086
2018-07-18,479.057912,1653.724846,510.391766,540.859473,1443.873813,250.700508,286.241158,236.353858,1138.233366,191.074224
2018-07-19,483.082276,1634.599349,509.769552,538.842516,1458.650232,249.163668,291.948665,236.4,1111.618422,190.110266
2018-07-20,494.444007,1646.216119,509.79307,543.864129,1445.471468,251.468913,294.326804,238.56838,1113.880636,193.252027
2018-07-23,494.977629,1647.875404,502.032663,550.017831,1473.647768,254.878886,298.347954,240.459959,1119.78035,197.893206
2018-07-24,492.442903,1646.340281,504.13415,558.147159,1475.333767,262.563143,307.211941,245.027365,1136.459059,202.463015
2018-07-25,491.019953,1633.271829,507.186712,562.03692,1453.857549,261.506543,297.050885,245.119691,1165.425113,202.213097
2018-07-26,492.62081,1622.236242,508.360629,563.580506,1459.892317,262.467049,304.704119,253.008931,1147.326791,202.927135
2018-07-27,494.555169,1609.956021,512.986463,563.210007,1456.697383,271.063931,304.098781,263.066512,1153.758605,210.638643
2018-07-30,501.60343,1602.695681,507.045801,554.854394,1465.172499,282.638408,307.255195,266.849694,1145.508182,214.208806
2018-07-31,510.119159,1599.750308,504.850309,549.729809,1492.417265,290.274713,327.490972,269.248692,1140.007706,211.031355
2018-08-01,527.128257,1617.838743,505.237809,556.089165,1525.163963,285.08779,330.906905,266.065334,1147.060421,211.424046
2018-08-02,518.479176,1613.855846,498.11137,555.739286,1543.267633,282.494329,321.365105,268.095295,1135.571709,212.280918
2018-08-03,520.079981,1623.397682,496.385469,558.147207,1550.278918,285.80818,322.40963,271.740081,1138.277725,212.887819
2018-08-06,522.659231,1636.466266,494.530574,554.648437,1522.013695,294.693163,326.152551,277.368625,1140.717419,214.208782
2018-08-07,523.392914,1626.71653,494.976634,560.061174,1529.956228,298.151122,330.113017,279.629285,1146.528426,214.030284
2018-08-08,526.950294,1627.961506,500.858634,557.035815,1527.604764,296.085929,325.020914,279.62931,1144.576555,214.208776
2018-08-09,538.9569,1631.280382,491.841959,565.412178,1542.55795,307.61239,317.274059,286.180574,1138.011526,214.244488
2018-08-10,534.643406,1636.30039,492.628589,565.165144,1545.486434,312.511185,317.796347,277.27634,1119.602969,215.029918
2018-08-13,525.927647,1651.19427,488.402014,567.490812,1531.509194,309.293333,315.968356,268.602809,1110.731086,216.45796
2018-08-14,526.639141,1644.888112,490.092647,577.904544,1534.393456,311.886791,316.838861,270.678901,1123.206833,219.099889
2018-08-15,526.639141,1644.888112,490.092647,577.904544,1534.393456,311.886791,316.838861,270.678901,1123.206833,219.099889
2018-08-16,531.619563,1655.342987,485.208663,580.888728,1535.813349,315.776965,317.883379,267.818526,1101.553128,217.850293
2018-08-17,533.642926,1662.810647,486.44133,585.725326,1536.833914,322.59678,318.710272,271.3248,1106.449886,219.778218
2018-08-20,537.022401,1662.561769,487.22794,565.350429,1573.618508,323.413266,319.711282,280.136758,1151.868916,222.277293
2018-08-21,545.627145,1662.810668,491.372331,565.45312,1553.029921,320.867792,316.055456,279.906077,1181.519307,222.77714
2018-08-22,545.627145,1662.810668,491.372331,565.45312,1553.029921,320.867792,316.055456,279.906077,1181.519307,222.77714
2018-08-23,550.696541,1676.335545,487.662328,570.228092,1559.68571,321.540194,320.40765,275.246357,1184.843499,219.456899
2018-08-24,560.323959,1685.213583,485.126453,566.420532,1563.900905,315.788954,317.709237,275.892274,1204.879998,219.207017
2018-08-27,568.639498,1688.532951,486.112653,568.602144,1578.499379,319.310588,319.798333,279.859937,1208.833185,221.70609
2018-08-28,575.86562,1702.638689,488.120256,580.991656,1568.870585,324.472393,326.761808,279.952217,1214.763491,222.063125
2018-08-29,573.731264,1697.327606,486.699655,578.378124,1554.139329,323.990031,324.455151,282.120608,1208.20424,221.349073
2018-08-30,564.948612,1713.840047,484.140308,574.673399,1557.467221,325.823203,326.979403,282.351297,1207.575496,223.84817
2018-08-31,549.896106,1720.892535,483.294966,584.943276,1566.341778,326.595063,327.284088,281.013359,1212.022926,226.490069
2018-09-03,545.20459,1699.651154,484.527634,588.606723,1504.97481,320.854337,331.15751,281.244028,1222.041197,222.098836
2018-09-04,546.516506,1706.746028,481.12295,589.429755,1441.078483,315.740739,327.022929,272.616661,1216.650034,219.206977
2018-09-05,537.400361,1721.763888,477.964789,597.168164,1416.363168,313.183894,318.797322,267.95689,1205.239276,220.813524
2018-09-06,544.893353,1709.52537,477.272024,596.097885,1418.715124,314.052252,320.407706,271.740029,1202.903287,219.956743
2018-09-07,557.855942,1713.757201,479.185766,595.850855,1420.800322,311.109539,321.016929,267.080331,1204.880006,219.992413
2018-09-10,555.899229,1721.100183,475.511003,600.461026,1423.462639,318.779971,332.680774,261.866977,1199.489113,218.171647
2018-09-11,548.850987,1694.50692,468.243689,602.601463,1398.658914,313.666382,328.546216,259.883113,1192.1212,211.031327
2018-09-12,546.449693,1692.681407,467.163595,606.100173,1408.819763,307.298424,323.628225,258.360651,1186.460864,210.924201
2018-09-13,546.449693,1692.681407,467.163595,606.100173,1408.819763,307.298424,323.628225,258.360651,1186.460864,210.924201
2018-09-14,554.809925,1674.551688,474.066909,600.172895,1431.006153,312.749733,324.672741,266.388281,1213.460659,217.814653
2018-09-17,543.225855,1704.754799,466.799582,596.509465,1415.47587,310.048282,328.241553,262.143795,1203.621882,215.279813
2018-09-18,540.00193,1707.285454,465.144219,590.252996,1435.886963,306.52659,324.28108,251.347958,1190.728467,213.708963
2018-09-19,534.065307,1714.960619,459.403145,587.124787,1452.881508,305.851201,313.618222,249.594846,1191.402545,212.780694
2018-09-20,534.065307,1714.960619,459.403145,587.124787,1452.881508,305.851201,313.618222,249.594846,1191.402545,212.780694
2018-09-21,526.283352,1701.103544,448.531473,569.672441,1425.503989,297.505428,310.96337,233.816367,1176.62249,214.494389
2018-09-24,535.621725,1740.931117,449.658579,581.609199,1388.053575,294.803919,305.087971,242.305381,1170.108296,208.853547
2018-09-25,531.397138,1787.107013,449.65858,590.253032,1399.546141,289.497329,299.430143,240.644441,1175.229319,208.746458
2018-09-26,545.693813,1771.590517,459.121352,586.136907,1418.13795,294.369736,310.87632,242.443792,1176.128047,206.890001
2018-09-27,550.296285,1772.171034,459.086139,590.623443,1422.752758,294.562707,308.700238,243.366513,1164.896932,206.711508
2018-09-28,554.654179,1791.297194,464.251927,588.771209,1419.957404,291.18581,291.726739,242.213112,1123.251743,208.353734
2018-10-01,535.399354,1817.434054,469.100731,603.424688,1421.332924,289.979746,280.019325,243.689457,1093.960878,209.4962
2018-10-02,535.399354,1817.434054,469.100731,603.424688,1421.332924,289.979746,280.019325,243.689457,1093.960878,209.4962
2018-10-03,533.64293,1788.600431,471.261036,597.908925,1425.814685,291.812944,275.362515,249.687124,1102.137075,210.388726
2018-10-04,491.820333,1706.247965,456.233258,578.316131,1386.278835,284.431946,263.002305,245.165792,1124.240205,203.605445
2018-10-05,461.648577,1676.833417,455.564069,583.914114,1356.549237,288.821987,254.080341,236.215445,1092.433149,196.42945
2018-10-08,456.045528,1699.443611,453.18069,583.873023,1364.092592,288.09831,253.296989,238.383847,1080.977585,192.180978
2018-10-09,480.792202,1703.634323,453.180742,578.439731,1324.512424,292.34358,249.815198,239.906316,1092.073818,191.181327
2018-10-10,482.170706,1683.55431,454.47217,572.471441,1322.782208,293.79086,247.378031,241.013602,1099.486462,190.788632
2018-10-11,463.805279,1610.536545,450.269132,546.045742,1310.934459,293.308435,245.680658,240.459953,1096.251875,188.253832
2018-10-12,489.997117,1579.006023,455.998381,544.563927,1366.755045,302.570805,247.769689,241.290419,1095.039233,190.860027
2018-10-15,497.223296,1593.112096,462.643511,561.028584,1331.168318,298.663217,247.247454,240.921329,1085.739664,197.072058
2018-10-16,506.939542,1605.558586,466.682202,567.531927,1354.685821,302.71551,251.730185,242.99743,1092.16394,197.321982
2018-10-17,506.939576,1593.112112,461.046767,577.36945,1372.035107,300.689367,247.769692,239.906334,1086.009276,201.03495
2018-10-18,506.939576,1593.112112,461.046767,577.36945,1372.035107,300.689367,247.769692,239.906334,1086.009276,201.03495
2018-10-19,475.92292,1551.666393,459.755354,558.147171,1369.372961,299.290384,247.726161,238.153176,1065.613335,203.319848
2018-10-22,470.186518,1565.688886,466.940499,554.689643,1390.272155,304.982845,240.9803,239.398824,1078.282106,205.140602
2018-10-23,464.094322,1527.453702,463.27749,537.813653,1373.322065,307.153747,246.333491,235.292726,1062.468869,202.462986
2018-10-24,458.646928,1505.91763,463.183551,532.750611,1377.670481,305.12761,249.510596,233.262757,1081.876079,204.462272
2018-10-25,451.976714,1517.517364,460.800232,529.481344,1385.756288,300.834088,254.297997,229.202799,1073.834459,203.141304
2018-10-26,454.466909,1489.288236,457.64206,524.197057,1383.346514,301.991881,249.815241,228.280082,1070.375354,197.07209
2018-10-29,465.139322,1483.675665,445.009378,525.528405,1358.401017,316.75377,252.426507,229.202797,1076.619838,199.178457
2018-10-30,467.851906,1534.105737,445.972114,530.479911,1376.652726,330.840267,251.860773,245.442606,1121.544729,198.500128
2018-10-31,465.583973,1559.424499,442.614315,551.784192,1394.056538,330.261413,242.764715,247.841704,1122.398244,194.822887
2018-11-01,466.918072,1580.919167,445.19721,548.912949,1413.334761,338.751903,250.119922,257.299546,1187.449274,196.215255
2018-11-02,472.765657,1583.995647,448.954169,549.329178,1435.380087,339.330817,255.473053,261.313345,1203.981324,198.714366
2018-11-05,473.588269,1567.157645,455.05918,546.749357,1436.941858,335.760941,261.554866,261.590186,1207.171282,198.785744
2018-11-06,485.416896,1572.354585,456.221469,549.786829,1445.956122,335.423243,265.855578,261.95925,1213.011255,197.143463
2018-11-07,492.131655,1610.603163,457.876904,559.23229,1458.71914,342.080621,266.777172,263.850781,1225.230772,199.071361
2018-11-08,492.131655,1610.603163,457.876904,559.23229,1458.71914,342.080621,266.777172,263.850781,1225.230772,199.071361
2018-11-09,482.482033,1583.99556,454.66003,545.501071,1462.199825,340.006236,253.392226,260.621335,1221.9512,197.000659
2018-11-12,477.834997,1586.905461,450.163434,551.159906,1471.928212,339.137866,258.044042,255.454092,1223.748287,195.108486
2018-11-13,475.833936,1582.332739,448.061823,546.166767,1460.637952,335.567962,254.796577,252.224559,1220.333829,195.037094
2018-11-14,482.704357,1554.892986,454.730477,533.018023,1488.751988,348.593169,261.554848,256.515215,1239.022552,196.10812
2018-11-15,483.149031,1544.58254,453.462461,538.17786,1514.277861,349.36506,261.554904,259.421777,1245.401992,195.287027
2018-11-16,487.862686,1555.100659,464.921152,536.097309,1502.362933,352.693692,265.065639,260.759707,1250.253805,196.536567
2018-11-19,502.937515,1550.1536,470.063491,540.299868,1496.740177,348.062546,279.986582,263.943057,1253.443547,197.429096
2018-11-20,502.492731,1558.385218,469.394267,532.685262,1503.924795,342.128816,288.149183,260.667445,1264.809368,201.213446
2018-11-21,492.287286,1495.482955,470.556561,509.383954,1498.257352,340.633333,289.772929,261.174947,1251.826307,199.928193
2018-11-22,489.196711,1504.962059,469.652562,513.253635,1484.244714,338.655428,282.09307,259.836996,1254.47657,199.642572
2018-11-23,489.196711,1504.962059,469.652562,513.253635,1484.244714,338.655428,282.09307,259.836996,1254.47657,199.642572
2018-11-26,487.996047,1483.800398,472.446764,499.189744,1497.721748,338.366006,287.929789,257.99156,1267.055448,200.428042
2018-11-27,491.575756,1526.081696,479.185809,520.368762,1525.523363,339.234342,284.462865,262.09764,1271.682926,201.927481
2018-11-28,500.847468,1565.286746,483.729325,532.602103,1532.217228,340.82631,272.964932,261.128761,1256.992773,200.499442
2018-11-29,515.833275,1615.218172,491.689365,548.247261,1550.73696,347.531918,273.842678,262.282187,1264.629578,202.391561
2018-11-30,516.856,1629.602835,495.446295,550.0365,1554.976502,341.357019,272.701639,261.313384,1266.875936,203.355531
2018-12-03,510.719415,1636.629108,494.718321,554.1974,1560.152945,339.716745,276.03691,261.359499,1268.673079,201.748998
2018-12-04,507.917822,1638.873552,488.073322,558.649597,1607.411341,340.874508,272.306693,260.113802,1271.368599,200.606493
2018-12-05,506.628268,1650.514988,487.451008,559.648171,1595.808868,338.124811,272.262815,255.638597,1248.142361,195.786808
2018-12-06,497.267724,1646.024933,489.576031,553.032355,1604.421401,331.27452,265.065637,253.839334,1232.77819,193.858949
2018-12-07,492.865348,1640.536855,488.472464,553.906217,1599.468006,333.15591,262.388656,251.071151,1232.822744,195.144202
2018-12-10,481.637071,1629.727231,485.091112,553.573397,1597.593781,332.142796,255.27929,249.271922,1220.333894,192.180961
2018-12-11,469.141452,1630.559052,477.131199,549.745271,1579.832738,324.183001,247.511632,247.611,1207.260967,191.502645
2018-12-12,483.704905,1650.473387,483.729348,558.067091,1602.904166,327.463417,255.849826,260.390651,1226.893023,194.644346
2018-12-13,486.95112,1641.784209,491.055386,565.889627,1639.586456,335.375007,264.670728,263.666241,1263.281858,195.286984
2018-12-14,485.505833,1642.407941,490.292238,577.873306,1635.74859,336.87049,267.874332,264.865777,1262.428377,195.572601
2018-12-17,494.266145,1650.51475,492.863373,576.500034,1646.726568,339.909685,274.544817,265.096477,1253.443531,197.000696
2018-12-18,498.268236,1643.363839,493.708689,561.3542,1635.971716,342.12882,273.49157,264.819654,1262.383448,197.786084
2018-12-19,503.915756,1629.769197,496.279818,550.161207,1644.003979,348.303754,279.152781,271.924607,1281.611248,198.857165
2018-12-20,496.333924,1618.086709,493.720371,546.249993,1625.261759,348.448439,275.598094,270.49439,1278.780884,200.642228
2018-12-21,487.373502,1568.654144,495.223245,535.473255,1606.518913,339.620251,268.225383,268.325979,1271.548149,197.107784
2018-12-24,483.171248,1583.995538,487.779773,538.926649,1586.481923,339.137834,267.040487,267.726227,1257.891044,196.536521
2018-12-25,483.171248,1583.995538,487.779773,538.926649,1586.481923,339.137834,267.040487,267.726227,1257.891044,196.536521
2018-12-26,473.877384,1555.100782,485.819096,530.396664,1554.083848,335.905664,265.592266,264.958068,1243.784498,196.215218
2018-12-27,490.931036,1556.639025,492.734236,540.091808,1600.405399,342.418284,275.598087,268.971895,1265.528203,198.000303
2018-12-28,498.579538,1574.017249,496.73772,543.670126,1620.531324,345.698685,276.036938,270.86348,1281.521503,199.321247
2018-12-31,496.356127,1568.321756,497.019499,545.75071,1616.55941,346.856478,273.052754,272.662779,1285.923873,200.713608
2019-01-01,493.643566,1567.36551,494.413179,544.377577,1605.046085,343.865522,274.983696,271.140332,1280.533055,199.785397
2019-01-02,489.596917,1579.837708,497.723955,550.951766,1580.903846,347.628372,271.29734,270.448239,1273.255244,198.17884
2019-01-03,484.749906,1574.100675,493.802569,551.825558,1590.989045,349.316801,270.287965,267.680097,1249.804463,198.321595
2019-01-04,480.747723,1530.77972,495.52845,541.756183,1581.66226,345.457488,274.237639,268.971875,1234.125896,199.321255
2019-01-07,489.596889,1564.039413,497.324649,550.494128,1590.85515,353.658519,282.707456,272.385944,1239.067605,200.642212
2019-01-08,487.373507,1565.951679,492.311615,556.361028,1571.799977,353.706774,283.716808,271.970704,1235.428596,200.892148
2019-01-09,488.574181,1552.149071,493.708758,552.574677,1582.778368,362.390281,287.271534,277.507004,1232.733056,203.212762
2019-01-10,490.486316,1556.639251,491.372345,559.689831,1587.776238,362.824461,291.747751,280.044477,1242.841415,206.283077
2019-01-11,484.082864,1525.790786,494.976664,559.64827,1569.524291,362.052613,288.763598,277.691539,1222.894728,208.139499
2019-01-14,483.10458,1505.003578,492.73425,579.163261,1570.907611,359.592288,288.017519,276.399737,1195.894957,207.0685
2019-01-15,491.375687,1503.340719,493.567779,588.52527,1577.423143,357.566093,286.56936,277.82995,1194.996437,209.924594
2019-01-16,502.64841,1535.768725,495.035326,606.251029,1576.887596,358.965101,290.870096,278.752716,1200.38745,208.28236
2019-01-17,502.492804,1559.309263,496.232943,606.750298,1555.199462,359.688703,289.816864,272.755076,1201.240736,207.175627
2019-01-18,504.827367,1563.225236,496.514627,604.420149,1541.63309,357.324906,267.084396,271.509391,1179.722115,207.532626
2019-01-21,528.57339,1579.432849,499.320651,610.828078,1549.442991,357.566153,268.576526,268.925733,1144.186573,206.140267
2019-01-22,542.336376,1574.891491,499.919464,610.827971,1554.083974,353.224325,264.670693,265.926954,1166.334502,203.605448
2019-01-23,543.403651,1558.226009,493.438637,606.833498,1561.357765,353.562036,265.328969,263.435555,1162.246471,196.358033
2019-01-24,542.558863,1562.392112,492.605055,603.307849,1567.873119,349.027402,258.482912,263.435627,1156.361248,198.393018
2019-01-25,549.362417,1584.057372,490.750053,606.027343,1561.893166,342.080566,265.065656,261.313363,1151.419622,198.857173
2019-01-28,543.581499,1604.472563,487.638934,601.634352,1553.101875,324.810115,258.658456,255.869307,1160.539366,195.78682
2019-01-29,534.221067,1613.763856,482.062161,599.542397,1540.562249,329.344831,264.802343,255.177257,1139.469453,196.179542
2019-01-30,529.662888,1628.763088,476.19193,603.391505,1542.347279,338.655437,263.398035,258.591323,1150.970237,195.786819
2019-01-31,534.065369,1654.052837,474.783108,607.491753,1548.728702,341.646446,266.074972,265.742346,1164.941996,195.358439
2019-02-01,545.649313,1664.968245,487.603648,622.971811,1572.112197,336.48457,267.698746,260.206079,1179.722028,199.285546
2019-02-04,552.319609,1685.717061,489.024256,626.904769,1601.788379,333.831249,265.241233,256.376824,1170.377739,197.10777
2019-02-05,568.572781,1689.883317,492.393779,625.063797,1610.936664,336.581063,257.034716,261.128829,1168.041513,194.572969
2019-02-06,575.532177,1700.757678,496.291562,631.214063,1624.369076,340.778102,264.187964,261.590146,1161.797285,196.03672
2019-02-07,571.907984,1722.381728,494.471825,636.778583,1631.821654,343.961967,267.874322,264.450589,1158.337785,197.786097
2019-02-08,565.74906,1709.049099,494.659596,631.674292,1616.336613,338.414249,268.664277,260.39063,1128.103578,196.072428
2019-02-11,556.299448,1707.29903,496.221121,635.104909,1602.725715,336.774,272.964974,258.360633,1097.060583,191.681155
2019-02-12,556.521857,1681.550798,498.921451,620.043239,1596.701421,331.17801,271.780091,253.424067,1115.52455,196.072414
2019-02-13,556.521857,1681.550798,498.921451,620.043239,1596.701421,331.17801,271.780091,253.424067,1115.52455,196.072414
2019-02-14,541.624998,1694.091788,494.41317,616.905297,1585.99115,324.3277,260.238286,243.274228,1079.180762,197.786089
2019-02-15,539.846217,1675.676247,487.97932,613.014227,1559.662116,328.621194,260.984352,241.105837,1105.95566,196.64367
2019-02-18,540.290955,1635.428765,489.810862,615.859427,1548.505663,325.678435,263.354149,238.799037,1114.13195,195.572612
2019-02-19,538.601142,1576.557905,487.979343,603.558857,1544.444478,327.173939,264.670702,240.183115,1118.624455,195.644008
2019-02-20,542.069658,1567.642097,488.848103,607.533541,1536.903,330.309646,267.654852,243.873987,1135.875562,195.822538
2019-02-21,546.672011,1580.765799,491.595477,608.412095,1549.710347,334.072474,265.943392,246.642158,1136.684116,195.786833
2019-02-22,545.182474,1587.473797,490.53881,609.165244,1563.633702,338.944865,270.375763,246.91895,1137.043623,195.001404
2019-02-25,542.803259,1608.638947,491.959325,615.482813,1569.925685,340.633354,273.491554,247.195784,1135.69577,194.929977
2019-02-26,536.288775,1643.428535,493.35647,619.331961,1572.603477,334.410214,275.071453,242.905152,1125.812533,195.679713
2019-02-27,537.622769,1684.883869,490.315673,613.139898,1542.749068,331.226257,275.905273,245.950109,1139.289758,195.572632
2019-02-28,545.42696,1647.886465,486.805281,612.763176,1541.901104,332.866457,277.30957,246.965084,1144.052084,195.822491
2019-03-01,543.5149,1650.178028,487.697663,615.440946,1544.980222,338.317712,265.153413,249.225767,1165.570734,197.250572
2019-03-04,543.5149,1650.178028,487.697663,615.440946,1544.980222,338.317712,265.153413,249.225767,1165.570734,197.250572
2019-03-05,541.891783,1647.053191,486.053926,611.04782,1532.886708,340.392121,266.469988,250.240745,1147.421359,197.107755
2019-03-06,549.229126,1654.093918,490.879233,608.328333,1515.438002,352.404307,270.595187,255.085037,1177.475953,203.319841
2019-03-07,559.47892,1666.718525,491.924085,602.931379,1517.089244,355.539935,269.454154,256.192259,1177.026651,204.105308
2019-03-08,561.191041,1674.926547,495.317065,594.647303,1512.894361,354.71984,270.024704,257.991574,1201.285976,205.926011
2019-03-11,563.859127,1669.592988,498.310949,593.601479,1519.94514,356.987177,270.946246,261.590174,1203.981522,207.85395
2019-03-12,584.425792,1669.051609,501.786128,590.421667,1534.047102,364.078735,289.070801,263.666238,1217.45889,209.317691
2019-03-13,590.584695,1648.71938,510.027912,591.007331,1553.950146,370.784288,295.34637,262.697416,1233.496748,210.03173
2019-03-14,594.142127,1650.719626,519.068044,590.923824,1544.22156,373.196341,293.634838,268.279854,1237.225798,207.389818
2019-03-15,583.069529,1659.052371,523.165521,593.768812,1512.314362,374.45064,290.694529,269.894631,1238.66328,206.60435
2019-03-18,590.984923,1675.717962,527.615022,590.21247,1505.575676,379.660724,289.026918,271.878462,1231.250576,207.99677
2019-03-19,597.254941,1662.468854,528.55432,591.928054,1506.736134,380.046631,291.396683,276.030683,1209.821667,209.46051
2019-03-20,606.548748,1666.551808,530.914157,608.454058,1502.496626,378.406485,291.703877,276.861132,1222.849765,211.781091
2019-03-21,606.548748,1666.551808,530.914157,608.454058,1502.496626,378.406485,291.703877,276.861132,1222.849765,211.781091
2019-03-22,594.409044,1652.63607,533.203464,612.763358,1493.794495,376.283825,289.026909,274.00072,1236.506776,211.745408
2019-03-25,585.515257,1647.553098,529.02391,611.299004,1481.567341,369.047621,283.672949,269.617778,1231.026094,209.353401
2019-03-26,591.429513,1631.595554,533.626201,601.718013,1494.062436,369.915958,286.349897,271.970724,1228.91459,207.818203
2019-03-27,597.766331,1634.053965,535.140652,608.453905,1494.954988,376.428557,281.215392,280.828804,1224.781497,208.210921
2019-03-28,597.121557,1643.886912,537.20709,610.838719,1493.526956,378.937104,278.889439,285.165576,1225.545159,209.210558
2019-03-29,597.121557,1643.886912,537.20709,610.838719,1493.526956,378.937104,278.889439,285.165576,1225.545159,209.210558
2019-04-01,605.904006,1673.426613,541.140017,620.880006,1504.772488,381.831577,292.449933,296.238164,1248.995734,211.745403
2019-04-02,613.708211,1697.383004,536.643472,631.423122,1499.507073,379.612458,301.051392,297.207022,1261.035782,210.388701
2019-04-03,610.106168,1714.965207,537.300905,624.896534,1489.287746,376.910951,305.00106,294.807935,1235.428618,210.745729
2019-04-04,599.100293,1672.718282,535.363777,623.47391,1479.782322,373.678774,308.950687,293.700698,1227.072464,209.746098
2019-04-05,597.2104,1682.217072,535.83331,625.900578,1472.642215,372.038531,310.311154,290.655744,1231.20598,208.960704
2019-04-08,588.627993,1693.799914,535.387187,632.09265,1478.800469,371.45969,309.433458,287.057161,1226.847985,208.282369
2019-04-09,587.427351,1714.589919,532.311226,634.435458,1483.575454,373.53401,299.734867,284.288989,1227.342301,208.675073
2019-04-10,589.873115,1696.550008,523.858063,628.661821,1494.954913,378.888875,296.662926,286.04218,1226.443681,209.567596
2019-04-11,590.984824,1677.926137,525.255237,619.248249,1515.527323,373.919925,295.916853,284.84265,1232.418733,209.210595
2019-04-12,594.386665,1672.384951,528.812619,619.708452,1526.371388,374.595368,297.540621,287.149453,1220.423826,211.067056
2019-04-15,593.65297,1700.716029,531.689114,596.279121,1528.959598,378.020533,293.854262,289.502319,1216.560362,217.314839
2019-04-16,595.876218,1762.837073,535.434213,597.534141,1531.681696,383.520026,299.076604,290.378907,1221.951292,218.600072
2019-04-17,595.876218,1762.837073,535.434213,597.534141,1531.681696,383.520026,299.076604,290.378907,1221.951292,218.600072
2019-04-18,606.993503,1761.711697,537.242202,596.404665,1543.37377,388.440685,291.967168,284.242864,1219.615115,216.743552
2019-04-19,606.993503,1761.711697,537.242202,596.404665,1543.37377,388.440685,291.967168,284.242864,1219.615115,216.743552
2019-04-22,596.454486,1787.876927,530.902373,598.28725,1544.132373,379.853697,295.43415,282.674222,1215.212683,214.958503
2019-04-23,598.544468,1778.252306,526.347101,601.13241,1546.809709,379.757204,300.34862,281.059481,1200.926495,215.315529
2019-04-24,607.549193,1796.626888,527.626882,605.818101,1548.505583,379.612523,301.686922,280.136744,1212.9663,213.137748
2019-04-25,605.926283,1806.583301,530.186213,608.370279,1541.543931,380.432547,306.84885,281.797637,1214.898025,215.636877
2019-04-26,609.528181,1827.498746,529.939632,610.002009,1540.607019,380.384342,308.091557,282.904916,1213.864753,216.029566
2019-04-29,609.528181,1827.498746,529.939632,610.002009,1540.607019,380.384342,308.091557,282.904916,1213.864753,216.029566
2019-04-30,607.793904,1858.288884,534.987998,617.532876,1557.385995,389.116036,300.205239,281.428574,1203.981289,213.851776
2019-05-01,607.793904,1858.288884,534.987998,617.532876,1557.385995,389.116036,300.205239,281.428574,1203.981289,213.851776
2019-05-02,614.59757,1842.456139,544.169049,610.420455,1535.340927,380.529092,307.422417,282.028352,1205.778599,214.63721
2019-05-03,623.735777,1770.711258,553.326468,600.964957,1501.202569,380.818551,310.146782,284.934874,1221.951236,216.565054
2019-05-06,612.81883,1756.961629,544.063378,594.647271,1477.997093,380.770316,312.106406,282.259015,1212.876618,214.744363
2019-05-07,595.965326,1782.210472,544.286482,601.383324,1492.723738,370.784313,307.279003,280.275151,1212.966255,214.815724
2019-05-08,574.620406,1775.211005,537.242201,599.542424,1494.954902,366.731999,305.988525,273.816151,1217.458707,213.244868
2019-05-09,556.633069,1779.960752,533.391335,598.956652,1496.740211,364.271665,298.819151,273.216391,1201.825014,211.602593
2019-05-10,553.631455,1771.419517,538.028917,598.28721,1498.078726,368.80638,301.304537,269.848472,1208.563604,211.995276
2019-05-13,545.84946,1767.919598,535.363771,595.860645,1507.182423,362.052583,300.7788,281.70538,1178.823514,205.426259
2019-05-14,547.628154,1726.839365,534.318837,588.748106,1499.596091,363.258591,301.304523,281.520832,1154.833983,206.247356
2019-05-15,556.121669,1736.963517,535.880312,596.278963,1487.770307,362.583269,314.209403,286.964864,1186.460719,208.496554
2019-05-16,559.456831,1730.755727,535.363685,601.717963,1492.455917,364.271655,306.896632,285.626894,1175.499138,209.38912
2019-05-17,556.744112,1741.5467,542.783704,602.554748,1504.058557,367.359172,307.94819,289.225556,1197.287563,210.710043
2019-05-20,579.645392,1708.215017,558.844525,590.756456,1548.371692,387.861814,316.407967,305.419196,1257.891077,215.708297
2019-05-21,591.451721,1752.004604,563.411609,592.178896,1582.331887,383.616538,314.066023,310.263492,1291.899148,217.99313
2019-05-22,593.697383,1729.04702,562.190631,591.593121,1559.528159,387.427561,314.161663,307.77212,1295.268316,216.143236
2019-05-23,589.206065,1708.215037,544.544778,583.601984,1557.43065,393.071867,319.466923,312.985482,1317.191715,209.006394
2019-05-24,585.426321,1693.424855,549.487509,586.112324,1541.45489,398.137197,325.011261,316.953132,1339.069935,209.224872
2019-05-27,581.201871,1699.966095,557.024849,590.33798,1549.39794,414.539331,331.081303,326.641683,1376.582084,210.499295
2019-05-28,584.025569,1704.049178,560.500076,593.936104,1565.909358,413.043857,326.636311,329.08689,1404.615017,209.8075
2019-05-29,579.934459,1730.797925,565.935827,605.525318,1580.100555,407.25488,322.956013,320.321064,1389.250748,209.443359
2019-05-30,585.315242,1761.87858,566.605024,604.604845,1589.561133,404.842807,324.581052,320.644046,1383.68001,209.953095
2019-05-31,587.07165,1793.417872,553.39702,613.516397,1574.388257,399.729216,329.265075,318.014268,1379.007761,202.05167
2019-06-03,587.516358,1821.248912,569.399232,610.002012,1599.378712,404.842805,333.47109,322.627871,1389.430424,200.485954
2019-06-04,599.478273,1827.04171,573.179692,613.474545,1612.855556,402.816617,334.331415,324.242597,1399.852933,203.03481
2019-06-05,599.478273,1827.04171,573.179692,613.474545,1612.855556,402.816617,334.331415,324.242597,1399.852933,203.03481
2019-06-06,587.471876,1807.7212,566.675534,613.892946,1617.318145,395.918088,333.136494,309.940473,1358.162923,200.485952
2019-06-07,580.579222,1799.405115,565.654039,615.73382,1619.906582,393.554298,336.291035,310.03278,1343.697234,199.684877
2019-06-10,582.580373,1835.862045,571.078126,619.290129,1637.756677,398.474932,338.059529,313.862077,1366.878366,201.651128
2019-06-11,586.093281,1874.082563,573.015293,627.992467,1635.168376,398.523141,342.456708,316.353357,1367.507151,203.326102
2019-06-12,589.206132,1864.002379,569.09395,623.390258,1626.198709,400.211603,341.357419,315.84586,1351.064709,202.634231
2019-06-13,581.935543,1884.205052,567.286054,627.953558,1627.091356,400.693986,341.309648,313.539071,1351.873596,202.852722
2019-06-14,582.26909,1876.602486,569.411002,626.468428,1621.111284,401.465897,336.147648,316.076554,1359.465688,201.8332
2019-06-17,568.528269,1882.860337,567.603076,626.086494,1610.624452,398.619631,327.018655,310.909398,1343.472704,199.866922
2019-06-18,564.34825,1874.250824,564.479972,628.123091,1600.271141,400.501059,326.158347,308.002797,1345.763497,199.539203
2019-06-19,561.457798,1884.288932,567.462016,635.251261,1608.303995,402.67192,319.56252,309.5714,1345.04481,200.704402
2019-06-20,568.306066,1858.123095,570.492954,624.474223,1610.488712,404.26389,324.246503,309.663685,1354.074774,200.522336
2019-06-21,567.216541,1883.322882,568.378395,634.020954,1582.441034,413.767494,327.592186,316.630207,1374.695254,198.993033
2019-06-24,559.01208,1890.714949,569.406104,630.202279,1579.204805,413.140337,328.356966,322.627843,1381.119435,199.72125
2019-06-25,557.744794,1890.463353,567.752262,625.66231,1568.687042,409.666919,329.36068,324.104182,1366.69854,199.721259
2019-06-26,572.019056,1890.043493,572.241256,626.256284,1569.945625,417.289108,327.448823,326.918513,1373.796771,201.250604
2019-06-27,565.193191,1882.734358,580.309917,617.897751,1582.396135,422.209707,325.87156,329.640529,1384.264317,198.665322
2019-06-28,555.254462,1866.942698,575.797142,618.194684,1584.643387,418.35045,327.401026,330.978474,1390.553588,198.446868
2019-07-01,554.276251,1853.586183,578.868647,619.340219,1593.543354,422.306218,329.934212,330.79391,1394.686499,199.648428
2019-07-02,561.7692,1861.860084,582.920567,619.552471,1591.160892,418.350439,332.037239,332.500932,1395.360498,198.956641
2019-07-03,566.994252,1874.922797,586.653633,619.467528,1597.363902,418.929345,334.331432,334.94614,1401.829721,198.19196
2019-07-04,569.195316,1873.326577,584.054677,618.279422,1600.644847,418.832829,337.43816,337.89883,1409.062594,200.413111
2019-07-05,560.301643,1797.641128,581.219469,605.465971,1605.544392,417.964544,344.607571,337.714287,1388.666828,195.169746
2019-07-08,555.054405,1791.004899,566.346409,604.447575,1572.01312,407.158371,338.824229,326.180308,1313.193276,200.850049
2019-07-09,553.853768,1767.862219,560.664162,601.689758,1549.898628,409.715177,338.489612,325.257598,1334.577518,198.191967
2019-07-10,564.170339,1739.93184,559.069405,599.525775,1531.020571,412.175537,338.059489,324.150332,1332.196476,197.172417
2019-07-11,568.884104,1752.322057,566.015705,602.156387,1535.425609,409.859887,340.592653,329.409792,1338.845317,199.247902
2019-07-12,568.328191,1758.24404,563.511235,610.642308,1535.650162,409.087981,338.537485,333.562045,1313.59765,198.883792
2019-07-15,564.904172,1762.359727,561.691998,640.003317,1530.031404,406.772451,333.757904,329.963482,1286.552901,197.026789
2019-07-16,567.883544,1768.16015,562.790639,658.502489,1539.695579,406.724181,334.235833,330.00962,1282.06052,197.063163
2019-07-17,569.195334,1761.508827,564.987771,659.139006,1551.471889,407.64082,329.59964,334.992224,1304.612643,197.136008
2019-07-18,559.412376,1734.48122,567.492239,667.158082,1536.324404,402.816629,323.672963,334.530905,1286.642931,198.301202
2019-07-19,552.608609,1736.585978,559.246526,662.957718,1536.458956,394.13319,321.283161,327.702807,1259.777846,195.169722
2019-07-22,545.760505,1741.89055,538.986617,663.636469,1491.421129,390.985601,320.805199,321.751333,1252.50011,192.25677
2019-07-23,560.479515,1770.180872,529.724968,666.606535,1498.837626,396.305098,322.525915,314.64636,1245.491693,192.985001
2019-07-24,557.433414,1748.374169,531.839416,664.951667,1508.996089,388.519267,320.948613,310.263447,1252.456401,195.096926
2019-07-25,545.627033,1761.887941,538.750361,668.388685,1553.404629,392.001106,319.801514,311.324568,1245.949162,194.368672
2019-07-26,538.067453,1763.950398,537.001963,663.763835,1545.58368,395.144483,313.731492,314.185001,1240.579629,194.368679
2019-07-29,535.888514,1770.939427,525.235773,667.158145,1528.233716,411.344836,313.635816,310.770934,1238.213208,194.07738
2019-07-30,522.925984,1785.379087,529.216832,669.152238,1532.728627,408.878556,320.375038,300.667208,1248.952524,194.113821
2019-07-31,516.900476,1807.860273,527.882,663.254603,1529.17754,407.379385,318.033061,298.867924,1244.219834,193.713269
2019-08-01,511.542051,1823.941654,520.236203,648.658894,1537.223423,397.175545,306.992275,287.287812,1218.645519,194.077348
2019-08-02,519.86898,1823.310035,516.684299,646.834427,1533.62738,392.194565,312.775518,283.320143,1219.555656,191.601365
2019-08-05,504.614318,1848.653929,512.066844,652.265453,1535.15568,382.764461,324.103111,269.156439,1205.904011,187.632394
2019-08-06,501.930201,1861.999381,513.132371,653.241311,1553.000069,387.745546,338.489619,274.277513,1219.601252,187.996513
2019-08-07,493.475184,1858.462498,512.658753,655.405084,1564.192049,392.96829,346.519362,266.480551,1231.250807,184.318903
2019-08-08,489.985813,1868.271645,516.921074,662.957568,1600.600128,390.888848,349.291522,263.527883,1219.646677,184.246047
2019-08-09,515.485024,1887.174545,530.371017,665.970024,1618.938831,400.899287,348.096612,267.633948,1238.759173,184.610177
2019-08-12,515.485024,1887.174545,530.371017,665.970024,1618.938831,400.899287,348.096612,267.633948,1238.759173,184.610177
2019-08-13,548.454898,1847.559509,521.562289,645.052459,1620.062653,395.724845,330.890159,260.667437,1189.521857,177.691871
2019-08-14,572.768565,1824.909809,521.66877,651.71388,1625.950699,397.755918,331.989455,262.512885,1197.713008,177.728268
2019-08-15,572.768565,1824.909809,521.66877,651.71388,1625.950699,397.755918,331.989455,262.512885,1197.713008,177.728268
2019-08-16,569.480463,1804.57614,521.917497,647.046526,1632.558123,398.578036,339.34993,262.328308,1201.808452,180.167894
2019-08-19,572.611868,1816.742416,521.349263,656.25375,1628.018598,406.315525,343.938379,263.89696,1218.645448,182.753197
2019-08-20,569.301551,1824.152273,522.568669,665.163936,1629.816458,398.96487,341.644179,258.960417,1214.094945,178.747823
2019-08-21,566.572721,1837.413351,524.309065,672.928407,1650.492184,397.078851,337.581579,254.946584,1185.471953,175.397911
2019-08-22,554.225837,1827.09859,513.144312,672.376872,1655.796487,384.940635,335.526312,246.642136,1167.815579,174.05063
2019-08-23,548.678619,1864.061511,506.644292,675.304504,1663.66212,373.140928,335.048371,242.397654,1159.487928,170.882767
2019-08-26,563.217475,1873.40837,513.132341,667.752075,1663.077854,379.959647,331.607067,249.133476,1161.808877,171.101225
2019-08-27,564.201701,1876.775718,530.44201,662.830253,1655.841192,397.755851,329.551862,260.759721,1222.877578,176.745135
2019-08-28,561.897807,1865.830189,527.186168,667.243072,1629.366976,396.256756,325.489155,260.39064,1216.006303,177.036424
2019-08-29,552.615298,1871.050417,525.753591,675.050039,1630.805217,386.24636,326.110523,252.17845,1212.502381,174.888127
2019-08-30,546.218109,1867.514512,526.156029,680.565796,1642.536764,389.438061,323.8163,246.226927,1185.790393,174.08703
2019-09-02,546.218109,1867.514512,526.156029,680.565796,1642.536764,389.438061,323.8163,246.226927,1185.790393,174.08703
2019-09-03,536.823731,1883.469663,520.034928,689.094099,1649.593603,378.218711,320.709622,246.319182,1174.04991,175.252234
2019-09-04,530.583117,1880.14411,520.709836,687.566679,1633.681871,377.10643,320.327277,246.596009,1176.234198,175.725597
2019-09-05,533.826485,1858.504509,526.866402,701.483436,1634.445976,375.268744,325.919331,250.102339,1191.023589,176.23536
2019-09-06,534.698807,1846.127671,525.990334,708.611513,1630.895048,376.429403,329.886378,251.071197,1201.671822,177.14567
2019-09-09,542.706545,1835.350617,524.758994,702.247141,1631.973857,376.332688,334.140249,250.056182,1204.129428,177.10926
2019-09-10,542.706545,1835.350617,524.758994,702.247141,1631.973857,376.332688,334.140249,250.056182,1204.129428,177.10926
2019-09-11,546.889239,1807.354723,530.690684,690.876127,1633.682004,380.443207,335.717489,256.976588,1234.117302,176.963599
2019-09-12,539.373634,1785.294921,532.348182,688.075708,1616.7814,386.53648,331.46367,262.189941,1233.525897,174.778876
2019-09-13,539.910497,1781.253467,529.944785,693.718756,1612.376369,387.503656,325.871566,260.206071,1223.287342,173.759328
2019-09-16,530.605424,1790.388442,530.655123,696.307102,1618.129729,393.403536,323.481776,261.866951,1218.281572,173.540866
2019-09-17,533.915898,1772.875829,520.496636,696.307024,1628.917361,385.230796,317.889678,251.901637,1192.434222,172.448485
2019-09-18,535.571145,1779.232572,516.210685,699.234647,1634.895301,383.489878,319.849294,253.193437,1195.25558,170.445838
2019-09-19,524.588622,1760.582594,513.369153,691.767044,1625.546106,371.738531,319.944914,251.947752,1181.330817,171.938717
2019-09-20,525.32675,1731.955247,523.504015,680.565815,1627.344341,373.963069,320.279467,247.657154,1173.230894,170.627861
2019-09-23,552.481096,1662.912873,582.039418,629.565807,1783.538684,414.391489,329.790864,277.184048,1320.578662,181.988491
2019-09-24,555.948122,1694.907754,581.352744,649.168113,1806.10264,419.130729,330.173194,277.553144,1342.921983,184.828666
2019-09-25,567.623984,1734.523605,582.560319,663.297087,1808.57456,415.503782,323.099411,257.161109,1316.619665,176.745131
2019-09-26,574.177697,1737.007272,585.520224,660.284513,1813.159499,424.160115,325.44139,255.592507,1325.402313,179.330404
2019-09-27,574.40134,1727.239726,586.112308,661.981733,1802.86617,428.754263,324.294333,258.360655,1330.589712,182.061327
2019-09-30,584.0418,1734.481145,576.119595,665.418553,1772.211828,416.85782,329.073928,249.271883,1318.030199,181.624361
2019-10-01,578.561711,1717.389089,578.298146,671.698092,1782.639689,403.027041,331.559289,226.573064,1309.793773,185.702551
2019-10-02,578.561711,1717.389089,578.298146,671.698092,1782.639689,403.027041,331.559289,226.573064,1309.793773,185.702551
2019-10-03,573.193615,1722.819858,576.048568,665.418518,1760.480297,408.443328,326.253951,230.771432,1294.41279,186.467215
2019-10-04,583.28133,1730.229338,561.343689,667.879334,1743.175087,398.529606,319.514757,229.341213,1292.455861,185.848183
2019-10-07,582.319492,1718.483645,559.37825,667.073345,1732.882401,397.997678,322.239046,227.772597,1256.916047,182.571095
2019-10-08,582.319492,1718.483645,559.37825,667.073345,1732.882401,397.997678,322.239046,227.772597,1256.916047,182.571095
2019-10-09,578.203927,1697.013016,563.569515,660.878591,1745.108039,403.413937,324.055354,225.465797,1273.343665,179.366827
2019-10-10,590.953406,1681.520201,566.979292,659.011598,1740.028889,406.702382,346.041365,233.078223,1280.57894,176.708749
2019-10-11,597.909822,1620.814099,563.072175,659.011628,1775.897679,408.249878,356.174103,232.063229,1292.547053,175.579927
2019-10-14,604.306981,1657.018801,567.074106,661.896829,1803.54049,412.021921,363.486849,234.370026,1290.863332,176.963611
2019-10-15,605.850202,1703.0754,571.549461,649.168001,1821.11494,414.149733,364.729506,235.108181,1292.956711,178.456531
2019-10-16,610.055345,1697.434266,573.08863,646.24046,1845.207617,417.002871,360.714643,235.292725,1288.951999,176.344591
2019-10-17,613.76856,1721.222298,574.509332,649.252957,1853.612577,419.469264,362.339741,235.846371,1292.54697,177.582635
2019-10-18,625.712755,1743.347762,577.942943,644.92517,1879.457601,420.968376,363.725802,242.859026,1297.279635,178.492937
2019-10-21,625.712755,1743.347762,577.942943,644.92517,1879.457601,420.968376,363.725802,242.859026,1297.279635,178.492937
2019-10-22,627.792996,1756.304575,583.744346,541.694704,1898.605525,423.192922,351.012137,247.749431,1309.793766,178.383687
2019-10-23,618.756422,1767.022905,583.933748,528.535259,1895.823067,433.493495,339.349995,247.887803,1291.090891,181.369486
2019-10-24,620.277461,1774.598712,580.784435,543.056901,1913.940965,436.201599,311.150481,229.433459,1298.14433,180.568424
2019-10-25,631.327061,1786.436188,577.777199,546.494103,1924.106582,439.490033,346.614946,243.181963,1292.456058,179.87661
2019-10-28,631.327061,1786.436188,577.777199,546.494103,1924.106582,439.490033,346.614946,243.181963,1292.456058,179.87661
2019-10-29,645.127958,1826.425602,586.159556,555.945929,1907.931455,451.531504,337.533741,257.022708,1302.376277,181.733621
2019-10-30,653.269755,1874.077128,588.669625,563.851213,1935.582697,454.578139,344.750884,257.668618,1333.320195,185.19276
2019-10-31,653.896,1925.861141,581.139551,572.357994,1951.215876,446.163653,347.714238,270.125306,1335.368132,186.576446
2019-11-01,644.635828,1889.703049,581.37632,586.535807,1939.55872,445.38985,347.331926,284.750319,1315.118025,188.433463
2019-11-04,646.470079,1877.563272,582.063069,582.712203,1942.631063,447.807891,357.512352,288.210516,1319.668321,189.380196
2019-11-05,644.635859,1867.319041,582.063176,594.183317,1936.621901,451.579896,358.038129,288.62575,1303.286425,188.324235
2019-11-06,639.043823,1875.927536,581.589555,594.612975,1947.330156,449.50041,353.927698,289.733034,1308.519393,189.343768
2019-11-07,640.699074,1872.656875,591.98477,611.884163,1922.932093,460.042788,352.780604,292.316613,1302.376484,190.800297
2019-11-08,644.770097,1828.577931,592.671501,606.213155,1882.268433,464.540194,350.438651,290.194355,1292.364988,189.343776
2019-11-11,636.382147,1800.168215,592.221528,599.768552,1868.759097,468.699108,352.015875,288.902556,1281.489148,188.469901
2019-11-12,636.382147,1800.168215,592.221528,599.768552,1868.759097,468.699108,352.015875,288.902556,1281.489148,188.469901
2019-11-13,639.714905,1823.412723,593.689657,590.960981,1872.735235,467.441719,350.008443,282.028298,1264.196834,184.355294
2019-11-14,651.256679,1848.120645,595.394456,598.350806,1862.795018,467.876967,334.857158,276.538214,1253.184588,184.428122
2019-11-15,654.544679,1867.103828,601.977334,603.463398,1852.945847,479.725022,341.500776,286.088293,1243.400637,182.061335
2019-11-18,651.077696,1849.885598,596.105024,600.885564,1841.604941,480.353725,374.814472,298.729486,1238.895516,181.151029
2019-11-19,655.37225,1812.220556,597.241552,605.783459,1834.375991,473.776839,402.870551,297.207033,1239.122974,181.187431
2019-11-20,690.355314,1803.181237,600.035759,605.783515,1822.673722,476.339844,414.006984,299.975156,1242.627236,179.658115
2019-11-21,683.801578,1814.286605,600.675113,610.509451,1822.628847,475.130871,403.587518,301.31307,1260.51107,178.456503
2019-11-22,687.850095,1773.910069,597.667787,588.684007,1814.495969,476.001363,398.616714,302.881714,1247.7694,179.621707
2019-11-25,693.844619,1766.764481,598.686005,595.644114,1827.237322,475.42105,402.774977,302.974007,1247.860375,179.330431
2019-11-26,696.081441,1751.999887,600.012098,589.457304,1836.454564,484.560957,410.948049,306.895539,1237.348669,180.386371
2019-11-27,696.126083,1761.90056,602.024825,592.980263,1857.734718,487.752663,407.602318,308.23346,1196.029006,179.585308
2019-11-28,699.637864,1773.479589,597.66785,596.374447,1867.810549,491.331343,409.609788,317.875873,1207.905973,178.893468
2019-11-29,692.435521,1761.254945,592.931904,594.226357,1835.279737,493.555784,415.966613,314.277299,1208.634481,178.420091
2019-12-02,705.475795,1735.599615,596.057561,593.152276,1833.698312,490.60588,434.989332,310.217302,1201.671907,178.092402
2019-12-03,703.507441,1730.434035,593.784446,591.648526,1825.475371,488.0912,425.621351,307.587586,1192.252345,176.708757
2019-12-04,686.127796,1760.996384,584.502033,595.77297,1827.147008,492.588541,434.654771,306.203528,1166.905412,176.235372
2019-12-05,690.713278,1780.668151,587.604051,604.75236,1831.935998,508.789006,425.71693,309.248477,1169.635905,177.036457
2019-12-06,689.415819,1808.77718,586.396425,609.736005,1827.146881,504.533412,423.32719,293.423915,1167.770115,176.599495
2019-12-09,691.831566,1767.883522,586.088668,613.731646,1799.314938,505.065349,422.227839,290.425087,1157.485784,175.50715
2019-12-10,695.25379,1724.622835,589.664188,610.079785,1817.206711,507.483301,423.70952,288.118233,1153.25372,171.137657
2019-12-11,693.665663,1727.636002,588.432838,612.657555,1805.459525,509.90129,421.176375,284.196734,1142.195909,171.574598
2019-12-12,696.372193,1708.050183,593.405518,601.100322,1809.074396,512.415995,417.257125,289.317814,1154.209323,173.031102
2019-12-13,703.418041,1727.851174,596.365514,601.787911,1807.267145,518.122421,407.219977,299.882926,1169.772287,174.196248
2019-12-16,699.816819,1790.956574,591.132297,610.251701,1778.486358,519.089652,401.914671,305.234622,1183.150999,172.120783
2019-12-17,695.880162,1824.273153,594.518409,614.376205,1762.085213,521.072281,399.190284,305.096251,1186.609494,172.958247
2019-12-18,698.765491,1853.544704,603.18519,621.035458,1723.545297,518.364192,415.010676,300.621013,1196.438667,174.596821
2019-12-19,703.149702,1866.07097,609.081264,622.625063,1744.057926,516.187952,411.282625,299.421519,1189.612908,177.145683
2019-12-20,714.020285,1901.110006,606.216127,625.761413,1745.322867,521.55588,426.051499,304.819463,1189.795092,174.888129
2019-12-23,696.886635,1902.61646,610.359938,628.683045,1757.024976,519.960029,426.768423,304.819441,1187.701545,173.795742
2019-12-24,690.04212,1903.606516,609.483829,625.804472,1753.409988,521.604289,432.456154,303.75833,1181.33093,173.468027
2019-12-25,690.04212,1903.606516,609.483829,625.804472,1753.409988,521.604289,432.456154,303.75833,1181.33093,173.468027
2019-12-26,675.570319,1889.874511,598.922781,624.300713,1751.693581,520.008383,426.338289,302.743339,1162.218212,172.120782
2019-12-27,680.558314,1873.345655,601.456524,626.277024,1747.6272,520.685394,429.206029,307.264612,1165.085151,172.193601
2019-12-30,683.577978,1874.292993,603.374583,624.902138,1741.753538,524.795946,435.0371,306.803271,1179.965666,172.958276
2019-12-31,674.630901,1857.37579,600.817195,623.355583,1735.066575,520.346915,434.463558,306.849424,1175.096443,172.885416
2020-01-01,673.490184,1854.405762,601.740716,629.456223,1733.168952,518.122404,429.922956,306.480274,1185.881402,172.666938
2020-01-02,676.397899,1850.273304,605.718854,628.038445,1744.012815,518.267431,433.507695,307.587611,1193.162483,173.395197
2020-01-03,681.31879,1863.014177,598.425547,630.616374,1733.846807,518.654403,431.595838,306.341893,1210.591068,173.322414
2020-01-06,670.134933,1883.590403,585.354494,632.850433,1727.069651,506.612851,425.047803,293.147098,1195.983678,171.13762
2020-01-07,677.06895,1880.061145,593.050375,623.054764,1733.169242,504.533447,423.566112,291.024789,1195.665066,170.846366
2020-01-08,675.503202,1895.772851,587.272506,608.619146,1722.732063,498.101576,420.937366,286.964882,1167.997673,169.863228
2020-01-09,685.009525,1902.616397,598.188826,613.77462,1744.916168,512.899512,435.22831,299.882923,1187.792538,171.174052
2020-01-10,688.767166,1900.894989,603.871753,627.694833,1745.503522,520.830493,434.176846,302.743303,1200.443167,172.44849
2020-01-13,688.208077,1880.835669,604.297997,648.74682,1768.410775,520.346835,434.224579,303.619908,1209.271358,173.504462
2020-01-14,680.804375,1889.703586,605.008414,659.229964,1791.362928,516.623272,446.030147,301.266987,1196.893751,173.54087
2020-01-15,679.193809,1889.014338,603.398211,654.890627,1804.872109,513.238164,444.50067,297.437701,1201.353486,175.579945
2020-01-16,683.555464,1906.921371,605.884567,653.25799,1821.815283,515.704378,447.368439,297.437706,1198.987188,174.851706
2020-01-17,694.828839,1905.199278,602.3563,654.976455,1843.457526,513.189668,454.155427,286.134404,1184.971421,174.341959
2020-01-20,682.839822,1856.299529,593.168737,655.578106,1852.448646,513.576584,472.461207,289.179397,1189.066846,174.815291
2020-01-21,680.871478,1857.892365,586.491257,653.687688,1854.391073,512.802853,482.163758,287.887578,1183.560552,173.322415
2020-01-22,684.942307,1871.366101,584.596749,658.198745,1831.845721,503.662869,484.362345,289.456189,1175.870225,172.666951
2020-01-23,680.289844,1884.243479,582.986597,667.393005,1838.89423,500.084317,489.763266,289.871413,1188.611751,172.521334
2020-01-24,679.328085,1872.422644,586.82272,664.729175,1852.494023,509.707797,491.483944,296.330445,1212.274791,172.594137
2020-01-27,673.266431,1868.107716,573.870022,665.4167,1858.548154,514.060132,489.333121,291.393891,1219.555713,170.627867
2020-01-28,654.746054,1856.891063,574.580427,663.354406,1845.852292,507.241486,464.670517,287.011027,1217.735383,167.860546
2020-01-29,654.947226,1855.165003,578.842725,673.880459,1863.33747,508.063621,466.725688,291.163215,1230.567999,168.333924
2020-01-30,644.188472,1833.593343,576.451096,668.509985,1851.951869,506.951335,458.934986,282.028344,1231.387304,169.681172
2020-01-31,629.515287,1787.516017,577.895574,663.010691,1825.385,505.258831,465.530806,284.750377,1238.167672,170.445819
2020-02-03,609.764619,1806.15388,557.744347,656.909837,1874.949175,485.528165,474.181871,272.524328,1157.667873,149.2903
2020-02-04,625.3102,1800.4593,567.358159,661.72164,1933.775666,499.69745,481.255602,274.139148,1171.820135,152.312511
2020-02-05,639.849133,1815.731962,581.234373,665.416591,1946.336363,508.450549,493.061215,281.059493,1178.600557,154.023876
2020-02-06,644.233203,1825.395714,585.9228,661.635847,1928.399017,518.654306,510.554403,286.134436,1191.387762,154.242353
2020-02-07,638.954479,1828.416083,583.270752,662.495074,1935.221559,517.590385,514.521449,293.792929,1179.510618,154.934199
2020-02-10,630.969215,1828.416441,580.642425,661.421015,1944.347996,513.093001,512.46624,292.039821,1158.668976,152.967937
2020-02-11,646.447572,1853.093927,586.325406,660.948426,1940.733723,519.863318,509.263918,296.238191,1168.589157,154.242345
2020-02-12,650.898799,1855.164838,589.166933,666.018147,1947.330315,524.892769,511.414768,294.577235,1164.948672,154.242358
2020-02-13,654.298585,1873.285032,584.217918,672.118891,2017.859113,520.346851,508.308032,297.114738,1169.499314,153.805455
2020-02-14,650.048704,1873.285241,575.409143,674.181137,2029.786872,518.944506,510.697843,293.931383,1174.595987,150.601141
2020-02-17,659.532719,1889.85233,575.148707,673.064178,2027.031223,520.105087,531.96697,287.564658,1162.21841,148.562036
2020-02-18,651.9724,1886.271438,569.962963,673.36491,2007.96434,518.412508,513.613267,285.488532,1152.616451,146.013181
2020-02-19,659.890587,1890.110955,574.888267,684.105637,2025.26881,522.764872,514.999426,292.731858,1161.854298,148.452806
2020-02-20,663.782512,1856.244123,574.982923,682.129286,2026.398223,524.022248,514.856043,294.115922,1160.671202,149.618005
2020-02-21,663.782512,1856.244123,574.982923,682.129286,2026.398223,524.022248,514.856043,294.115922,1160.671202,149.618005
2020-02-24,643.987074,1817.802429,568.305342,680.668592,1997.120787,510.239836,503.863004,296.976339,1140.057014,146.959915
2020-02-25,630.767944,1821.513057,567.358296,683.46126,2011.262346,508.063626,507.543272,297.299289,1128.680669,146.741438
2020-02-26,620.635413,1823.195347,561.509412,670.65814,1990.117459,505.065423,497.362784,299.144705,1097.600111,142.954551
2020-02-27,612.42636,1800.113951,559.307249,663.526153,1987.993699,495.828735,503.767401,293.423892,1092.139281,142.663266
2020-02-28,592.742849,1717.106011,554.145031,620.433941,1947.329756,476.049736,490.862574,277.829974,1057.555079,139.859517
2020-03-02,582.051072,1713.395873,552.274432,630.48743,1935.447622,482.094613,489.285292,262.097645,1047.134274,141.024701
2020-03-03,591.400713,1736.089232,553.150622,636.931833,1935.311931,491.81488,491.483933,263.251055,1057.600744,140.223634
2020-03-04,585.093068,1747.30643,536.622352,640.626776,1944.619273,480.740593,485.031535,253.839345,1053.914375,135.854164
2020-03-05,584.243166,1798.259149,541.192476,645.954185,1971.592892,483.593792,493.873718,249.133478,1061.377482,135.854143
2020-03-06,555.20998,1787.516102,521.420155,626.491752,1951.170371,461.638598,488.902931,234.3239,1029.204959,130.902094
2020-03-09,489.851651,1669.648748,504.371021,598.909361,1908.473953,428.415739,469.402239,231.740267,971.367089,127.078814
2020-03-10,489.851651,1669.648748,504.371021,598.909361,1908.473953,428.415739,469.402239,231.740267,971.367089,127.078814
2020-03-11,495.667239,1656.705467,517.157879,574.892806,1866.906701,434.847502,465.530842,224.312404,988.204229,125.513053
2020-03-12,469.13917,1517.22302,475.221701,539.190268,1835.866968,402.350056,438.956358,192.478689,913.847631,109.637316
2020-03-13,421.585578,1299.521783,435.321968,489.782405,1706.150267,382.232551,401.484521,170.379608,810.00338,98.021813
2020-03-16,449.589835,1446.036222,471.219898,498.374983,1747.537044,384.408686,436.040829,203.55129,875.440738,105.777639
2020-03-17,448.784652,1400.563128,452.134297,472.597019,1763.847364,352.056286,424.761019,195.662048,855.645816,106.360242
2020-03-18,429.906333,1404.532395,409.653478,453.693163,1725.352707,331.068291,389.487772,184.635578,819.104527,107.306935
2020-03-19,399.128442,1344.391629,376.502331,437.58192,1587.955221,312.401561,345.802415,182.836298,762.404375,105.413507
2020-03-20,416.03837,1414.142663,390.496831,470.878535,1671.721915,312.401553,417.400473,184.543316,756.579458,120.233306
2020-03-23,391.724735,1406.102553,362.294703,443.296068,1671.721782,270.812524,381.888195,166.31965,642.542019,108.654193
2020-03-24,400.73893,1419.227488,349.862992,448.537553,1744.012709,259.496389,382.509542,160.137463,620.163355,107.34336
2020-03-25,430.912894,1460.208935,357.677204,486.087551,1808.758052,272.36003,387.7193,162.813341,610.011785,101.226089
2020-03-26,466.298499,1497.192157,398.287325,525.957587,1861.484829,303.938695,401.723462,170.794846,695.976438,104.321133
2020-03-27,468.020791,1521.398697,413.015963,551.864457,1916.154447,315.303146,418.213007,179.929742,749.364006,112.878021
2020-03-30,456.30015,1532.827946,392.130737,533.69094,1900.205446,300.892088,409.131777,171.855989,729.983906,113.642677
2020-03-31,468.826068,1547.12602,396.866573,544.517757,1974.439301,305.63128,405.308152,173.51687,730.16853,117.648036
2020-04-01,467.573427,1479.330599,388.342006,510.404827,1950.086384,297.990459,394.219546,170.933263,707.419912,119.832766
2020-04-02,467.573427,1479.330599,388.342006,510.404827,1950.086384,297.990459,394.219546,170.933263,707.419912,119.832766
2020-04-03,472.539063,1434.1337,383.606142,500.2225,1922.886699,272.263283,397.278493,161.475409,703.959132,121.616971
2020-04-06,472.539063,1434.1337,383.606142,500.2225,1922.886699,272.263283,397.278493,161.475409,703.959132,121.616971
2020-04-07,492.088427,1481.938035,400.347438,526.644923,2006.066371,287.109635,414.054758,163.874489,729.983875,126.459773
2020-04-08,518.929572,1478.461329,410.174403,538.202103,2184.443492,304.760819,433.02972,166.504202,736.16711,128.64454
2020-04-09,533.692203,1504.710151,421.49316,543.142882,2119.020277,312.063071,450.236177,169.410768,742.350227,131.084146
2020-04-10,533.692203,1504.710151,421.49316,543.142882,2119.020277,312.063071,450.236177,169.410768,742.350227,131.084146
2020-04-13,527.876657,1517.574049,419.693514,537.944306,2091.91134,318.446481,469.354447,168.949431,745.626411,131.84878
2020-04-14,527.876657,1517.574049,419.693514,537.944306,2091.91134,318.446481,469.354447,168.949431,745.626411,131.84878
2020-04-15,511.324545,1501.755163,399.234531,546.150203,2152.002888,314.33596,482.785087,166.227412,801.967145,133.050407
2020-04-16,512.219418,1455.906313,405.509572,518.567825,2187.787294,308.871374,475.424534,166.319671,803.028434,135.053106
2020-04-17,533.535613,1523.657937,420.190801,537.90148,2127.198601,337.596823,476.237057,171.902109,845.341538,136.145452
2020-04-20,537.718481,1566.682456,442.804623,549.071802,2097.333221,345.28596,465.435221,175.362317,840.72733,130.720032
2020-04-21,520.719067,1501.668205,430.017723,539.44813,2062.091783,317.237504,458.026901,168.857139,796.429938,128.207575
2020-04-22,581.559,1494.236732,429.686236,539.662813,2056.353339,312.449923,470.358226,167.334664,784.432735,128.17117
2020-04-23,605.402999,1530.481065,432.172551,548.298548,2085.631119,326.909371,469.402264,170.840981,770.589868,130.829245
2020-04-24,602.674102,1571.288849,438.542296,562.648222,2060.284341,320.622708,463.093252,165.166269,769.805495,130.574367
2020-04-27,636.583452,1586.238551,438.684406,568.018642,2063.221062,326.909407,469.450104,166.550353,786.509185,130.574369
2020-04-28,622.782719,1592.844686,436.647964,561.14448,2048.536805,338.757414,462.758668,167.196259,786.370751,129.664064
2020-04-29,635.241359,1608.011467,442.378398,565.397942,2006.9699,340.111532,465.578616,169.318512,788.124188,130.829259
2020-04-30,643.31615,1688.105414,469.846439,599.854513,1951.848533,361.873235,473.369354,175.039336,815.902314,131.411849
2020-05-01,643.31615,1688.105414,469.846439,599.854513,1951.848533,361.873235,473.369354,175.039336,815.902314,131.411849
2020-05-04,634.100639,1663.290677,434.516819,576.009851,1866.906982,324.975041,477.8621,164.243563,779.818461,124.275051
2020-05-05,647.409332,1674.893986,430.041401,575.709128,1837.177279,318.736627,502.859294,155.754558,770.58974,125.258195
2020-05-06,646.64892,1645.863945,428.904847,570.59642,1807.266991,314.577742,506.682949,153.678452,754.532008,116.883365
2020-05-07,646.425252,1636.954655,436.340119,569.221705,1718.710657,322.750499,501.329847,155.754569,756.839204,116.88338
2020-05-08,687.626422,1639.475463,438.163484,574.42022,1839.79764,322.750512,505.010169,153.263239,747.518298,114.407343
2020-05-11,703.373322,1659.249015,432.859248,582.58321,1839.752651,307.759083,508.642662,152.248233,753.378424,115.062753
2020-05-12,655.372321,1660.335446,412.542349,580.435124,1793.712466,297.893787,507.113158,148.418965,741.981099,114.698644
2020-05-13,656.616995,1673.720808,436.695325,587.524108,1785.037353,321.396435,525.084307,157.323188,784.894135,119.796339
2020-05-14,645.801367,1643.690568,421.493172,560.757879,1789.781576,314.964648,511.510353,154.555026,776.588466,117.939326
2020-05-15,639.050054,1621.179248,414.389344,555.688246,1812.688748,308.339365,515.620789,151.971424,788.124197,117.356735
2020-05-18,644.875572,1627.17654,393.693552,561.101556,1796.965588,283.62774,511.605955,143.02108,747.518359,118.813224
2020-05-19,633.69867,1654.034194,391.230864,562.820089,1778.440839,287.351398,532.444843,140.622009,730.629929,120.233285
2020-05-20,629.069753,1678.979396,394.11976,566.815613,1784.675968,287.738307,562.651786,139.468596,738.289612,124.529951
2020-05-21,643.52078,1687.192959,403.638876,571.75648,1766.78408,292.090651,559.592902,139.791583,754.993422,125.731555
2020-05-22,644.19822,1704.663099,394.522301,578.716588,1769.314465,276.180407,561.122383,137.900006,747.610503,134.434095
2020-05-25,644.19822,1704.663099,394.522301,578.716588,1769.314465,276.180407,561.122383,137.900006,747.610503,134.434095
2020-05-26,639.591972,1673.155931,401.957672,583.442499,1784.676081,280.484377,532.970678,138.592038,757.669703,136.764471
2020-05-27,637.650105,1687.279937,405.935779,580.005406,1772.025269,285.175255,529.433786,139.145658,763.206925,136.109034
2020-05-28,654.359044,1713.398746,432.835611,592.89455,1798.230492,310.225394,531.489032,144.58968,789.047076,137.638364
2020-05-29,656.00739,1705.663182,437.334668,587.857099,1807.266985,309.49999,519.826843,143.205606,822.270134,137.638358
2020-06-01,666.52956,1721.91643,457.533143,602.271527,1871.605646,325.168498,525.896853,150.725761,852.724543,144.920807
2020-06-02,686.783468,1773.153731,461.842842,607.540834,1888.593883,321.589863,531.584636,154.278225,842.619205,143.245828
2020-06-03,692.450876,1760.88804,480.904761,606.19082,1884.075797,342.19099,525.036549,158.707245,881.333319,142.444782
2020-06-04,695.905665,1784.20685,469.372896,607.497303,1902.374377,334.163291,525.323293,158.245886,856.969732,142.007836
2020-06-05,710.672756,1778.584219,474.913826,610.197248,1884.07588,335.614106,542.434308,162.39812,864.352565,144.665912
2020-06-08,706.743918,1797.5878,476.618775,613.158689,1877.840806,341.562318,553.6662,171.440748,875.796096,143.464331
2020-06-09,692.292942,1795.975056,463.902906,622.782776,1893.157469,333.921513,540.761396,169.180104,876.442063,143.93766
2020-06-10,695.476683,1807.525536,463.263632,617.687493,1894.015594,333.96988,538.228233,169.595319,863.522124,144.411048
2020-06-11,691.389797,1797.326307,457.012228,609.892474,1893.699115,328.940505,522.598983,162.721082,856.600623,140.988287
2020-06-12,676.035556,1753.042506,439.489494,588.336108,1866.003126,313.465499,516.194385,156.677281,821.347192,136.800872
2020-06-15,704.982736,1744.281755,446.593307,596.828031,1858.593558,314.819583,524.797581,158.707248,825.130937,135.672095
2020-06-16,715.911295,1770.477306,450.855628,608.934505,1858.774004,315.351497,513.32664,156.308181,822.408501,132.467832
2020-06-17,723.498079,1766.597877,460.919398,607.932732,1863.56365,325.071714,517.150305,156.169783,813.133678,131.593898
2020-06-18,725.078608,1765.421085,460.327348,614.900492,1856.108234,326.135649,533.592035,157.876807,806.581465,131.593903
2020-06-19,750.548549,1771.348784,479.34189,610.54567,1871.459978,337.741909,536.26861,165.627643,826.053828,133.705835
2020-06-22,783.514814,1760.146984,484.859226,609.67464,1898.753668,353.168532,545.254129,170.010539,826.88439,133.378138
2020-06-23,774.979679,1752.170976,481.42569,602.794036,1912.037088,352.249713,549.03,173.332325,838.881552,134.543308
2020-06-24,772.992749,1771.000317,487.819103,617.861762,1933.326328,333.679722,530.533069,169.687583,878.564671,135.562854
2020-06-25,773.602306,1751.517096,476.902956,604.013361,1921.498958,327.392975,525.753603,166.458062,864.029614,139.568219
2020-06-26,775.386157,1760.844212,486.848228,618.384322,1945.244678,334.74364,532.588264,169.59532,867.951787,140.769818
2020-06-29,774.731354,1823.042452,491.110589,635.890647,1946.972944,327.393003,526.900599,164.70492,858.261794,142.881704
2020-06-30,765.699446,1808.876785,500.2508,630.795612,1974.267472,334.937081,532.827321,163.551526,859.553825,141.279581
2020-07-01,771.344366,1812.755589,502.618759,635.585842,1965.260578,340.063147,533.687539,164.797181,846.264461,141.752951
2020-07-02,786.725924,1828.882522,513.937471,640.50692,1951.522176,349.493189,533.01839,169.779846,854.570345,147.506102
2020-07-03,801.666424,1883.147824,506.73894,655.400277,1961.848759,347.994087,535.886176,169.226216,868.966869,150.01854
2020-07-06,812.594122,1922.157632,520.946607,663.239094,1958.800626,348.671098,549.69925,171.763691,873.627405,152.636382
2020-07-07,819.032906,1945.825578,517.655219,666.766366,1957.572178,350.218598,541.095848,169.82599,867.490341,148.838705
2020-07-08,811.642002,1924.424193,523.314522,672.558369,1933.32614,355.489786,534.356677,173.839812,865.644619,149.030501
2020-07-09,809.941495,1909.996813,524.380092,674.997051,1975.222634,353.313592,535.599477,177.669094,867.490293,148.953772
2020-07-10,827.171944,1896.877841,520.7335,673.690547,1971.947128,347.220353,540.713566,179.745207,858.769358,148.838715
2020-07-13,861.51934,1926.516738,507.354583,684.621119,2033.404313,340.933646,544.871809,176.7925,853.647405,149.682635
2020-07-14,855.760816,1887.288587,497.267195,680.527582,2025.762337,329.424109,553.044843,170.333481,835.974673,147.879687
2020-07-15,815.269349,1901.3231,497.314567,692.242111,2033.449749,332.470708,534.97805,168.857146,839.158516,149.222306
2020-07-16,821.8215,1939.661823,489.737146,778.859415,2036.133658,329.810958,528.908034,167.611455,829.145441,147.304299
2020-07-17,833.406666,1913.408111,501.198019,777.03036,2075.254991,334.114986,536.985516,170.702553,847.187371,148.071504
2020-07-20,861.360715,1914.06297,532.383751,789.746532,2093.087151,343.593407,542.577683,174.162746,844.418737,147.57283
2020-07-21,878.069668,1923.10544,537.048582,809.29966,2099.819719,357.907715,541.38272,176.700226,849.586781,146.920674
2020-07-22,889.042609,1908.296737,529.258121,792.577128,2039.090591,362.985509,537.989146,175.408435,839.804489,147.687914
2020-07-23,902.940391,1889.775056,528.642349,784.433661,2006.610807,366.418996,539.136298,176.37725,841.050349,150.986914
2020-07-24,933.07089,1856.662674,521.538595,786.698231,1972.493067,359.938833,530.915489,175.915929,828.776206,151.370487
2020-07-27,964.856452,1890.211629,509.272606,800.111021,1987.687018,344.899105,520.16145,172.086656,827.161237,149.720981
2020-07-28,975.17199,1935.206625,501.766286,819.751208,2011.614718,331.938819,530.819895,171.394606,829.652985,149.644287
2020-07-29,938.806794,1962.334449,499.895645,821.841501,2015.208292,336.774758,535.551697,172.548009,846.495118,148.37837
2020-07-30,939.509547,1985.224519,495.704397,835.036571,2001.074432,329.230657,519.109881,171.671439,834.451812,147.687893
2020-07-31,930.803735,1972.294101,483.083247,830.289943,1990.018394,330.826483,522.216609,172.271194,837.082003,148.455106
2020-08-03,908.268126,1948.923081,470.272713,825.194735,1999.658,329.327356,522.312215,175.362299,833.851949,147.22757
2020-08-04,906.975924,1943.986646,475.008564,819.18502,1987.368883,332.905955,521.786383,175.777517,845.895344,147.764634
2020-08-05,960.503381,1968.405905,483.059551,817.225431,1992.805433,339.241029,522.45558,176.238879,857.190947,147.074132
2020-08-06,955.742416,1979.195986,486.019503,820.883452,2002.855958,337.161598,530.183708,175.546835,856.678983,148.148209
2020-08-07,961.364937,1998.111527,483.343698,826.544732,2014.688127,341.562285,529.608146,174.900929,850.953757,148.953808
2020-08-10,955.878497,1988.544418,494.331038,823.322171,2009.023434,345.624487,532.246374,176.884754,861.100766,150.680025
2020-08-11,952.364256,1988.15154,496.556865,824.018938,2015.601525,352.10462,527.833355,178.776326,890.983322,153.441979
2020-08-12,955.288981,1962.771219,496.320005,820.62226,2000.982788,351.814517,523.180459,179.560656,879.719123,153.748852
2020-08-13,956.739988,1966.221971,500.345551,825.891461,2001.850491,354.232463,502.938322,185.235345,885.816735,151.217058
2020-08-14,947.331263,1951.020346,486.516817,829.201164,1978.186431,342.577832,503.657732,179.560671,906.157407,149.989505
2020-08-17,938.648081,1955.519292,483.154348,830.986699,1981.246816,342.722898,497.03827,176.700238,919.469464,151.025283
2020-08-18,944.202605,1964.2996,484.006711,834.993162,2000.06881,349.73501,499.004957,176.884773,926.637575,151.332147
2020-08-19,961.886376,1967.969818,500.227192,833.904363,2000.983084,358.246264,505.672356,180.760172,935.946756,151.984299
2020-08-20,946.764427,1957.092335,498.214426,828.547941,1988.32792,350.702217,501.451244,178.314976,913.232372,149.260684
2020-08-21,941.776743,1957.965303,504.181588,824.410876,1998.652945,355.006174,495.023616,182.374918,923.472377,150.603316
2020-08-24,938.829403,1948.311509,514.150573,818.009391,2002.079164,361.583093,487.54072,183.251522,921.610591,150.641632
2020-08-25,942.230103,1951.412901,523.88281,813.131871,1987.277217,368.885322,504.617088,187.034644,910.253402,149.682644
2020-08-26,928.173725,1936.473647,525.445738,817.312507,1973.571861,371.593453,491.186233,190.218017,898.337626,148.570166
2020-08-27,953.679238,1958.577062,523.906464,823.235113,1978.140629,374.881864,487.348811,194.231841,898.61686,148.761978
2020-08-28,955.039535,1952.767699,518.578697,812.65296,1959.866691,380.008005,491.282168,200.044968,910.625797,148.877056
2020-08-31,934.227123,1946.564298,521.278075,796.583604,1919.344336,374.785154,487.876504,194.093429,875.436934,145.769887
2020-09-01,935.15656,1958.184297,524.735342,794.406132,1929.486867,372.657346,493.296779,194.877754,878.136571,144.42725
2020-09-02,945.404225,1958.489708,530.749838,795.625509,1952.145975,368.595147,522.940634,195.892718,882.511972,145.501368
2020-09-03,953.566038,1981.511358,534.207089,804.770699,1944.379529,368.546809,513.874856,195.892732,887.445786,145.769852
2020-09-04,939.600255,1977.09943,523.030383,796.452968,1931.542111,356.263604,498.381345,189.987327,875.064546,142.470868
2020-09-07,926.926838,1994.922304,520.473051,795.233553,1922.176844,356.892208,489.555305,189.526002,852.95525,138.711542
2020-09-08,943.363734,2033.102515,522.367331,806.120621,1947.211583,357.037279,473.917988,187.219187,849.883257,141.626944
2020-09-09,943.79446,2026.943124,516.802726,806.512556,1927.887422,350.025166,471.135889,177.622931,838.758691,139.862347
2020-09-10,986.371583,2030.699731,513.369108,805.467494,1935.37983,353.458673,471.231794,180.114292,848.998823,140.552839
2020-09-11,1037.042854,2035.810721,507.212552,810.867413,1941.136086,353.12018,468.689527,181.775156,848.998889,140.207625
2020-09-14,1034.730141,2080.97994,498.380177,825.935077,1932.456162,347.558872,449.262743,182.098137,838.758787,140.399399
2020-09-15,1037.518582,2153.277139,501.103299,846.272188,1926.973612,351.766122,450.941592,181.867458,837.827791,138.711512
2020-09-16,1047.67546,2164.372827,505.957536,855.286501,1930.354254,353.023451,461.014735,181.083136,848.393824,138.136145
2020-09-17,1039.196422,2141.045895,510.527668,866.609072,1939.080065,355.344706,454.730988,179.929751,842.529038,136.409877
2020-09-18,1032.259002,2128.639614,495.941113,870.180004,1909.613922,352.588196,455.978175,175.039324,835.035017,135.796141
2020-09-21,1019.018719,2142.400109,493.241692,871.399405,1847.573934,337.064864,442.499307,170.010552,813.903207,134.30008
2020-09-22,998.251653,2147.51121,487.558604,863.299453,1827.427302,338.032088,442.259508,167.150093,793.143686,133.302714
2020-09-23,999.951903,2104.701123,489.855519,878.018655,1851.000386,331.213405,406.667669,167.011712,795.517483,131.729927
2020-09-24,986.689076,2011.741034,485.427538,844.834921,1859.406375,322.798848,399.232722,161.93677,784.765317,127.471905
2020-09-25,982.721589,2054.988579,485.735335,849.189817,1892.116545,325.555303,404.988844,162.536519,793.143672,128.124062
2020-09-28,1000.745495,2067.132106,493.786351,869.65736,1882.202916,337.645209,416.405081,169.180082,831.311359,130.809283
2020-09-29,1004.917067,2119.815024,497.740792,874.534746,1849.995422,342.626237,412.040009,169.087825,830.752808,129.658466
2020-09-30,1008.884524,2149.258534,498.214374,875.318781,1858.446937,337.886965,401.151427,168.303505,823.026224,129.428303
2020-10-01,1003.896802,2177.478002,516.258033,881.197778,1891.33986,346.494947,406.427836,172.455727,838.479478,130.5024
2020-10-02,1003.896802,2177.478002,516.258033,881.197778,1891.33986,346.494947,406.427836,172.455727,838.479478,130.5024
2020-10-05,1000.269385,2274.238434,526.156046,886.68475,1902.486977,358.5848,405.804257,172.59415,833.219755,129.466643
2020-10-06,998.296882,2315.345671,533.354554,898.268541,1926.10586,362.792071,405.900205,173.747543,826.889547,128.967977
2020-10-07,1006.617332,2361.563526,538.753478,901.883163,1930.628385,361.824858,403.981478,174.485713,815.532227,129.658458
2020-10-08,1007.569649,2446.310567,550.948389,947.957197,1961.008613,370.094321,402.062801,175.823648,818.32505,128.047323
2020-10-09,1005.302454,2428.836482,564.350934,948.000757,1938.029487,374.204891,406.092028,175.823647,824.422481,127.625359
2020-10-12,1009.451397,2446.965305,570.957371,968.598851,1940.039222,387.55209,395.107521,182.005844,839.736128,130.425671
2020-10-13,1009.269955,2456.969166,565.937373,989.023092,1944.334085,380.588312,396.306703,180.022032,827.447986,130.042066
2020-10-14,1028.60887,2445.816943,556.702486,985.147363,1947.075218,376.235977,394.579895,178.130461,825.912089,128.162403
2020-10-15,995.281631,2392.689976,551.256218,951.527986,1956.257571,376.381046,378.942518,177.161593,824.236457,126.244403
2020-10-16,985.147425,2396.462277,555.518531,955.360366,1958.998632,377.686771,382.156313,176.792511,828.053119,125.668953
2020-10-19,977.212384,2374.790422,564.800812,971.386211,1966.353886,387.987287,377.983164,180.898583,822.93306,127.471922
2020-10-20,975.897432,2384.748556,571.099601,966.769928,1948.491299,397.514091,380.813233,185.189215,849.929795,127.893925
2020-10-21,951.185452,2336.579675,578.5823,988.54404,1951.643338,396.837006,387.144948,183.482204,845.880285,127.817155
2020-10-22,948.124726,2314.688141,579.197889,978.789317,1967.358686,394.274041,401.0075,185.558314,856.585858,128.124008
2020-10-23,950.573307,2342.764824,583.081337,986.090815,1955.297998,398.239443,409.92948,185.973542,863.893524,128.699479
2020-10-26,915.250933,2343.115931,570.483842,971.125402,1957.399807,388.277484,410.600971,180.483372,877.857381,129.08302
2020-10-27,909.129626,2302.404747,567.287228,948.237079,1966.673566,380.346521,410.121307,177.392282,889.16806,127.932261
2020-10-28,910.217859,2286.523835,569.015696,941.98672,1971.726134,381.845612,424.031854,174.439571,906.902167,126.589606
2020-10-29,902.781666,2281.478339,558.123218,933.227495,1945.885068,376.864618,426.909929,171.533014,862.031701,125.400451
2020-10-30,916.747302,2300.210349,557.105086,926.405082,1901.744188,375.317113,412.999348,171.763673,860.356114,125.32373
2020-11-02,842.996775,2281.30292,557.649648,925.304734,1890.708677,393.64535,417.316456,175.362305,857.051338,126.167667
2020-11-03,832.091771,2282.180339,580.381892,930.93886,1878.753917,410.280994,429.260334,182.328806,868.082769,128.200764
2020-11-04,832.953264,2290.033028,582.512942,939.125816,1885.145123,411.344866,428.972515,182.744039,882.516466,129.044711
2020-11-05,876.029205,2340.044921,593.097694,967.472116,1895.582673,421.306917,434.200944,198.153394,896.086428,130.579106
2020-11-06,896.955016,2352.592503,599.325372,961.045691,1918.296932,421.887246,430.50749,200.275641,901.590151,133.034182
2020-11-09,923.186052,2364.700537,622.862727,986.971122,1938.574281,434.267219,434.15298,200.275648,913.262206,131.845022
2020-11-10,925.543865,2314.907489,640.07765,948.985227,1924.274172,457.479733,446.096878,205.76581,921.992508,131.84502
2020-11-11,896.932369,2319.338877,649.052167,956.908175,1935.401552,456.609241,445.185495,210.148715,969.107558,137.023702
2020-11-12,890.992367,2335.438459,644.079468,980.456685,1952.552145,455.88386,455.738322,208.210978,998.714413,141.051526
2020-11-13,898.587381,2312.845378,637.92281,983.317925,2003.13038,452.208514,450.89362,203.089924,985.097136,142.355786
2020-11-16,898.587381,2312.845378,637.92281,983.317925,2003.13038,452.208514,450.89362,203.089924,985.097136,142.355786
2020-11-17,900.061012,2325.173882,653.83543,979.488286,1997.382835,462.460735,461.686281,213.147531,1006.87543,143.007898
2020-11-18,888.77066,2287.444306,662.573051,969.62883,1954.988941,470.29493,451.948879,219.514287,1024.051175,140.207587
2020-11-19,892.443382,2308.327111,647.868095,962.89437,1944.505873,460.187861,448.015556,220.529261,1051.143543,140.169233
2020-11-20,859.252251,2305.431626,646.471108,960.517407,1931.63137,452.740506,446.432661,215.869562,1061.392097,142.739418
2020-11-23,873.422008,2338.290234,651.34889,970.068885,1926.573546,451.192981,455.786274,219.69882,1065.519994,144.734155
2020-11-24,876.029227,2373.386599,663.9938,997.71086,1951.770499,455.738781,452.044861,220.990633,1070.691952,146.230187
2020-11-25,880.654192,2358.646017,661.602106,978.255903,1956.92029,455.642069,440.004995,222.928356,1055.650983,147.687907
2020-11-26,875.14502,2351.451159,656.866275,966.855908,1951.908495,450.515942,441.396059,221.590388,1045.307608,147.726269
2020-11-27,871.222805,2341.844142,670.387281,960.429413,1955.081394,455.835485,443.218819,223.343561,1036.245263,148.224968
2020-11-30,871.222805,2341.844142,670.387281,960.429413,1955.081394,455.835485,443.218819,223.343561,1036.245263,148.224968
2020-12-01,875.144963,2302.711441,675.099388,972.797805,1958.391737,458.737035,441.779827,225.373526,1054.464813,147.611182
2020-12-02,877.389546,2371.149371,660.560286,986.838967,1951.494722,456.705975,454.77899,225.235119,1047.727326,148.493468
2020-12-03,888.113151,2369.701285,650.733403,988.335518,1949.655538,463.137744,454.731,228.833712,1063.100289,149.260688
2020-12-04,879.656636,2368.1221,650.378212,981.557153,1962.070272,467.151596,463.748867,233.954806,1071.118771,150.756757
2020-12-07,879.928689,2374.39588,643.17958,1000.043959,2011.17743,487.607628,474.493581,242.674469,1085.590131,151.60066
2020-12-08,884.190952,2397.471869,646.518374,1007.96673,2060.053849,488.816607,479.338269,244.750568,1089.433524,153.09672
2020-12-09,906.522449,2450.7297,651.206997,1018.530702,2062.904556,489.445247,478.81068,248.395318,1106.79902,157.009495
2020-12-10,907.315989,2439.411789,651.538491,1012.368454,2092.148412,482.384755,474.013904,245.02741,1110.310146,155.858658
2020-12-11,895.186632,2425.636422,650.236014,1016.989719,2145.439241,489.493625,477.083808,249.179607,1121.649983,163.684232
2020-12-14,900.673118,2418.3532,647.868156,1010.784041,2166.727969,501.099825,480.777331,251.30191,1136.928035,164.950121
2020-12-15,889.223975,2417.25709,646.920976,1014.129157,2121.805549,496.263954,477.851289,247.426454,1154.008988,162.341602
2020-12-16,891.309834,2422.038823,660.418172,1015.537719,2117.851237,494.329545,481.688679,247.749425,1183.378683,163.7993
2020-12-17,896.501651,2461.126963,665.154061,1017.826324,2124.288644,492.395164,491.186262,246.088529,1190.021364,162.073079
2020-12-18,890.992358,2497.276051,666.006549,1034.904297,2126.127054,492.443531,484.518736,244.519902,1205.156977,160.922262
2020-12-21,841.228328,2443.579626,647.25243,1014.173036,2082.9987,472.180961,460.631016,231.64799,1095.079657,152.789852
2020-12-22,856.282253,2473.104309,636.975581,1035.344666,2097.619847,473.051458,465.811491,229.064387,1151.589184,151.063621
2020-12-23,870.882748,2514.166188,644.576718,1083.278122,2118.08125,480.256993,478.139104,235.846387,1184.61236,154.976395
2020-12-24,882.331995,2529.740487,652.130432,1079.272733,2170.314767,488.526441,489.699225,244.196926,1189.499374,157.738346
2020-12-25,882.331995,2529.740487,652.130432,1079.272733,2170.314767,488.526441,489.699225,244.196926,1189.499374,157.738346
2020-12-28,904.731419,2546.236223,664.91728,1088.075908,2185.028663,496.747521,495.599212,247.28804,1201.835601,159.464576
2020-12-29,898.950164,2562.029167,672.494732,1087.195607,2164.935263,500.858105,494.160224,253.470267,1202.974271,161.190804
2020-12-30,895.776081,2546.235754,669.179649,1089.968582,2184.982301,507.338191,492.433392,251.440266,1206.105891,160.768802
2020-12-31,897.159101,2496.223629,674.88631,1090.716802,2195.098401,509.224271,485.717953,251.532568,1216.5441,160.00161
2021-01-01,898.70075,2526.055755,672.778913,1105.506085,2190.500149,508.83732,487.54071,253.193454,1217.493006,160.577012
2021-01-04,892.352763,2580.410834,662.549349,1110.216093,2207.696984,507.09645,490.802463,256.284545,1235.523205,162.725226
2021-01-05,886.911511,2666.967336,667.285183,1122.45249,2211.650992,505.839039,490.322839,255.592499,1228.928035,161.574386
2021-01-06,863.854552,2664.860994,669.226924,1116.290255,2208.524884,518.267394,492.241518,259.652445,1233.625085,156.894412
2021-01-07,863.854503,2632.441325,668.966498,1105.242162,2174.866656,522.039535,505.672329,264.819694,1257.348846,155.053116
2021-01-08,867.005885,2684.866515,673.962825,1125.269417,2171.004534,518.751057,515.45771,263.15878,1278.225484,153.633777
2021-01-11,858.118648,2760.805891,680.214229,1179.629154,2208.984132,517.445296,519.48701,257.991547,1276.327675,154.400988
2021-01-12,861.474059,2763.832819,686.276082,1197.235582,2181.30401,519.47643,522.84473,256.422954,1275.426028,154.669507
2021-01-13,869.885203,2742.994856,692.432795,1197.235634,2174.498791,530.260571,543.950446,271.740015,1275.663299,157.469812
2021-01-14,879.22588,2743.07194,689.543848,1160.658405,2162.130293,532.533479,546.876347,280.321316,1287.003252,162.341608
2021-01-15,870.610669,2821.837235,684.334458,1179.629274,2154.4518,523.732019,569.660966,278.014488,1276.375023,162.034717
2021-01-18,872.107058,2801.969397,694.7533,1149.698311,2134.082313,511.54552,560.259283,269.617827,1258.440041,164.643259
2021-01-19,904.436662,2841.177026,694.753377,1154.980341,2136.47336,516.381521,562.657701,273.493205,1268.735958,166.868143
2021-01-20,907.497316,2872.032233,703.75143,1162.507051,2157.670331,528.084411,565.055989,273.90841,1292.981698,165.487156
2021-01-21,940.869907,2867.636911,695.298017,1175.227528,2161.07228,531.663073,551.04959,268.971912,1291.558251,162.801922
2021-01-22,922.800612,2849.879997,682.037434,1167.789046,2167.509935,513.189717,549.466664,260.575171,1279.64885,160.461959
2021-01-25,876.02916,2882.185943,689.1413,1155.860476,2193.258974,513.770113,546.396783,255.638656,1273.480895,158.697378
2021-01-26,876.02916,2882.185943,689.1413,1155.860476,2193.258974,513.770113,546.396783,255.638656,1273.480895,158.697378
2021-01-27,856.078208,2836.780772,665.935542,1131.299638,2147.27866,502.067029,539.489358,251.62482,1262.188275,158.889179
2021-01-28,847.916497,2798.80471,635.554876,1120.251395,2105.896399,495.200041,539.873134,248.672109,1271.582728,157.853453
2021-01-29,829.779159,2725.138602,646.210581,1083.674364,2070.031954,512.077506,528.21712,257.53016,1257.443521,155.244921
2021-02-01,837.94103,2675.998148,663.496512,1092.477335,2047.225412,532.920361,526.87401,260.898138,1268.925797,154.82297
2021-02-02,841.092349,2769.09248,709.150354,1112.372706,2027.730118,579.055189,555.702416,290.655756,1398.741299,166.484542
2021-02-03,861.519457,2780.213207,730.272388,1120.647569,2039.316839,593.853146,575.08115,300.621067,1428.158341,165.487168
2021-02-04,863.786523,2791.948844,730.959052,1119.811398,2047.225681,589.017251,571.435747,305.511478,1432.903033,165.717321
2021-02-05,870.588057,2750.63182,733.113879,1110.964134,2060.835796,590.951626,552.824395,355.384301,1433.946855,174.348444
2021-02-08,874.69154,2773.619886,755.70402,1122.848597,2050.996333,601.929114,560.930827,364.242357,1442.392553,177.6091
2021-02-09,885.233883,2781.399495,751.441793,1142.523594,2032.787708,607.974096,570.812085,358.936768,1466.116056,175.077293
2021-02-10,873.898022,2775.509967,742.112174,1129.979052,2034.857293,605.846265,556.66179,358.014002,1450.648444,171.164529
2021-02-11,894.279828,2799.904424,740.786,1129.494992,2054.444606,603.621723,565.055989,358.244708,1448.608169,172.238605
2021-02-12,913.845308,2797.222577,744.953612,1145.780815,2052.559519,608.74788,560.834885,355.75337,1438.691636,165.563883
2021-02-15,918.198284,2752.87354,756.177642,1150.666639,2035.086654,630.60634,566.015392,365.11898,1443.673549,166.868138
2021-02-16,922.732593,2725.138835,761.7423,1132.091901,2013.981875,628.236686,568.893426,369.363419,1460.422465,166.67634
2021-02-17,929.806164,2677.2726,749.689489,1122.408285,1986.347345,628.0432,566.063329,369.22507,1454.7288,166.139309
2021-02-18,933.660272,2664.482475,733.113969,1122.408352,1970.89831,616.678778,561.410509,381.727894,1437.79023,167.175024
2021-02-19,931.030352,2651.427342,726.010174,1123.993046,1977.151767,598.68914,552.104857,364.473068,1422.322357,164.182926
2021-02-22,904.572715,2587.255644,729.064693,1109.203506,1987.819281,587.372978,544.909693,355.845637,1373.214616,161.939092
2021-02-23,913.029183,2609.100742,721.108569,1107.046946,1995.727454,589.065588,541.072228,358.936738,1385.455975,162.72518
2021-02-24,918.719668,2567.915879,718.077566,1102.16105,1982.255401,594.917028,542.223558,364.6576,1410.79281,162.332143
2021-02-25,939.963021,2609.496062,758.687626,1119.767469,1986.34746,605.749568,553.591835,375.130454,1425.311554,164.14022
2021-02-26,938.920115,2531.741899,720.327008,1095.778639,1949.563364,571.511141,529.320292,357.091312,1361.874905,159.580749
2021-03-01,935.201969,2550.906169,729.656729,1108.323403,1956.920199,580.506006,499.820398,360.782199,1364.768903,160.406172
2021-03-02,947.263251,2591.518764,734.534672,1126.105662,1968.461341,579.34536,507.351296,360.366956,1383.700469,162.332133
2021-03-03,955.470359,2634.50533,741.164935,1151.458965,1998.762432,593.70802,518.047963,365.395764,1405.715823,164.1402
2021-03-04,978.368552,2651.339562,728.898986,1167.216529,1999.222011,595.594123,516.129306,363.965602,1383.557984,163.196879
2021-03-05,976.260121,2634.241985,720.374412,1148.86203,2000.371665,581.763301,503.082179,348.879148,1365.622996,162.882408
2021-03-08,983.039045,2633.714726,716.301524,1159.558074,1994.624294,581.42483,503.417962,356.214756,1394.945491,163.275484
2021-03-09,973.335576,2630.286465,728.496453,1160.922388,1988.23311,592.208999,493.392733,352.708389,1415.632488,160.95647
2021-03-10,984.059185,2689.975712,735.079397,1192.834165,2016.878459,601.397148,495.359402,355.89178,1430.530759,161.781859
2021-03-11,984.059185,2689.975712,735.079397,1192.834165,2016.878459,601.397148,495.359402,355.89178,1430.530759,161.781859
2021-03-12,963.042669,2673.580305,726.981031,1206.082755,2023.131874,588.388561,500.348014,348.325523,1426.40285,159.97383
2021-03-15,943.36367,2673.272893,717.627627,1195.914951,2007.774446,571.22095,495.407376,340.80541,1388.58746,158.480175
2021-03-16,950.165295,2689.975543,715.117639,1215.282038,2036.282604,574.170952,502.698439,347.033673,1382.609093,161.113653
2021-03-17,922.777952,2712.21607,705.740516,1216.602549,2040.83412,567.739075,497.901702,337.76041,1358.648409,163.943713
2021-03-18,907.315966,2625.846827,701.454617,1156.300756,2027.729811,556.616488,494.40012,333.192979,1347.498403,166.577137
2021-03-19,899.063525,2641.626359,698.092203,1160.262081,2015.315578,551.296878,504.137465,329.640522,1308.212073,169.446464
2021-03-22,921.916509,2653.625818,691.627713,1176.195984,2116.931629,550.813204,501.739074,335.407516,1321.165219,174.123833
2021-03-23,932.254709,2745.225389,695.747834,1196.88355,2145.807203,555.455808,500.923591,338.683143,1326.716448,173.966603
2021-03-24,925.181161,2734.940512,696.647667,1185.13124,2129.39218,546.460998,500.300037,330.93228,1290.609154,169.210646
2021-03-25,900.061076,2681.184878,686.82067,1168.713214,2051.685737,538.820149,479.242347,318.521766,1291.510675,164.336727
2021-03-26,894.937346,2675.075291,698.068383,1172.586633,2068.008626,555.455738,489.843127,327.149169,1311.438563,165.35867
2021-03-29,894.937346,2675.075291,698.068383,1172.586633,2068.008626,555.455738,489.843127,327.149169,1311.438563,165.35867
2021-03-30,903.030969,2690.76712,711.115797,1176.240046,2138.082663,562.903157,495.26346,328.763913,1324.296797,165.397993
2021-03-31,906.409058,2753.268944,704.698668,1200.140744,2190.178089,560.00162,495.263447,330.286402,1338.388457,167.206047
2021-04-01,908.290776,2764.697511,693.806154,1206.919172,2199.742079,561.162226,493.632576,335.038414,1347.972915,170.822175
2021-04-02,908.290776,2764.697511,693.806154,1206.919172,2199.742079,561.162226,493.632576,335.038414,1347.972915,170.822175
2021-04-05,889.677548,2769.972124,677.704217,1221.004218,2157.854052,545.010216,493.68057,322.074246,1310.869154,165.476596
2021-04-06,892.806189,2839.41892,678.485583,1238.126466,2186.224048,545.880701,503.226066,322.304887,1322.161573,165.201453
2021-04-07,903.824552,2843.63841,673.2288,1238.25852,2195.420497,541.044809,513.491151,320.736297,1318.318134,167.009511
2021-04-08,903.688514,2871.109363,677.467426,1250.935038,2203.006805,554.488577,518.527664,326.918493,1338.008804,167.323971
2021-04-09,897.793885,2907.986338,670.174116,1258.902291,2229.123631,546.460945,514.690239,324.058085,1325.767559,167.088132
2021-04-12,861.632687,2824.649983,640.764281,1245.653498,2241.629837,513.721693,497.422009,297.622262,1263.991475,161.152984
2021-04-13,869.613167,2701.44783,644.553051,1210.440458,2251.92969,520.201805,501.834932,304.957808,1278.462654,161.939084
2021-04-14,869.613167,2701.44783,644.553051,1210.440458,2251.92969,520.201805,501.834932,304.957808,1278.462654,161.939084
2021-04-15,867.413925,2714.10621,658.760622,1162.022939,2226.456691,535.967008,508.694355,310.125061,1288.758701,161.939085
2021-04-16,873.512629,2797.750227,674.152259,1185.439331,2243.837078,545.590526,516.12929,312.477982,1286.101722,162.332139
2021-04-19,856.985149,2755.994748,649.904528,1172.894612,2219.973643,516.865,501.97898,296.468823,1239.318878,160.170362
2021-04-20,857.189117,2748.30187,655.421749,1181.741904,2192.155726,534.467858,504.521187,301.45153,1250.421515,159.187719
2021-04-21,857.189117,2748.30187,655.421749,1181.741904,2192.155726,534.467858,504.521187,301.45153,1250.421515,159.187719
2021-04-22,850.95442,2729.753504,649.312522,1184.162894,2144.520193,528.954863,504.66505,298.314266,1240.505089,157.654789
2021-04-23,859.410996,2717.271062,663.117598,1171.706325,2115.092783,548.443728,497.99761,306.018972,1247.337324,160.56341
2021-04-26,866.733787,2714.633809,664.325264,1162.903129,2125.208136,568.706271,501.499247,313.031637,1255.450759,160.917147
2021-04-27,878.863138,2727.775811,665.296188,1179.761164,2163.785671,571.704568,504.856994,315.938179,1267.692294,161.192283
2021-04-28,897.861947,2735.687546,677.704185,1183.678803,2176.062539,578.378169,513.826884,328.533213,1302.423597,161.388802
2021-04-29,910.172563,2729.973433,691.911712,1189.664797,2192.477067,589.017279,517.184642,328.02577,1284.393685,160.406156
2021-04-30,901.217331,2654.812113,666.574839,1184.823056,2142.910755,578.474808,511.812214,323.366054,1267.882011,158.794664
2021-05-03,881.062287,2640.747537,652.272531,1177.868397,2151.876505,568.222704,507.543102,315.015451,1251.797538,157.222406
2021-05-04,866.507158,2667.998459,655.114032,1165.631989,2181.488164,569.673454,524.475621,323.135349,1263.042423,156.514913
2021-05-05,865.169553,2683.294565,654.356215,1168.889241,2178.223315,565.5145,531.478905,321.105404,1256.399729,156.829351
2021-05-06,864.512059,2702.282228,660.655039,1177.340456,2185.948088,579.587129,530.135756,323.458286,1267.549903,158.873254
2021-05-07,873.308662,2735.511664,667.877217,1187.111784,2204.431795,583.891163,534.26096,325.71894,1270.633857,159.541455
2021-05-10,871.018861,2747.115155,669.084886,1175.271469,2221.766863,590.951575,545.964975,331.070712,1278.225423,161.152997
2021-05-11,866.053731,2717.3592,660.678788,1166.512251,2201.765382,583.45588,541.120291,327.333709,1305.839597,160.170329
2021-05-12,864.69342,2699.293729,657.742411,1157.180934,2138.128716,573.735612,535.508212,333.931125,1306.693799,159.462856
2021-05-13,864.69342,2699.293729,657.742411,1157.180934,2138.128716,573.735612,535.508212,333.931125,1306.693799,159.462856
2021-05-14,864.240034,2672.393303,654.664082,1154.364026,2139.002375,571.704476,533.541408,331.762733,1303.894291,160.366859
2021-05-17,875.303667,2668.878023,654.166861,1162.286837,2176.24552,581.473216,523.61217,335.545859,1298.343115,166.380609
2021-05-18,894.393093,2705.798895,689.070274,1170.385788,2176.659883,605.459455,512.819603,350.678447,1325.6727,164.808407
2021-05-19,894.166473,2696.217511,687.910029,1173.68708,2155.555033,602.896361,504.809002,351.739584,1328.519408,163.157568
2021-05-20,898.247354,2683.030964,676.520251,1175.227641,2151.876842,596.416217,498.861002,352.477742,1330.085196,162.567968
2021-05-21,900.514577,2685.668597,683.387305,1185.219167,2151.876912,601.880777,500.779735,348.786901,1335.256838,163.039637
2021-05-24,898.700776,2700.524988,709.671375,1184.118689,2138.312758,617.065646,504.617083,373.977046,1338.008941,163.314791
2021-05-25,888.725245,2722.65654,696.410804,1192.349853,2150.037173,621.417985,503.178043,376.929713,1368.469803,165.280054
2021-05-26,891.128474,2741.825562,696.174061,1199.040117,2156.704916,622.191707,503.657781,379.051946,1378.623667,165.319412
2021-05-27,889.745539,2793.061497,692.59853,1225.142019,2136.151254,626.834232,497.613832,380.159241,1387.116499,165.319363
2021-05-28,902.328194,2769.961354,700.317968,1229.015233,2132.887157,618.274711,499.244728,387.587092,1398.646202,166.302007
2021-05-31,945.426862,2763.733463,704.461859,1230.620717,2133.622326,622.627036,503.753674,385.695553,1383.131144,168.542426
2021-06-01,973.290113,2766.736924,713.815226,1226.750138,2143.23254,627.076098,508.742349,392.70817,1388.30295,168.424513
2021-06-02,978.051188,2751.719619,707.066475,1214.603939,2161.072224,620.06394,506.535806,395.983845,1380.758815,163.982967
2021-06-03,995.78041,2758.477546,704.58025,1225.326378,2156.474769,623.594165,507.015477,403.690631,1397.982009,164.061579
2021-06-04,990.40718,2760.553379,710.002825,1225.860323,2146.312582,618.419743,509.605722,402.060961,1439.450824,163.51131
2021-06-07,990.747319,2768.149967,708.487367,1225.548833,2143.600141,623.110567,511.332528,401.176278,1462.083058,165.240764
2021-06-08,996.709937,2815.499032,701.620347,1241.788337,2147.416443,616.485412,512.291899,394.843887,1467.112501,166.026885
2021-06-09,978.481991,2814.61561,697.144964,1249.840802,2157.026769,608.167509,513.58698,389.442723,1436.034617,166.262681
2021-06-10,987.369231,2820.622558,697.902726,1262.654273,2165.900621,610.295316,518.383709,393.353905,1437.647805,167.834553
2021-06-11,991.971746,2836.523396,701.407316,1271.952925,2170.269146,610.778926,518.096026,396.007927,1422.132646,168.036783
2021-06-14,998.774162,2888.952179,692.645887,1293.308565,2164.297649,602.896344,507.782972,388.045873,1402.53692,165.974236
2021-06-15,1019.36353,2872.344502,698.447373,1301.806314,2185.971978,615.131327,516.513049,398.568845,1428.964897,167.430158
2021-06-16,1003.688245,2873.62541,700.01018,1305.810546,2207.878054,616.678711,513.155308,395.775135,1412.026364,167.470581
2021-06-17,991.880682,2879.809194,691.438213,1312.573182,2210.424791,606.136527,505.624394,387.952772,1404.672039,165.812473
2021-06-18,993.905579,2893.05944,689.070306,1323.517981,2227.653574,600.333356,497.90167,374.962007,1385.550951,163.790368
2021-06-21,1001.094641,2872.476708,690.964676,1320.670639,2285.082196,596.029356,511.332583,372.959854,1373.357011,163.709469
2021-06-22,1009.83089,2901.893194,700.909999,1336.598305,2298.651267,608.892997,513.730938,388.604612,1394.518369,165.286713
2021-06-23,1001.799987,2876.629013,700.247003,1333.528404,2276.930554,602.993164,511.044711,386.462772,1400.733953,164.680086
2021-06-24,973.725769,2896.151408,704.698637,1344.695751,2291.658619,603.960323,505.960238,387.67337,1406.33273,163.830829
2021-06-25,946.925477,2959.312941,713.69697,1372.991938,2264.703717,615.227969,507.830907,390.234265,1430.530834,164.801415
2021-06-28,946.880034,2944.295734,712.749674,1388.652728,2257.572196,624.948243,508.886205,395.356056,1433.235214,164.477851
2021-06-29,948.290606,2938.553435,709.722452,1387.406993,2264.703886,615.566481,502.698419,391.631123,1427.114483,164.316126
2021-06-30,951.452906,2949.154354,710.650013,1398.841274,2281.3767,609.134667,503.034168,389.535828,1419.143341,163.83082
2021-07-01,953.250218,2943.721873,705.370412,1387.273618,2281.376861,609.376591,500.779703,388.46497,1404.577259,163.507288
2021-07-02,952.317401,2910.903581,702.516549,1372.636166,2271.187768,611.504321,498.861023,390.187733,1400.164598,163.58816
2021-07-05,969.858139,2916.911148,706.107651,1389.053269,2301.800923,620.160706,502.026926,395.076705,1412.026528,163.95214
2021-07-06,964.71655,2876.363926,711.553728,1385.538479,2286.934118,624.029403,499.91626,398.755113,1423.413629,163.588157
2021-07-07,954.615287,2863.555371,726.631412,1374.460416,2265.491705,624.706514,501.930954,398.149792,1418.668913,163.628589
2021-07-08,946.879947,2854.985973,719.853521,1378.330872,2258.637111,617.162287,502.266704,393.074561,1420.56684,163.224189
2021-07-09,940.100348,2827.690044,712.267163,1380.110464,2258.637095,613.003515,501.739034,392.096737,1409.653992,162.496212
2021-07-12,943.922391,2816.515141,705.846037,1364.7613,2250.810268,621.321334,507.159399,395.402644,1415.44252,162.536646
2021-07-13,950.087852,2804.721682,705.893616,1367.030075,2250.810221,631.573505,506.727727,398.848195,1424.69479,162.860195
2021-07-14,946.993769,2813.555834,709.223097,1368.631928,2231.358636,636.602797,505.240749,397.078879,1431.005159,163.143277
2021-07-15,945.742508,2827.663479,713.289806,1384.559623,2223.948537,639.407701,503.657767,400.105354,1470.813336,164.113896
2021-07-16,949.883066,2825.893661,722.398253,1378.864766,2228.58038,636.119308,504.569111,398.056696,1513.657954,167.591922
2021-07-19,951.998913,2811.727602,697.284593,1368.14254,2221.633225,624.36793,507.78299,390.048037,1516.030415,166.904409
2021-07-20,948.245098,2794.154355,683.086797,1368.542886,2225.801052,618.129474,501.739092,390.094591,1501.226988,166.944853
2021-07-21,948.245098,2794.154355,683.086797,1368.542886,2225.801052,618.129474,501.739092,390.094591,1501.226988,166.944853
2021-07-22,954.683471,2824.122569,687.296195,1389.364829,2200.329194,627.027688,502.36264,391.957069,1510.289442,166.499984
2021-07-23,956.457946,2838.8625,682.682537,1410.408927,2181.062985,629.397327,511.092697,390.653373,1524.808167,167.02572
2021-07-26,942.375379,2824.875141,679.257909,1418.461608,2165.594198,641.825649,520.062622,393.260781,1511.475541,170.50374
2021-07-27,929.134573,2798.581414,683.063045,1421.843029,2160.037158,651.2074,514.354494,394.843902,1503.361979,168.19855
2021-07-28,917.4179,2773.129245,667.795031,1410.809225,2170.318191,648.064025,515.985423,392.096743,1490.388455,167.794126
2021-07-29,929.771547,2824.388391,672.218494,1423.800647,2158.184009,662.620379,542.031666,396.240753,1522.057951,166.338212
2021-07-30,924.174894,2799.64401,669.67385,1429.184115,2147.068911,657.673182,535.124377,401.083207,1521.098264,165.488936
2021-08-02,928.747826,2803.760742,673.621619,1440.796161,2153.182551,657.382229,537.234932,402.107488,1537.461085,166.176441
2021-08-03,939.235796,2849.751886,670.648872,1455.389265,2154.57179,656.363769,539.249586,403.783758,1545.378302,166.985275
2021-08-04,949.610075,2887.155724,684.917948,1458.459281,2192.965214,672.417556,547.116139,411.140535,1548.545119,168.319866
2021-08-05,957.459039,2888.307129,693.194139,1465.577744,2180.414195,678.092108,554.023495,408.253687,1543.938851,167.349262
2021-08-06,945.856193,2890.520186,701.089676,1462.863897,2183.65615,674.842581,564.576446,404.156246,1543.458867,171.959653
2021-08-09,940.282291,2930.35921,702.040981,1464.999377,2199.726971,673.533032,573.258481,401.362544,1525.89667,172.040544
2021-08-10,943.581118,2935.316916,708.224198,1478.035159,2185.138267,676.394674,574.073829,392.702058,1508.622433,168.683846
2021-08-11,947.972073,2945.497891,709.199381,1484.219462,2188.009688,669.313522,588.751972,394.052308,1499.745376,167.794127
2021-08-12,957.800271,2944.523957,708.36699,1489.558528,2202.135096,672.514536,591.917858,395.775132,1518.219215,168.522088
2021-08-13,959.5976,2972.410859,713.931866,1504.952412,2211.906909,679.983676,592.973006,395.775096,1559.485699,169.209613
2021-08-16,968.333834,3042.350308,723.658708,1503.884299,2216.214092,677.704211,606.307948,394.843912,1586.692658,170.261092
2021-08-17,977.297502,3065.810487,715.977118,1500.725591,2251.782646,670.768473,597.673873,386.695586,1559.533658,168.886061
2021-08-18,979.458937,3130.968384,717.427861,1536.718957,2273.040635,663.105264,595.611243,389.256488,1561.500985,168.522085
2021-08-19,979.458937,3130.968384,717.427861,1536.718957,2273.040635,663.105264,595.611243,389.256488,1561.500985,168.522085
2021-08-20,972.360708,3098.566796,706.82115,1527.019863,2293.417921,655.102657,582.324309,377.290119,1525.896725,167.18749
2021-08-23,970.22212,3153.367248,717.570587,1541.167911,2403.179672,653.647652,582.899944,373.658279,1504.687865,166.621311
2021-08-24,980.823849,3182.139916,726.512481,1523.994285,2417.536856,660.001363,591.96579,380.130393,1518.986974,165.569813
2021-08-25,991.97172,3193.339021,736.28693,1528.710401,2427.401306,666.54893,586.161618,385.81091,1525.896857,166.621293
2021-08-26,1003.301528,3229.50332,734.122647,1530.490227,2436.988101,669.31351,560.547099,381.806609,1521.098441,165.286735
2021-08-27,1008.329434,3232.336429,734.97896,1517.320853,2455.606389,668.391958,561.266567,379.478477,1533.622242,165.731574
2021-08-30,1017.770851,3264.650419,737.999142,1504.151596,2474.594684,679.886767,566.111353,385.065922,1578.77528,166.621306
2021-08-31,1020.250618,3278.682532,743.040942,1500.102958,2478.345699,688.083412,599.592594,389.908371,1578.67925,167.632362
2021-09-01,1029.692249,3281.825394,748.891242,1488.802114,2514.793587,695.698074,627.413686,395.914796,1604.782581,169.290504
2021-09-02,1026.052128,3295.104155,747.345459,1479.459058,2528.82638,695.988995,637.055119,398.336046,1614.18776,169.047852
2021-09-03,1047.66525,3368.186808,745.942228,1498.812644,2552.770954,699.48107,627.41365,398.755109,1604.686683,169.654477
2021-09-06,1097.489114,3376.552509,742.921987,1512.115313,2570.647421,698.414056,626.838068,400.477883,1622.056896,169.088261
2021-09-07,1097.488891,3371.462611,739.711495,1516.252796,2565.738454,690.314441,621.65756,395.868258,1611.74037,169.978009
2021-09-08,1095.054658,3325.20524,744.658014,1497.522069,2561.199717,693.563943,637.966473,397.963534,1591.155255,169.614029
2021-09-09,1099.354725,3333.172716,742.470188,1496.810484,2576.853628,696.08598,639.933185,400.43132,1588.468089,170.301522
2021-09-10,1099.354725,3333.172716,742.470188,1496.810484,2576.853628,696.08598,639.933185,400.43132,1588.468089,170.301522
2021-09-13,1077.491457,3334.942689,738.974146,1490.62615,2570.369678,684.057779,657.968846,399.313836,1593.554448,171.312604
2021-09-14,1076.558498,3386.291075,735.621056,1493.651446,2548.185422,685.318826,661.086787,402.526579,1607.853786,173.253786
2021-09-15,1077.696027,3422.589348,730.103519,1503.973288,2546.333221,685.124826,667.85018,401.781603,1628.58282,174.14354
2021-09-16,1077.013508,3445.694737,730.721923,1505.085703,2549.065475,691.478378,686.317574,412.304567,1640.338901,174.952352
2021-09-17,1080.926582,3368.584664,741.613931,1498.85704,2499.973749,692.593987,691.69002,419.381951,1637.316009,185.305538
2021-09-20,1078.378438,3371.107957,741.043239,1493.073208,2510.209081,685.318799,691.018498,405.692777,1631.413844,186.235701
2021-09-21,1084.748678,3383.325535,727.225866,1499.035115,2590.42292,673.581569,692.649356,402.899067,1624.168309,187.408545
2021-09-22,1091.232669,3410.592518,727.725455,1524.305783,2569.443709,681.196247,694.663994,406.111832,1637.220013,194.688121
2021-09-23,1112.731907,3395.144129,733.433005,1531.468842,2568.378242,685.949359,693.800523,411.652705,1645.90508,195.496961
2021-09-24,1124.789756,3412.850492,749.129064,1559.364699,2529.98441,695.067486,698.405441,409.743681,1679.44612,192.261599
2021-09-27,1126.291287,3366.725688,764.825106,1528.799434,2505.06841,700.645035,701.891058,411.838951,1666.970178,190.482127
2021-09-28,1143.354184,3320.999304,752.458562,1490.448047,2510.069957,685.415783,670.468873,409.371195,1649.695858,191.129202
2021-09-29,1146.653023,3295.236813,753.956825,1472.651819,2479.596182,680.274649,673.547554,408.90553,1647.392604,190.643903
2021-09-30,1137.68927,3319.981488,752.981688,1486.088161,2484.181288,677.849668,671.250757,420.359749,1628.582899,190.279932
2021-10-01,1135.255047,3297.760959,744.491592,1478.213274,2482.467987,667.276478,652.534316,413.282355,1619.46589,188.379145
2021-10-04,1154.3882,3282.223822,753.219494,1481.90584,2482.096747,673.241998,654.53784,420.545998,1616.154969,190.401198
2021-10-05,1159.074736,3312.456986,749.723618,1479.770554,2487.932427,671.107959,664.995675,427.157795,1637.220081,189.673301
2021-10-06,1160.781377,3359.731602,754.836697,1485.999177,2478.670052,667.712945,672.61908,422.455022,1621.865221,186.518789
2021-10-07,1168.334448,3381.90851,764.34949,1491.91641,2469.407937,672.660034,675.648873,425.667804,1631.4619,187.89385
2021-10-08,1174.613414,3452.688968,761.091363,1511.269902,2431.801258,677.364632,673.303233,423.013787,1650.655505,187.004116
2021-10-11,1203.666013,3240.215506,760.54435,1480.393398,2441.156404,679.304663,669.491514,427.111167,1645.85712,187.408543
2021-10-12,1201.800546,3214.187468,772.910956,1478.880508,2431.430763,683.2818,668.709625,435.911399,1631.461908,192.504216
2021-10-13,1214.563508,3226.935999,775.289128,1494.941844,2447.733018,686.725305,667.634484,445.130589,1654.542315,194.243246
2021-10-14,1222.708198,3200.486379,779.094195,1511.092234,2426.799402,687.792382,666.412854,448.855565,1696.192444,202.493436
2021-10-15,1222.708198,3200.486379,779.094195,1511.092234,2426.799402,687.792382,666.412854,448.855565,1696.192444,202.493436
2021-10-18,1211.378494,3194.498652,792.911575,1548.286547,2448.150228,710.102849,664.262657,457.888548,1710.156035,208.15531
2021-10-19,1232.172677,3215.565268,794.790285,1585.925955,2334.636407,716.601956,660.157762,450.019614,1729.397705,198.206553
2021-10-20,1224.664797,3173.964743,791.674809,1596.381163,2287.860019,719.657545,665.973071,449.879912,1723.879493,196.022689
2021-10-21,1184.487155,3114.491262,789.962523,1554.381677,2248.957821,715.292462,673.59643,457.93511,1718.841186,196.629346
2021-10-22,1188.263802,3091.207346,794.671359,1518.922518,2250.810117,730.7642,668.75855,465.617803,1709.532103,189.026175
2021-10-25,1169.380993,3060.162274,767.583831,1501.303945,2232.285068,774.46362,659.717959,463.615625,1689.378725,186.437933
2021-10-26,1184.464512,3082.3373,783.065833,1522.419225,2252.573922,797.695495,673.400925,472.69521,1709.724121,188.136509
2021-10-27,1192.108638,3089.433137,778.761313,1527.132104,2228.435819,799.490049,678.287739,477.491058,1703.534071,191.048342
2021-10-28,1178.708678,3029.117382,754.908053,1518.96316,2206.861424,772.378018,668.905121,463.382866,1718.793193,181.301783
2021-10-29,1138.303742,3003.349721,741.994548,1491.134097,2211.521072,760.398391,661.721482,454.815445,1665.818713,179.805415
2021-11-01,1134.845409,3027.298289,753.195838,1504.554667,2207.094371,769.22547,673.987332,466.549045,1680.597604,179.967202
2021-11-02,1135.368892,3077.680644,761.043843,1513.845933,2238.547474,774.075625,693.485665,476.839176,1723.015871,181.584871
2021-11-03,1119.784444,3074.399218,749.390685,1525.202146,2223.822756,757.051794,680.242486,479.772591,1744.704649,179.320117
2021-11-04,1132.980024,3108.946607,756.311202,1530.588201,2255.323095,755.645246,683.369981,491.73895,1823.398672,181.180442
2021-11-05,1132.980024,3108.946607,756.311202,1530.588201,2255.323095,755.645246,683.369981,491.73895,1823.398672,181.180442
2021-11-08,1117.691516,3087.83669,746.964895,1528.792945,2236.777206,749.970666,688.061321,480.936652,1835.106799,182.555485
2021-11-09,1131.637645,3100.964225,746.299089,1549.440053,2252.014225,755.839252,689.185305,486.291268,1852.477124,184.294489
2021-11-10,1139.19069,3086.949625,737.238133,1545.80451,2232.955978,749.922081,691.335527,485.63936,1854.108576,183.768746
2021-11-11,1153.705788,3047.744114,730.388995,1534.179115,2205.183902,743.131894,707.852939,472.229559,1848.01442,184.86069
2021-11-12,1163.465777,3091.828217,734.883744,1560.257494,2214.502785,748.079129,708.830236,468.132135,1850.365744,185.345966
2021-11-15,1169.380928,3129.348077,739.330907,1593.876545,2240.504803,748.418616,719.532273,470.73956,1864.664993,188.54091
2021-11-16,1135.255017,3141.766299,733.242834,1595.223187,2236.777003,739.154904,710.58951,459.564796,1865.624646,190.077711
2021-11-17,1119.784479,3110.189189,727.011846,1598.544612,2224.754872,733.625733,700.033969,457.236691,1865.192998,190.603467
2021-11-18,1114.802087,3061.580869,725.466129,1579.064345,2208.724985,733.722827,691.970791,458.447285,1816.680797,191.12921
2021-11-19,1114.802087,3061.580869,725.466129,1579.064345,2208.724985,733.722827,691.970791,458.447285,1816.680797,191.12921
2021-11-22,1069.733233,3051.558403,713.004467,1572.017633,2215.388555,718.056922,716.502528,444.664982,1763.754246,185.669516
2021-11-23,1050.622735,3022.730696,711.720203,1535.076792,2177.504762,709.278276,719.043624,446.993048,1770.1361,185.345972
2021-11-24,1066.343532,3037.10027,720.139076,1515.327265,2205.929475,724.313611,739.128356,455.420759,1771.527593,183.566513
2021-11-25,1072.531674,3046.014772,716.785764,1523.361697,2181.698429,722.95553,735.756474,452.859876,1764.089993,182.595924
2021-11-26,1092.711298,3026.36746,706.321708,1511.736533,2166.973738,697.05599,716.50249,434.980137,1697.296158,180.452479
2021-11-29,1091.619441,3021.532908,695.38201,1498.405688,2129.229749,689.198883,710.638364,423.060344,1665.194794,178.106851
2021-11-30,1086.955275,3096.528586,707.058904,1526.144619,2145.352347,689.780908,706.289138,426.505915,1680.693744,177.945067
2021-12-01,1103.449696,3135.557687,708.271782,1537.769801,2165.156377,693.56398,701.988754,432.093291,1691.010257,178.430385
2021-12-02,1120.057665,3170.238987,713.456193,1536.288818,2185.426568,693.757974,697.981639,438.565438,1691.922013,178.996601
2021-12-03,1092.028866,3220.57718,716.80954,1555.320188,2178.809491,693.660977,700.082911,437.727269,1724.119539,179.03705
2021-12-06,1072.531574,3124.026795,712.195836,1518.469411,2144.420653,686.288816,678.141175,431.907041,1706.317234,175.922988
2021-12-07,1073.828404,3126.066063,718.165137,1520.713456,2154.67207,690.653912,678.385494,436.935777,1700.655041,176.408301
2021-12-08,1094.895525,3194.099936,729.627947,1555.365036,2160.496477,721.791515,686.399873,447.225919,1729.349586,178.753962
2021-12-09,1103.404236,3163.055242,723.920282,1563.803338,2163.572218,725.962701,694.902848,452.673639,1754.253379,180.371591
2021-12-10,1105.838385,3171.126658,717.47535,1567.394096,2162.127615,728.533193,690.993376,451.090567,1786.019026,189.066633
2021-12-13,1093.848913,3194.720582,716.88078,1560.930816,2144.42084,729.939685,682.539242,452.90647,1780.260772,189.390181
2021-12-14,1079.925507,3172.545292,712.053186,1535.390898,2147.216504,723.925558,672.814574,448.669269,1771.767617,184.051853
2021-12-15,1074.32887,3156.09147,711.387287,1545.131095,2143.954817,728.387702,668.611864,450.252418,1788.514062,180.695165
2021-12-16,1077.764097,3166.602762,710.602468,1578.166712,2147.169908,716.795938,662.258947,445.363418,1791.057381,178.592156
2021-12-17,1055.627794,3169.884581,698.093171,1621.929774,2074.524069,704.282605,646.132577,434.421424,1757.852199,175.316372
2021-12-20,1022.457368,3113.515252,672.599015,1604.46957,2051.365115,677.267615,630.494801,412.537363,1700.079356,169.694902
2021-12-21,1042.978573,3163.409373,680.161624,1616.768154,2099.453961,694.679566,644.275653,413.934201,1739.426224,170.705951
2021-12-22,1056.537943,3198.756693,682.872679,1626.956935,2114.598377,698.462573,651.899054,418.124784,1753.86955,170.746393
2021-12-23,1072.941121,3219.822424,683.419731,1640.108472,2119.816841,706.125763,660.206576,426.273093,1787.026606,172.444966
2021-12-24,1063.61334,3232.950655,679.210376,1664.346551,2127.924706,698.026062,657.421088,421.104768,1775.414498,175.073715
2021-12-27,1068.413724,3240.312947,676.427905,1656.311971,2123.218625,694.630975,653.511757,419.568163,1771.383854,174.426635
2021-12-28,1079.766393,3276.458242,691.29155,1686.250577,2141.391498,710.539243,659.766765,427.483691,1796.623472,176.327416
2021-12-29,1083.884183,3268.608023,688.437716,1684.45516,2142.603291,709.95737,659.717909,420.359766,1813.849766,174.952376
2021-12-30,1067.276184,3264.173167,687.296147,1682.614855,2140.366741,707.144289,658.936054,417.659195,1805.06876,174.305306
2021-12-31,1073.82851,3309.676513,695.144219,1680.191244,2171.44692,714.467855,664.604709,421.942858,1811.210613,174.831041
2022-01-03,1075.443709,3321.82816,704.181331,1694.643982,2192.881701,720.724491,667.634562,428.461486,1817.304561,175.559002
2022-01-04,1093.848914,3380.991695,717.166228,1685.89131,2195.072148,740.706945,674.769232,438.658546,1837.362094,177.176678
2022-01-05,1107.02147,3381.611722,726.821652,1651.778527,2229.227956,748.079084,676.088697,446.201563,1849.933863,176.853151
2022-01-06,1096.123977,3345.777205,727.749133,1615.870403,2206.581496,750.79509,684.151841,452.021749,1842.208416,176.489177
2022-01-07,1097.284117,3367.420367,730.531655,1621.974848,2225.500274,762.677881,685.569064,455.79327,1820.663527,175.922999
2022-01-10,1099.33186,3424.720571,735.097747,1627.540443,2238.547506,775.04563,687.719312,458.633544,1830.356205,177.05535
2022-01-11,1107.954248,3420.285568,736.191754,1660.890262,2229.227818,777.858703,678.874133,464.919401,1859.530691,178.91568
2022-01-12,1121.604567,3403.033713,738.189397,1669.732662,2235.285479,787.704349,688.256855,473.533302,1881.267549,179.239241
2022-01-13,1141.352135,3421.17257,723.159215,1675.433105,2239.712656,792.894028,709.709886,472.136436,1895.902853,180.169386
2022-01-14,1149.29198,3423.877989,722.493403,1688.584475,2200.151435,787.267828,702.184234,470.41365,1926.084694,179.805409
2022-01-17,1154.36554,3514.574463,722.564759,1733.020868,2185.426578,790.129407,703.259336,472.64864,1959.673639,179.037055
2022-01-18,1144.6966,3530.274189,724.395918,1715.919482,2196.982329,793.669975,696.417766,470.273983,1929.491656,178.18774
2022-01-19,1141.625082,3474.722222,719.806011,1672.291215,2148.195015,779.168147,685.813408,465.897147,1906.891024,176.89361
2022-01-20,1117.054587,3386.310743,713.503753,1629.784852,2090.367448,771.553547,689.283081,473.067661,1904.107947,176.327408
2022-01-21,1115.689559,3350.857028,706.607031,1594.325258,2096.891333,771.650501,673.743074,463.755353,1864.713079,174.709691
2022-01-24,1071.59885,3323.311291,698.021902,1551.235522,2112.454891,759.816326,662.014665,454.442981,1805.692444,170.584665
2022-01-25,1048.802658,3307.405913,686.820545,1526.548657,2088.409934,762.48387,666.706042,455.374221,1775.510441,169.492701
2022-01-26,1048.802658,3307.405913,686.820545,1526.548657,2088.409934,762.48387,666.706042,455.374221,1775.510441,169.492701
2022-01-27,1051.555621,3221.12676,682.539809,1494.680139,2120.189483,757.633689,685.617974,468.59777,1791.72906,170.746413
2022-01-28,1059.449945,3239.69766,694.430741,1507.696719,2123.031738,755.160199,685.764571,485.54624,1815.049342,173.981758
2022-01-31,1072.099209,3306.69466,697.66516,1539.879537,2116.461792,760.495225,703.259255,490.807688,1775.846256,175.599469
2022-02-01,1067.958677,3320.023889,700.828071,1557.250143,2123.357986,765.636425,702.037594,484.24247,1839.713145,177.257591
2022-02-02,1080.699109,3377.113717,716.119774,1590.734582,2140.273445,784.600274,704.18779,494.812047,1891.152258,185.224653
2022-02-03,1068.004268,3390.798257,717.737037,1556.621816,2134.169333,781.835757,702.23306,500.213197,1852.189027,187.489442
2022-02-04,1056.12831,3348.990478,720.16282,1535.211414,2127.645258,771.941565,700.278349,491.040522,1845.759422,187.287227
2022-02-07,1048.802625,3337.572975,694.430793,1521.970297,2084.775342,758.021756,683.663242,489.131505,1798.974756,184.820259
2022-02-08,1051.077695,3306.339423,687.082175,1522.508951,2093.675623,751.086111,685.129297,483.311275,1773.49518,185.265094
2022-02-09,1072.918369,3328.642985,697.760202,1548.542525,2102.110315,770.389485,686.2533,491.459581,1799.982255,185.022451
2022-02-10,1076.148892,3339.216114,714.241099,1569.862935,2102.34306,772.426577,692.557188,497.65233,1805.164486,184.213613
2022-02-11,1066.593712,3278.794775,713.218544,1537.770048,2095.959115,764.27841,694.805205,490.854284,1775.414465,185.871721
2022-02-14,1052.442863,3296.565594,698.854202,1506.574712,2056.817034,728.630161,669.491541,465.338456,1722.631847,180.976669
2022-02-15,1062.771657,3330.330859,700.637889,1517.526633,2071.309075,720.918513,671.055288,462.917224,1733.332405,181.018108
2022-02-16,1090.186219,3381.868123,716.785743,1550.20314,2120.189784,737.602897,691.970819,478.655117,1767.881046,183.751385
2022-02-17,1096.578794,3357.87659,714.407544,1544.323361,2121.122025,723.925559,698.81237,476.001096,1779.349118,182.923119
2022-02-18,1101.197252,3338.861333,708.91391,1529.241826,2137.897066,723.198092,695.244942,475.023314,1789.95366,183.461499
2022-02-21,1085.021627,3292.611513,711.339754,1518.469399,2129.276176,717.814444,687.083985,469.948046,1774.310805,179.858545
2022-02-22,1067.981475,3172.166925,707.724719,1518.065321,2096.984296,715.631942,671.934906,461.42723,1727.910093,176.42123
2022-02-23,1077.468571,3159.415803,711.387302,1556.083252,2098.987938,720.433488,683.663244,463.056924,1742.929155,178.119183
2022-02-24,1020.774093,3013.203479,669.293374,1499.617393,2013.294879,681.244698,630.836934,435.818289,1680.405789,171.451603
2022-02-25,1035.721099,3076.202246,681.517173,1505.452597,2015.019195,698.656661,662.161313,446.341202,1693.841285,174.391972
2022-02-28,1020.59197,3070.781979,672.575297,1494.679995,1975.737108,693.952011,651.361526,440.567568,1682.133292,174.599034
2022-03-01,1020.59197,3070.781979,672.575297,1494.679995,1975.737108,693.952011,651.361526,440.567568,1682.133292,174.599034
2022-03-02,1059.813945,3115.299167,644.203504,1518.020432,1978.579794,686.531342,650.921645,434.887031,1697.200361,175.965652
2022-03-03,1078.401303,3136.713412,648.246347,1531.082183,1944.610319,672.660114,653.462752,432.652073,1675.175579,178.906027
2022-03-04,1055.787154,3098.46011,635.87976,1509.04336,1840.837315,664.463388,635.283903,426.179966,1634.34105,179.734295
2022-03-07,1011.036713,3049.144909,616.925692,1522.509036,1795.870581,622.898006,624.532963,403.644099,1540.819927,182.301946
2022-03-08,991.926294,3074.424832,614.523727,1542.662375,1772.1526,623.7225,652.485438,395.775147,1530.695228,185.325108
2022-03-09,1016.564962,3196.202587,627.294544,1607.790914,1818.237494,638.272878,659.033758,408.393388,1583.525773,187.271549
2022-03-10,1073.828372,3212.152551,656.498746,1625.026925,1909.568619,653.453615,674.964734,429.904895,1638.17966,188.720999
2022-03-11,1081.131313,3192.470835,652.907513,1625.744988,1929.139745,650.495043,675.844277,430.23086,1637.028165,190.626009
2022-03-14,1080.19845,3181.052566,673.027084,1644.193028,1906.866139,656.945721,672.570249,438.192895,1646.337039,194.89161
2022-03-15,1065.114887,3185.850786,671.481301,1642.80144,1887.201825,667.373396,679.75379,447.59839,1656.989513,195.388583
2022-03-16,1081.609026,3213.263223,683.110531,1659.857791,1893.77231,680.226233,689.03873,455.746718,1675.799283,198.039013
2022-03-17,1098.899497,3252.404241,699.44879,1645.539638,1940.649147,694.727946,698.812341,464.034722,1697.152322,201.020772
2022-03-18,1098.899497,3252.404241,699.44879,1645.539638,1940.649147,694.727946,698.812341,464.034722,1697.152322,201.020772
2022-03-21,1109.774342,3212.151963,700.518885,1652.766003,1906.772916,684.348804,690.797932,455.374214,1674.647717,201.931882
2022-03-22,1116.417559,3221.037915,693.098927,1650.881092,1835.012645,678.528712,689.869419,444.4322,1651.759329,201.724824
2022-03-23,1147.99536,3278.794778,700.899489,1667.039567,1840.837234,692.836447,687.084004,455.560492,1688.227198,205.824749
2022-03-24,1142.080273,3283.237614,682.325815,1666.276571,1818.563595,677.073696,682.050535,450.252435,1680.405777,208.268134
2022-03-25,1172.5659,3262.800077,674.929624,1667.937237,1812.645828,675.764167,689.869463,453.139234,1668.889684,206.445972
2022-03-28,1176.888563,3253.20359,666.653484,1663.134568,1799.87798,674.794105,694.023252,448.808972,1655.549988,209.179258
2022-03-29,1186.39846,3279.682641,680.161597,1670.226552,1839.719102,684.688284,720.314227,457.888573,1663.131498,210.173151
2022-03-30,1190.81217,3293.189217,691.600805,1701.152467,1859.289903,697.541027,727.742102,458.447282,1683.380777,205.948994
2022-03-31,1196.044538,3305.629119,697.237013,1700.434162,1880.678208,705.980225,722.953111,458.354152,1687.123553,206.653027
2022-04-01,1193.041632,3312.604241,699.329823,1686.160689,1899.689906,701.421099,732.286875,457.236703,1688.083309,206.073225
2022-04-04,1201.982654,3320.645254,743.207419,1681.402833,1929.326006,703.264155,739.07952,471.20523,1704.973643,207.978259
2022-04-05,1192.449993,3351.656749,761.971296,1667.174321,1982.260795,715.874423,743.770888,472.788315,1753.341795,211.291339
2022-04-06,1177.161752,3315.358682,735.977664,1635.754702,1976.948629,710.15133,745.725607,471.205217,1754.013534,213.113505
2022-04-07,1168.015738,3269.020183,719.972439,1622.648076,1989.809733,715.001358,742.35371,474.976687,1737.171132,211.871133
2022-04-08,1164.830774,3236.587827,712.172018,1623.051971,2016.277249,721.306509,740.447888,477.118554,1744.75274,212.036754
2022-04-11,1175.296098,3248.672318,710.245701,1582.25134,1993.351264,729.115175,738.884058,477.910144,1707.276939,220.319462
2022-04-12,1162.737707,3241.785457,704.014935,1551.011045,1980.397038,727.7571,723.343992,469.668693,1663.707256,217.917481
2022-04-13,1158.233016,3248.183406,695.691225,1554.826397,1985.709147,737.893942,721.242708,478.422286,1676.662935,218.373043
2022-04-14,1158.233016,3248.183406,695.691225,1554.826397,1985.709147,737.893942,721.242708,478.422286,1676.662935,218.373043
2022-04-15,1158.233016,3248.183406,695.691225,1554.826397,1985.709147,737.893942,721.242708,478.422286,1676.662935,218.373043
2022-04-18,1147.44933,3129.96077,661.159936,1427.352178,1989.763353,726.738606,707.022138,469.342773,1645.857161,221.354825
2022-04-19,1160.758311,3055.898128,631.170968,1391.443961,1958.076957,734.304758,700.620406,470.367092,1618.986158,214.355919
2022-04-20,1205.372294,3092.19637,635.142579,1403.114066,1950.294802,731.200781,707.559716,472.136459,1603.967043,213.320578
2022-04-21,1243.092862,3169.856813,643.680248,1426.678807,2020.471151,728.678702,713.472771,476.978862,1631.461909,215.018546
2022-04-22,1248.644039,3173.499821,641.706331,1420.529763,1975.737459,723.537634,712.495339,464.686562,1622.24897,214.148847
2022-04-25,1211.992821,3139.378741,628.911697,1395.124385,1907.704726,721.69457,712.642,456.352032,1585.397089,209.137812
2022-04-26,1232.036062,3126.094998,645.511439,1406.300781,1976.669358,729.115204,722.366645,464.174394,1596.913365,212.243842
2022-04-27,1253.580855,3115.565919,645.012032,1391.758197,1960.360118,710.587738,729.501446,458.028249,1599.504317,211.829715
2022-04-28,1267.708955,3143.777774,647.865795,1398.131785,2017.675087,712.624878,727.742131,462.358489,1612.268215,213.817542
2022-04-29,1263.704989,3142.711415,652.360714,1401.139095,2071.309166,717.911429,718.897018,460.030411,1619.129999,214.107428
2022-05-02,1254.945865,3103.525312,647.842147,1374.387566,2055.791435,709.181207,713.814776,448.203697,1588.324294,212.906442
2022-05-03,1254.945865,3103.525312,647.842147,1374.387566,2055.791435,709.181207,713.814776,448.203697,1588.324294,212.906442
2022-05-04,1217.748671,3079.134928,642.110652,1373.624413,2002.437834,699.529645,700.767093,444.664994,1559.533861,214.190274
2022-05-05,1197.591676,3096.950272,640.445894,1398.131656,2007.051254,704.719223,698.079309,445.735899,1567.163181,215.681136
2022-05-06,1180.096353,3042.881173,624.51203,1378.023108,1962.87616,689.004897,691.726461,438.611966,1547.10563,214.438731
2022-05-09,1140.715158,2973.884316,616.18832,1366.442786,1966.557549,683.330265,688.501165,441.219418,1527.09641,215.80539
2022-05-10,1118.419545,3040.659553,625.487124,1387.898074,1974.805365,683.863803,694.072137,440.940051,1536.453415,214.604397
2022-05-11,1102.016189,3005.250502,631.955818,1356.972001,1972.009641,685.949338,700.669315,431.767371,1494.563012,208.516623
2022-05-12,1078.378607,2976.772462,622.149897,1350.41882,1965.672199,672.514526,685.37362,424.969348,1452.097176,206.36311
2022-05-13,1099.013174,3005.250178,619.262889,1344.853076,2007.563396,654.763202,669.247152,409.510835,1441.444684,210.794376
2022-05-16,1099.604824,2991.433535,618.444899,1327.392579,2024.47869,655.490734,664.262645,408.67271,1477.3847,209.55195
2022-05-17,1106.589272,2977.038756,624.651981,1329.412551,2070.144237,664.608906,675.209055,424.783111,1482.710953,211.042841
2022-05-18,1141.283906,3059.363912,630.329794,1351.31654,2083.937134,684.930725,673.596436,425.667814,1501.904547,217.958869
2022-05-19,1122.082451,2870.056278,615.076769,1272.632683,2092.650562,665.045388,652.729737,413.887679,1478.248421,217.503324
2022-05-20,1138.440064,2905.642213,621.837125,1298.710951,2127.365704,672.902558,667.536719,422.920639,1498.113995,229.430401
2022-05-23,1179.846042,2902.932521,625.085076,1301.718163,2149.406364,686.240375,664.213706,427.902758,1540.867802,226.158751
2022-05-24,1181.984697,2910.574202,624.026456,1288.432186,2145.398995,684.882296,660.548628,428.554642,1545.186455,223.632517
2022-05-25,1183.713753,2821.447566,636.681207,1256.114685,2130.907093,690.265845,664.164893,427.534668,1507.758728,224.046649
2022-05-26,1159.370738,2845.152997,644.764843,1263.116946,2104.346368,694.000438,660.597542,427.960258,1474.697707,223.867053
2022-05-27,1155.776024,2888.672634,659.560614,1290.362295,2125.315485,709.326888,660.695304,442.146812,1510.541772,224.885239
2022-05-30,1180.392124,2939.796583,672.88907,1333.093043,2172.378938,721.985537,667.536775,445.551626,1548.545096,227.04883
2022-05-31,1190.175031,2974.370995,664.011504,1350.068932,2147.123329,718.299397,676.919501,439.782406,1578.679272,226.030654
2022-06-01,1190.402523,2987.833921,663.60255,1335.50803,2145.352727,721.888528,675.600048,439.498668,1572.393326,229.254812
2022-06-02,1198.501623,2993.424144,663.337803,1338.683307,2103.553918,720.91854,667.585638,440.870029,1558.23794,227.260928
2022-06-03,1247.642951,3069.371529,662.231213,1377.149094,2111.00974,718.978437,669.735881,438.363741,1578.631344,230.442669
2022-06-06,1252.102062,3021.021727,654.700935,1354.468775,2094.654556,717.426458,661.183932,431.743372,1568.21883,228.830605
2022-06-07,1252.21584,3002.101546,651.549234,1363.178032,2056.863579,710.393768,658.05647,435.526472,1522.15398,230.994189
2022-06-08,1235.949207,2993.603731,652.944575,1353.561633,2037.246079,704.670725,645.497385,438.08002,1506.799007,225.860951
2022-06-09,1233.082628,2999.507342,653.016823,1344.03574,2023.033853,700.499616,640.268455,437.370689,1493.459426,225.479137
2022-06-10,1229.215044,2998.523493,646.497016,1336.868703,2015.625168,696.474023,652.876434,433.729475,1505.791365,228.024567
2022-06-13,1190.447961,2855.79811,629.511804,1280.712338,2009.287569,661.650274,643.10281,418.124297,1457.087434,223.145893
2022-06-14,1189.151077,2839.919887,627.92394,1272.955835,2013.015257,660.243793,653.951514,419.306519,1463.709208,223.188304
2022-06-15,1175.932918,2863.447086,624.748189,1287.198775,2003.523224,665.530389,658.251834,424.271787,1477.00095,223.188313
2022-06-16,1162.100695,2802.662057,614.932387,1262.840277,2007.330933,656.024209,635.283931,416.280022,1455.600025,220.176266
2022-06-17,1163.05624,2704.977584,611.852914,1240.296055,1974.377317,649.864639,623.555591,413.537352,1421.675148,219.3702
2022-06-20,1147.130691,2745.36618,622.703267,1253.768144,1982.039758,657.285129,619.841631,407.342536,1397.635099,221.745911
2022-06-21,1150.407061,2795.819047,637.0902,1290.737069,2042.211197,667.955384,625.999018,413.868325,1417.356494,224.079196
2022-06-22,1137.985166,2847.344659,636.68123,1301.850373,2055.279886,664.560352,626.927508,420.536016,1408.815361,224.757969
2022-06-23,1112.504431,2883.081914,634.419697,1300.035908,2060.96848,666.403447,633.084908,421.812777,1421.771058,222.636798
2022-06-24,1122.969654,2931.879687,644.06716,1296.316447,2124.853093,685.367267,647.110017,428.622341,1428.968761,225.012503
2022-06-27,1129.135125,2957.821736,650.538838,1329.202763,2160.579716,694.630981,656.003993,433.209282,1448.882156,226.1155
2022-06-28,1129.385322,2927.496212,643.995001,1318.180306,2141.588357,685.803769,660.988468,433.162006,1462.653623,227.854851
2022-06-29,1137.985067,2926.065597,640.554598,1321.809289,2091.899766,679.93519,659.717894,433.162011,1463.901261,228.363931
2022-06-30,1167.560894,2911.75206,642.840123,1319.994726,2080.993521,680.177746,663.627324,433.729506,1479.927967,230.782047
2022-07-01,1076.103583,2909.113382,639.977207,1308.518337,2071.780181,673.290514,650.92166,435.573715,1472.730197,230.103265
2022-07-04,1076.603865,2884.961017,645.847385,1326.345205,2139.848967,683.71819,650.970481,441.532061,1487.701246,241.642351
2022-07-05,1099.809612,2868.76895,648.758468,1335.417286,2229.730513,696.570992,664.653572,445.457019,1498.641592,242.44845
2022-07-06,1086.568675,2864.564963,648.181057,1333.60308,2256.431235,700.354141,668.709633,448.199744,1489.236899,242.066632
2022-07-07,1080.653594,2920.742456,661.340974,1356.918376,2318.013285,711.024341,669.93132,455.482142,1502.52843,244.781699
2022-07-08,1084.088791,2907.279625,671.108708,1360.77388,2306.073311,722.228021,671.104184,458.839599,1552.767876,246.393767
2022-07-11,1078.378383,2778.464381,670.386979,1330.337006,2331.645819,732.36477,644.031341,458.697772,1586.740675,247.793719
2022-07-12,1093.848912,2755.429952,668.534517,1302.75748,2298.222325,734.983865,645.057544,456.900805,1582.566194,246.817971
2022-07-13,1079.743508,2714.952087,651.621445,1305.116411,2314.158358,727.417661,626.487631,458.272134,1578.103549,248.345274
2022-07-14,1081.540843,2661.127888,649.215601,1282.799029,2320.55169,726.350607,614.51502,450.94246,1568.698689,245.333195
2022-07-15,1084.339217,2648.571083,648.036764,1279.759667,2352.376905,721.888513,628.686797,448.956361,1582.709989,245.630168
2022-07-18,1088.525244,2703.552306,645.751221,1313.689657,2381.522151,735.129302,634.453186,455.955042,1621.865086,249.236132
2022-07-19,1092.165388,2717.678694,643.321257,1333.693557,2371.838635,744.150525,648.087352,461.535056,1644.897501,248.34525
2022-07-20,1131.273709,2778.668684,652.102526,1360.819306,2383.919947,756.906211,653.071887,473.26263,1658.285067,249.108876
2022-07-21,1122.651221,2819.926557,653.473978,1363.631758,2436.664091,756.712225,656.004038,479.26823,1667.031162,252.842104
2022-07-22,1135.255066,2819.432908,655.542925,1353.697706,2454.856315,765.442362,659.913446,483.476887,1703.431622,252.926966
2022-07-25,1093.393893,2824.455779,665.599405,1342.765823,2455.749341,773.20249,661.232803,481.538041,1710.721426,253.520882
2022-07-26,1097.193292,2777.277793,667.042826,1310.922572,2386.270316,767.915959,655.075467,485.273829,1693.080165,254.920857
2022-07-27,1092.938862,2789.386321,666.056472,1310.922363,2373.953879,770.826081,654.537956,484.469942,1700.953081,255.048117
2022-07-28,1101.584065,2871.588404,678.927673,1351.611099,2430.364831,781.156747,649.162534,500.831741,1736.867459,256.575373
2022-07-29,1121.149727,2937.376656,680.996796,1386.22112,2440.706775,783.7758,655.808412,498.183632,1743.719828,255.684467
2022-08-01,1140.988184,2933.788549,688.09397,1395.202697,2425.66365,792.797017,664.66271,497.85264,1740.12355,257.169297
2022-08-02,1165.536098,2934.371493,684.725801,1386.538662,2443.527609,787.849924,668.687722,502.297657,1725.93268,261.496432
2022-08-03,1168.220637,2939.215377,681.81469,1397.016959,2442.492913,787.219324,674.430697,505.655232,1723.308498,257.635971
2022-08-04,1153.455465,2966.391018,679.865967,1428.814923,2458.570079,784.115313,668.245956,495.771921,1725.252433,260.60554
2022-08-05,1149.792565,3009.129332,683.811489,1453.627269,2470.369539,798.423043,683.609575,500.311583,1725.544014,262.260043
2022-08-08,1151.635293,2992.087874,686.674485,1447.9117,2468.959249,811.069934,686.211103,485.983148,1740.074842,263.066041
2022-08-09,1151.635293,2992.087874,686.674485,1447.9117,2468.959249,811.069934,686.211103,485.983148,1740.074842,263.066041
2022-08-10,1163.48848,2991.190805,697.236172,1440.74458,2473.801098,821.804166,693.083056,485.557622,1771.178066,263.660021
2022-08-11,1174.022012,3027.112131,709.505937,1466.05608,2450.672762,837.368795,692.788514,489.151542,1803.20443,259.035883
2022-08-12,1174.932118,3032.673077,710.179545,1442.604542,2430.459092,837.759135,693.721147,496.670399,1786.486582,258.357112
2022-08-15,1174.932118,3032.673077,710.179545,1442.604542,2430.459092,837.759135,693.721147,496.670399,1786.486582,258.357112
2022-08-16,1195.453191,3038.278745,716.00174,1443.46638,2435.582767,855.226691,687.683724,496.52848,1790.37466,261.793419
2022-08-17,1208.307156,3023.569541,714.894985,1437.93242,2486.305342,857.17833,689.450749,495.913754,1798.198998,263.872134
2022-08-18,1205.242409,3015.4076,721.58319,1427.952999,2505.249866,853.909306,707.710453,497.663477,1798.150212,265.229632
2022-08-19,1189.150853,3023.70405,716.939947,1438.023113,2469.382434,843.41898,712.717071,490.380997,1839.702211,264.041821
2022-08-22,1180.500282,3002.3128,706.20994,1427.95315,2463.365263,829.074094,711.146376,482.341985,1822.449734,263.872136
2022-08-23,1182.942469,2932.892103,697.88572,1390.757333,2430.599531,822.438474,709.330225,480.686885,1813.41027,264.805462
2022-08-24,1203.028483,2915.132742,702.119976,1388.94296,2408.082368,836.344189,704.863468,484.517254,1799.705401,265.611509
2022-08-25,1197.208047,2883.337593,701.061407,1373.293519,2411.98412,845.761072,721.79789,490.380995,1820.50574,264.381247
2022-08-26,1190.086773,2885.176555,703.082296,1376.650211,2408.740719,846.346508,714.6805,493.880348,1834.307698,264.720589
2022-08-29,1176.871134,2763.376122,687.39626,1315.458657,2397.458404,826.536991,702.016521,481.15979,1808.842007,262.047876
2022-08-30,1176.209169,2818.177503,694.373201,1329.973999,2430.928955,838.344626,698.776944,489.860864,1836.203127,266.629634
2022-08-31,1176.209169,2818.177503,694.373201,1329.973999,2430.928955,838.344626,698.776944,489.860864,1836.203127,266.629634
2022-09-01,1164.385812,2799.252971,702.023767,1316.411183,2438.826242,842.150429,713.208005,493.927626,1839.070442,268.114457
2022-09-02,1152.973478,2798.624215,705.00699,1313.644234,2430.365101,846.053862,706.483357,502.439544,1846.991972,269.853754
2022-09-05,1155.392977,2791.404732,714.101051,1312.147306,2431.398888,850.493868,719.834491,507.21568,1887.669054,274.690087
2022-09-06,1174.109194,2786.112985,715.231799,1311.330823,2409.68085,856.885551,726.85364,505.134953,1896.611274,276.938471
2022-09-07,1173.196239,2782.211106,707.94214,1304.617575,2407.61233,851.420933,673.645269,502.723271,1879.796173,275.962732
2022-09-08,1173.652856,2834.321659,713.162784,1327.796803,2409.680679,864.106842,743.199033,506.459049,1892.966267,277.871731
2022-09-09,1170.457304,2841.855738,718.888725,1342.674878,2428.907562,876.012096,748.942036,518.281165,1889.515769,279.992928
2022-09-12,1173.447282,2892.530902,716.939902,1380.006913,2420.022493,880.98887,750.512689,521.354928,1893.30656,279.992931
2022-09-13,1187.347837,2892.530732,721.053976,1398.287029,2424.723926,883.428491,755.912085,523.719375,1908.080455,280.502056
2022-09-14,1174.451707,2792.794645,718.070696,1335.417407,2394.355973,876.353658,761.556835,519.463372,1894.764548,280.79897
2022-09-15,1167.147811,2780.417451,727.525656,1296.452566,2398.39873,893.625993,767.692581,537.101944,1900.013171,282.453446
2022-09-16,1137.133067,2690.725748,713.571798,1241.384526,2367.983819,883.330854,762.244155,529.914111,1861.328611,279.738392
2022-09-19,1132.727761,2679.784595,712.128306,1252.497943,2358.017985,873.718808,758.071867,529.204792,1851.608848,279.229318
2022-09-20,1138.822026,2717.633865,726.515215,1256.580498,2425.287801,885.428942,770.637653,541.783523,1871.048325,284.235272
2022-09-21,1138.959173,2689.067606,724.157477,1241.430051,2425.663591,883.770076,764.747419,534.737589,1838.584335,284.659435
2022-09-22,1128.505347,2672.160519,713.451585,1233.809431,2463.317688,873.670118,762.145883,531.521984,1820.505719,289.24121
2022-09-23,1112.071454,2671.891337,691.438063,1235.623822,2514.040638,857.519922,754.635886,519.69979,1800.628936,291.277497
2022-09-26,1084.247945,2624.444679,682.295834,1229.273298,2484.942118,838.442216,739.419467,504.094655,1767.047237,281.477747
2022-09-27,1077.377645,2669.200615,677.003085,1250.139256,2494.673066,828.098299,743.346263,504.283821,1781.140926,283.386744
2022-09-28,1062.313388,2672.788284,666.850415,1249.23205,2493.403676,823.609439,741.186491,492.130668,1774.434145,275.156702
2022-09-29,1055.876725,2681.757453,663.434102,1263.747516,2530.118032,820.779501,745.407821,491.37404,1747.024498,278.08386
2022-09-30,1054.963606,2645.970733,656.793985,1248.324851,2508.305527,817.266467,747.518544,488.158488,1765.151939,280.120215
2022-10-03,1078.701588,2667.406676,674.164088,1257.397079,2460.967494,825.268428,783.448958,490.381022,1763.159286,274.265833
2022-10-04,1091.095305,2711.355724,686.217437,1282.79892,2476.574658,839.320406,792.725996,499.176654,1783.862408,278.295997
2022-10-05,1091.095305,2711.355724,686.217437,1282.79892,2476.574658,839.320406,792.725996,499.176654,1783.862408,278.295997
2022-10-06,1103.877184,2773.645626,690.090817,1310.106113,2449.215563,851.957598,772.257478,505.607882,1825.462818,282.156537
2022-10-07,1102.279597,2742.83723,683.426596,1306.522606,2420.962666,851.713643,770.343139,497.994424,1849.71366,281.095917
2022-10-10,1090.11396,2695.211366,672.768714,1294.003065,2389.937137,849.664482,765.43463,493.880335,1830.711419,276.641529
2022-10-11,1073.269129,2738.576324,673.370195,1288.332943,2392.757169,844.541229,761.802366,497.001417,1818.804794,275.835434
2022-10-12,1069.617153,2746.37976,672.335745,1282.390823,2401.407385,840.686671,755.126799,497.474274,1805.974791,275.538523
2022-10-13,1077.377612,2737.679496,665.936221,1283.706246,2409.586568,829.952396,753.605145,491.98881,1815.888771,278.296011
2022-10-14,1081.486155,2754.407132,680.972657,1331.107885,2416.449989,847.56634,749.089253,497.474289,1845.242455,280.71411
2022-10-17,1069.845491,2761.940424,686.626351,1338.5926,2414.381906,847.566377,745.947787,495.771845,1825.754522,279.653517
2022-10-18,1104.790244,2813.28636,692.881586,1358.324425,2441.646576,869.620423,754.586765,517.098933,1840.042346,283.00497
2022-10-19,1114.627746,2798.404214,699.329277,1343.85454,2424.1597,864.155619,765.238286,521.63866,1848.352684,288.307887
2022-10-20,1134.394211,2792.109623,694.084464,1337.413093,2414.522348,858.837301,764.060213,515.72755,1833.433018,292.550195
2022-10-21,1126.177189,2811.892723,689.994526,1352.971686,2450.108786,864.302033,775.300791,527.029582,1814.77107,292.295696
2022-10-24,1120.836207,2837.070662,699.76225,1370.798554,2397.458512,895.431317,785.363189,535.210462,1846.749091,294.416786
2022-10-25,1112.938782,2833.608821,695.28738,1379.915966,2350.449732,900.652053,784.086983,537.196531,1838.535915,291.574416
2022-10-26,1112.938782,2833.608821,695.28738,1379.915966,2350.449732,900.652053,784.086983,537.196531,1838.535915,291.574416
2022-10-27,1110.564833,2818.501684,698.294674,1387.155186,2339.166931,898.017255,789.486384,546.275911,1895.250462,291.744116
2022-10-28,1122.730567,2828.078553,696.442234,1382.111093,2361.731577,879.232325,796.456462,536.250792,1908.76098,292.804695
2022-10-31,1155.940694,2857.573658,705.993331,1403.434182,2389.983992,882.745356,804.997322,537.574891,1922.757306,292.50775
2022-11-01,1144.893621,2880.638523,721.22233,1418.887736,2411.272844,877.817397,806.028108,543.438639,1934.275277,294.586541
2022-11-02,1148.089017,2897.364153,727.333143,1416.961773,2367.544986,880.549696,792.480553,538.993509,1943.946366,295.689506
2022-11-03,1152.676721,2873.040247,720.308057,1395.546864,2374.075688,875.377784,789.486362,537.196542,1937.142413,299.507607
2022-11-04,1164.568612,2847.097318,716.74747,1376.745819,2380.65402,878.451704,794.394915,548.924105,1948.563149,299.083325
2022-11-07,1175.022357,2873.129941,717.950364,1367.52855,2382.310093,881.623192,794.198531,574.743592,1937.142402,296.962167
2022-11-08,1175.022357,2873.129941,717.950364,1367.52855,2382.310093,881.623192,794.198531,574.743592,1937.142402,296.962167
2022-11-09,1182.348971,2879.019949,723.67628,1376.699926,2359.262668,883.867626,799.548883,577.439004,1940.301339,299.677297
2022-11-10,1170.000778,2850.559236,719.369864,1361.933986,2367.213815,882.111135,802.592105,569.541886,1914.981507,300.440877
2022-11-11,1181.413354,2927.038737,740.035967,1418.475217,2361.487659,881.671953,808.7278,566.042472,1936.121799,300.907612
2022-11-14,1189.242031,2975.552724,768.906112,1438.468433,2323.769501,869.71793,802.052175,559.564065,1939.32955,294.077431
2022-11-15,1182.326302,2960.265342,772.394563,1442.412045,2313.358677,877.085461,807.598815,560.509759,1922.660163,287.756326
2022-11-16,1178.377546,2986.7479,775.642374,1461.442594,2298.167593,886.160831,812.899956,563.678099,1929.415403,289.877516
2022-11-17,1177.761206,2983.420787,776.556661,1451.766738,2322.918046,888.35648,823.060739,563.819928,1945.015505,290.683636
2022-11-18,1173.698509,2986.343333,772.394589,1444.934227,2317.807027,888.551642,815.894136,564.765706,1950.604355,288.30789
2022-11-21,1160.916467,2943.179911,765.152901,1434.433147,2337.872904,891.967062,819.722848,563.06326,1950.750084,283.726193
2022-11-22,1157.903706,2927.218838,765.537854,1432.552919,2363.380554,898.16371,829.638025,563.819953,1962.997057,284.829196
2022-11-23,1165.093474,2959.365885,766.981386,1448.419399,2368.112711,901.383994,826.202125,568.406905,1961.441793,286.356381
2022-11-24,1163.244688,2974.922682,769.459486,1453.417501,2376.773443,905.140921,822.422514,572.94661,1971.550459,286.398839
2022-11-25,1178.719851,3010.62235,776.652854,1480.060276,2383.445879,905.092121,826.202133,573.372243,2000.757968,286.610928
2022-11-28,1142.154514,3026.403751,767.005492,1485.746369,2386.853323,901.627923,820.753582,569.683673,1994.488947,287.416947
2022-11-29,1229.801753,3042.094986,766.428084,1481.206725,2391.96408,910.995968,819.722888,574.176109,1981.46444,288.477566
2022-11-30,1231.719081,3034.901739,768.472902,1479.464087,2482.63771,918.266013,817.366709,565.947969,1987.685115,287.629131
2022-12-01,1239.844751,3075.366869,777.085905,1515.369584,2505.211419,913.630769,826.202107,568.927114,2021.169434,285.762499
2022-12-02,1232.814728,3069.072136,772.346475,1498.540122,2467.635881,903.725905,823.747787,571.48066,2011.158193,285.720097
2022-12-05,1222.498093,3063.676759,768.039928,1488.772919,2446.813419,905.970415,825.465773,574.601693,2010.866788,283.514038
2022-12-06,1214.737404,3028.606767,769.868367,1474.328254,2464.512621,897.968554,814.519844,574.838124,2009.068517,283.471623
2022-12-07,1206.132475,3016.018133,772.009661,1464.377354,2514.108497,898.407638,816.777742,571.717086,2037.54758,285.635218
2022-12-08,1205.19678,3002.933985,772.274227,1466.028081,2542.030257,901.48152,811.182037,574.223412,2060.583214,286.356426
2022-12-09,1187.735737,2946.193141,779.491788,1431.727657,2566.165537,902.701281,808.875084,576.067634,2077.592509,286.780644
2022-12-12,1180.043788,2909.998796,780.165467,1403.250967,2544.774592,902.7013,810.29854,577.864592,2074.725185,288.56247
2022-12-13,1189.949714,2938.503928,791.520949,1413.430868,2553.435258,905.384859,806.960703,579.283279,2092.172088,290.51392
2022-12-14,1191.912773,3004.237769,793.926801,1442.641227,2528.400665,897.773297,812.998214,584.012098,2114.090299,291.659274
2022-12-15,1173.65274,2966.51477,782.884009,1408.019798,2506.726062,883.135751,809.26761,580.985601,2112.681017,286.780665
2022-12-16,1167.786785,2900.196768,774.198913,1386.742637,2511.316489,877.91505,804.899128,569.447245,2100.43388,281.095929
2022-12-19,1171.689839,2872.590651,782.47501,1371.151164,2528.353005,879.378777,806.960671,570.298424,2094.650732,284.532237
2022-12-20,1171.370366,2844.849154,779.588003,1359.595524,2511.268961,874.06046,806.960654,567.035511,2078.078528,285.720067
2022-12-21,1175.980992,2913.505405,773.020046,1377.84608,2508.287806,865.570623,797.487281,557.625149,2082.79298,283.811026
2022-12-22,1171.712756,2918.091588,774.198858,1386.46724,2500.621165,864.936284,794.68941,555.686335,2038.1304,279.908095
2022-12-23,1137.703834,2892.823192,762.867389,1369.271172,2468.487886,854.153259,790.271737,540.506733,1992.642135,276.047575
2022-12-26,1137.772122,2900.062285,765.056713,1372.343546,2467.257391,854.104499,786.492226,539.750187,1993.517006,276.174841
2022-12-27,1148.20301,2905.862326,776.364162,1373.398287,2437.442954,866.741642,790.271708,561.124473,2026.564113,280.120183
2022-12-28,1151.05623,2900.915698,780.983355,1374.315322,2440.140508,874.157951,786.786648,566.089802,2054.410954,281.265659
2022-12-29,1152.88227,2902.714772,775.161195,1376.60824,2403.511882,867.863829,746.193208,564.765741,2035.457487,281.308056
2022-12-30,1160.003541,2919.080545,779.49174,1379.405437,2418.465883,867.083154,790.2227,578.195561,2022.773448,280.41717
2023-01-02,1163.244669,2909.188913,778.794112,1379.405381,2402.233738,872.401535,790.860786,578.053804,2016.892842,279.695958
2023-01-03,1163.062148,2918.271099,780.550329,1389.539648,2399.346746,875.085071,793.707692,576.918853,2009.991884,280.205042
2023-01-04,1147.632506,2955.049761,773.236577,1367.528559,2391.822421,873.182193,791.449808,571.244156,2000.320854,276.599041
2023-01-05,1143.067494,2951.228228,764.768067,1347.489426,2401.71322,850.933055,789.044628,569.30541,2010.526599,278.465679
2023-01-06,1149.595501,2877.535969,759.378936,1326.62473,2437.111999,839.710812,777.509585,564.62391,2013.78272,282.623175
2023-01-09,1161.030726,2896.554474,765.056708,1328.183701,2432.474114,841.467339,786.39396,567.555715,2041.872804,285.210987
2023-01-10,1162.240384,2904.603017,753.02754,1333.549143,2475.160785,835.90504,775.840661,558.570913,2038.422079,282.156519
2023-01-11,1150.873534,2941.516595,750.621652,1342.674435,2449.605416,834.19728,737.897808,560.131467,2038.324962,281.095951
2023-01-12,1125.2641,2981.442331,762.241904,1334.420485,2435.076642,834.294935,739.763074,558.098021,2058.736647,278.380862
2023-01-13,1111.386664,2971.955332,763.132094,1346.343081,2429.303533,837.563953,738.241458,561.455503,2057.861735,276.938426
2023-01-16,1107.917221,3033.117468,760.389388,1377.800569,2445.725181,840.247588,740.842952,568.028594,2072.538452,277.914198
2023-01-17,1118.690772,3054.223973,759.042079,1397.702128,2462.572135,837.368811,744.867941,554.267631,2076.523205,279.229297
2023-01-18,1123.141497,3101.357011,769.724025,1412.009352,2517.657631,837.905561,751.985319,555.733634,2138.340839,282.029246
2023-01-19,1121.452295,3091.010819,785.74694,1399.673936,2472.13164,841.174603,751.641692,555.686316,2178.1919,281.392891
2023-01-20,1112.596353,3086.044127,790.751098,1397.702187,2400.340491,844.638853,744.42612,558.760068,2175.713421,279.356578
2023-01-23,1107.0043,3086.044322,799.412169,1401.462519,2415.43697,843.711755,749.874567,560.793515,2164.584274,282.580739
2023-01-24,1089.817165,3142.788476,805.956007,1421.318071,2442.696031,847.029695,747.076753,560.888066,2138.34106,286.441283
2023-01-25,1086.461976,3131.475963,791.665321,1411.229772,2455.189921,827.512789,753.948668,536.629094,2094.602176,284.447373
2023-01-26,1086.461976,3131.475963,791.665321,1411.229772,2455.189921,827.512789,753.948668,536.629094,2094.602176,284.447373
2023-01-27,1055.260419,3110.599772,765.032653,1382.477782,2440.235429,793.455988,751.788876,503.385326,2067.484284,289.750264
2023-01-30,1050.398796,3113.588475,761.207446,1394.033716,2394.80397,776.769061,749.040178,496.717673,2025.39785,290.047228
2023-01-31,1068.65853,3081.814094,767.462564,1387.613771,2405.215101,794.431749,754.341463,508.681609,2014.56001,289.368467
2023-02-01,1052.224662,3085.492648,772.755445,1401.416435,2410.563146,803.263215,742.757264,472.269546,2021.995746,279.229323
2023-02-02,1054.963713,3145.363503,764.455309,1423.381814,2425.848274,806.141867,751.052671,475.248676,2048.77398,305.786268
2023-02-03,1046.746646,3175.527978,773.236559,1442.641331,2490.351487,831.513684,764.158419,490.995823,2071.323324,315.628376
2023-02-06,1052.589913,3160.767722,792.098355,1432.18614,2460.631884,829.122992,764.551057,507.452118,2082.25811,322.076763
2023-02-07,1046.746792,3183.345156,785.554421,1426.224847,2456.420208,826.732168,768.674275,511.708044,2089.790692,312.616383
2023-02-08,1053.137736,3198.658155,793.926769,1435.762977,2440.377286,831.3186,751.003576,515.916763,2065.977402,315.246568
2023-02-09,1065.463225,3223.719261,786.97389,1454.610067,2428.68802,831.025795,747.371261,513.363113,2075.843049,315.755669
2023-02-10,1059.665546,3226.339745,790.173667,1464.14803,2418.608138,831.416215,747.076805,516.862539,2077.641161,314.185972
2023-02-13,1056.127767,3194.380931,791.304439,1436.221602,2413.544129,828.830176,752.672518,504.378347,2099.656205,313.931413
2023-02-14,1060.738488,3214.246605,797.752113,1447.364534,2432.662934,831.513729,752.181632,501.966711,2120.991109,317.113207
2023-02-15,1083.266497,3182.195905,797.174733,1445.392667,2401.239908,839.808377,758.07189,507.688567,2096.78892,326.449517
2023-02-16,1107.027091,3243.675651,799.219713,1465.431845,2387.846812,843.955739,766.318121,509.296364,2110.833906,328.562251
2023-02-17,1100.430688,3209.64787,790.534589,1444.934063,2372.750492,834.490155,756.206571,499.129407,2099.46212,327.053194
2023-02-20,1100.202545,3195.899082,786.613063,1451.353998,2373.981287,829.708452,762.882234,493.833135,2152.920503,328.820968
2023-02-21,1101.229549,3168.033312,786.228079,1445.392715,2377.861531,826.390585,763.913011,494.069516,2160.404757,329.165957
2023-02-22,1084.202245,3122.27934,774.223022,1426.408301,2349.893019,814.5829,752.476175,484.706379,2120.894268,327.699911
2023-02-23,1077.94825,3134.234962,766.067218,1419.850723,2347.384854,813.411934,747.911179,483.618761,2093.144189,330.373239
2023-02-24,1080.984067,3110.600071,762.747074,1416.961884,2339.670903,815.363568,741.186553,489.529781,2059.368022,328.562269
2023-02-27,1073.543203,3049.625534,758.945943,1377.525263,2324.574239,813.411907,724.939305,490.853924,2023.745265,326.061445
2023-02-28,1056.173434,3034.819097,764.431163,1358.540781,2305.312903,829.464463,726.117393,492.79275,2026.564294,323.38806
2023-03-01,1060.55571,3048.705702,767.823466,1358.724354,2317.002474,831.269802,727.442676,494.731507,2041.143656,322.180788
2023-03-02,1059.802538,3051.464879,761.207393,1345.701124,2313.216741,830.537897,722.337828,503.621805,2048.481914,323.12935
2023-03-03,1068.909698,3063.512388,764.09439,1350.928717,2324.242803,829.318174,729.945987,512.370169,2072.489747,324.336679
2023-03-06,1095.591868,3089.171166,778.553471,1369.408706,2343.125602,844.443664,751.101724,528.684634,2079.828115,332.227347
2023-03-07,1095.591868,3089.171166,778.553471,1369.408706,2343.125602,844.443664,751.101724,528.684634,2079.828115,332.227347
2023-03-08,1088.744375,3063.282424,779.491711,1358.357317,2335.174915,840.686632,746.782263,526.27296,2080.605689,332.098005
2023-03-09,1075.095347,3063.282518,782.859962,1352.395949,2325.426351,833.514251,756.108413,527.738873,2110.639676,332.572274
2023-03-10,1056.812445,3025.714186,762.650891,1336.850905,2314.257665,816.046711,754.14506,515.44391,2073.218446,330.71818
2023-03-13,1038.529831,3009.16012,753.003467,1309.657973,2314.162792,804.04385,749.187468,499.791425,2047.94759,329.855831
2023-03-14,1035.813697,2951.588414,750.28486,1294.066776,2309.194284,798.481538,750.021859,491.799656,2074.579595,325.285273
2023-03-15,1016.800479,2935.586009,739.362385,1299.431998,2264.945642,802.336155,738.732301,487.591007,2099.462006,325.975147
2023-03-16,1005.296859,2917.192973,737.173075,1282.786015,2278.906488,790.723589,729.896937,486.408752,2072.246731,324.983452
2023-03-17,1010.090059,2891.442102,740.998357,1294.433551,2309.2414,798.871921,725.626567,491.89421,2125.413557,318.774382
2023-03-20,995.162654,2846.42475,743.596604,1270.083887,2295.232868,805.068556,735.099949,487.070821,2091.686301,320.800968
2023-03-21,1012.052858,2848.631391,748.793197,1274.807152,2327.176974,818.779011,741.333836,488.44217,2120.845314,322.568777
2023-03-22,1036.247377,2856.586689,753.171921,1267.60768,2323.060097,830.440345,739.370371,491.894218,2146.019417,322.698131
2023-03-23,1023.944786,2851.896623,749.92403,1256.464477,2334.039176,832.196896,743.002649,483.76063,2138.875306,322.870667
2023-03-24,1003.379544,2856.495107,748.191757,1263.34296,2337.825247,828.635037,744.966074,476.147198,2092.706748,325.975199
2023-03-27,1004.383951,2856.494687,750.092411,1260.224555,2332.146118,823.65824,745.456875,474.35021,2089.742234,324.552236
2023-03-28,1021.182965,2860.311507,752.594398,1261.829719,2339.623329,827.707988,729.209757,476.525527,2062.964116,326.104538
2023-03-29,1009.359714,2854.747618,761.159268,1251.466302,2347.337315,827.512786,725.332023,478.84262,2061.55503,325.242142
2023-03-30,1009.359714,2854.747618,761.159268,1251.466302,2347.337315,827.512786,725.332023,478.84262,2061.55503,325.242142
2023-03-31,1029.262976,2898.799751,766.211584,1278.384058,2381.884117,837.759141,728.473471,491.184908,2090.276851,327.699934
2023-04-03,1056.7897,2918.802269,771.191692,1288.701618,2380.464566,847.859048,738.290465,493.785747,2094.602337,326.406338
2023-04-04,1056.7897,2918.802269,771.191692,1288.701618,2380.464566,847.859048,738.290465,493.785747,2094.602337,326.406338
2023-04-05,1053.845344,2929.60875,777.567058,1283.978387,2368.113083,852.88469,742.168227,490.901196,2104.321667,326.751298
2023-04-06,1058.227537,2956.73864,792.531405,1293.470489,2416.383551,851.616113,745.21151,493.360209,2191.264893,331.321822
2023-04-07,1058.227537,2956.73864,792.531405,1293.470489,2416.383551,851.616113,745.21151,493.360209,2191.264893,331.321822
2023-04-10,1059.779694,2956.738317,795.851503,1297.735233,2389.882361,843.516608,752.427076,495.96107,2214.203454,331.796112
2023-04-11,1060.921036,2935.724265,794.456073,1273.889896,2397.453854,844.102142,754.095982,498.561961,2223.194366,334.598899
2023-04-12,1063.660079,2942.024213,802.491647,1283.978236,2383.871734,859.032526,751.101659,497.47426,2217.994367,338.134591
2023-04-13,1069.115029,2924.550528,807.471632,1268.387098,2389.882047,865.082693,751.44535,498.561917,2179.601369,339.514311
2023-04-14,1069.115029,2924.550528,807.471632,1268.387098,2389.882047,865.082693,751.44535,498.561917,2179.601369,339.514311
2023-04-17,1072.333392,2823.61633,795.514655,1087.071182,2405.404426,871.572081,740.548386,499.365811,2139.458537,338.824456
2023-04-18,1061.811176,2860.725575,797.006246,1149.252207,2394.614504,872.498995,738.781389,511.187963,2126.677302,342.36014
2023-04-19,1064.641543,2824.76648,797.367191,1127.516339,2375.921297,865.814551,742.16821,509.059965,2146.213911,341.49776
2023-04-20,1064.595674,2830.744157,801.817994,1120.179417,2347.28998,867.717487,748.647442,507.546781,2159.967377,342.963787
2023-04-21,1066.558647,2851.712737,800.302247,1118.895488,2352.637936,861.081753,750.463673,510.431361,2140.284991,344.128004
2023-04-24,1071.853989,2875.02575,805.522956,1117.061259,2342.652561,873.377339,741.82464,514.025246,2125.267987,348.569193
2023-04-25,1072.995384,2894.661232,799.652724,1114.30982,2345.444793,881.281666,747.813013,524.901549,2155.933765,351.328772
2023-04-26,1074.615959,2925.469696,796.332558,1119.399932,2349.372248,883.867652,753.065155,526.272912,2181.156252,352.751743
2023-04-27,1079.158065,2915.951238,801.553254,1123.847888,2325.520814,886.599921,757.237389,530.670785,2203.560478,354.433338
2023-04-28,1087.26089,2939.495052,803.550197,1141.777758,2289.554637,888.258919,772.797431,534.832161,2247.493402,356.761675
2023-05-01,1087.26089,2939.495052,803.550197,1141.777758,2289.554637,888.258919,772.797431,534.832161,2247.493402,356.761675
2023-05-02,1108.419406,2952.140349,809.32415,1150.582223,2318.895655,896.504809,774.122718,542.067279,2306.68664,363.229489
2023-05-03,1101.549188,2918.250724,808.193444,1157.506497,2321.403288,889.527457,762.980377,538.142321,2282.67906,363.962496
2023-05-04,1102.256707,2922.710854,811.778071,1157.873266,2347.431729,889.771466,759.495379,537.669498,2277.187472,365.644161
2023-05-05,1112.025838,2952.186154,780.502219,1150.30696,2361.203389,901.139978,765.974628,543.864281,2290.940519,365.945946
2023-05-08,1115.74614,2971.729573,784.303376,1151.178404,2363.52208,904.604159,770.834042,546.039507,2288.073472,370.257777
2023-05-09,1124.46522,2985.248884,789.090998,1156.222524,2366.267132,909.288279,776.037003,541.074155,2301.292034,363.488184
2023-05-10,1132.659447,3003.687846,785.795008,1154.801079,2371.756895,905.824063,773.631841,532.704182,2284.13692,364.091838
2023-05-11,1130.536707,3009.160312,793.565903,1149.206613,2388.556869,911.288678,769.361439,540.979637,2174.644289,361.246035
2023-05-12,1121.383847,2998.123579,791.160114,1136.366593,2447.996545,912.508503,770.146803,540.554035,2135.765489,358.788205
2023-05-15,1128.984483,2987.410277,801.192473,1142.419546,2482.685075,915.533661,775.104383,543.485891,2152.92049,361.375392
2023-05-16,1118.485182,2989.34095,800.111321,1158.102578,2508.760829,920.217652,769.655957,550.437296,2160.793617,365.212907
2023-05-17,1108.830341,2941.334075,791.034646,1139.484756,2505.400883,913.191661,769.5578,548.072875,2148.254912,364.436757
2023-05-18,1107.985817,2938.345175,798.164594,1139.484754,2481.549401,919.339456,780.111137,540.412162,2119.873666,360.556107
2023-05-19,1104.196751,2945.748986,794.052212,1148.977192,2461.483831,918.851502,778.736696,538.993516,2107.723852,354.735114
2023-05-22,1110.359659,2958.62413,794.611846,1164.981086,2482.685242,923.291654,784.872402,542.351047,2117.346265,361.418496
2023-05-23,1119.078499,3025.806093,794.976808,1189.560019,2484.53084,922.16937,783.35074,545.519343,2132.509034,365.816585
2023-05-24,1110.861658,3012.839122,785.316097,1184.286602,2468.44051,915.826357,780.45468,546.890683,2115.013523,368.231195
2023-05-25,1102.91877,3004.653665,777.407424,1182.406525,2442.459324,910.410534,783.252508,545.70845,2116.957303,374.95769
2023-05-26,1118.759153,3026.633856,779.792225,1197.768225,2463.802948,912.94768,798.518061,549.065948,2139.313041,379.010813
2023-05-29,1144.528347,3045.946643,790.791273,1201.299316,2503.507989,923.925927,803.033888,556.159257,2157.974703,382.97768
2023-05-30,1147.792179,3036.152606,792.592086,1200.657311,2508.997643,921.827873,797.928995,559.422124,2145.338937,388.84662
2023-05-31,1123.438205,3002.860583,780.960294,1205.242971,2496.834949,917.778071,803.033898,556.795008,2138.340966,390.125122
2023-06-01,1122.068625,3032.611657,778.697178,1208.865657,2512.45206,910.264052,807.942372,560.169554,2140.430573,387.08313
2023-06-02,1118.873186,3032.565347,779.183885,1204.619361,2547.614161,912.459722,811.820173,562.097848,2150.150509,387.788513
2023-06-05,1122.273993,3021.161798,779.88955,1205.781362,2540.515513,920.217673,816.925014,564.990289,2177.219918,388.05304
2023-06-06,1123.894788,2961.889077,774.925337,1183.19549,2527.264623,915.436054,811.034742,562.097864,2200.255584,388.317567
2023-06-07,1128.733546,2980.649942,776.750442,1192.025206,2535.972402,911.239948,812.114681,564.990279,2214.155008,390.38965
2023-06-08,1137.133121,2973.29276,780.278861,1190.724059,2531.76048,912.606063,819.281046,565.327695,2247.931075,389.640168
2023-06-09,1131.198596,2947.864175,782.103961,1174.83031,2479.893274,913.581987,813.783564,556.071927,2272.716126,383.688416
2023-06-12,1125.264147,2953.060353,778.429475,1183.195478,2492.102656,910.752011,816.532342,556.987918,2267.710778,382.542116
2023-06-13,1134.964737,2978.810897,773.878973,1205.548786,2486.896867,911.532689,817.514014,553.661557,2261.878655,386.465883
2023-06-14,1149.001999,2966.717428,778.794502,1201.970457,2510.085919,913.630749,804.015556,554.62571,2274.417167,391.271363
2023-06-15,1157.447001,2974.096293,768.476766,1192.164714,2534.836816,902.018226,809.120464,544.984269,2283.164801,392.153138
2023-06-16,1168.722653,2924.064497,770.910165,1190.677591,2539.616347,904.604306,805.78259,546.719674,2286.323808,394.930575
2023-06-19,1160.711184,2941.667959,777.894179,1196.254327,2552.533949,896.504787,812.360037,545.610952,2294.828414,398.766143
2023-06-20,1157.218969,2965.803484,774.146708,1200.018593,2526.865627,892.698983,811.721983,542.38104,2288.462324,396.914491
2023-06-21,1163.153452,2987.020465,784.050676,1203.64342,2546.283529,897.77334,815.207028,545.369883,2315.240289,392.417632
2023-06-22,1155.84942,2992.719361,797.702302,1183.660059,2527.437629,898.456477,819.428348,540.93482,2313.296245,393.123047
2023-06-23,1146.719448,2973.308198,795.268885,1174.226265,2507.160758,896.797499,825.956652,533.944758,2316.454891,390.34552
2023-06-26,1136.083222,2939.814917,792.665056,1173.203742,2521.187715,900.896073,830.865154,534.619622,2301.583758,391.491792
2023-06-27,1135.14742,2948.431717,797.458966,1184.310754,2515.318967,899.920166,837.982503,535.72848,2305.083048,390.74234
2023-06-28,1140.260037,2958.715439,808.141718,1191.002686,2521.044386,911.727836,847.799558,548.16591,2323.064609,391.932679
2023-06-29,1140.260037,2958.715439,808.141718,1191.002686,2521.044386,911.727836,847.799558,548.16591,2323.064609,391.932679
2023-06-30,1156.511422,2977.894436,819.213701,1212.426653,2529.966688,908.166046,851.186475,549.756752,2347.363836,393.784305
2023-07-03,1166.50861,3028.528716,832.232592,1234.733646,2537.695783,913.87468,858.598263,553.324133,2379.390267,396.826357
2023-07-04,1174.679967,3036.449973,834.081983,1237.475617,2552.533705,919.241805,837.68806,561.374748,2389.30445,405.423278
2023-07-05,1175.844065,3062.11406,812.05952,1246.39842,2572.668073,918.265996,847.259653,567.111436,2385.562359,409.391114
2023-07-06,1175.958112,3059.334527,808.093009,1242.819812,2610.406834,930.951934,847.652315,567.979139,2398.392214,414.857909
2023-07-07,1199.673038,3059.334887,806.097618,1231.852398,2567.80113,920.998301,846.719672,564.508241,2376.085764,412.300814
2023-07-10,1221.128446,3025.23898,802.885404,1226.229175,2529.632509,918.60752,849.173959,569.087915,2352.175161,408.862062
2023-07-11,1249.705167,3021.162537,800.841346,1233.385966,2524.861475,919.144303,870.08427,566.291864,2378.612728,410.890048
2023-07-12,1260.68384,3011.249,791.910718,1233.386091,2521.521558,918.510002,866.942833,567.111436,2379.195995,414.813783
2023-07-13,1249.54537,3032.23436,797.215534,1236.964404,2529.823078,919.436992,867.090122,562.435246,2377.689624,415.298768
2023-07-14,1243.998828,3105.660235,795.731161,1283.251252,2529.680278,928.365949,863.55593,559.880336,2380.022031,415.607331
2023-07-17,1245.322846,3221.520231,794.757793,1314.527449,2547.762452,929.829705,859.972747,563.254836,2395.913876,414.946044
2023-07-18,1274.994884,3210.355813,812.765201,1328.190355,2554.728606,947.687625,847.357853,567.641703,2398.926917,415.298736
2023-07-19,1276.821194,3192.427698,815.198622,1357.654078,2539.079229,944.174584,851.333689,570.77521,2397.27457,412.741702
2023-07-20,1276.01472,3191.812201,817.632064,1339.064897,2536.50314,948.614681,852.119078,577.283187,2399.850479,419.971987
2023-07-21,1248.120695,3120.285185,814.346884,1212.938034,2473.333561,964.911181,858.794637,587.165661,2450.44143,429.406586
2023-07-24,1221.264861,3132.407344,812.813878,1240.124399,2457.111936,966.179693,864.684952,592.275626,2511.481432,412.785767
2023-07-25,1226.556952,3139.9317,816.853342,1230.83012,2444.993403,964.374456,863.015987,582.537781,2481.447483,401.543613
2023-07-26,1229.029726,3144.390333,821.525511,1244.91116,2454.535582,966.08222,867.139133,587.310331,2512.550867,407.407168
2023-07-27,1231.67583,3144.437027,811.524074,1252.021635,2436.119326,963.34987,871.900411,591.118627,2572.278435,406.569521
2023-07-28,1236.720493,3094.228757,798.699984,1241.751049,2447.760488,953.445074,874.256525,591.600718,2551.429516,408.597533
2023-07-31,1245.326159,3122.003427,797.531846,1239.195073,2437.073038,964.715975,869.053461,592.468521,2557.358546,408.685669
2023-08-01,1239.0698,3172.25807,803.031447,1261.269633,2428.485328,966.521355,871.900401,588.708268,2580.929003,408.950257
2023-08-02,1218.445829,3170.957884,794.830891,1253.322809,2419.897182,953.88419,856.634929,572.799821,2558.538272,403.836121
2023-08-03,1215.701004,3128.598918,789.890961,1253.833869,2421.0425,936.855734,849.272121,564.026169,2542.416528,400.573702
2023-08-04,1222.402489,3159.485493,792.932759,1265.917088,2418.990568,938.026758,850.352075,550.913761,2554.409613,400.529633
2023-08-07,1238.921393,3196.641887,801.839118,1279.85871,2422.521253,944.808894,867.924455,546.334122,2578.592183,397.619875
2023-08-08,1236.225841,3210.901141,799.162378,1286.736674,2438.552122,948.809772,864.341298,548.069485,2583.703868,397.70807
2023-08-09,1227.101106,3181.593384,793.833065,1284.970841,2424.668515,948.060025,862.721426,547.973086,2570.875321,394.048802
2023-08-10,1240.627608,3186.238366,793.784423,1287.852012,2411.882183,943.977028,852.315455,549.66036,2577.166643,395.900482
2023-08-11,1242.556556,3171.329095,786.581432,1270.610708,2384.591326,934.679384,853.074623,551.492245,2586.603972,392.153137
2023-08-14,1248.812891,3168.542512,778.818921,1269.263012,2374.190549,930.74385,845.776645,538.572651,2571.612555,392.417634
2023-08-15,1248.812891,3168.542512,778.818921,1269.263012,2374.190549,930.74385,845.776645,538.572651,2571.612555,392.417634
2023-08-16,1261.672045,3191.022368,769.596172,1306.255322,2408.828408,931.334218,841.43732,534.13758,2607.0509,395.195099
2023-08-17,1252.695518,3170.586036,775.777031,1306.812918,2417.034693,931.186644,838.281457,543.779018,2597.171568,387.964844
2023-08-18,1240.677193,3117.916308,771.640212,1288.363217,2416.17587,930.743875,840.500398,547.057197,2588.078221,386.642242
2023-08-21,1248.583607,3132.314579,772.370261,1289.292706,2422.807683,933.105208,842.324827,550.287051,2578.936178,389.155214
2023-08-22,1240.319813,3125.858543,768.963438,1298.122454,2436.119212,933.990686,854.258076,547.153529,2616.832176,394.137053
2023-08-23,1249.228881,3136.030042,765.678355,1306.487445,2445.184299,934.531788,854.84985,545.707384,2636.935039,395.547822
2023-08-24,1226.422708,3137.981092,767.08967,1314.666734,2449.43056,951.159259,852.285636,554.914941,2635.116628,396.165041
2023-08-25,1212.327137,3112.110393,758.451064,1311.832005,2434.687903,944.71491,849.228387,546.864342,2586.358225,389.772432
2023-08-28,1206.619346,3121.260796,759.959765,1311.831923,2422.760158,949.486648,853.91287,548.792605,2605.0848,388.846588
2023-08-29,1195.228534,3125.812079,769.669163,1315.456918,2406.63365,950.077018,836.802148,551.347609,2650.550088,387.259459
2023-08-30,1198.628392,3142.579355,765.897321,1323.543176,2404.629854,939.992357,844.642495,545.803751,2661.068603,388.405733
2023-08-31,1191.133749,3105.979892,760.738432,1327.864959,2377.053204,938.664054,835.372129,539.34402,2632.904858,384.526093
2023-09-01,1192.002323,3118.194993,758.913358,1327.446813,2385.545439,937.434275,840.993506,541.947157,2642.686058,386.465912
2023-09-04,1193.814026,3130.503202,766.481388,1333.488335,2377.912033,945.059248,847.847712,548.069495,2659.102528,385.011017
2023-09-05,1197.362738,3163.108116,764.388673,1353.750268,2387.549372,946.731811,846.565619,550.865493,2673.847904,386.642244
2023-09-06,1199.745187,3156.559195,766.481366,1360.070723,2392.654235,935.46651,853.863541,547.635652,2665.983707,389.728362
2023-09-07,1196.643063,3179.039141,772.443294,1358.908846,2385.545418,939.303605,861.112282,547.635674,2683.678164,392.020875
2023-09-08,1202.574202,3190.882648,782.395974,1357.189254,2387.024451,945.747942,866.043351,558.916186,2823.711163,389.596069
2023-09-11,1216.992446,3200.125346,790.377656,1361.186034,2394.181297,953.717261,871.418172,564.363531,2841.012553,390.301453
2023-09-12,1209.026523,3235.424395,790.88873,1372.897074,2374.094882,966.802866,872.798874,563.688745,2882.693281,392.902589
2023-09-13,1204.212076,3293.017278,792.616368,1383.632408,2377.911976,964.736638,873.341251,562.531759,2839.43966,397.752137
2023-09-14,1213.518162,3293.57497,795.779816,1393.391559,2378.961891,966.409303,897.552827,573.860446,2856.692065,394.269285
2023-09-15,1215.751743,3309.227218,803.031503,1402.54682,2353.102251,972.656877,897.454208,573.860453,2850.793756,394.137054
2023-09-18,1207.09087,3321.117297,791.399691,1383.028087,2349.285265,971.377823,905.343929,575.644113,2857.675067,393.431612
2023-09-19,1207.09087,3321.117297,791.399691,1383.028087,2349.285265,971.377823,905.343929,575.644113,2857.675067,393.431612
2023-09-20,1168.84876,3325.529887,759.424429,1372.060505,2333.063327,964.835111,892.325909,577.909886,2837.080449,396.385439
2023-09-21,1171.330499,3277.225784,748.060344,1371.874895,2331.059592,942.009266,890.895865,563.688717,2797.759116,391.932678
2023-09-22,1166.367305,3311.642643,741.587405,1380.425556,2345.468241,932.121353,891.339703,570.196718,2853.005704,389.948761
2023-09-25,1158.972045,3305.697324,742.19573,1367.738715,2347.377012,926.316451,889.613836,569.280741,2822.285945,386.509979
2023-09-26,1159.220049,3284.657239,742.195769,1356.073922,2348.56937,931.826158,895.481789,570.052085,2860.624079,387.700317
2023-09-27,1160.659405,3302.956693,737.328916,1347.755316,2355.964687,919.330978,894.939407,567.111419,2862.246161,386.906799
2023-09-28,1153.958967,3276.6225,738.959292,1333.767171,2340.88765,919.675363,905.935636,567.738109,2927.716212,387.612183
2023-09-29,1158.47571,3256.37182,740.881687,1316.107339,2338.311671,928.480996,909.091495,570.100264,2954.258018,387.25943
2023-10-02,1158.47571,3256.37182,740.881687,1316.107339,2338.311671,928.480996,909.091495,570.100264,2954.258018,387.25943
2023-10-03,1149.492029,3232.731258,732.948743,1320.104045,2349.094331,923.85678,903.4208,568.46118,2944.280364,387.30356
2023-10-04,1139.11893,3230.129615,724.796758,1318.152143,2352.290831,910.08254,905.63977,563.49587,2939.315949,382.057221
2023-10-05,1146.017759,3298.776696,745.89454,1347.894811,2381.108165,919.478492,906.724703,566.05087,2981.09478,383.600248
2023-10-06,1147.531623,3320.93132,744.556165,1360.070769,2379.820459,922.87295,911.557085,570.968029,3021.005912,385.011017
2023-10-09,1139.06919,3372.904533,735.868841,1359.048133,2367.415509,921.200361,903.913942,560.699847,3003.704567,385.54007
2023-10-10,1143.412101,3345.362322,737.426152,1365.461495,2388.742099,925.184988,908.351897,564.749252,3020.022847,388.361602
2023-10-11,1148.003113,3348.752587,743.899191,1376.940182,2401.051514,935.417292,934.930339,566.532932,3032.064905,392.197177
2023-10-12,1160.485663,3286.608055,745.407842,1349.567723,2422.950661,933.105207,933.944134,564.02617,3015.009433,393.387543
2023-10-13,1156.018846,3274.43925,744.604811,1301.236193,2426.290581,929.317231,933.253751,554.191835,3011.51976,394.137054
2023-10-16,1159.41861,3268.958781,740.005681,1329.119792,2435.737516,930.89149,930.837517,551.010118,3022.529391,393.431613
2023-10-17,1162.04917,3254.327938,747.062589,1336.60202,2429.868886,936.15516,932.957945,554.673922,3011.028162,395.900483
2023-10-18,1151.973789,3236.353328,738.837643,1336.880669,2423.284774,923.955179,937.543879,548.937224,2985.616525,397.66397
2023-10-19,1142.047239,3214.83176,731.585947,1325.494903,2409.400827,918.937402,928.371974,546.671517,2956.125695,394.00476
2023-10-20,1139.71451,3207.521194,732.462031,1324.704812,2371.280016,915.00193,924.081983,541.947169,2926.782459,385.628265
2023-10-23,1119.340361,3167.707395,730.077268,1306.115833,2366.795331,910.476148,924.082002,531.245145,2898.962244,381.880888
2023-10-24,1119.340361,3167.707395,730.077268,1306.115833,2366.795331,910.476148,924.082002,531.245145,2898.962244,381.880888
2023-10-25,1113.260242,3145.262171,725.867409,1281.643234,2352.148078,896.701895,906.330149,533.75191,2860.91897,376.546356
2023-10-26,1101.993723,3101.304149,710.682809,1273.923205,2343.225851,884.501878,887.64136,523.724802,2808.572686,378.750674
2023-10-27,1109.761145,3107.822795,713.9193,1283.855862,2351.050755,896.603523,893.95318,530.281045,2809.162437,381.087281
2023-10-30,1126.636169,3104.79624,711.485952,1283.338019,2349.666777,893.5535,897.799406,536.547942,2807.687954,377.692597
2023-10-31,1133.063656,3119.976893,717.374777,1283.24384,2354.819787,899.358294,899.821152,542.95958,2858.608752,377.295836
2023-11-01,1129.241953,3083.608784,711.656203,1272.557909,2353.865475,894.635685,883.104787,543.634395,2822.33505,375.179659
2023-11-02,1145.496661,3113.597184,714.041024,1281.972721,2367.764925,898.079297,903.766039,547.24996,2853.939587,377.957123
2023-11-03,1149.368026,3114.621962,721.097967,1297.130707,2389.39262,911.85355,909.486039,552.890249,2855.709075,380.1174
2023-11-06,1154.256867,3128.312181,721.754981,1309.417109,2394.48676,922.282593,917.178533,552.697457,2877.581511,381.395903
2023-11-07,1151.254016,3134.831734,718.932088,1313.230097,2388.863571,915.444675,919.594704,552.070679,2905.941991,381.043213
2023-11-08,1152.345926,3138.137607,720.781579,1305.321545,2400.830875,919.035765,921.517811,558.241249,2910.75873,381.175417
2023-11-09,1143.635388,3112.526126,721.998352,1289.881341,2377.136917,917.953514,917.720922,555.830914,2946.148087,382.586242
2023-11-10,1140.583017,3094.179303,720.319317,1281.360832,2369.735535,917.363292,916.192274,554.770347,2954.258052,381.351838
2023-11-13,1147.357822,3098.509996,723.166419,1290.634436,2375.166214,916.969687,920.92609,554.577488,2980.209736,383.556183
2023-11-14,1147.357822,3098.509996,723.166419,1290.634436,2375.166214,916.969687,920.92609,554.577488,2980.209736,383.556183
2023-11-15,1154.951691,3125.56491,730.296255,1311.488491,2379.972435,923.610835,923.293038,561.712194,3003.163944,385.760529
2023-11-16,1164.853368,3179.721202,731.853665,1328.058465,2379.347621,918.937405,930.245852,562.001463,2993.333597,385.848695
2023-11-17,1167.384684,3252.690399,724.675053,1351.077928,2369.399181,905.310801,932.957864,541.947146,2993.480847,386.465881
2023-11-20,1159.617153,3251.479486,730.782971,1349.759897,2403.041655,902.703533,928.963766,540.500937,3024.004077,383.115295
2023-11-21,1171.429657,3260.560052,735.917549,1352.678412,2401.119314,907.130939,947.751153,540.88664,3010.487257,383.997041
2023-11-22,1177.38568,3242.02634,731.756425,1352.160418,2406.8866,899.997851,952.632894,535.246348,3010.536643,383.379823
2023-11-23,1185.326866,3259.628845,734.165479,1362.987674,2409.0013,903.687378,950.413948,538.283401,2979.620284,386.421782
2023-11-24,1186.741426,3215.85678,739.689284,1349.947966,2410.202427,905.359977,957.61326,539.199349,2988.025186,385.187378
2023-11-27,1186.741426,3215.85678,739.689284,1349.947966,2410.202427,905.359977,957.61326,539.199349,2988.025186,385.187378
2023-11-28,1178.899449,3197.230074,742.585125,1343.546005,2403.041491,906.835818,957.810519,540.983023,2983.503293,383.467986
2023-11-29,1190.215667,3237.090684,746.089197,1364.964923,2410.827542,911.066433,977.288218,544.839596,2997.265651,382.806732
2023-11-30,1176.244044,3241.93399,750.542423,1364.729417,2418.565284,913.230988,979.014059,543.441659,3006.800959,383.115294
2023-12-01,1180.065864,3250.362086,755.384941,1361.528448,2443.412654,917.953545,994.300367,546.237582,3068.093058,385.672363
2023-12-04,1190.48865,3257.766068,765.873019,1364.493931,2475.132763,945.895561,1011.065936,563.592299,3194.85515,397.663971
2023-12-05,1201.928896,3262.236218,786.727454,1357.621249,2457.158214,979.002912,1008.008783,573.71581,3223.412298,396.870392
2023-12-06,1208.554986,3283.051256,786.800493,1366.141726,2463.598307,984.118999,999.478006,582.875239,3264.650467,398.633913
2023-12-07,1212.029286,3345.030816,786.581452,1376.262616,2401.695928,972.214162,984.241013,583.309122,3280.428033,403.307099
2023-12-08,1213.51825,3354.670189,793.516706,1380.452266,2411.020016,977.231893,977.633339,583.64656,3308.887027,395.459655
2023-12-11,1217.190937,3366.730793,801.571385,1395.280495,2402.080485,988.448094,978.373031,591.118685,3302.988549,396.164978
2023-12-12,1201.184493,3381.631496,794.198113,1381.770215,2400.158063,992.33429,973.39267,588.901177,3275.463815,398.85431
2023-12-13,1194.310314,3318.301717,786.04612,1349.289036,2401.167271,992.924674,977.830651,589.720688,3289.422894,399.515624
2023-12-14,1212.351808,3378.465489,800.598049,1375.838768,2404.195238,1004.780298,985.375217,600.085282,3342.408322,396.297273
2023-12-15,1225.95128,3414.879942,801.37668,1431.998421,2409.770215,1009.158535,974.625444,597.626619,3374.602515,401.190919
2023-12-18,1236.324379,3567.104947,803.493785,1468.998823,2417.459854,1001.582738,968.609535,619.368237,3407.18999,397.090821
2023-12-19,1253.323497,3529.71219,800.135714,1452.946573,2436.68423,996.269839,972.307861,617.295306,3417.069709,398.589754
2023-12-20,1250.742696,3507.872703,800.330303,1440.47191,2448.218992,985.840799,955.640807,611.221163,3354.647099,396.165009
2023-12-21,1249.874163,3486.265752,803.153151,1432.233826,2437.645586,973.247205,946.764907,605.002407,3276.446748,391.888613
2023-12-22,1264.46602,3503.634963,811.353822,1433.881388,2448.02663,975.608484,962.100483,612.378164,3350.764347,397.267214
2023-12-25,1264.46602,3503.634963,811.353822,1433.881388,2448.02663,975.608484,962.100483,612.378164,3350.764347,397.267214
2023-12-26,1271.935784,3529.851582,812.059518,1433.881407,2467.491394,973.935971,976.006101,612.860215,3418.937487,400.926363
2023-12-27,1277.09763,3509.223212,816.950629,1453.652602,2480.803881,976.002093,984.240991,616.090074,3444.692764,400.088746
2023-12-28,1283.922089,3531.667996,828.339109,1464.008922,2505.747845,982.987533,1008.107375,623.321187,3441.104668,402.160831
2023-12-29,1280.17493,3506.801875,825.419029,1449.886614,2519.589393,977.674636,1010.277029,616.620393,3435.698116,406.789949
2024-01-01,1277.122509,3513.879561,823.472269,1445.414627,2535.689659,975.018158,993.116917,615.125965,3436.730293,407.936219
2024-01-02,1277.048049,3508.524359,821.866191,1433.88143,2505.891902,964.441556,1001.992829,611.124727,3373.767078,408.773867
2024-01-03,1279.132516,3433.832791,812.254191,1400.929408,2494.885846,959.374561,1007.269069,613.004804,3353.713405,413.843903
2024-01-04,1280.075579,3400.258448,813.105868,1405.542631,2487.676722,966.064952,1013.383585,615.752647,3364.919709,418.1203
2024-01-05,1289.456165,3422.470485,811.840501,1418.111463,2494.357266,967.934255,1024.626463,614.884957,3401.291754,416.180512
2024-01-08,1275.03793,3420.188411,807.89835,1424.702011,2466.96254,964.490734,1030.839621,602.640226,3430.783069,409.611514
2024-01-09,1279.132484,3429.827951,801.449709,1436.564674,2471.816801,959.669761,1033.601056,602.109966,3460.372446,408.817961
2024-01-10,1278.065494,3434.717202,798.846004,1416.934622,2465.520705,958.587476,1040.751067,596.035846,3460.27374,405.643706
2024-01-11,1318.739486,3452.412407,799.624685,1399.61134,2433.656495,970.935069,1042.772726,596.32511,3441.154016,406.56955
2024-01-12,1335.862692,3559.141786,795.049736,1464.385625,2414.432183,975.756081,1037.101961,598.831827,3434.764182,405.908204
2024-01-15,1355.96384,3618.187869,799.91673,1540.269241,2432.839293,983.135118,1059.73576,613.294046,3478.0177,410.97821
2024-01-16,1360.430819,3590.760131,806.973625,1529.912818,2457.206401,988.398852,1077.931217,610.73911,3477.96832,409.347017
2024-01-17,1345.069607,3550.713839,743.850469,1525.440812,2441.250124,960.997993,1063.927179,600.663771,3487.503873,410.184632
2024-01-18,1341.322281,3596.767319,720.319193,1532.972747,2439.135265,954.504421,1060.376629,596.85532,3465.189077,400.794133
2024-01-19,1349.015329,3671.575531,714.649342,1547.942295,2433.800488,971.623793,1074.775448,602.302832,3541.865354,411.242737
2024-01-22,1349.015329,3671.575531,714.649342,1547.942295,2433.800488,971.623793,1074.775448,602.302832,3541.865354,411.242737
2024-01-23,1312.833206,3603.771797,693.527199,1541.86965,2273.709831,1004.731151,1119.352247,579.115049,3476.198876,402.425324
2024-01-24,1314.198087,3568.932403,671.748007,1548.742607,2275.343948,980.577073,1124.38196,581.477153,3461.944879,403.924316
2024-01-25,1325.390118,3543.705421,690.801769,1560.981793,2326.336366,972.214177,1141.098302,584.514293,3504.313758,398.63388
2024-01-26,1325.390118,3543.705421,690.801769,1560.981793,2326.336366,972.214177,1141.098302,584.514293,3504.313758,398.63388
2024-01-29,1350.181756,3545.721615,703.650241,1551.190454,2316.532141,993.711734,1142.03512,593.529022,3539.014889,394.577911
2024-01-30,1394.10664,3551.488666,701.265484,1551.802358,2352.385498,991.744055,1138.632818,601.820733,3563.393752,385.672332
2024-01-31,1392.195682,3560.351363,699.270088,1542.246379,2347.050901,987.070629,1130.397829,599.699592,3329.579975,386.818545
2024-02-01,1407.631544,3568.416524,708.638784,1553.779507,2372.61914,1000.992476,1133.109877,610.546249,3313.80212,387.347656
2024-02-02,1422.645516,3631.203314,701.825218,1567.572234,2347.29099,1005.173884,1129.510274,623.51403,3303.971673,387.523985
2024-02-05,1421.007496,3715.699935,697.931696,1583.436345,2319.175606,995.777903,1094.697014,615.849068,3262.143881,384.922851
2024-02-06,1409.393432,3741.864319,697.22599,1575.998566,2324.269902,1000.30371,1107.517699,614.836731,3280.919583,378.706606
2024-02-07,1418.749196,3820.593546,694.330191,1588.143624,2318.021995,996.66337,1116.196332,631.516424,3331.496861,379.852875
2024-02-08,1417.036893,3831.941325,681.603349,1584.330686,2305.958587,969.360907,1100.811376,654.173949,3237.961097,365.776533
2024-02-09,1440.289653,3845.023771,675.03309,1562.676492,2312.783528,969.6069,1100.86081,669.311042,3252.80498,365.776567
2024-02-12,1431.752914,3850.228569,673.256753,1572.60934,2289.617874,969.36089,1095.979094,679.241712,3231.227349,363.493782
2024-02-13,1443.317271,3827.673948,673.743361,1566.160091,2287.792013,984.168175,1088.582493,676.976058,3228.376533,361.032006
2024-02-14,1446.791623,3797.664605,663.620415,1539.798367,2278.083367,991.30127,1089.469883,680.254063,3207.683716,362.016705
2024-02-15,1455.750398,3829.080701,673.743396,1564.371156,2255.735187,990.366545,1094.10525,715.059791,3234.372792,360.897746
2024-02-16,1447.833969,3845.117976,685.472518,1589.179226,2266.164503,1000.500538,1101.452486,726.340334,3247.987944,357.540716
2024-02-19,1442.845866,3802.822423,688.757658,1588.944002,2281.736014,1006.846447,1102.931835,723.110446,3278.904621,362.195759
2024-02-20,1451.060086,3760.620873,687.102906,1571.102829,2276.353024,1016.586761,1119.352271,726.967053,3271.974081,361.927195
2024-02-21,1446.841417,3733.049683,698.394,1549.025195,2301.248813,1031.098857,1116.985286,732.366224,3234.225662,359.241582
2024-02-22,1447.288018,3724.046354,687.297568,1548.177637,2273.998161,1023.523228,1082.517142,729.859435,3221.347793,361.166283
2024-02-23,1472.451712,3794.757079,690.120371,1574.068578,2291.492047,1040.593409,1099.923854,727.931153,3284.065277,367.477392
2024-02-26,1471.607959,3735.065801,687.954695,1548.742464,2287.695382,1033.558571,1089.124727,725.713681,3335.428683,364.612771
2024-02-27,1467.190725,3750.304752,687.711352,1556.086183,2296.490857,1029.62316,1086.116944,715.590129,3393.329152,365.731767
2024-02-28,1439.52051,3834.707798,683.306761,1564.79505,2307.88147,1025.343267,1108.010734,714.433113,3387.676871,364.165179
2024-02-29,1443.838583,3811.778306,680.045999,1556.556852,2304.276805,1021.752188,1083.848521,710.721139,3378.141464,362.106211
2024-03-01,1451.754889,3832.644582,681.360036,1554.39143,2310.765008,1037.002136,1101.99502,724.990509,3440.613322,364.791812
2024-03-04,1476.298252,3822.422291,693.186485,1538.056724,2311.149386,1062.681198,1116.393605,741.429236,3560.592475,365.642254
2024-03-05,1475.132036,3732.48676,691.896807,1508.25868,2298.365233,1059.139391,1117.429184,741.525639,3529.381308,361.61389
2024-03-06,1467.63728,3712.276832,697.688364,1483.780183,2283.17794,1062.878109,1141.394086,745.189424,3525.20322,358.704507
2024-03-07,1464.709122,3786.598436,701.508805,1510.32997,2309.803731,1065.239329,1173.05159,754.927272,3581.432648,361.34533
2024-03-08,1464.709122,3786.598436,701.508805,1510.32997,2309.803731,1065.239329,1173.05159,754.927272,3581.432648,361.34533
2024-03-11,1452.747629,3834.707809,692.553838,1495.077866,2291.107863,1059.385207,1169.649068,742.923667,3569.832747,365.239432
2024-03-12,1454.261346,3864.764801,695.595562,1504.163223,2269.240511,1038.625582,1181.286554,730.196926,3551.8432,357.495981
2024-03-13,1417.285013,3874.939908,705.742973,1505.010586,2214.499022,1055.84336,1135.821976,716.36142,3452.311078,377.011253
2024-03-14,1415.026687,3831.894738,702.920242,1513.907577,2212.576793,1057.712714,1147.50864,707.732292,3462.239954,374.191359
2024-03-15,1402.519347,3917.235407,701.922526,1523.65197,2226.081668,1052.744184,1171.473633,697.078489,3464.255233,371.729596
2024-03-18,1406.117832,3861.764225,698.783444,1505.293039,2207.914702,1042.95473,1198.446497,696.21073,3466.860285,373.206649
2024-03-19,1406.837341,3719.920061,698.637344,1466.833344,2159.709474,1057.909469,1197.854848,695.294837,3421.935702,365.866034
2024-03-20,1413.562645,3713.917864,693.356879,1461.513954,2153.125186,1050.284533,1206.780086,693.99322,3428.571169,366.626962
2024-03-21,1434.060934,3702.476669,700.00013,1453.087731,2147.358024,1061.746594,1197.36178,713.999194,3465.336441,372.580027
2024-03-22,1436.716179,3615.26031,699.732392,1410.532732,2145.48364,1061.303774,1205.152765,714.818803,3486.029337,377.100773
2024-03-25,1436.716179,3615.26031,699.732392,1410.532732,2145.48364,1061.303774,1205.152765,714.818803,3486.029337,377.100773
2024-03-26,1428.42761,3630.687527,692.140134,1400.83532,2145.435754,1059.582002,1193.318251,712.022795,3538.916484,380.950075
2024-03-27,1436.368725,3591.252286,691.702138,1394.856871,2149.280459,1062.140242,1193.860765,704.020383,3607.827104,381.755755
2024-03-28,1467.786297,3601.662169,701.168069,1400.129271,2153.221744,1067.502263,1203.476366,710.480132,3634.811347,382.248132
2024-03-29,1467.786297,3601.662169,701.168069,1400.129271,2153.221744,1067.502263,1203.476366,710.480132,3634.811347,382.248132
2024-04-01,1471.607901,3646.255044,708.419757,1405.448639,2174.272132,1076.799804,1191.345823,725.135129,3716.697971,381.129095
2024-04-02,1464.162993,3632.140642,712.142919,1394.197963,2188.738513,1061.845045,1186.611981,726.340317,3707.260839,380.099665
2024-04-03,1458.107971,3611.509094,716.10942,1388.690109,2173.358945,1054.957758,1173.051521,732.896591,3706.179406,376.876954
2024-04-04,1439.346671,3690.519342,731.975409,1382.099845,2162.016611,1046.299747,1184.738258,730.920038,3667.742816,375.892252
2024-04-05,1445.302584,3714.19901,744.702206,1389.678711,2170.52316,1050.235253,1172.558415,725.617191,3653.193865,375.93698
2024-04-08,1450.265891,3713.730673,750.250403,1387.842812,2179.270264,1058.942556,1166.789122,734.487376,3679.588643,382.919517
2024-04-09,1451.754909,3680.95377,749.64213,1400.27052,2168.264497,1070.749036,1181.77961,733.812439,3710.947112,380.950081
2024-04-10,1455.576656,3674.342659,746.064922,1397.681357,2170.138753,1087.327329,1192.085474,736.271064,3686.46959,381.129078
2024-04-11,1455.576656,3674.342659,746.064922,1397.681357,2170.138753,1087.327329,1192.085474,736.271064,3686.46959,381.129078
2024-04-12,1452.325716,3700.132137,736.57451,1392.926712,2142.167666,1078.128072,1202.73665,737.379768,3601.339018,383.411845
2024-04-15,1435.698665,3675.326708,726.159488,1375.556448,2105.064301,1059.237695,1193.663421,721.905264,3525.350513,378.577825
2024-04-16,1440.264927,3622.622198,721.389942,1330.365241,2087.81085,1045.561853,1195.340078,717.711248,3469.563475,378.846388
2024-04-17,1440.264927,3622.622198,721.389942,1330.365241,2087.81085,1045.561853,1195.340078,717.711248,3469.563475,378.846388
2024-04-18,1448.628104,3610.571223,725.672802,1325.139824,2123.375592,1033.509467,1199.038369,715.397262,3479.639616,373.878047
2024-04-19,1432.423103,3564.524564,720.416571,1298.072154,2110.831861,1031.19738,1236.070593,705.803979,3413.481569,372.400966
2024-04-22,1457.016022,3574.934733,734.06816,1330.365269,2142.600281,1053.088553,1270.489422,723.54431,3480.868309,378.980658
2024-04-23,1444.856103,3620.512357,731.610346,1349.147822,2161.487779,1065.239313,1284.148417,738.102919,3527.119973,380.547248
2024-04-24,1438.850419,3586.609675,734.433109,1343.545971,2158.555987,1071.437728,1315.164902,742.58621,3539.997709,383.411818
2024-04-25,1430.909175,3573.996764,733.070412,1336.908459,2129.191402,1072.372348,1306.091758,742.055972,3550.319733,384.038485
2024-04-26,1439.346738,3566.072237,732.729742,1343.49889,2132.555259,1084.965989,1303.77414,770.25731,3524.171114,390.662953
2024-04-29,1439.346718,3581.686306,733.21645,1344.675759,2133.900889,1090.032942,1301.801769,770.064454,3544.028184,389.051594
2024-04-30,1452.12723,3573.058551,737.280232,1334.601937,2138.706973,1128.256374,1301.75237,790.504397,3523.237151,389.49916
2024-05-01,1452.12723,3573.058551,737.280232,1334.601937,2138.706973,1128.256374,1301.75237,790.504397,3523.237151,389.49916
2024-05-02,1453.367915,3543.095587,739.932671,1329.23539,2119.530932,1114.974132,1275.765653,795.421534,3515.372745,389.275394
2024-05-03,1405.745524,3561.429803,733.532712,1321.091505,2118.521505,1117.138666,1240.804454,790.600701,3429.259235,386.142189
2024-05-06,1407.581883,3613.384814,738.375291,1334.178266,2126.211291,1119.74589,1255.64685,774.21024,3382.712619,387.932578
2024-05-07,1381.772861,3670.122527,732.048357,1332.76607,2171.388501,1108.136209,1253.477299,764.761566,3366.885772,389.58866
2024-05-08,1387.232416,3693.661801,720.465194,1342.180779,2234.828773,1098.051656,1257.126204,770.835678,3310.656472,392.274304
2024-05-09,1379.787509,3666.887094,703.406915,1341.474558,2229.494116,1092.099125,1252.540389,774.740505,3211.222558,378.980662
2024-05-10,1377.876664,3643.44148,703.885664,1330.318157,2230.984006,1094.116035,1254.216851,786.358519,3179.716564,381.800496
2024-05-13,1373.831725,3629.327346,705.612298,1328.623426,2256.840435,1088.852293,1263.733992,769.967993,3170.475867,384.48608
2024-05-14,1389.738982,3650.803283,715.478915,1335.072713,2255.735048,1100.511258,1263.043529,778.93459,3237.51866,383.635649
2024-05-15,1402.643507,3634.485629,708.32556,1335.543341,2227.763809,1095.542653,1262.846245,788.720622,3296.254739,382.024294
2024-05-16,1387.753615,3630.673131,708.177554,1343.498904,2212.095991,1094.854009,1303.083977,768.762831,3321.371343,378.57785
2024-05-17,1402.866844,3617.920883,713.456217,1355.032077,2225.312743,1102.528066,1320.786411,782.116227,3354.253587,383.948979
2024-05-20,1402.866844,3617.920883,713.456217,1355.032077,2225.312743,1102.528066,1320.786411,782.116227,3354.253587,383.948979
2024-05-21,1415.126034,3599.075947,715.38022,1344.817053,2212.48041,1098.248281,1317.334672,790.215083,3375.733159,387.798324
2024-05-22,1425.722543,3606.16049,714.418289,1344.440281,2221.083189,1080.390925,1311.220025,797.53583,3376.765402,389.767756
2024-05-23,1444.310036,3613.670073,718.808898,1365.153026,2263.665175,1093.476536,1325.766719,805.819478,3396.376882,390.797256
2024-05-24,1465.254978,3631.429051,733.090804,1374.567835,2272.989024,1106.020931,1355.106685,810.72107,3521.516886,389.678226
2024-05-27,1450.811997,3628.642528,749.39551,1374.803204,2270.874473,1103.462881,1359.002095,806.799795,3538.916497,385.56034
2024-05-28,1442.076616,3617.920991,752.232162,1374.850421,2286.302023,1106.85713,1348.055139,807.093914,3584.185159,383.367076
2024-05-29,1427.881584,3589.582233,740.614151,1365.153121,2277.506696,1080.784594,1336.812316,803.172633,3549.090884,380.905332
2024-05-30,1409.666368,3509.714019,738.838145,1338.367817,2243.527623,1079.210385,1344.702102,803.172633,3546.534914,378.085467
2024-05-31,1411.800602,3451.430442,746.904079,1344.45066,2227.716039,1093.328943,1319.553666,801.015944,3574.698862,379.786314
2024-06-03,1448.280652,3491.340981,764.664089,1348.292064,2253.380301,1117.974982,1365.905509,839.885475,3736.604349,383.7252
2024-06-04,1349.313184,3392.6274,717.304185,1304.453251,2251.265551,1036.559424,1202.243595,717.542081,3263.667563,367.276456
2024-06-05,1373.930892,3495.119442,731.290144,1344.594729,2427.072046,1034.099811,1262.205156,729.403847,3121.17686,381.134249
2024-06-06,1410.907217,3534.32135,762.986708,1380.462916,2420.343719,1078.915179,1310.677647,780.331271,3327.859573,393.03183
2024-06-07,1416.019306,3624.816572,765.675421,1418.635518,2427.071935,1085.802273,1344.356877,794.545885,3387.52947,393.031858
2024-06-10,1457.288834,3629.16196,768.413345,1437.890178,2447.257542,1097.116747,1401.458703,812.877778,3461.306064,397.362404
2024-06-11,1443.987472,3628.311669,765.749366,1434.672863,2452.352108,1093.083032,1393.519579,812.730731,3490.944633,394.080315
2024-06-12,1444.483706,3615.512105,772.754683,1423.9174,2419.382473,1094.066828,1402.494131,816.602984,3517.289753,392.211291
2024-06-13,1449.372554,3638.702641,776.504057,1430.255516,2351.568401,1087.179622,1400.866771,819.641942,3573.322783,391.80109
2024-06-14,1446.518713,3616.031881,778.329266,1427.08647,2397.724285,1081.719129,1401.359921,818.661578,3612.643701,391.16286
2024-06-17,1446.518713,3616.031881,778.329266,1427.08647,2397.724285,1081.719129,1401.359921,818.661578,3612.643701,391.16286
2024-06-18,1460.539955,3584.906619,784.125966,1436.065441,2400.393442,1083.440946,1398.450553,823.710246,3612.643772,390.387943
2024-06-19,1445.302673,3582.922747,791.303975,1437.313828,2379.380308,1107.988604,1369.160083,824.445501,3514.340823,385.69272
2024-06-20,1439.445974,3570.737062,814.98386,1439.618557,2374.673028,1117.187745,1357.276173,825.768892,3531.662537,384.279574
2024-06-21,1429.990973,3587.740345,810.617868,1463.2426,2355.164393,1132.093494,1353.923095,812.28957,3483.511744,381.590067
2024-06-24,1426.938506,3581.363919,811.900551,1455.271881,2355.64979,1134.061201,1370.19556,804.888197,3472.613221,382.912037
2024-06-25,1430.412898,3582.875516,824.406523,1460.025501,2356.474646,1148.819335,1390.413084,817.877377,3495.400707,382.684119
2024-06-26,1434.507557,3628.311798,834.273147,1474.094083,2360.842188,1174.596863,1389.525402,819.543911,3559.057121,384.781033
2024-06-27,1494.935375,3606.679947,832.053124,1471.26126,2364.336431,1189.600808,1420.196727,821.749599,3517.19751,383.914908
2024-06-28,1519.776481,3682.013879,828.303798,1502.183546,2390.396504,1177.056563,1416.843476,827.386439,3505.407402,386.102988
2024-07-01,1544.245402,3668.930985,828.797192,1497.622172,2378.021587,1172.825904,1429.269832,823.4162,3481.530027,387.151424
2024-07-02,1545.560551,3762.02374,840.020431,1523.550809,2406.411101,1166.430683,1397.464505,806.94687,3502.385542,385.236853
2024-07-03,1531.440162,3735.999459,870.55774,1542.277089,2401.509999,1160.42899,1389.032289,808.760467,3571.68918,387.926345
2024-07-04,1539.406262,3761.598748,850.923113,1563.404201,2419.562628,1194.7171,1392.040217,817.877352,3532.851528,389.339501
2024-07-05,1536.626722,3767.171888,810.149207,1568.541881,2422.522573,1201.161378,1397.316561,820.524234,3535.031173,389.840948
2024-07-08,1570.898064,3757.773223,802.724602,1574.928,2461.637292,1197.275127,1403.529696,836.699457,3560.790824,395.356684
2024-07-09,1568.88798,3754.986519,799.369901,1585.491579,2492.45289,1209.475161,1408.460664,839.150225,3612.409656,404.792725
2024-07-10,1551.665459,3685.933998,799.567292,1572.57531,2497.306069,1216.411373,1406.488229,826.896289,3567.72618,407.07196
2024-07-11,1558.961414,3679.888497,789.823939,1576.896689,2513.854583,1205.293736,1408.312713,833.023281,3569.707775,409.077663
2024-07-12,1562.932087,3751.396689,794.831291,1600.520559,2524.482322,1210.262197,1401.853111,838.463992,3579.318144,415.596307
2024-07-15,1573.85128,3926.861037,796.829276,1635.092187,2536.760091,1204.309869,1406.389703,842.777422,3603.393453,416.827086
2024-07-16,1557.596537,3915.384149,797.61867,1632.547408,2547.33956,1209.179935,1425.078394,857.08997,3587.54139,420.656197
2024-07-17,1557.596537,3915.384149,797.61867,1632.547408,2547.33956,1209.179935,1425.078394,857.08997,3587.54139,420.656197
2024-07-18,1546.379565,3929.647706,788.911306,1650.793448,2576.893928,1211.836461,1438.934851,860.227005,3565.397739,421.795826
2024-07-19,1541.391533,4057.364165,791.057322,1715.567111,2636.050419,1220.248504,1431.932594,865.912852,3576.642995,427.949757
2024-07-22,1488.259798,4038.190757,795.571272,1721.809116,2626.053419,1213.017202,1429.072579,850.914006,3534.634894,424.713283
2024-07-23,1452.25118,4039.421277,791.797303,1712.494086,2651.628451,1192.946117,1408.75659,832.385995,3428.029056,425.214693
2024-07-24,1465.552809,4041.126191,783.435368,1747.401898,2596.402563,1182.664641,1416.744912,830.52344,3468.650217,447.323317
2024-07-25,1466.222823,4046.901795,785.877343,1740.103368,2591.452522,1171.399222,1420.245985,824.641559,3499.413456,441.853131
2024-07-26,1479.400268,4106.409038,787.579274,1752.92371,2608.195036,1166.824144,1429.171182,827.38643,3562.871493,444.36029
2024-07-29,1500.667854,4138.55323,788.492033,1790.040136,2613.581636,1184.73078,1456.686601,846.208499,3652.53536,450.423089
2024-07-30,1498.905956,4097.177778,788.83729,1786.19879,2606.399168,1184.976704,1443.865785,851.894319,3704.054901,445.499938
2024-07-31,1490.120887,4113.936798,793.86924,1791.048477,2596.353818,1191.470244,1452.840343,850.914004,3728.32844,447.186557
2024-08-01,1493.247931,4132.920712,798.185911,1771.889993,2615.91117,1187.436371,1464.527009,842.53235,3731.052991,447.596819
2024-08-02,1482.303849,4042.924935,804.623872,1744.088799,2602.274341,1170.907243,1463.146239,829.494156,3623.307979,441.989899
2024-08-05,1422.719864,3891.907206,789.823944,1650.361467,2587.764105,1148.179788,1431.488859,784.252577,3479.053098,437.203477
2024-08-06,1440.661913,3939.532088,786.025336,1675.617739,2628.965489,1142.76853,1411.370008,779.988229,3513.234375,441.306102
2024-08-07,1450.762222,3957.994678,790.415902,1692.183351,2655.025213,1142.866872,1410.805738,784.791707,3576.989977,444.998492
2024-08-08,1435.301709,3938.775053,798.827271,1658.572015,2640.369723,1140.210453,1418.14448,786.997446,3514.670868,449.009959
2024-08-09,1445.302665,3981.901981,811.925214,1686.325363,2638.62286,1150.147521,1445.218119,793.614562,3542.659867,449.55699
2024-08-12,1447.0398,3963.723316,812.68988,1697.945283,2642.310819,1147.148535,1433.0201,795.232086,3530.077328,448.554131
2024-08-13,1447.288031,3960.551674,789.897947,1718.064005,2649.784329,1154.690301,1438.325686,779.39998,3512.441845,445.135258
2024-08-14,1443.019474,3965.427431,790.909276,1726.13075,2626.975756,1144.171458,1441.052887,784.644685,3503.822088,446.639534
2024-08-15,1443.019474,3965.427431,790.909276,1726.13075,2626.975756,1144.171458,1441.052887,784.644685,3503.822088,446.639534
2024-08-16,1447.337739,4095.095408,794.75734,1756.908995,2630.955011,1156.724596,1455.928506,787.19347,3500.354473,449.14672
2024-08-19,1474.610528,4156.874504,801.022562,1775.827355,2656.529966,1164.316051,1452.160199,796.604478,3514.225262,455.482971
2024-08-20,1484.097666,4260.693655,802.872611,1794.073507,2654.588861,1161.041352,1434.507688,797.339748,3515.216024,453.750739
2024-08-21,1484.072718,4253.639804,798.112001,1793.016996,2662.256359,1156.178782,1435.697715,795.232111,3548.802624,454.981558
2024-08-22,1484.720165,4258.042847,803.143954,1795.513942,2700.254719,1167.590763,1452.854251,801.015932,3550.833611,457.169616
2024-08-23,1492.464296,4218.086571,800.677245,1783.317836,2689.821057,1179.449311,1467.085316,798.46711,3553.90509,455.802048
2024-08-26,1497.021099,4246.491463,805.215925,1790.040194,2721.122247,1191.853564,1492.522667,797.780892,3561.484473,457.67102
2024-08-27,1493.485179,4248.195429,805.215904,1799.547254,2678.367834,1199.643502,1489.547518,795.085033,3602.402697,455.847627
2024-08-28,1487.060878,4220.264842,804.229239,1822.115019,2664.974189,1207.97923,1509.034632,790.62459,3650.950021,452.656729
2024-08-29,1488.056816,4222.821075,804.697906,1844.682466,2664.246108,1207.68144,1533.133171,791.065731,3617.809164,453.431654
2024-08-30,1497.344764,4249.142429,799.764633,1851.500751,2678.902077,1209.566904,1548.653359,798.320077,3632.521892,456.029976
2024-09-02,1500.631672,4272.05548,800.775861,1865.713551,2697.245853,1213.13932,1552.521034,797.045644,3632.4724,458.856262
2024-09-03,1501.503168,4256.811819,801.466613,1859.615505,2693.363677,1211.05547,1545.678324,800.329776,3633.01708,463.050096
2024-09-04,1493.534967,4200.76032,805.11723,1824.65978,2690.111987,1223.360556,1529.215887,797.633859,3597.548241,455.802081
2024-09-05,1481.134531,4217.28188,810.050532,1833.830782,2740.582368,1221.87203,1528.720107,798.369135,3575.057642,462.275123
2024-09-06,1455.810581,4203.884404,806.153221,1821.586696,2744.901462,1195.773265,1517.513751,761.705309,3503.52491,453.249346
2024-09-09,1449.809598,4194.890005,804.179918,1814.048157,2759.557173,1191.258081,1510.621408,755.823378,3521.012054,456.166792
2024-09-10,1451.7767,4204.311313,808.077227,1820.770411,2802.553844,1217.604868,1532.339827,762.19543,3538.003385,463.824956
2024-09-11,1441.791714,4233.472748,808.66922,1829.413206,2812.842283,1217.009536,1561.396793,750.33368,3483.907903,466.742405
2024-09-12,1440.123237,4195.646947,812.541926,1834.983264,2809.056642,1216.959879,1576.917052,757.538918,3501.345359,463.642645
2024-09-13,1463.654277,4265.428145,817.475241,1858.84724,2832.642137,1232.539627,1617.527699,769.645838,3566.784943,466.787995
2024-09-16,1458.923227,4255.439697,820.928518,1856.35055,2724.810249,1235.169249,1616.585492,768.959648,3579.615235,464.691123
2024-09-17,1460.790764,4228.502101,820.977846,1865.089288,2775.959881,1248.764458,1624.9159,765.185419,3625.88369,461.545734
2024-09-18,1454.739929,4091.212938,824.406454,1806.653772,2777.512956,1252.336893,1634.188332,766.60687,3650.157338,460.497324
2024-09-19,1449.759803,4054.096868,838.244478,1804.252884,2788.820343,1275.508072,1634.039523,768.616504,3640.051787,462.685388
2024-09-20,1465.521869,4002.685289,842.388452,1793.305341,2810.221196,1281.660627,1652.187888,764.156099,3646.243988,463.141223
2024-09-23,1483.02688,4026.828673,858.520442,1803.91672,2882.578181,1298.480778,1704.748531,769.057648,3714.358571,468.24672
2024-09-24,1481.956162,4014.520454,865.427046,1797.146502,2859.429984,1305.377513,1731.623721,780.821435,3740.118475,468.748175
2024-09-25,1474.311656,4014.520339,868.337669,1802.33231,2819.636192,1300.068541,1730.532948,773.174989,3743.090793,467.061537
2024-09-26,1482.130568,4033.456596,872.235077,1817.889472,2854.674168,1306.816543,1731.673403,776.017865,3701.874898,471.346456
2024-09-27,1486.064782,4071.376769,863.330354,1827.78093,2865.884455,1293.866394,1708.219457,782.733065,3617.26425,474.309479
2024-09-30,1468.534897,4033.503574,850.701099,1796.282313,2856.033158,1261.168789,1690.071089,770.969277,3631.134838,468.656963
2024-10-01,1457.005759,4017.313968,848.579739,1800.603757,2806.339144,1257.893987,1681.939132,772.488736,3605.722055,468.611402
2024-10-02,1457.005759,4017.313968,848.579739,1800.603757,2806.339144,1257.893987,1681.939132,772.488736,3605.722055,468.611402
2024-10-03,1396.49752,3986.116317,825.516483,1806.365544,2776.930923,1238.592938,1651.196154,768.861607,3453.194247,463.232405
2024-10-04,1376.278295,3999.418849,815.477236,1811.167251,2734.176464,1226.734336,1616.635144,769.792883,3436.450494,457.260796
2024-10-07,1355.959436,4004.483985,795.743923,1840.024906,2741.941197,1215.62015,1628.833029,750.333628,3397.315505,462.001599
2024-10-08,1359.669552,3980.387833,800.18395,1830.709696,2716.365976,1220.333822,1638.303972,757.048772,3436.945932,461.317805
2024-10-09,1367.040214,4020.864108,803.489208,1867.92219,2679.484158,1223.211591,1647.278928,766.655854,3448.83493,447.232121
2024-10-10,1363.977412,3975.322077,805.363874,1838.152309,2652.793144,1228.520629,1651.196131,779.350968,3423.570694,446.229242
2024-10-11,1363.379727,3893.75365,810.667219,1834.310921,2656.530026,1212.643155,1644.898876,777.390316,3415.149288,444.360311
2024-10-14,1362.807045,3902.98522,815.970555,1854.477686,2683.65772,1208.078384,1665.427202,785.036799,3468.947585,445.499923
2024-10-15,1335.366621,3877.231317,826.577184,1874.308482,2683.900407,1225.940527,1685.856319,785.821024,3487.623209,450.833326
2024-10-16,1332.303963,3850.910045,828.846516,1840.313099,2674.534368,1232.093045,1702.864184,786.262179,3481.084229,448.873188
2024-10-17,1346.671579,3875.290296,821.495824,1853.565472,2643.329973,1215.024862,1680.35247,790.13444,3489.258204,444.907334
2024-10-18,1335.989108,3872.45334,816.019885,1795.081809,2614.212356,1215.868285,1671.228675,787.095513,3507.537641,436.155044
2024-10-21,1352.323968,3862.962005,844.115132,1765.071823,2601.595102,1240.97463,1648.221051,793.075404,3538.300592,435.197747
2024-10-22,1334.893535,3802.549922,843.942422,1773.66656,2595.092031,1250.104141,1673.360815,771.998613,3467.659517,438.34309
2024-10-23,1329.689316,3791.919784,841.155185,1770.83377,2543.893824,1233.532019,1666.170914,764.450168,3411.18611,437.157887
2024-10-24,1317.861621,3800.31958,857.45971,1786.198838,2380.448041,1231.54735,1643.659257,769.204701,3385.178772,428.496803
2024-10-25,1316.741045,3827.559516,852.822391,1773.13854,2426.550763,1224.749746,1642.121992,756.803738,3284.418595,432.325923
2024-10-28,1316.840601,3844.928513,852.921084,1783.318004,2445.962344,1270.794481,1632.006606,768.126362,3232.403703,433.966972
2024-10-29,1315.04785,3853.56583,851.04642,1776.427775,2461.394481,1289.301621,1596.652165,774.939564,3285.359694,438.798956
2024-10-30,1320.077699,3853.518223,850.602371,1744.716301,2458.871031,1295.60301,1604.387585,804.888154,3322.017791,443.539759
2024-10-31,1320.874545,3758.557529,848.234487,1696.299229,2449.84474,1278.683604,1588.867276,797.535808,3475.932313,441.898723
2024-11-01,1327.697281,3773.791289,851.539713,1701.689588,2437.469733,1276.401139,1592.040634,802.780564,3586.550619,446.092511
2024-11-04,1279.987869,3714.185678,844.041114,1668.618303,2429.850737,1260.325255,1560.008554,791.212772,3498.273748,437.203485
2024-11-05,1281.033699,3740.619118,837.627795,1694.8422,2433.247599,1253.428418,1553.016988,809.985813,3509.172167,434.833091
2024-11-06,1295.027781,3773.031852,861.036354,1711.985023,2449.777629,1282.801795,1553.512782,829.543125,3524.528929,435.790403
2024-11-07,1297.418261,3877.246464,857.410408,1735.635044,2421.401333,1265.485401,1556.636681,830.033285,3586.550746,434.058108
2024-11-08,1269.927996,3908.188086,861.282995,1761.033429,2422.57967,1243.108004,1545.926206,817.779385,3587.194499,432.690594
2024-11-11,1261.959808,3908.187913,863.922348,1770.163187,2430.189174,1237.104461,1538.934725,825.425792,3572.680132,432.234752
2024-11-12,1262.457882,3952.512277,842.931175,1807.507894,2411.484454,1254.817704,1537.248772,808.07422,3546.920306,429.545265
2024-11-13,1244.529431,3920.906352,825.343828,1802.943135,2405.985891,1240.428721,1533.529841,788.811037,3502.979866,426.901323
2024-11-14,1246.123132,3907.049112,824.899847,1802.651644,2340.494709,1233.531969,1523.811088,785.281862,3467.808063,421.431151
2024-11-15,1246.123132,3907.049112,824.899847,1802.651644,2340.494709,1233.531969,1523.811088,785.281862,3467.808063,421.431151
2024-11-18,1238.951795,3787.221429,836.197111,1743.405083,2332.688834,1239.833378,1516.76987,783.517318,3478.409332,421.203265
2024-11-19,1230.236551,3809.905705,839.995789,1768.220698,2361.507023,1231.348815,1506.704111,784.350542,3462.705697,425.077918
2024-11-20,1230.236551,3809.905705,839.995789,1768.220698,2361.507023,1231.348815,1506.704111,784.350542,3462.705697,425.077918
2024-11-21,1212.407761,3819.301866,855.535692,1768.269173,2333.032571,1223.112435,1498.472903,746.559397,3420.548869,415.186041
2024-11-22,1217.586995,3847.776242,853.241732,1781.284024,2334.750938,1246.382826,1507.596642,768.61653,3441.008137,415.277189
2024-11-25,1277.348301,4035.893766,870.681004,1827.90443,2413.055475,1280.122539,1549.595611,809.397653,3620.236551,430.68487
2024-11-26,1279.091401,4090.754152,873.098374,1842.764566,2415.804622,1292.47715,1553.016975,819.102763,3655.903781,432.23475
2024-11-27,1280.884233,4104.088639,880.670976,1856.799221,2413.448134,1287.912325,1541.265263,815.720643,3650.950076,431.231889
2024-11-28,1264.001713,4017.670524,882.076945,1798.426678,2408.735149,1272.48145,1544.041909,814.152157,3614.292029,428.998228
2024-11-29,1270.177046,3982.219677,879.561017,1791.967867,2410.600729,1273.27531,1538.290117,815.181492,3601.511214,430.867197
2024-12-02,1271.969978,4014.87051,875.663687,1782.449573,2415.951874,1279.278962,1603.792359,816.308855,3638.961661,431.596612
2024-12-03,1301.800682,4048.469681,895.939539,1817.366218,2421.303214,1286.175725,1599.776072,820.426194,3667.297576,421.886967
2024-12-04,1298.862509,4070.86923,903.364252,1821.105521,2412.024466,1291.732804,1569.280939,833.562413,3723.32506,425.214687
2024-12-05,1300.95412,4138.209454,905.362227,1834.654542,2405.642439,1298.580084,1572.206482,838.7581,3725.25708,421.659084
2024-12-06,1304.788759,4188.276322,909.703532,1857.430625,2430.139972,1316.541454,1581.578264,840.130535,3764.887316,426.399884
2024-12-09,1287.956031,4190.934085,912.170247,1842.667378,2340.102173,1310.140819,1575.875839,840.081528,3831.763731,422.069358
2024-12-10,1275.107243,4187.65989,916.881553,1876.467165,2345.01169,1305.17913,1557.033457,841.159833,3865.251456,421.750226
2024-12-11,1270.973884,4182.819095,915.993516,1895.892289,2341.771204,1305.923383,1558.173727,844.002784,3865.944886,423.664829
2024-12-12,1255.585321,4200.852073,912.022195,1913.909112,2295.623284,1311.430907,1565.413297,834.395715,3811.403595,418.604879
2024-12-13,1234.668888,4170.860024,902.426899,1897.640622,2291.155463,1303.442577,1593.478681,818.563574,3759.140935,411.767187
2024-12-16,1261.511722,4173.327687,915.253545,1920.756459,2320.169886,1329.789244,1646.386353,840.914789,3821.608317,426.673417
2024-12-17,1237.856137,4098.34614,901.07028,1901.719934,2310.695063,1315.896483,1595.164531,830.37639,3761.91505,422.160535
2024-12-18,1235.714674,4071.391838,891.524343,1905.216367,2307.454663,1297.438875,1582.867422,820.524224,3710.395677,425.670538
2024-12-19,1224.110993,4045.195007,877.636975,1864.812165,2293.659582,1274.614952,1572.305611,804.054907,3665.811478,424.211852
2024-12-20,1196.720439,3941.26557,871.74171,1856.313551,2282.515071,1262.657301,1560.355616,794.055726,3573.770027,418.741648
2024-12-23,1208.373847,3905.57784,878.771686,1854.128257,2273.285593,1277.195139,1565.264489,796.21243,3583.628057,426.308723
2024-12-24,1216.142826,3946.770332,882.841682,1787.111585,2288.848235,1280.370615,1561.942317,793.271493,3598.835982,430.912798
2024-12-25,1216.142826,3946.770332,882.841682,1787.111585,2288.848235,1280.370615,1561.942317,793.271493,3598.835982,430.912798
2024-12-26,1209.419672,3932.390868,878.500338,1847.620957,2282.564122,1279.328518,1567.99178,792.095103,3576.989936,433.966963
2024-12-27,1212.158811,3936.282511,882.61967,1849.174898,2286.049838,1288.607121,1583.065808,781.507699,3570.20315,433.966973
2024-12-30,1203.294156,3902.825497,873.69036,1832.27498,2282.858755,1279.576682,1567.991689,769.547807,3533.049591,433.966961
2024-12-31,1201.351937,3826.942536,871.026312,1792.016433,2281.140448,1270.298246,1550.388935,770.528104,3517.197488,432.644996
2025-01-01,1206.780209,3877.625925,868.806357,1820.134336,2278.19491,1257.397841,1570.917385,773.959246,3566.685939,439.573916
2025-01-02,1215.14678,3888.540966,874.677004,1831.109642,2273.530799,1268.611359,1575.231276,771.50846,3616.323102,439.710663
2025-01-03,1230.585205,3884.127322,861.505055,1866.75465,2321.937328,1252.584917,1580.09069,776.557076,3617.709915,437.476995
2025-01-06,1210.166719,3859.545197,841.525115,1872.582197,2318.84429,1247.375165,1554.10779,757.9311,3552.369361,417.778784
2025-01-07,1216.391812,3807.485118,838.663758,1868.357222,2332.198108,1256.80246,1570.917337,759.597582,3562.475231,416.737301
2025-01-08,1240.395953,3813.369843,830.44985,1834.460304,2325.079335,1242.760752,1564.768679,745.137923,3556.827963,413.849563
2025-01-09,1243.085246,3820.535961,817.993211,1855.633839,2343.145708,1238.543333,1579.198117,711.954271,3453.788773,422.323463
2025-01-10,1231.083163,3957.8754,815.970547,1876.70993,2370.049391,1233.581592,1578.603123,727.443238,3460.030668,418.962287
2025-01-13,1221.521399,4012.355129,801.318641,1892.978536,2365.385594,1215.521023,1565.016626,708.27811,3416.734426,411.861242
2025-01-14,1222.368013,4004.429699,807.583913,1875.593073,2321.250199,1218.051396,1565.413329,718.522407,3416.734586,412.665993
2025-01-15,1236.909825,3993.420016,807.238615,1881.420549,2307.504176,1220.581847,1579.793138,735.236773,3439.224661,412.192628
2025-01-16,1246.322352,3978.613708,810.469918,1861.752616,2283.889859,1230.158051,1587.280604,745.432055,3451.559575,408.168709
2025-01-17,1279.888233,3963.088873,803.390585,1759.916425,2300.532629,1208.673744,1609.544388,744.451768,3479.499014,409.494239
2025-01-20,1295.07757,3932.206348,802.157267,1741.60836,2293.315675,1205.944854,1604.684995,752.735388,3523.637315,412.808049
2025-01-21,1265.147102,3895.378771,805.635286,1741.511146,2290.173741,1183.567433,1606.866859,741.167635,3495.500004,412.097928
2025-01-22,1263.653044,3909.104312,801.885909,1753.263367,2289.928245,1182.674387,1609.098124,723.472947,3457.850956,413.328777
2025-01-23,1256.581275,4001.75242,814.613911,1799.446439,2212.998355,1176.918815,1603.79246,728.472537,3428.623584,411.009137
2025-01-24,1238.553375,3966.907595,811.283939,1810.664579,2280.895086,1192.796341,1620.50282,724.453303,3414.20797,415.695792
2025-01-27,1215.146814,3906.059932,802.157237,1759.916465,2318.353384,1183.964476,1580.487239,721.414328,3369.722752,413.328758
2025-01-28,1213.652849,3893.736061,812.517245,1772.445681,2336.321748,1226.535976,1583.75989,730.727329,3372.596141,411.387844
2025-01-29,1223.16489,3918.577293,823.296461,1787.597209,2321.151881,1233.532036,1579.941868,735.040692,3380.472621,407.221887
2025-01-30,1227.497551,3922.92678,825.121909,1790.996547,2340.78942,1230.009142,1581.974805,739.893291,3363.629674,408.500071
2025-01-31,1244.031453,3948.783157,830.745787,1817.220597,2357.97227,1229.612225,1561.198495,744.549781,3448.884557,411.955913
2025-02-03,1232.627088,3865.1245,820.632486,1779.730099,2372.700301,1228.322197,1594.76786,738.324802,3239.784589,428.241004
2025-02-04,1241.640978,3930.22481,828.821901,1821.10561,2359.297678,1250.352216,1615.544249,750.578734,3276.690457,424.87983
2025-02-05,1271.621201,3939.842305,847.987787,1839.850774,2343.735029,1255.462762,1635.42796,749.941506,3348.223371,422.749511
2025-02-06,1265.296507,3916.20946,850.503766,1845.386973,2317.518941,1253.527599,1599.875178,735.285737,3311.812835,414.891044
2025-02-07,1256.979756,3874.113784,850.997114,1835.140097,2293.757615,1239.982304,1621.444887,717.345988,3280.504996,405.612287
2025-02-10,1240.59521,3880.252011,842.857062,1824.602089,2309.418666,1239.783706,1664.138031,718.963532,3263.612433,403.813389
2025-02-11,1225.20664,3822.884489,833.089083,1816.249317,2254.924634,1238.841047,1672.2204,712.248377,3201.145112,395.292126
2025-02-12,1188.602789,3808.530336,829.389095,1793.9105,2263.319386,1235.119689,1670.534563,703.033394,3192.475815,392.010211
2025-02-13,1207.178663,3771.896706,835.481836,1782.886786,2271.420179,1236.360129,1689.773646,711.856248,3222.892326,393.356638
2025-02-14,1200.654607,3769.721531,828.797145,1775.796496,2271.468874,1234.921224,1691.112478,702.102107,3191.782554,392.77959
2025-02-17,1199.708471,3727.384931,829.413823,1769.774622,2258.311933,1223.806983,1652.435746,697.54361,3165.032041,391.192707
2025-02-18,1211.262337,3735.407563,841.697779,1784.780635,2246.529523,1227.577925,1642.072474,703.229443,3153.588632,388.547901
2025-02-19,1212.706618,3642.275976,844.805756,1753.991797,2207.254436,1220.830028,1624.866264,707.836924,3181.924461,389.028756
2025-02-20,1217.138851,3625.98896,831.411844,1753.651877,2186.144019,1237.203701,1613.759112,709.111324,3217.740387,381.046228
2025-02-21,1217.288272,3648.897237,827.440499,1754.283097,2186.045941,1215.173693,1615.69294,705.827272,3240.676239,383.931506
2025-02-24,1205.684568,3547.404843,819.473149,1699.941313,2178.583632,1200.983164,1584.751603,696.51427,3219.969586,383.498685
2025-02-25,1196.720394,3500.28312,824.406501,1694.988011,2197.386488,1211.650829,1583.759948,696.024125,3176.772224,385.181759
2025-02-26,1196.720394,3500.28312,824.406501,1694.988011,2197.386488,1211.650829,1583.759948,696.024125,3176.772224,385.181759
2025-02-27,1195.873803,3480.419288,830.055234,1700.76687,2192.62445,1209.120349,1625.064699,687.299319,3154.579374,384.22003
2025-02-28,1188.553051,3341.51994,831.263834,1634.090113,2146.231116,1190.910877,1546.570886,669.163486,3111.976763,377.199226
2025-03-03,1151.401364,3360.030364,835.75311,1643.657119,2119.376546,1194.929881,1559.710996,666.614647,3130.8012,376.237462
2025-03-04,1154.937327,3348.576156,835.333802,1621.998057,2097.284437,1197.01371,1555.000389,678.476445,3138.528984,377.824359
2025-03-05,1152.397477,3403.237019,832.867138,1643.802696,2111.030816,1202.025145,1564.024874,702.886321,3158.393921,379.411235
2025-03-06,1180.435518,3417.977562,824.973838,1642.491557,2124.531518,1199.742758,1577.264228,712.689494,3185.292813,385.229844
2025-03-07,1207.178688,3454.998094,827.613148,1627.339895,2149.520168,1197.063414,1602.205754,713.669795,3210.161156,386.335884
2025-03-10,1230.485567,3462.924218,830.30183,1628.019724,2154.871387,1198.750326,1613.114555,712.29735,3139.76767,385.085578
2025-03-11,1224.858023,3419.47571,823.888548,1589.995086,2171.170452,1207.879868,1610.585687,708.474177,3131.891128,385.855026
2025-03-12,1239.051303,3370.372938,834.495141,1518.850635,2145.396361,1225.841379,1620.453132,704.895998,3123.915431,388.547875
2025-03-13,1238.901975,3367.714709,838.688514,1525.163783,2125.218848,1235.764764,1616.089595,710.238732,3148.684348,392.587286
2025-03-14,1238.901975,3367.714709,838.688514,1525.163783,2125.218848,1235.764764,1616.089595,710.238732,3148.684348,392.587286
2025-03-17,1228.194627,3361.190279,841.130431,1500.736758,2117.412856,1245.142437,1598.833905,708.081979,3129.810278,391.433125
2025-03-18,1233.921753,3380.860352,843.794434,1544.346191,2131.895508,1259.283325,1625.560547,708.915283,3144.126709,392.154479
2025-03-19,1233.872084,3347.077633,854.54908,1527.592003,2153.693115,1292.179425,1614.007007,724.551273,3238.298614,387.201445
2025-03-20,1245.077323,3394.682527,862.985106,1546.240146,2148.783764,1301.011356,1632.452792,729.550928,3246.620947,386.528207
2025-03-21,1265.047446,3349.252922,866.068418,1518.704961,2185.456911,1301.557112,1677.97236,732.29581,3301.954817,386.335882
2025-03-24,1279.141198,3447.458517,874.997672,1527.494769,2200.381216,1334.751063,1700.632846,740.236356,3414.158409,390.086685
2025-03-25,1277.497787,3516.473465,888.736976,1558.8663,2202.688971,1319.86587,1691.955343,754.058846,3403.607002,393.068134
2025-03-26,1263.702897,3504.729349,888.983649,1549.153909,2197.239272,1321.304687,1711.839253,746.461389,3386.912451,390.711842
2025-03-27,1266.24278,3489.892285,887.059642,1540.412534,2160.124476,1322.942083,1699.046099,745.530065,3419.112327,390.134753
2025-03-28,1263.951878,3471.913517,890.882985,1515.159881,2199.693892,1317.037556,1646.237677,751.902117,3440.463254,392.539163
2025-03-31,1263.951878,3471.913517,890.882985,1515.159881,2199.693892,1317.037556,1646.237677,751.902117,3440.463254,392.539163
2025-04-01,1244.330266,3407.248318,870.903023,1474.22129,2179.762022,1305.328041,1694.285924,748.17696,3398.306242,390.086699
2025-04-02,1238.951814,3412.130092,873.542326,1491.072664,2150.354839,1312.026343,1702.71546,749.255263,3376.509615,390.519498
2025-04-03,1228.145018,3282.702096,876.650341,1442.364149,2180.351092,1311.133255,1721.062075,754.794079,3361.648087,391.14462
2025-04-04,1188.403612,3185.414699,893.472924,1406.379085,2181.725621,1311.976683,1725.574378,749.941476,3207.386917,389.028754
2025-04-07,1110.415052,2953.963621,857.509001,1269.432038,2111.030655,1255.313901,1655.55976,715.630456,2937.90012,375.227616
2025-04-08,1158.672473,3146.557491,863.47842,1374.327694,2211.525753,1277.492703,1692.649617,743.226391,3064.122993,391.673569
2025-04-09,1163.353686,3104.752281,865.057033,1342.179101,2248.002099,1274.664604,1697.409824,726.413941,3019.836123,395.520604
2025-04-10,1163.353686,3104.752281,865.057033,1342.179101,2248.002099,1274.664604,1697.409824,726.413941,3019.836123,395.520604
2025-04-11,1190.395702,3098.904554,875.540352,1356.893772,2301.858019,1295.106795,1717.98779,731.315471,3071.504149,401.050675
2025-04-14,1190.395702,3098.904554,875.540352,1356.893772,2301.858019,1295.106795,1717.98779,731.315471,3071.504149,401.050675
2025-04-15,1232.178804,3130.415651,915.130165,1368.500118,2302.692659,1325.968648,1766.333633,742.196964,3146.752343,402.97417
2025-04-16,1224.111042,3121.13594,917.843503,1356.650893,2308.387492,1332.617408,1779.225784,745.530103,3194.308898,402.012445
2025-04-17,1222.716597,3110.503706,925.835427,1338.682532,2300.630927,1349.685674,1810.563831,752.049194,3133.178779,405.426631
2025-04-18,1222.716597,3110.503706,925.835427,1338.682532,2300.630927,1349.685674,1810.563831,752.049194,3133.178779,405.426631
2025-04-21,1261.95981,3174.395501,942.263443,1369.471458,2306.227375,1393.944203,1853.108175,785.625022,3195.299744,405.37857
2025-04-22,1281.183188,3184.931738,954.596746,1378.504167,2312.413545,1388.188717,1821.571888,797.976994,3217.988015,407.35012
2025-04-23,1280.286716,3225.818529,947.443449,1398.220467,2350.019027,1400.493739,1820.877589,794.153712,3236.51518,412.447437
2025-04-24,1285.167265,3274.534887,939.846087,1419.491106,2275.101996,1388.089432,1824.249425,795.183084,3249.692301,412.880218
2025-04-25,1282.975931,3291.256959,933.284822,1421.433631,2252.81331,1377.769008,1791.02718,771.508437,3200.253564,407.109707
2025-04-28,1314.948213,3291.256786,941.474133,1423.181867,2273.040106,1393.051166,1798.365906,781.703737,3224.725089,408.504268
2025-04-29,1364.550153,3315.808441,937.428808,1431.728998,2270.683492,1411.707109,1802.531016,793.075372,3284.368967,408.744699
2025-04-30,1363.554097,3253.559719,942.41144,1439.984582,2274.021899,1389.280225,1811.853133,769.057643,3272.777064,405.859452
2025-05-01,1363.554097,3253.559719,942.41144,1439.984582,2274.021899,1389.280225,1811.853133,769.057643,3272.777064,405.859452
2025-05-02,1403.494591,3305.75588,947.196752,1453.193668,2268.130732,1413.691772,1816.910822,773.469074,3294.276535,407.879115
2025-05-05,1421.223802,3331.273668,953.264749,1459.604089,2277.065702,1415.081088,1833.869018,766.606876,3270.201051,412.928318
2025-05-06,1404.988605,3322.187986,949.318083,1456.010232,2297.783068,1409.523991,1866.992146,755.921419,3272.2817,416.438718
2025-05-07,1397.119939,3306.335751,948.380719,1453.582153,2312.609798,1410.119416,1869.868098,749.500364,3253.754567,413.264931
2025-05-08,1392.438756,3314.165009,946.752746,1458.050023,2298.568833,1415.180374,1846.95959,748.961154,3269.309357,407.350123
2025-05-09,1369.032225,3284.587654,930.818166,1451.154031,2260.570255,1376.379783,1821.274317,740.628513,3300.22095,406.821176
2025-05-12,1394.430722,3385.209912,943.398103,1487.964713,2303.576504,1393.249551,1838.629272,777.390362,3457.751901,411.774194
2025-05-13,1406.781438,3393.232841,947.196781,1519.627548,2310.154915,1416.470425,1801.539266,781.507654,3512.243567,409.081296
2025-05-14,1409.869145,3391.396408,938.81014,1524.386747,2296.113988,1406.447785,1805.109476,780.625369,3534.040496,409.610247
2025-05-15,1407.080248,3396.712431,935.850132,1525.843589,2297.586783,1404.661528,1809.869639,778.860793,3510.26224,409.706435
2025-05-16,1441.54267,3427.643493,951.340777,1536.041863,2306.423684,1435.920298,1795.093125,791.0,3566.735567,415.573148
2025-05-19,1432.478727,3386.659932,952.623428,1510.983331,2331.952552,1432.744894,1794.002274,792.099976,3553.855612,416.102079
2025-05-20,1416.144073,3377.283779,943.743444,1513.217311,2296.114266,1424.508344,1784.581105,783.799988,3523.141993,416.342548
2025-05-21,1412.458707,3381.440116,947.739426,1507.4869,2302.496131,1427.485461,1790.333028,779.099976,3522.151323,415.476968
2025-05-22,1391.343182,3336.010355,939.895449,1495.734621,2271.174714,1416.867429,1801.241887,780.299988,3504.218455,406.724994
2025-05-23,1401.00455,3349.832633,944.483384,1505.447259,2287.375374,1423.416868,1806.398651,786.200012,3518.386275,412.591708
2025-05-26,1419.430921,3392.846107,950.600773,1517.782147,2321.250058,1443.859041,1815.720779,789.200012,3575.057682,420.045282
2025-05-27,1408.275539,3366.748159,945.371493,1511.66344,2317.519137,1424.706808,1818.497554,790.049988,3569.707851,414.370928
2025-05-28,1405.08822,3376.317401,946.062114,1524.872419,2309.369485,1431.45481,1829.802989,792.650024,3586.550634,404.522187
2025-05-29,1402.996559,3370.034471,940.931454,1531.282741,2312.806029,1433.93559,1835.158289,791.349976,3584.569024,408.048284
2025-05-30,1404.092161,3337.750312,949.860806,1531.65219,2301.023525,1433.2411,1827.720398,792.599976,3620.731852,407.852382
2025-06-02,1390.04832,3304.40282,941.276796,1515.794933,2301.121765,1421.829132,1816.315785,809.200012,3572.283868,406.040346
2025-06-03,1397.817314,3286.907245,947.196751,1512.446172,2300.139925,1421.035167,1816.8116,805.150024,3615.300049,407.117781
2025-06-04,1400.506474,3286.379349,947.640799,1518.15875,2299.648924,1415.478093,1834.662364,805.25,3615.300049,407.411629
2025-06-05,1417.936848,3280.23538,957.162048,1518.355677,2306.325592,1416.371212,1853.108124,802.849976,3612.0,407.215709
2025-06-06,1431.283548,3275.359546,958.395335,1519.833112,2327.14149,1431.057858,1851.819086,803.099976,3623.0,410.399015
2025-06-09,1439.550666,3306.760666,974.773972,1547.312462,2335.192672,1422.424538,1833.373148,815.700012,3662.199951,411.868232
2025-06-10,1430.287533,3338.259255,967.47271,1553.714489,2335.290833,1405.653863,1834.95994,814.599976,3667.199951,414.365874
2025-06-11,1437.359255,3363.516665,960.516752,1566.124424,2328.319731,1407.737769,1832.480732,813.049988,3656.100098,416.128919
2025-06-12,1428.693925,3338.25903,954.744748,1574.003778,2281.97521,1409.127096,1816.414886,801.200012,3585.0,410.937694
2025-06-13,1408.673974,3309.003623,943.743443,1546.524404,2260.275659,1392.85267,1799.952525,786.25,3485.899902,405.011903
2025-06-16,1418.733726,3341.184725,947.246069,1573.018916,2271.174471,1403.371414,1823.555313,786.150024,3561.800049,404.767047
2025-06-17,1420.12817,3401.548943,946.752757,1591.239932,2271.174497,1406.943935,1832.282227,790.549988,3602.0,407.166763
2025-06-18,1420.02849,3357.665418,945.71676,1596.558579,2244.074719,1399.402044,1827.81964,788.349976,3587.199951,406.383168
2025-06-19,1420.028524,3328.312253,949.959398,1587.201817,2248.787728,1393.944213,1848.645523,781.700012,3591.100098,406.285223
2025-06-20,1422.419017,3326.264296,952.919392,1584.641024,2250.849738,1399.402108,1858.463423,786.099976,3614.0,407.460578
2025-06-23,1436.263709,3286.379297,957.95136,1551.64615,2241.08275,1401.089154,1911.123149,788.5,3574.600098,403.297826
2025-06-24,1437.359245,3298.081476,964.759342,1552.827954,2242.670521,1405.653896,1913.106643,793.650024,3597.0,405.256793
2025-06-25,1454.690137,3315.63483,968.854055,1561.199814,2253.683647,1404.463089,1921.9328,796.099976,3608.899902,406.579065
2025-06-26,1459.271748,3330.555257,976.796681,1582.375621,2253.882304,1410.814018,1949.998289,791.400024,3620.100098,407.70545
2025-06-27,1490.945298,3345.86585,994.225843,1578.238978,2261.522156,1426.096121,1991.947444,802.650024,3665.0,409.223625
2025-06-30,1490.048938,3344.89046,995.273255,1570.0641,2270.154262,1431.256414,1983.617116,807.049988,3652.699951,407.264686
2025-07-01,1494.132597,3328.800166,999.512678,1576.367697,2268.765218,1418.653509,1990.261592,813.25,3645.0,406.383165
2025-07-02,1502.698381,3335.138526,986.4951,1579.223997,2269.757562,1411.707175,2001.567108,809.0,3583.899902,403.248865
2025-07-03,1506.981253,3313.294489,989.68713,1590.64905,2286.029615,1412.798706,1996.211874,805.799988,3576.0,402.808092
2025-07-04,1511.164568,3305.980605,987.542488,1587.989738,2292.280391,1410.218647,1988.476537,804.099976,3570.100098,403.297824
2025-07-07,1518.933557,3323.826514,989.437757,1598.528452,2322.741002,1418.653519,1993.930964,805.150024,3575.100098,403.542708
2025-07-08,1524.112811,3309.198471,986.046215,1597.050967,2367.389904,1419.050502,1998.09611,805.349976,3560.0,406.138313
2025-07-09,1504.092777,3283.453729,996.56997,1599.119328,2378.403373,1415.676569,1981.931253,809.0,3568.199951,406.921892
2025-07-10,1501.503186,3272.726446,997.517644,1582.868118,2378.899664,1411.210993,1946.031422,806.900024,3569.0,407.852377
2025-07-11,1484.371665,3180.181397,987.99139,1539.433016,2441.804963,1403.768421,1898.330074,804.549988,3535.5,406.970869
2025-07-14,1473.216053,3120.59744,982.854136,1536.281366,2470.57881,1405.256935,1884.446152,808.0,3488.0,407.999299
2025-07-15,1476.503023,3126.44866,984.051181,1540.41797,2490.422829,1408.134786,1907.255503,810.5,3481.699951,410.399023
2025-07-16,1465.6463,3151.344969,993.826797,1554.699397,2487.942303,1408.233997,1912.809173,815.299988,3477.0,411.672314
2025-07-17,1468.036801,3135.199754,988.889063,1556.275265,2486.652347,1398.707529,1911.619044,826.349976,3467.5,414.316895
2025-07-18,1463.255842,3118.467388,974.075957,1556.176692,2462.144966,1397.715108,1891.800049,820.25,3450.0,411.476425
2025-07-21,1417.438871,3084.219992,985.796817,1543.175852,2436.248657,1425.996889,1892.599976,817.950012,3444.899902,409.811325
2025-07-22,1405.088188,3086.764257,999.013939,1541.402925,2433.470647,1458.446488,1883.0,814.0,3454.100098,406.677036
2025-07-23,1408.773486,3089.699637,999.013925,1526.629055,2422.953212,1461.324294,1907.300049,811.5,3458.600098,405.501649
2025-07-24,1390.446638,3072.478182,1001.707211,1524.856218,2402.116876,1466.78216,1933.699951,810.650024,3461.0,401.045054
2025-07-25,1378.593954,3058.387795,999.5,1488.512631,2386.638544,1462.316594,1925.0,805.5,3437.399902,399.379939
2025-07-28,1379.490445,3003.885245,1000.25,1460.146837,2393.484879,1465.789893,1885.0,796.0,3405.100098,400.212507
2025-07-29,1377.498442,2975.802632,998.150024,1473.54174,2410.749157,1464.102958,1880.0,793.099976,3406.5,399.624808
2025-07-30,1395.72568,2981.673516,1008.5,1483.292571,2379.792421,1465.988391,1922.099976,796.200012,3590.0,397.421002
2025-07-31,1376.701502,2950.166049,1004.0,1474.42825,2401.224093,1452.790214,1895.599976,792.549988,3621.0,397.225095
2025-08-01,1378.793253,2935.488584,1004.650024,1443.403128,2517.112968,1458.545764,1878.0,792.0,3578.100098,403.346796
2025-08-04,1386.163726,2927.269281,994.049988,1429.121803,2515.327086,1450.110861,1878.5,786.549988,3577.0,406.579075
2025-08-05,1382.578042,2976.585433,982.75,1433.061482,2497.665987,1429.96622,1912.099976,796.299988,3608.300049,404.522172
2025-08-06,1377.797312,2960.92942,985.0,1408.733949,2506.893439,1430.561701,1921.599976,799.0,3622.199951,402.073485
2025-08-07,1360.565987,2946.154218,988.400024,1392.876575,2475.539751,1418.157414,1909.099976,793.400024,3599.199951,403.19988
2025-08-08,1359.569977,2959.950952,985.0,1395.732924,2467.205413,1421.035233,1856.0,790.0,3600.0,404.473223
2025-08-11,1355.785119,2956.330701,986.549988,1392.679683,2459.168386,1409.524067,1845.699951,808.0,3600.0,405.501649
2025-08-12,1369.729426,2961.80998,983.75,1399.574207,2460.756153,1420.099976,1847.099976,820.0,3673.100098,406.774942
2025-08-13,1372.020288,2963.473728,984.549988,1400.953097,2454.108219,1415.199951,1851.800049,820.650024,3681.300049,405.109873
2025-08-14,1370.099976,2954.177942,985.599976,1404.695638,2453.90977,1412.0,1866.800049,819.099976,3641.699951,402.563223
2025-08-15,1370.099976,2954.177942,985.599976,1404.695638,2453.90977,1412.0,1866.800049,819.099976,3641.699951,402.563223
2025-08-18,1377.0,2938.815436,997.799988,1408.044413,2501.634799,1431.0,1870.300049,825.150024,3621.699951,396.539469
2025-08-19,1389.099976,2946.350145,993.349976,1411.097741,2538.445159,1426.300049,1900.0,825.799988,3608.199951,396.19666
2025-08-20,1410.0,2946.153958,989.5,1418.977087,2568.310625,1423.0,1926.0,827.400024,3580.0,397.127154
2025-08-21,1420.300049,3016.801891,991.599976,1461.919748,2606.807937,1436.400024,1927.699951,824.049988,3588.0,395.070276
2025-08-22,1407.900024,2984.413408,978.549988,1463.692496,2598.572565,1429.400024,1917.400024,815.700012,3582.0,389.340335
2025-08-25,1405.699951,3010.930678,978.5,1483.98186,2594.802232,1424.0,1913.199951,814.200012,3584.300049,388.116003
2025-08-26,1381.599976,3052.908336,968.0,1495.702479,2604.129012,1413.099976,1896.199951,806.75,3531.0,390.221881
2025-08-27,1381.599976,3052.908336,968.0,1495.702479,2604.129012,1413.099976,1896.199951,806.75,3531.0,390.221881
2025-08-28,1366.5,3020.128459,955.0,1475.413133,2626.155956,1396.300049,1878.199951,800.650024,3537.199951,391.789043
2025-08-29,1350.0,3011.028466,950.099976,1445.569908,2620.797812,1392.099976,1872.5,798.5,3540.199951,393.650032
2025-09-01,1340.599976,3023.553128,946.349976,1453.941851,2618.714322,1398.099976,1884.199951,802.650024,3581.899902,396.686394
2025-09-02,1354.5,3036.371548,944.0,1463.889603,2624.469267,1390.0,1878.0,802.650024,3560.0,396.147707
2025-09-03,1360.5,3021.596132,940.0,1450.790096,2637.566031,1384.199951,1870.0,803.0,3560.0,398.939156
2025-09-04,1357.099976,3024.336323,956.25,1438.08462,2634.787993,1401.900024,1876.599976,808.0,3572.5,406.481121
2025-09-05,1359.300049,2963.473673,954.049988,1411.393167,2603.33513,1387.699951,1875.699951,803.650024,3549.100098,396.098703
2025-09-08,1372.400024,2951.144589,960.450012,1406.764183,2598.37425,1397.599976,1884.099976,806.799988,3525.0,398.449447
2025-09-09,1368.699951,2965.626286,962.700012,1450.297597,2590.932808,1395.199951,1883.0,805.599976,3516.399902,399.037125
2025-09-10,1374.099976,2987.740309,961.700012,1486.542844,2598.572684,1402.099976,1883.0,810.400024,3541.100098,400.555323
2025-09-11,1375.0,3043.221169,959.900024,1483.784943,2593.611714,1396.0,1882.099976,819.0,3533.0,403.983485
2025-09-12,1380.5,3053.886762,962.25,1498.164775,2548.9625,1400.099976,1901.599976,819.799988,3548.100098,404.375256
2025-09-15,1388.599976,3029.424184,965.0,1478.564862,2548.367076,1416.300049,1898.400024,821.099976,3575.5,403.297832
2025-09-16,1398.199951,3042.242844,961.200012,1480.830255,2552.534706,1413.699951,1902.5,821.650024,3593.100098,403.542691
2025-09-17,1406.900024,3074.826326,964.349976,1491.171943,2546.48199,1416.400024,1932.599976,831.0,3662.699951,399.673761
2025-09-18,1410.699951,3093.417876,969.25,1515.302537,2550.847649,1415.300049,1920.5,851.099976,3672.5,401.681711
2025-09-19,1403.599976,3076.391993,962.099976,1497.179899,2534.873376,1400.199951,1927.800049,849.299988,3671.0,400.555313
2025-09-22,1388.0,2999.090846,961.950012,1459.654368,2540.231291,1397.199951,1944.0,854.0,3633.899902,397.714825
2025-09-23,1376.800049,2986.370366,955.5,1470.488505,2498.558787,1391.0,1930.099976,851.200012,3613.199951,393.845945
2025-09-24,1380.400024,2967.778902,943.0,1460.343736,2490.422833,1376.5,1918.800049,864.450012,3637.100098,392.474664
2025-09-25,1369.0,2887.542164,947.400024,1454.237331,2512.052895,1371.800049,1928.800049,859.950012,3635.699951,389.830095
2025-09-26,1366.0,2829.126226,941.299988,1419.469495,2479.905311,1357.0,1911.900024,853.0,3661.0,391.59311
2025-09-29,1368.0,2831.767816,939.099976,1414.840412,2423.945293,1346.199951,1897.5,856.0,3679.600098,394.923346
2025-09-30,1362.800049,2823.059484,946.299988,1416.416263,2472.166357,1342.599976,1875.199951,867.599976,3648.0,392.180802
2025-10-01,1362.699951,2804.957414,946.0,1405.877656,2478.417136,1347.099976,1855.900024,862.799988,3615.0,391.544158
2025-10-02,1362.699951,2804.957414,946.0,1405.877656,2478.417136,1347.099976,1855.900024,862.799988,3615.0,391.544158
2025-10-03,1356.900024,2828.930479,952.0,1411.590108,2488.73615,1361.300049,1848.099976,863.799988,3666.300049,394.041818
2025-10-06,1359.0,2833.333683,962.0,1420.55305,2500.543229,1359.099976,1887.5,862.799988,3703.0,391.59311
2025-10-07,1375.900024,2891.945324,971.0,1432.076518,2488.736164,1363.599976,1900.0,863.0,3725.0,391.29931
2025-10-08,1364.5,2904.176591,974.549988,1433.061494,2466.709293,1364.300049,1927.599976,857.25,3715.0,389.830082
2025-10-09,1369.099976,2955.058572,970.150024,1464.579038,2478.814108,1365.099976,1931.300049,858.099976,3730.100098,390.76059
2025-10-10,1375.099976,2942.239971,978.099976,1476.20113,2486.950103,1370.300049,1935.400024,861.299988,3760.0,391.299308
2025-10-13,1367.800049,2933.727469,972.0,1461.033262,2466.014506,1373.099976,1936.0,876.0,3745.0,390.36877
2025-10-14,1370.099976,2891.945504,967.0,1464.086544,2462.938952,1375.099976,1939.199951,872.099976,3730.199951,388.067034
2025-10-15,1372.699951,2898.31198,973.349976,1445.373081,2483.080551,1385.5,1951.599976,877.049988,3744.300049,389.095474
2025-10-16,1375.0,2890.553079,981.5,1438.478602,2487.545398,1399.400024,1962.0,882.450012,3830.0,391.348261
2025-10-17,1399.099976,2902.633129,986.0,1412.378171,2540.032741,1410.900024,1970.300049,883.0,3830.100098,396.931251
2025-10-20,1433.300049,2925.320782,997.0,1428.136885,2565.433138,1389.199951,2019.699951,891.049988,3845.399902,402.857059
2025-10-21,1460.0,2942.508423,1004.0,1447.835382,2564.937219,1375.900024,2038.5,906.400024,3877.199951,403.885538
2025-10-22,1460.0,2942.508423,1004.0,1447.835382,2564.937219,1375.900024,2038.5,906.400024,3877.199951,403.885538
2025-10-23,1444.599976,2981.892617,1006.0,1483.292503,2575.851248,1360.099976,2003.599976,904.799988,3890.0,405.060863
2025-10-24,1441.0,3003.696127,991.299988,1495.111578,2455.19961,1368.099976,2006.900024,900.950012,3897.5,404.962962
2025-10-27,1458.0,3005.562095,996.200012,1498.099976,2486.45393,1374.0,2030.0,906.0,3907.0,408.048285
2025-10-28,1477.599976,2985.919292,995.0,1490.5,2462.541896,1356.199951,2071.699951,917.700012,3917.300049,407.362649
2025-10-29,1488.099976,2991.714114,1000.0,1496.900024,2464.625485,1358.400024,2081.600098,930.25,3920.0,407.509557
2025-10-30,1484.0,2978.651325,997.099976,1489.099976,2435.752353,1361.300049,2058.600098,933.049988,3975.600098,407.60751
2025-10-31,1482.300049,2971.088872,981.150024,1480.699951,2433.767955,1343.300049,2051.699951,930.25,3980.199951,409.615453
2025-11-03,1479.300049,2956.258373,983.299988,1474.199951,2421.266447,1337.900024,2047.199951,937.5,3974.899902,404.816017
2025-11-04,1470.099976,2922.865591,983.700012,1462.900024,2422.258683,1333.199951,2103.5,941.5,3916.800049,399.967619
2025-11-05,1470.099976,2922.865591,983.700012,1462.900024,2422.258683,1333.199951,2103.5,941.5,3916.800049,399.967619
2025-11-06,1476.199951,2936.615585,974.0,1461.900024,2413.626616,1317.400024,2080.5,955.299988,3872.100098,398.20456
2025-11-07,1475.900024,2907.642337,974.75,1449.099976,2400.600098,1318.599976,1995.599976,944.0,3831.100098,394.825409
2025-11-10,1475.5,2938.579824,980.200012,1490.0,2404.0,1341.0,1992.199951,949.099976,3894.0,395.364106
2025-11-11,1480.199951,2964.115676,978.0,1511.099976,2403.100098,1346.199951,2017.400024,945.049988,3897.0,396.2946
2025-11-12,1500.0,3002.517557,987.700012,1538.099976,2416.199951,1355.400024,2054.899902,951.400024,3936.899902,397.225078
2025-11-13,1506.800049,3046.615865,982.599976,1530.300049,2405.0,1358.5,2079.0,952.450012,3925.600098,396.196661
2025-11-14,1505.5,3022.356901,976.049988,1488.800049,2392.0,1363.199951,2081.899902,952.0,3971.600098,391.886986
2025-11-17,1511.5,3031.490927,985.599976,1492.5,2416.0,1373.599976,2100.899902,968.5,4000.100098,397.66586
2025-11-18,1510.5,3023.044312,990.0,1483.199951,2401.899902,1369.099976,2110.300049,968.849976,3978.899902,396.245619
2025-11-19,1512.0,3028.446054,984.0,1490.5,2411.0,1371.599976,2146.699951,968.799988,3980.300049,394.531539
2025-11-20,1526.699951,3082.071527,992.450012,1534.0,2425.0,1375.400024,2149.899902,979.349976,4007.699951,394.972315
2025-11-21,1540.099976,3079.222958,996.549988,1526.300049,2413.0,1364.599976,2148.600098,971.049988,4015.199951,396.392573
2025-11-24,1531.800049,3075.098129,993.599976,1541.0,2413.0,1361.5,2140.399902,968.049988,4003.699951,394.580531
2025-11-25,1525.099976,3059.383825,988.400024,1525.900024,2406.0,1354.300049,2138.699951,971.349976,3981.600098,391.886988
2025-11-26,1540.5,3061.348076,981.299988,1532.099976,2409.0,1359.900024,2097.5,982.150024,3998.0,392.719545
2025-11-27,1556.0,3069.205159,1001.0,1552.199951,2425.0,1375.699951,2103.800049,968.900024,4059.600098,393.845941
2025-11-28,1563.0,3069.205113,1004.200012,1557.0,2447.199951,1385.599976,2096.399902,973.049988,4054.699951,394.237705
2025-12-01,1563.599976,3066.455095,999.299988,1556.0,2458.800049,1385.400024,2083.100098,969.849976,4050.0,390.025985
2025-12-02,1542.0,3064.687235,985.0,1556.099976,2460.0,1370.599976,2087.100098,964.900024,4023.800049,392.278769
2025-12-03,1533.0,3082.955173,986.0,1554.099976,2403.100098,1367.0,2081.600098,947.549988,3970.100098,390.662654
2025-12-04,1517.599976,3130.490942,993.0,1568.0,2423.199951,1379.900024,2074.100098,944.450012,3961.699951,390.858508
2025-12-05,1520.599976,3164.866084,990.200012,1600.0,2286.699951,1381.0,2090.0,946.700012,3975.100098,393.747965
2025-12-08,1535.0,3151.312588,997.5,1600.199951,2302.0,1383.300049,2078.899902,951.700012,3976.899902,392.327732
2025-12-09,1520.099976,3124.401822,994.0,1582.400024,2298.100098,1373.400024,2080.399902,950.450012,3949.100098,391.78904
2025-12-10,1531.400024,3121.35736,985.299988,1582.800049,2295.0,1357.900024,2062.199951,955.25,3970.0,392.768499
2025-12-11,1524.0,3096.803585,988.5,1580.5,2292.0,1352.800049,2038.0,958.450012,3984.600098,392.866447
2025-12-12,1546.099976,3128.821284,998.200012,1582.599976,2244.699951,1363.300049,2050.600098,958.0,4048.600098,391.642125
2025-12-15,1546.5,3140.214359,992.0,1585.0,2252.0,1356.099976,2061.5,957.25,4063.800049,391.299298
2025-12-16,1538.800049,3134.125204,990.099976,1585.599976,2276.0,1355.5,2070.100098,958.049988,4051.199951,392.817451
2025-12-17,1539.300049,3143.357221,980.799988,1586.0,2268.300049,1343.099976,2096.399902,964.299988,4040.0,390.907527
2025-12-18,1535.199951,3163.491273,973.299988,1606.699951,2255.300049,1345.5,2088.100098,973.5,4023.399902,391.642119
2025-12-19,1551.0,3220.259281,978.700012,1629.800049,2263.699951,1350.800049,2082.0,977.049988,4040.100098,392.033908
2025-12-22,1565.300049,3232.24149,983.900024,1664.0,2280.0,1354.800049,2101.699951,972.549988,4068.5,392.964415
2025-12-23,1568.099976,3234.696696,987.700012,1656.400024,2280.699951,1357.0,2119.199951,970.700012,4053.300049,393.552068
2025-12-24,1553.599976,3237.250415,993.0,1652.5,2278.100098,1357.599976,2111.0,967.5,4048.100098,397.32306
2025-12-25,1553.599976,3237.250415,993.0,1652.5,2278.100098,1357.599976,2111.0,967.5,4048.100098,397.32306
2025-12-26,1554.300049,3213.384198,987.700012,1651.699951,2275.0,1348.5,2101.800049,964.75,4030.199951,395.560021
2025-12-29,1543.599976,3184.999985,987.200012,1637.099976,2280.0,1341.5,2079.399902,961.450012,4033.399902,393.209275
2025-12-30,1537.800049,3181.660855,982.200012,1616.800049,2283.0,1338.099976,2071.600098,959.5,4006.199951,392.082849
2025-12-31,1541.0,3141.392849,987.599976,1609.199951,2286.800049,1339.5,2090.100098,973.5,4048.0,392.621587
2026-01-01,1571.099976,3141.09825,989.5,1614.099976,2300.0,1336.0,2107.0,980.349976,4088.300049,355.254716
2026-01-02,1578.199951,3162.017992,988.799988,1627.5,2322.0,1336.300049,2098.0,983.950012,4127.100098,338.162893
2026-01-05,1575.300049,3134.026759,976.299988,1583.099976,2336.399902,1352.599976,2096.5,1000.0,4132.799805,338.946477
2026-01-06,1496.300049,3147.776874,956.0,1599.0,2367.800049,1366.0,2087.5,1004.950012,4129.899902,330.816877
2026-01-07,1498.0,3165.651789,946.0,1615.0,2382.0,1404.199951,2077.0,1004.0,4094.0,332.335042
2026-01-08,1468.800049,3125.187396,941.400024,1608.599976,2368.100098,1423.300049,2055.0,995.849976,3991.300049,332.090161
2026-01-09,1465.0,3134.026761,933.299988,1607.0,2361.0,1401.5,2023.199951,994.0,4006.199951,329.200753
2026-01-12,1451.0,3117.625116,929.599976,1592.599976,2361.0,1391.699951,2001.300049,996.0,3944.300049,328.906887
2026-01-13,1444.699951,3153.178723,932.599976,1586.400024,2365.0,1411.099976,2014.900024,1016.0,3837.0,326.850026
2026-01-14,1440.199951,3126.169616,920.200012,1583.099976,2341.0,1414.900024,2008.699951,1020.5,3856.600098,326.605146
2026-01-15,1458.800049,3135.5,925.450012,1599.800049,2353.5,1418.400024,2022.5,1028.349976,3865.800049,327.878448
2026-01-16,1455.099976,3171.0,919.200012,1653.400024,2348.899902,1400.199951,1988.699951,1028.400024,3848.699951,321.805702
2026-01-19,1403.300049,3152.100098,919.5,1666.5,2353.0,1360.0,1996.300049,1034.0,3808.5,320.581348
2026-01-20,1390.0,3091.100098,919.599976,1652.900024,2368.5,1371.5,1977.099976,1033.050049,3800.0,318.818332
2026-01-21,1373.0,3082.0,915.5,1631.199951,2360.0,1339.5,1967.0,1022.0,3722.0,317.691927
2026-01-22,1395.0,3122.300049,913.200012,1653.800049,2365.699951,1338.0,1990.0,1034.050049,3755.100098,314.459657
2026-01-23,1381.0,3152.0,909.25,1662.199951,2376.800049,1335.699951,1980.099976,1025.599976,3720.100098,316.075801
2026-01-26,1381.0,3152.0,909.25,1662.199951,2376.800049,1335.699951,1980.099976,1025.599976,3720.100098,316.075801
2026-01-27,1368.0,3130.0,905.0,1661.099976,2380.5,1328.599976,1962.699951,1030.25,3739.0,311.325351
2026-01-28,1384.900024,3170.600098,928.400024,1650.0,2340.600098,1362.599976,1939.0,1044.150024,3769.100098,312.794578
2026-01-29,1384.0,3125.600098,924.349976,1642.099976,2312.0,1354.400024,1939.0,1060.300049,3843.600098,311.521239
2026-01-30,1378.5,3092.0,927.75,1618.099976,2340.0,1353.199951,1925.599976,1060.400024,3891.800049,309.954103
2026-02-02,1335.5,3134.0,909.299988,1618.0,2303.0,1329.099976,1926.5,990.0,3825.0,295.800708
2026-02-03,1430.199951,3186.300049,945.0,1653.0,2343.300049,1373.400024,1980.099976,1040.300049,4030.600098,305.203669
2026-02-04,1440.300049,2986.0,947.950012,1510.099976,2356.800049,1386.900024,1998.400024,1056.300049,4016.899902,311.350006
2026-02-05,1439.5,2972.300049,946.700012,1515.699951,2351.600098,1393.199951,1985.0,1067.5,4035.899902,309.299988
2026-02-06,1433.5,2916.0,937.599976,1480.0,2337.5,1394.699951,1988.5,1051.0,4042.300049,308.299988
2026-02-09,1453.0,2937.5,935.349976,1493.0,2402.0,1388.800049,2028.699951,1100.5,4062.399902,321.649994
2026-02-10,1452.199951,2943.5,929.950012,1491.0,2430.100098,1395.5,2008.400024,1138.099976,4122.399902,320.75
2026-02-11,1453.599976,2904.199951,925.299988,1469.0,2447.0,1400.400024,1996.699951,1142.800049,4140.299805,316.299988
2026-02-12,1445.5,2740.0,918.5,1380.5,2350.100098,1405.300049,2009.099976,1174.800049,4160.899902,316.899994
2026-02-13,1416.300049,2585.0,901.0,1281.5,2300.300049,1410.699951,1992.0,1184.5,4134.100098,313.25
