Date,RELIANCE,TCS,HDFCBANK,INFY,HINDUNILVR,ICICIBANK,BHARTIARTL,SBIN,LT,ITC
2016-02-16,13024856.0,1588702.0,7136096.0,5125448.0,926079.0,20895952.0,2910959.0,33816243.0,3548740.0,10988951.0
2016-02-17,15442221.0,1585178.0,7503924.0,4164598.0,783633.0,28792115.0,3974587.0,32447698.0,3479412.0,13598699.0
2016-02-18,14433087.0,1529140.0,6799856.0,4189072.0,1179011.0,32260277.0,2569038.0,21024178.0,5457168.0,9751124.0
2016-02-19,10235503.0,879012.0,3328660.0,3974018.0,620200.0,17617480.0,5961801.0,24592575.0,3036894.0,7194078.0
2016-02-22,12770834.0,1324884.0,4002396.0,3857010.0,1883688.0,17567788.0,3455165.0,15815058.0,2054481.0,15270590.0
2016-02-23,18989787.0,1306852.0,6078320.0,2501960.0,590731.0,20001984.0,5437598.0,20200068.0,2045679.0,9198036.0
2016-02-24,15186204.0,1659328.0,6463468.0,4950714.0,1062120.0,20654961.0,2523354.0,19440950.0,1816150.0,14353186.0
2016-02-25,24826958.0,1830556.0,8463196.0,4484528.0,859877.0,38340699.0,9556967.0,22713124.0,2655282.0,15129076.0
2016-02-26,8349402.0,1537536.0,6209388.0,4235636.0,1191495.0,24687792.0,7064596.0,30051402.0,2277972.0,12468580.0
2016-02-29,31032353.0,2191718.0,8812752.0,8166076.0,1974971.0,43510436.0,3988625.0,66981910.0,5500993.0,79431944.0
2016-03-01,16453192.0,1999760.0,4322560.0,6386154.0,1777318.0,27223692.0,4830530.0,23588231.0,3647113.0,67402048.0
2016-03-02,20105967.0,1527486.0,6358976.0,7214898.0,1221727.0,40766551.0,3289694.0,53333757.0,3652203.0,24680589.0
2016-03-03,15880459.0,2648284.0,4610400.0,5814304.0,746384.0,22903720.0,3265002.0,33507048.0,5552958.0,10227569.0
2016-03-04,8987660.0,1512966.0,5704624.0,4281680.0,1331537.0,24493722.0,2167900.0,38860711.0,3438969.0,11818471.0
2016-03-07,8987660.0,1512966.0,5704624.0,4281680.0,1331537.0,24493722.0,2167900.0,38860711.0,3438969.0,11818471.0
2016-03-08,13222993.0,1268152.0,1913688.0,7617746.0,1342346.0,18883002.0,2393678.0,27928279.0,3022782.0,13109801.0
2016-03-09,11854901.0,2017784.0,6528172.0,6305782.0,1929618.0,17300650.0,3430173.0,29453018.0,3121141.0,20903665.0
2016-03-10,20706353.0,1661666.0,2671392.0,24381016.0,1140147.0,13551255.0,1837525.0,20472928.0,2932767.0,13915900.0
2016-03-11,15319044.0,1530528.0,4730856.0,4058548.0,1527676.0,14879621.0,3018179.0,21869157.0,2996377.0,12149994.0
2016-03-14,11880095.0,1636742.0,3008656.0,4174262.0,825367.0,16726756.0,2633043.0,14369755.0,2726301.0,7708725.0
2016-03-15,10487788.0,1623356.0,7690036.0,6720258.0,1330602.0,13475557.0,2309456.0,22369600.0,2444158.0,16209915.0
2016-03-16,11064129.0,1918246.0,4803548.0,5588850.0,1511400.0,17144832.0,4361912.0,19237834.0,2704711.0,9728463.0
2016-03-17,16832997.0,2221088.0,5113484.0,6474622.0,1970969.0,32391146.0,7155690.0,21560986.0,3872653.0,13035516.0
2016-03-18,14030979.0,3204070.0,4135068.0,8477422.0,1848223.0,18370981.0,3951904.0,21144216.0,2566830.0,14383934.0
2016-03-21,12708074.0,2336982.0,5318796.0,5138392.0,1587554.0,14818419.0,2813415.0,20678069.0,3575446.0,16781906.0
2016-03-22,15333442.0,1951984.0,4120264.0,7097950.0,2024654.0,12269251.0,4425316.0,16728809.0,2979816.0,19781991.0
2016-03-23,16806372.0,2278434.0,8464300.0,6333176.0,1373555.0,16987529.0,5116641.0,13362780.0,2438136.0,16015333.0
2016-03-24,16806372.0,2278434.0,8464300.0,6333176.0,1373555.0,16987529.0,5116641.0,13362780.0,2438136.0,16015333.0
2016-03-25,16806372.0,2278434.0,8464300.0,6333176.0,1373555.0,16987529.0,5116641.0,13362780.0,2438136.0,16015333.0
2016-03-28,18070240.0,3320882.0,11270868.0,10787510.0,2033190.0,20214214.0,4630593.0,19760603.0,3717456.0,17073110.0
2016-03-29,15871250.0,1838796.0,6733952.0,6995356.0,1389839.0,20447782.0,4073263.0,16804848.0,2703178.0,18701607.0
2016-03-30,14453294.0,2136504.0,7814380.0,5756818.0,1453623.0,23016348.0,4229163.0,20709407.0,2874000.0,14435320.0
2016-03-31,30833349.0,4363964.0,20080392.0,17996320.0,2635929.0,30614104.0,7926944.0,30132473.0,4945963.0,28529105.0
2016-04-01,12381116.0,3041400.0,5158648.0,5511428.0,1096484.0,15677352.0,4517171.0,21752206.0,2539944.0,14850746.0
2016-04-04,8632568.0,1752352.0,6179960.0,4577054.0,960124.0,16716587.0,3434762.0,15732565.0,1740162.0,14209372.0
2016-04-05,10259495.0,1491794.0,6663028.0,4790716.0,1096886.0,26547328.0,5289842.0,36635637.0,3151113.0,8964083.0
2016-04-06,6990781.0,1763150.0,4295376.0,4931354.0,1041648.0,19185947.0,3037097.0,16350631.0,2583834.0,6892514.0
2016-04-07,8789163.0,2390942.0,3911692.0,5657890.0,848064.0,17724531.0,2415746.0,19430601.0,2707579.0,10412846.0
2016-04-08,13411752.0,1399500.0,2962796.0,4195578.0,712487.0,9986871.0,2319546.0,15805231.0,1565038.0,4985755.0
2016-04-11,10308361.0,2400648.0,4049620.0,5768678.0,943737.0,19813955.0,4524262.0,18990364.0,2529934.0,14365804.0
2016-04-12,11164859.0,1303628.0,4941480.0,5842138.0,867406.0,20594261.0,3089585.0,14563344.0,2837052.0,6187731.0
2016-04-13,16038542.0,1601468.0,4974604.0,12511386.0,1897529.0,26283492.0,6614377.0,17573045.0,4955905.0,12397612.0
2016-04-14,16038542.0,1601468.0,4974604.0,12511386.0,1897529.0,26283492.0,6614377.0,17573045.0,4955905.0,12397612.0
2016-04-15,16038542.0,1601468.0,4974604.0,12511386.0,1897529.0,26283492.0,6614377.0,17573045.0,4955905.0,12397612.0
2016-04-18,19065716.0,7121504.0,4117068.0,25015990.0,1091523.0,17531597.0,2828391.0,13985439.0,2644515.0,14746380.0
2016-04-19,19065716.0,7121504.0,4117068.0,25015990.0,1091523.0,17531597.0,2828391.0,13985439.0,2644515.0,14746380.0
2016-04-20,21687934.0,6405024.0,3821352.0,8072848.0,1424850.0,18650423.0,3250868.0,20163005.0,2522848.0,9345601.0
2016-04-21,11380697.0,2525724.0,8191728.0,5441100.0,1162870.0,36699098.0,2218219.0,31008152.0,1723543.0,7212220.0
2016-04-22,11705087.0,1964126.0,7809320.0,5143938.0,1078366.0,25884500.0,1460160.0,34049763.0,2008374.0,6515084.0
2016-04-25,61157544.0,2267654.0,5561960.0,5364134.0,828061.0,18121694.0,3431082.0,23835613.0,2128689.0,6324530.0
2016-04-26,26429236.0,2554368.0,7053796.0,5846744.0,1214609.0,30185498.0,2605766.0,21809451.0,1877685.0,15023308.0
2016-04-27,14502641.0,1848670.0,5763636.0,4486208.0,778693.0,36932788.0,8618572.0,22801603.0,1557685.0,9677599.0
2016-04-28,61949033.0,4992744.0,8089584.0,12165168.0,2715410.0,41386507.0,10016684.0,24555479.0,2789970.0,20225037.0
2016-04-29,23479680.0,2372178.0,5611940.0,5036410.0,1581281.0,71191415.0,5411248.0,21021661.0,1689373.0,10729330.0
2016-05-02,10620873.0,1116692.0,3862716.0,3615250.0,787156.0,36440547.0,1745061.0,14469844.0,1344315.0,3388196.0
2016-05-03,17571826.0,2153118.0,4695296.0,6824810.0,1305303.0,29305611.0,4349238.0,16247931.0,2525149.0,11124246.0
2016-05-04,13546285.0,1364892.0,5292328.0,5812842.0,568460.0,36781786.0,1883272.0,17826594.0,1644345.0,6402669.0
2016-05-05,21665684.0,1246566.0,5214248.0,6302668.0,760873.0,27512684.0,2375047.0,17742028.0,2821255.0,6576427.0
2016-05-06,14748329.0,885598.0,2733152.0,2596720.0,411253.0,22266141.0,3196077.0,18336962.0,1610382.0,16183901.0
2016-05-09,15347096.0,1821276.0,6953180.0,5123678.0,3215773.0,19006901.0,2070741.0,13863696.0,2788513.0,8857475.0
2016-05-10,7248302.0,1158534.0,5453000.0,3395704.0,1523285.0,22357177.0,2932396.0,13845979.0,3676146.0,8564326.0
2016-05-11,12339923.0,1598716.0,6147372.0,3709888.0,697299.0,32481385.0,5316307.0,18128414.0,4603557.0,11154663.0
2016-05-12,12786216.0,1513082.0,4221688.0,3406932.0,730642.0,23932051.0,3224321.0,17398341.0,1553274.0,5782937.0
2016-05-13,14648291.0,1621730.0,5045316.0,5652064.0,2369627.0,23963285.0,4006032.0,15546644.0,2103742.0,9804509.0
2016-05-16,9327335.0,1111526.0,4518768.0,4533878.0,1940183.0,21535308.0,2996171.0,30937008.0,2410951.0,13469690.0
2016-05-17,12157600.0,1756698.0,4295424.0,3796294.0,1434067.0,18859442.0,2749594.0,22183140.0,2223565.0,12444300.0
2016-05-18,8228838.0,1500740.0,4162644.0,4256596.0,1428456.0,17541869.0,2421651.0,25345278.0,2603508.0,7908685.0
2016-05-19,9134784.0,1038792.0,3855796.0,3954400.0,1866764.0,16422069.0,2741126.0,25480517.0,2005083.0,8918517.0
2016-05-20,18544619.0,1230918.0,2016632.0,3994548.0,1624617.0,14666521.0,4199413.0,16720624.0,1672558.0,21044560.0
2016-05-23,18365734.0,1533016.0,3463532.0,4585946.0,1118741.0,14239474.0,1842701.0,16193112.0,2198760.0,54852807.0
2016-05-24,12283217.0,1339158.0,3259468.0,3485060.0,946784.0,10907585.0,2293594.0,14816798.0,1858491.0,16271995.0
2016-05-25,9240115.0,1548678.0,5767348.0,3857396.0,1127694.0,20767970.0,2157455.0,18900887.0,3721570.0,10338908.0
2016-05-26,14190024.0,1943248.0,13705560.0,6136436.0,2479387.0,33650773.0,5273432.0,30700988.0,20691907.0,13074273.0
2016-05-27,13401594.0,1104676.0,5775184.0,6180764.0,1531278.0,26582685.0,3075870.0,85585820.0,5885740.0,10925400.0
2016-05-30,9633652.0,1349464.0,3814532.0,5285700.0,776274.0,15860236.0,2845695.0,46075949.0,3487939.0,7646107.0
2016-05-31,23332727.0,3722608.0,5515640.0,13782038.0,12132028.0,18249239.0,24281872.0,39457647.0,3809605.0,15054842.0
2016-06-01,9042808.0,1911942.0,5675632.0,4840534.0,1223721.0,11862710.0,3081625.0,41868032.0,2486295.0,12409528.0
2016-06-02,10253825.0,1408756.0,7910616.0,5053552.0,3409326.0,15349530.0,2604662.0,23499884.0,3103587.0,13708259.0
2016-06-03,8643295.0,1554922.0,4524420.0,3998380.0,1752265.0,16566716.0,3677399.0,24568749.0,2250340.0,7381218.0
2016-06-06,8672842.0,1322026.0,5547308.0,4225768.0,1941227.0,11592082.0,5264582.0,23623536.0,1901931.0,7694861.0
2016-06-07,18954268.0,1202194.0,5628504.0,5692420.0,2185954.0,25311345.0,4463323.0,66063192.0,3348535.0,11008034.0
2016-06-08,12135516.0,938266.0,4742812.0,8741370.0,1470489.0,25139392.0,2654000.0,35163093.0,3325263.0,7611794.0
2016-06-09,15643495.0,1562138.0,4648184.0,12740804.0,1376923.0,13787240.0,1549979.0,27858182.0,1813729.0,12065100.0
2016-06-10,16316760.0,1396832.0,6322312.0,6383956.0,793113.0,13236448.0,2180603.0,25598224.0,2152996.0,11163385.0
2016-06-13,10214469.0,1029978.0,3323236.0,5286722.0,1071858.0,14297870.0,2180335.0,21192525.0,2209357.0,12184759.0
2016-06-14,10923848.0,977570.0,3828768.0,2940728.0,826228.0,11988708.0,3358585.0,23918910.0,1689316.0,7849407.0
2016-06-15,11129082.0,1270844.0,3045824.0,6711572.0,863255.0,15761615.0,3259569.0,48362742.0,2960616.0,9890057.0
2016-06-16,9372207.0,1145070.0,4727768.0,5302564.0,803719.0,17042021.0,2614007.0,48122379.0,2447025.0,9057747.0
2016-06-17,10534878.0,1878988.0,3761652.0,8515082.0,849716.0,15150943.0,5592177.0,26486677.0,2653944.0,9326214.0
2016-06-20,10758608.0,1872838.0,2742764.0,6229566.0,526386.0,17780316.0,3205939.0,32633757.0,2975367.0,9020745.0
2016-06-21,13933068.0,1027690.0,2670968.0,4761724.0,1214022.0,12191664.0,1615514.0,18960306.0,1195078.0,6913784.0
2016-06-22,12788710.0,1761712.0,3803840.0,3031258.0,723156.0,13478056.0,2399688.0,16395548.0,1813926.0,9255264.0
2016-06-23,9837526.0,1397014.0,3926732.0,3828626.0,574726.0,7979235.0,1405739.0,20666649.0,2053992.0,8991200.0
2016-06-24,24985097.0,3766586.0,11173964.0,7808348.0,1157925.0,33755632.0,2445195.0,47224652.0,6840802.0,12511364.0
2016-06-27,9163399.0,4272566.0,4163788.0,5583778.0,815766.0,13172968.0,2697253.0,29021651.0,2560092.0,10639592.0
2016-06-28,7604977.0,4499524.0,4034980.0,7655974.0,1607560.0,11302737.0,3541398.0,21784062.0,2342134.0,16301081.0
2016-06-29,7523987.0,2531264.0,5420668.0,5459150.0,857945.0,7959976.0,2469054.0,18019568.0,2000545.0,11999827.0
2016-06-30,12758283.0,5121812.0,16278892.0,9346224.0,2029009.0,16851065.0,4076692.0,30600995.0,3960568.0,21706947.0
2016-07-01,6610193.0,2197296.0,4304876.0,3991912.0,1099564.0,9108853.0,2907785.0,15346865.0,3497923.0,29020448.0
2016-07-04,7803505.0,1883484.0,7249852.0,5381322.0,674938.0,10389222.0,1855655.0,16534518.0,2718052.0,14535927.0
2016-07-05,11359882.0,1559748.0,2136328.0,3596416.0,631452.0,10375132.0,1559936.0,15357018.0,2636760.0,9335877.0
2016-07-06,11359882.0,1559748.0,2136328.0,3596416.0,631452.0,10375132.0,1559936.0,15357018.0,2636760.0,9335877.0
2016-07-07,12029091.0,3316800.0,4832616.0,5954876.0,1689043.0,8365966.0,2606039.0,12917872.0,2084571.0,9305981.0
2016-07-08,7140617.0,2456356.0,3118868.0,5551648.0,1579861.0,7658211.0,1746867.0,16017389.0,1915600.0,7165465.0
2016-07-11,8266601.0,1543632.0,5102532.0,6668882.0,746028.0,9682385.0,2437511.0,15831791.0,1815517.0,7547920.0
2016-07-12,9767494.0,1465536.0,7046032.0,6197368.0,813346.0,28558549.0,1333227.0,19374179.0,2383048.0,4302932.0
2016-07-13,14915296.0,2102300.0,6687072.0,5275420.0,598072.0,28248930.0,1609500.0,18377333.0,2036055.0,4510416.0
2016-07-14,10758372.0,2699988.0,3459668.0,7413328.0,757072.0,14269365.0,1097465.0,21208021.0,1909636.0,6326605.0
2016-07-15,13992989.0,8336366.0,5774216.0,61484126.0,1284879.0,11510449.0,2814751.0,15068302.0,2428458.0,9705885.0
2016-07-18,32106850.0,2598850.0,4438484.0,14332824.0,3013256.0,14310274.0,3592796.0,11816985.0,1855422.0,7088259.0
2016-07-19,16649300.0,2362896.0,2586004.0,10404644.0,2602482.0,14880049.0,3552577.0,19767339.0,1926168.0,6980063.0
2016-07-20,12265316.0,2815252.0,4690332.0,9822896.0,897886.0,7892214.0,2845114.0,18051608.0,1790911.0,9671252.0
2016-07-21,6711097.0,2527148.0,9112904.0,8668002.0,876194.0,12060367.0,2198453.0,13306837.0,1678212.0,12168179.0
2016-07-22,6899519.0,1517216.0,5620272.0,9386538.0,967993.0,8537587.0,2559958.0,12341622.0,1877206.0,16388121.0
2016-07-25,8241568.0,1688796.0,9872884.0,8469552.0,1297630.0,11311554.0,1850765.0,18427070.0,2209774.0,9212323.0
2016-07-26,10516399.0,2311290.0,5665992.0,7189610.0,1094799.0,11896758.0,1862583.0,14162638.0,1729183.0,7080363.0
2016-07-27,11030767.0,1750510.0,10734736.0,7431820.0,1168069.0,26003949.0,2593217.0,17626617.0,2467012.0,9241105.0
2016-07-28,15610838.0,4632080.0,10646528.0,11258562.0,1760367.0,9781546.0,8216550.0,26838284.0,2811580.0,11787316.0
2016-07-29,9629597.0,2488084.0,3395676.0,8156784.0,1284438.0,21115025.0,4178023.0,15577230.0,4228011.0,12596909.0
2016-08-01,7978251.0,3961704.0,5560864.0,9096662.0,1270582.0,42583051.0,1775282.0,16071228.0,9155449.0,9926094.0
2016-08-02,7710138.0,2578162.0,5329396.0,6822502.0,1442265.0,20758831.0,3557285.0,16145066.0,2410914.0,17425566.0
2016-08-03,11872282.0,2294702.0,4733876.0,7213460.0,1067729.0,17910406.0,2491473.0,14838944.0,2619658.0,11408861.0
2016-08-04,10187608.0,1415416.0,4662880.0,4237278.0,685515.0,29931529.0,3301158.0,17810908.0,2254336.0,8995366.0
2016-08-05,12109001.0,1868484.0,5784912.0,5609968.0,936293.0,16307350.0,4259304.0,21264296.0,2805628.0,4533189.0
2016-08-08,13556347.0,2058244.0,4728776.0,4643064.0,640018.0,11906856.0,5372323.0,16972827.0,1403923.0,8739307.0
2016-08-09,13290768.0,2261914.0,4210856.0,7192664.0,912239.0,12642014.0,5734542.0,19854185.0,1865400.0,9718838.0
2016-08-10,13471958.0,2062078.0,3619720.0,5576454.0,675289.0,12527824.0,1704178.0,16279843.0,1683261.0,5457692.0
2016-08-11,14169454.0,2233138.0,2856072.0,5038552.0,859803.0,9477854.0,2758046.0,16673286.0,2240371.0,11158153.0
2016-08-12,16365425.0,2327358.0,4641496.0,7449928.0,664203.0,11727486.0,2615030.0,86616475.0,1659132.0,8603626.0
2016-08-15,16365425.0,2327358.0,4641496.0,7449928.0,664203.0,11727486.0,2615030.0,86616475.0,1659132.0,8603626.0
2016-08-16,13367575.0,3183754.0,3468568.0,16429408.0,847402.0,13111524.0,4152972.0,27709873.0,2610843.0,10689714.0
2016-08-17,15486572.0,1848566.0,5511036.0,6599316.0,685242.0,12875115.0,3575486.0,18294050.0,1384653.0,8649054.0
2016-08-18,7749690.0,1292064.0,6111656.0,8434000.0,1047855.0,20725328.0,2093475.0,14314950.0,1780732.0,6939437.0
2016-08-19,8177802.0,2416244.0,4110636.0,5686016.0,1232642.0,14519513.0,1895295.0,39822529.0,1392250.0,5531361.0
2016-08-22,6684236.0,2265274.0,5501292.0,10253518.0,1405730.0,9076842.0,983587.0,19769886.0,1837995.0,4345966.0
2016-08-23,7320433.0,1503374.0,5314524.0,7406138.0,923109.0,10995821.0,2546554.0,17583721.0,1273489.0,6694732.0
2016-08-24,8719596.0,1116878.0,5570936.0,6129966.0,929753.0,9228359.0,1809971.0,11560293.0,1230627.0,5590189.0
2016-08-25,14960746.0,1939690.0,8729888.0,4796562.0,1760911.0,14901359.0,3583163.0,21230706.0,2616154.0,9884849.0
2016-08-26,9639663.0,1250314.0,2521136.0,6881054.0,753284.0,11490424.0,1250748.0,16531983.0,2788650.0,4936367.0
2016-08-29,16193208.0,1488728.0,2944184.0,5220282.0,488018.0,9206563.0,2828305.0,11786129.0,2094229.0,4437169.0
2016-08-30,18170724.0,1444026.0,9867608.0,4375438.0,921470.0,15251016.0,4487274.0,15323228.0,2598309.0,7989072.0
2016-08-31,23295502.0,3231668.0,11161364.0,11139814.0,2185015.0,16906022.0,7103241.0,15601566.0,4152240.0,13265582.0
2016-09-01,42621045.0,1345736.0,5224676.0,2877826.0,654587.0,18098850.0,39290697.0,12175873.0,1905766.0,8695602.0
2016-09-02,28124615.0,1742330.0,3955188.0,3332592.0,968873.0,8034006.0,17010250.0,11380257.0,1755505.0,9506919.0
2016-09-05,28124615.0,1742330.0,3955188.0,3332592.0,968873.0,8034006.0,17010250.0,11380257.0,1755505.0,9506919.0
2016-09-06,11510431.0,2239066.0,5508884.0,8215044.0,811241.0,23274042.0,7841855.0,16620963.0,1960860.0,9519864.0
2016-09-07,12927438.0,3854040.0,4016444.0,7425470.0,728867.0,35379184.0,3788590.0,30862337.0,2648263.0,6656556.0
2016-09-08,12206479.0,7021516.0,2905380.0,9092774.0,1528195.0,13116475.0,3819474.0,14339143.0,1692184.0,8645619.0
2016-09-09,15269894.0,2742438.0,4013768.0,5053438.0,888951.0,16649877.0,3280689.0,11455826.0,2262933.0,10131678.0
2016-09-12,33684893.0,2024454.0,3985728.0,6203096.0,677577.0,20617372.0,3494956.0,18989750.0,1953571.0,7627126.0
2016-09-13,33684893.0,2024454.0,3985728.0,6203096.0,677577.0,20617372.0,3494956.0,18989750.0,1953571.0,7627126.0
2016-09-14,18604842.0,2069858.0,3849508.0,5152418.0,1349809.0,16807794.0,2224288.0,12754966.0,1718754.0,13020551.0
2016-09-15,31371009.0,2818964.0,3501812.0,4701722.0,964711.0,12135372.0,2301243.0,7783662.0,1126282.0,8077776.0
2016-09-16,39324529.0,4358004.0,6525816.0,9949384.0,1542460.0,32955498.0,3584872.0,18013477.0,2112271.0,14578809.0
2016-09-19,16678060.0,2802546.0,5894832.0,5809154.0,793036.0,15144399.0,1697274.0,11433295.0,942540.0,6724348.0
2016-09-20,11531268.0,1184552.0,3778248.0,4214004.0,1133099.0,11030397.0,3040194.0,9914599.0,1097205.0,6944197.0
2016-09-21,10943394.0,1678020.0,4256400.0,4231532.0,1102665.0,12736748.0,1845538.0,12817180.0,1337071.0,9139238.0
2016-09-22,18761415.0,2857574.0,6555800.0,3629514.0,1250220.0,14886284.0,1642721.0,20797370.0,1952950.0,7988449.0
2016-09-23,31085948.0,1800726.0,4876808.0,5205294.0,1498875.0,17977571.0,2369838.0,12730223.0,3121780.0,5143011.0
2016-09-26,38213411.0,1753476.0,5576772.0,6371798.0,1153660.0,15868805.0,2391218.0,8800173.0,2122144.0,10060086.0
2016-09-27,19374535.0,2038792.0,4056812.0,6525660.0,849724.0,17356843.0,2490305.0,11345387.0,2819209.0,6900812.0
2016-09-28,24820234.0,1731328.0,4989652.0,5434708.0,1877866.0,17881785.0,3263576.0,17277539.0,2393218.0,7646466.0
2016-09-29,21260295.0,3603958.0,16450012.0,8902638.0,3307074.0,48140661.0,6941546.0,27870695.0,3040345.0,18104875.0
2016-09-30,11199883.0,2175364.0,4138428.0,6502354.0,3104818.0,15104920.0,6355157.0,14826293.0,3497865.0,9912734.0
2016-10-03,18125170.0,1818880.0,3900548.0,3656160.0,2066037.0,18062317.0,1672721.0,9314647.0,2181718.0,6714964.0
2016-10-04,13113580.0,1780718.0,2775512.0,5066586.0,1465854.0,16201324.0,2908344.0,21532806.0,2289637.0,8002732.0
2016-10-05,10789932.0,1176354.0,3647020.0,2307574.0,1781339.0,16039581.0,1439691.0,20868556.0,2059848.0,6470467.0
2016-10-06,21111045.0,2267572.0,2895712.0,3721882.0,1360160.0,13854468.0,1741337.0,11081154.0,1627375.0,8986109.0
2016-10-07,15280380.0,1816512.0,3337464.0,6288558.0,1088191.0,10506728.0,1477152.0,11934100.0,1098751.0,4164582.0
2016-10-10,11553662.0,1202142.0,4719312.0,5413170.0,734544.0,6611211.0,2687189.0,9399844.0,875911.0,5241260.0
2016-10-11,11553662.0,1202142.0,4719312.0,5413170.0,734544.0,6611211.0,2687189.0,9399844.0,875911.0,5241260.0
2016-10-12,11553662.0,1202142.0,4719312.0,5413170.0,734544.0,6611211.0,2687189.0,9399844.0,875911.0,5241260.0
2016-10-13,21938040.0,5173334.0,4519356.0,9778690.0,2130773.0,20736801.0,3440146.0,18050638.0,2659995.0,11089281.0
2016-10-14,15265659.0,7741214.0,4067116.0,33461690.0,2077909.0,10761830.0,5431236.0,12133951.0,2632323.0,9579094.0
2016-10-17,9826781.0,2728346.0,5135360.0,8014858.0,1136539.0,69082439.0,3779712.0,16865537.0,2140920.0,6379993.0
2016-10-18,11073137.0,2128632.0,2610968.0,6388134.0,1146943.0,41861705.0,5102965.0,20218355.0,1983013.0,12234489.0
2016-10-19,17073242.0,1985058.0,3044904.0,3509836.0,1171167.0,19968759.0,5073975.0,9546481.0,2146896.0,8734555.0
2016-10-20,10125508.0,1265854.0,3200356.0,3535490.0,818580.0,36280178.0,5290430.0,14179531.0,1502340.0,4572220.0
2016-10-21,43608816.0,1259660.0,3956408.0,3863620.0,1247395.0,26362877.0,2362713.0,8833390.0,1670799.0,10999941.0
2016-10-24,10513017.0,1253190.0,3255664.0,2902974.0,1639740.0,22219428.0,2185144.0,14483254.0,1517035.0,9944640.0
2016-10-25,7658966.0,1772466.0,5501796.0,5636014.0,1925999.0,25090671.0,4024793.0,9079178.0,838206.0,6177333.0
2016-10-26,10945927.0,1437130.0,5366540.0,2775216.0,1928005.0,30017739.0,6538988.0,15020687.0,867619.0,24852951.0
2016-10-27,12842476.0,2941602.0,11623860.0,7227790.0,3193498.0,19868027.0,5615716.0,10938008.0,2440678.0,15943817.0
2016-10-28,8127969.0,1752102.0,5320536.0,5840706.0,1396899.0,18314125.0,1566275.0,11430184.0,1212981.0,9674418.0
2016-10-31,8127969.0,1752102.0,5320536.0,5840706.0,1396899.0,18314125.0,1566275.0,11430184.0,1212981.0,9674418.0
2016-11-01,10223897.0,2934776.0,3402416.0,6332798.0,891827.0,11675305.0,2398681.0,10000632.0,947158.0,5730426.0
2016-11-02,7039997.0,2325076.0,6474432.0,5377194.0,1085441.0,15140657.0,2221637.0,13716294.0,1493443.0,4867894.0
2016-11-03,7311872.0,1463310.0,6315812.0,5225108.0,1975240.0,12484687.0,2989059.0,12902390.0,1411942.0,9210542.0
2016-11-04,11535892.0,1183752.0,5734920.0,6005548.0,2273336.0,16361493.0,2376146.0,12657669.0,18639006.0,36621117.0
2016-11-07,9506040.0,2048052.0,5671392.0,4537672.0,803129.0,18741014.0,1847168.0,11224419.0,2158653.0,25202734.0
2016-11-08,13432073.0,1933634.0,5348164.0,5261108.0,797363.0,35153751.0,1527704.0,9367228.0,1881726.0,10317962.0
2016-11-09,21640144.0,4500226.0,13645468.0,12764158.0,2122893.0,51055067.0,5669889.0,31761606.0,4757398.0,23914156.0
2016-11-10,9764091.0,2172426.0,10700736.0,7287330.0,1017007.0,29137485.0,3190980.0,50227559.0,2766432.0,12012673.0
2016-11-11,14775330.0,2398424.0,7139320.0,7096782.0,1758762.0,33036653.0,1886129.0,57937113.0,2518285.0,13232720.0
2016-11-14,14775330.0,2398424.0,7139320.0,7096782.0,1758762.0,33036653.0,1886129.0,57937113.0,2518285.0,13232720.0
2016-11-15,14487470.0,6290324.0,12512524.0,9235850.0,2007604.0,37961485.0,3114405.0,48658808.0,3958053.0,22012736.0
2016-11-16,16550762.0,4019958.0,8647744.0,12222616.0,2677282.0,26473183.0,2746958.0,27532708.0,3299710.0,31846924.0
2016-11-17,12628378.0,2504688.0,4815624.0,5706730.0,665671.0,14654093.0,4236589.0,19500760.0,1377642.0,9640577.0
2016-11-18,18163751.0,2140534.0,6879900.0,6040228.0,1462211.0,9983933.0,3641254.0,13389671.0,1654947.0,8575440.0
2016-11-21,13232434.0,1793366.0,5552520.0,7940568.0,993597.0,21625818.0,1826207.0,26002028.0,1962840.0,7878052.0
2016-11-22,17646355.0,1318860.0,10017784.0,5483126.0,1226008.0,23906788.0,3327374.0,25631435.0,3084870.0,9570300.0
2016-11-23,13107911.0,1275808.0,3532692.0,8251786.0,1254013.0,17154845.0,1970256.0,16190033.0,7493139.0,10720504.0
2016-11-24,18913793.0,3026234.0,15285996.0,16780644.0,1588843.0,22563160.0,4795418.0,28927720.0,4315369.0,18697423.0
2016-11-25,10454964.0,4276148.0,5969960.0,12631380.0,788448.0,16611698.0,2099139.0,19303589.0,3065824.0,7890103.0
2016-11-28,8312777.0,1924296.0,4130180.0,7365712.0,930063.0,32939718.0,4886483.0,22315183.0,1777818.0,9472016.0
2016-11-29,9885281.0,1442296.0,3932644.0,6125506.0,1157881.0,32329662.0,4516337.0,12656706.0,1741327.0,8945347.0
2016-11-30,27596098.0,3445832.0,6442840.0,8500918.0,2734453.0,20731093.0,4993485.0,16501691.0,4335631.0,11507955.0
2016-12-01,12627845.0,1123052.0,4476984.0,4611590.0,951938.0,15792045.0,7124295.0,12986151.0,2151997.0,5358757.0
2016-12-02,12481430.0,1998032.0,4062672.0,4453228.0,623704.0,12275345.0,1836012.0,21139754.0,1217827.0,8693600.0
2016-12-05,3987213.0,2249526.0,4551936.0,3659576.0,760110.0,8305074.0,2481220.0,8406973.0,1062822.0,5320355.0
2016-12-06,6726369.0,1593444.0,2702964.0,3562110.0,611314.0,8335181.0,3142493.0,10048459.0,1771909.0,5100487.0
2016-12-07,4930865.0,2065706.0,5628192.0,3385980.0,394177.0,13635680.0,2899591.0,22193202.0,1557765.0,8419775.0
2016-12-08,8750556.0,3239546.0,4309696.0,5941662.0,609858.0,11336250.0,2061325.0,9047721.0,1388842.0,7648947.0
2016-12-09,8239158.0,1588718.0,4387952.0,8648384.0,463868.0,17533272.0,2646396.0,16004173.0,1211254.0,8648965.0
2016-12-12,9023848.0,1311758.0,3425272.0,5345020.0,317031.0,7515935.0,775144.0,14296268.0,1636279.0,3155645.0
2016-12-13,10365823.0,2147534.0,2526868.0,4854282.0,716723.0,10265621.0,1063869.0,9084137.0,2168125.0,7727181.0
2016-12-14,24139260.0,1870366.0,4314144.0,5382614.0,418711.0,14369017.0,1481398.0,8672531.0,1360938.0,6556449.0
2016-12-15,19331986.0,4295410.0,4941488.0,7966416.0,552176.0,24089601.0,3073256.0,12274497.0,900523.0,5538310.0
2016-12-16,14942206.0,1987230.0,3255828.0,6436742.0,907271.0,24984316.0,4401700.0,11017555.0,1577425.0,13422991.0
2016-12-19,15009634.0,1334210.0,3160436.0,4124134.0,709550.0,7417692.0,4126010.0,8371299.0,1148169.0,5665425.0
2016-12-20,11688169.0,2922760.0,4189992.0,7636498.0,1057366.0,11590031.0,3596096.0,12765309.0,1177779.0,6145411.0
2016-12-21,20367894.0,2034902.0,2658876.0,7343976.0,1024157.0,7685724.0,2651665.0,8778450.0,950224.0,13379223.0
2016-12-22,28892834.0,1868300.0,2805716.0,7060054.0,1147406.0,8951470.0,3156188.0,12981595.0,1357563.0,6668113.0
2016-12-23,10265033.0,1118954.0,4752516.0,7306036.0,893290.0,6932571.0,2047449.0,10557157.0,2136648.0,11177602.0
2016-12-26,15321770.0,897408.0,4183864.0,3213828.0,686679.0,6767153.0,2719536.0,8592983.0,1198728.0,9071721.0
2016-12-27,17442849.0,1294692.0,4899296.0,4912816.0,552306.0,9094498.0,2548216.0,8756536.0,1222356.0,16206836.0
2016-12-28,9637310.0,1350418.0,6507840.0,5476816.0,811567.0,9176829.0,2899350.0,11747088.0,1294264.0,14711711.0
2016-12-29,8772325.0,1963516.0,8100816.0,6240124.0,1295881.0,6379633.0,3551526.0,10658616.0,2010627.0,14593942.0
2016-12-30,15711974.0,1405748.0,4066540.0,7267768.0,709395.0,11565801.0,1955045.0,10538497.0,1280979.0,10821396.0
2017-01-02,7097888.0,823132.0,3708656.0,2335222.0,439748.0,10404350.0,1643255.0,25988990.0,1476811.0,5075736.0
2017-01-03,6434204.0,1475324.0,3847500.0,6778482.0,617599.0,10236706.0,3286354.0,15963085.0,1363398.0,7798116.0
2017-01-04,10392483.0,1420066.0,6967120.0,7073586.0,1298675.0,6901181.0,5776206.0,11225978.0,2144739.0,9668664.0
2017-01-05,8734164.0,2216404.0,6776384.0,8207074.0,800848.0,13830668.0,4268281.0,11970913.0,2781498.0,9532162.0
2017-01-06,7845839.0,3009896.0,5525260.0,14393448.0,545826.0,9055143.0,2656936.0,12354302.0,1462912.0,8404984.0
2017-01-09,5228980.0,1854578.0,4573796.0,10545692.0,323290.0,7875294.0,2635116.0,8329253.0,819484.0,5041639.0
2017-01-10,11349916.0,1533914.0,5546116.0,11939854.0,337793.0,14784040.0,1058176.0,9352013.0,1359729.0,12438618.0
2017-01-11,11475958.0,1931296.0,9343404.0,12241574.0,867646.0,19565679.0,2609766.0,13415303.0,1514451.0,7931415.0
2017-01-12,4371992.0,2570374.0,2916316.0,11855740.0,985100.0,11711279.0,1680284.0,11282323.0,2707455.0,5816779.0
2017-01-13,7234429.0,10235580.0,3850412.0,31276246.0,567779.0,7810375.0,2614161.0,9333736.0,1400770.0,4553691.0
2017-01-16,12013154.0,3364808.0,3765864.0,12351372.0,472383.0,8863676.0,1871694.0,13234727.0,1052802.0,4813933.0
2017-01-17,39234251.0,3009956.0,3559612.0,5560094.0,1081184.0,6968061.0,2050997.0,9480201.0,1423840.0,4996927.0
2017-01-18,15867619.0,3136574.0,4612888.0,5952962.0,2032995.0,10085606.0,3670155.0,8048897.0,1538178.0,7534139.0
2017-01-19,15284274.0,2251676.0,3512412.0,8876480.0,1350359.0,8605687.0,2526854.0,13029151.0,1019914.0,9538148.0
2017-01-20,8784907.0,2037246.0,13942068.0,9124742.0,1032081.0,12207059.0,3784887.0,15341756.0,2177485.0,11261533.0
2017-01-23,13708502.0,2318546.0,4793848.0,7948580.0,1615902.0,43793368.0,1985278.0,9339939.0,3534069.0,11101905.0
2017-01-24,9419288.0,2282638.0,10261864.0,6826010.0,1843785.0,26520047.0,2393587.0,13540202.0,1879687.0,8341113.0
2017-01-25,23856654.0,4111648.0,15636984.0,9978090.0,1360342.0,41078083.0,14931206.0,16343545.0,2294773.0,18123606.0
2017-01-26,23856654.0,4111648.0,15636984.0,9978090.0,1360342.0,41078083.0,14931206.0,16343545.0,2294773.0,18123606.0
2017-01-27,21861796.0,2871658.0,6852236.0,10635138.0,1272497.0,89433645.0,3540993.0,18039379.0,1871125.0,25440485.0
2017-01-30,15678126.0,2577956.0,5319628.0,11369208.0,600766.0,17037472.0,23241046.0,11884795.0,2601585.0,9253765.0
2017-01-31,15125194.0,4666804.0,6101040.0,24068534.0,1210100.0,20535165.0,11732135.0,8899165.0,1894153.0,10380649.0
2017-02-01,11312284.0,4864152.0,10910664.0,11531782.0,1750447.0,44647342.0,4103983.0,27253142.0,3577633.0,35144107.0
2017-02-02,9099129.0,6009482.0,5971636.0,11828268.0,1617828.0,28910922.0,6964972.0,20139955.0,2257914.0,30867395.0
2017-02-03,13219481.0,2153372.0,8005104.0,8423958.0,999913.0,20058936.0,2662623.0,15366890.0,1650459.0,9356904.0
2017-02-06,9991907.0,2408910.0,4310220.0,6727934.0,1007603.0,22521926.0,1504449.0,14725291.0,1526715.0,8538188.0
2017-02-07,9905562.0,1814638.0,3411920.0,9268002.0,866921.0,12829302.0,4062008.0,10981984.0,2499546.0,25251605.0
2017-02-08,16230826.0,2212584.0,4940960.0,6319962.0,995337.0,16662978.0,4888372.0,13622088.0,1689792.0,11114871.0
2017-02-09,9861688.0,4033202.0,4465376.0,11907266.0,884351.0,16631183.0,2043938.0,16080181.0,1529256.0,5070408.0
2017-02-10,12518554.0,5782160.0,3296736.0,12252452.0,648644.0,16771421.0,2203893.0,37580487.0,1300986.0,7975779.0
2017-02-13,8565757.0,3819812.0,2795792.0,13724268.0,688095.0,13144434.0,3669035.0,19853043.0,930046.0,9312915.0
2017-02-14,18244623.0,2033328.0,2446060.0,9338818.0,1294385.0,12889195.0,4739203.0,13306738.0,926545.0,6911954.0
2017-02-15,15236663.0,1924972.0,6126940.0,7259486.0,863541.0,14420745.0,3974478.0,12201568.0,1952469.0,7827599.0
2017-02-16,19655195.0,4175680.0,5043700.0,12815858.0,529692.0,20257845.0,4049974.0,21794688.0,2071947.0,10982700.0
2017-02-17,14847356.0,2723324.0,402259960.0,4851208.0,917969.0,28496342.0,2551827.0,17830528.0,1028691.0,9700816.0
2017-02-20,11650581.0,3973948.0,10566716.0,4650662.0,1511663.0,9947581.0,3876138.0,9229363.0,1105371.0,5934404.0
2017-02-21,14186476.0,5501112.0,6260028.0,7613996.0,1061217.0,11288626.0,7028108.0,7754157.0,970615.0,10251239.0
2017-02-22,127323130.0,4505496.0,5296776.0,6607838.0,1996095.0,30787289.0,7531248.0,12617613.0,1291317.0,8815003.0
2017-02-23,62249698.0,4853352.0,34494980.0,9542656.0,1313518.0,25499159.0,39500561.0,13146194.0,2175397.0,12837302.0
2017-02-24,62249698.0,4853352.0,34494980.0,9542656.0,1313518.0,25499159.0,39500561.0,13146194.0,2175397.0,12837302.0
2017-02-27,83422197.0,2139892.0,4681376.0,5328696.0,1194357.0,15037984.0,10077345.0,9645350.0,1553899.0,5270544.0
2017-02-28,36111716.0,2354828.0,2928008.0,5940132.0,1409380.0,18179839.0,13488220.0,7941592.0,1773558.0,8558167.0
2017-03-01,24385665.0,1130374.0,3481736.0,4282448.0,1199589.0,19983162.0,3826413.0,7656892.0,1219411.0,15139871.0
2017-03-02,18063590.0,1544942.0,4601988.0,2948498.0,1116347.0,20040929.0,4657721.0,14220808.0,1920216.0,10453722.0
2017-03-03,84305639.0,1013970.0,2492824.0,5401612.0,909059.0,9256168.0,4021692.0,10120034.0,1205019.0,10371862.0
2017-03-06,66724743.0,1400694.0,3679124.0,5286386.0,620823.0,12565060.0,3302817.0,9515073.0,821986.0,9927375.0
2017-03-07,42071555.0,1511672.0,3112876.0,4644496.0,581168.0,9116307.0,3171320.0,11599142.0,991566.0,7183529.0
2017-03-08,43336972.0,1791510.0,3782144.0,6179176.0,689050.0,12969749.0,3024515.0,9122987.0,1424362.0,5993605.0
2017-03-09,31094457.0,858468.0,3509316.0,3480630.0,649123.0,11647809.0,1304223.0,15594429.0,1111050.0,9847115.0
2017-03-10,24785585.0,1171420.0,5860704.0,4550324.0,1533750.0,15749231.0,2319807.0,9557026.0,1836264.0,5880374.0
2017-03-13,24785585.0,1171420.0,5860704.0,4550324.0,1533750.0,15749231.0,2319807.0,9557026.0,1836264.0,5880374.0
2017-03-14,27765035.0,3402294.0,7155020.0,7878396.0,2763421.0,43486006.0,5921380.0,15734886.0,7224810.0,18508020.0
2017-03-15,24107889.0,3022496.0,4271860.0,6373978.0,1247829.0,13414846.0,7389777.0,20055974.0,2408866.0,14475482.0
2017-03-16,15924023.0,1571818.0,4980108.0,6702956.0,1052674.0,10712223.0,2670827.0,18005184.0,2396146.0,9020039.0
2017-03-17,22727289.0,2593152.0,3390464.0,9507846.0,2071209.0,25016303.0,6378625.0,14265642.0,1927983.0,54015422.0
2017-03-20,12869337.0,3487540.0,8142344.0,4427388.0,849554.0,12153226.0,4737850.0,9678185.0,1442107.0,16509511.0
2017-03-21,22596181.0,3373700.0,5557280.0,4869584.0,1016256.0,16304076.0,2511084.0,11898233.0,2415213.0,13734401.0
2017-03-22,20291685.0,1888716.0,5636544.0,3990852.0,928431.0,24534011.0,8955493.0,9887203.0,3371401.0,12874461.0
2017-03-23,11807911.0,2620638.0,4922472.0,4501662.0,737393.0,13209523.0,4762081.0,7998170.0,2511771.0,17547913.0
2017-03-24,16282523.0,5099814.0,3810364.0,4883896.0,809976.0,19227304.0,5308761.0,20133467.0,1347655.0,7398317.0
2017-03-27,32452615.0,2181270.0,5864084.0,7684824.0,2830764.0,12341637.0,3212610.0,15966114.0,1583550.0,12623097.0
2017-03-28,21707345.0,1153158.0,8061400.0,4796796.0,565803.0,13884032.0,2316105.0,18673371.0,2628958.0,6532115.0
2017-03-29,18924345.0,1717764.0,8575772.0,6981186.0,1067420.0,18910842.0,9825597.0,31008407.0,2280357.0,8828112.0
2017-03-30,27862325.0,2986086.0,34321092.0,12157180.0,2105056.0,16543030.0,4345156.0,19683170.0,2288326.0,14948411.0
2017-03-31,45390562.0,1867044.0,9651392.0,14153854.0,1454650.0,19741901.0,5787371.0,20185269.0,3543100.0,9929324.0
2017-04-03,44886623.0,1196888.0,4149052.0,4315600.0,832000.0,20449617.0,7333921.0,10509610.0,6576885.0,7507187.0
2017-04-04,44886623.0,1196888.0,4149052.0,4315600.0,832000.0,20449617.0,7333921.0,10509610.0,6576885.0,7507187.0
2017-04-05,40323877.0,2905568.0,5744080.0,7398338.0,2246395.0,10569529.0,4693744.0,21936647.0,5179798.0,10685034.0
2017-04-06,50620850.0,1720704.0,6124416.0,5379008.0,1588953.0,17014957.0,2412374.0,18413111.0,2740816.0,16243974.0
2017-04-07,31875272.0,2277012.0,4648360.0,6404508.0,770117.0,18994042.0,6347228.0,10765502.0,4096639.0,9480161.0
2017-04-10,30768410.0,2543264.0,3393876.0,9528472.0,460843.0,10395338.0,1532435.0,10307875.0,2406430.0,5687364.0
2017-04-11,32249647.0,1557784.0,4356260.0,8655466.0,715100.0,13734771.0,2327556.0,11682024.0,1974126.0,11355730.0
2017-04-12,27448279.0,1050538.0,3565092.0,6696752.0,2006885.0,18252914.0,2529238.0,13251421.0,2135064.0,7507416.0
2017-04-13,12713918.0,2500472.0,4804236.0,30973188.0,1200252.0,15178825.0,6554985.0,9944020.0,1975483.0,4085766.0
2017-04-14,12713918.0,2500472.0,4804236.0,30973188.0,1200252.0,15178825.0,6554985.0,9944020.0,1975483.0,4085766.0
2017-04-17,11837502.0,2270882.0,7137056.0,7213434.0,449115.0,8250861.0,2089233.0,8146800.0,1135260.0,5017073.0
2017-04-18,16016414.0,1730620.0,3638860.0,4647518.0,605252.0,19072022.0,6170878.0,13457050.0,1839489.0,4497780.0
2017-04-19,11572557.0,5626812.0,4338144.0,10071702.0,1245002.0,15189575.0,2779410.0,18149995.0,1158162.0,5143709.0
2017-04-20,8393496.0,1268842.0,5781372.0,4549000.0,1955164.0,31912290.0,2097176.0,14514929.0,1044189.0,4400814.0
2017-04-21,30230907.0,1161154.0,17258032.0,3577466.0,761841.0,18165879.0,1500170.0,12042308.0,2415931.0,9041742.0
2017-04-24,25512511.0,2000020.0,20206952.0,5556666.0,789135.0,24418208.0,1487606.0,10077853.0,3238530.0,7392939.0
2017-04-25,36764315.0,3148710.0,9057780.0,4737060.0,1105317.0,13685114.0,4747068.0,11531902.0,2879794.0,13211107.0
2017-04-26,16763153.0,2187438.0,7795852.0,9084496.0,1296199.0,15205419.0,3272330.0,13836891.0,2885722.0,19671557.0
2017-04-27,12571594.0,5773186.0,16180420.0,7797208.0,1096343.0,14909618.0,4978376.0,22622372.0,2126127.0,14075606.0
2017-04-28,11848658.0,2540510.0,5437728.0,5029702.0,3585324.0,9367499.0,2985691.0,14152004.0,1637739.0,12851433.0
2017-05-01,11848658.0,2540510.0,5437728.0,5029702.0,3585324.0,9367499.0,2985691.0,14152004.0,1637739.0,12851433.0
2017-05-02,18591411.0,2382696.0,4007040.0,3231126.0,1615426.0,16780204.0,2436068.0,9754789.0,1861141.0,7298698.0
2017-05-03,9500038.0,3514406.0,2507964.0,4659448.0,977037.0,24205196.0,2616848.0,13950914.0,1296282.0,6271881.0
2017-05-04,14365934.0,2708208.0,5131028.0,5279806.0,1234682.0,122120948.0,1345900.0,24534923.0,1255336.0,8070845.0
2017-05-05,15598448.0,1682474.0,2757896.0,4432788.0,571239.0,48189321.0,1708526.0,34756331.0,1555141.0,4192254.0
2017-05-08,16066733.0,1071782.0,3747252.0,4707098.0,672197.0,30347849.0,2955948.0,11560550.0,1246116.0,11038927.0
2017-05-09,21106150.0,1790270.0,3345836.0,5649372.0,1292861.0,15194182.0,3126657.0,7843574.0,1836462.0,7008749.0
2017-05-10,22906024.0,1206388.0,2342244.0,3364302.0,2928370.0,15054831.0,27085852.0,8699405.0,2010127.0,4754549.0
2017-05-11,13783848.0,2071302.0,3875744.0,3229482.0,1354465.0,10261128.0,8059693.0,11934889.0,1270446.0,9778012.0
2017-05-12,7523427.0,2314446.0,6147604.0,10979996.0,890243.0,16605029.0,4070508.0,13376269.0,1803768.0,4672675.0
2017-05-15,6738085.0,1817604.0,2804780.0,7297164.0,734446.0,17095696.0,4132180.0,10383539.0,1195701.0,5673245.0
2017-05-16,12655992.0,3601026.0,3590376.0,6130168.0,1503815.0,19569431.0,6500818.0,17533439.0,1654389.0,11635819.0
2017-05-17,9844573.0,2876198.0,3472472.0,2915508.0,1999387.0,23363685.0,5842838.0,14120513.0,2502879.0,8617269.0
2017-05-18,9790379.0,5138594.0,3107280.0,8057848.0,2690943.0,27753950.0,3683713.0,15471393.0,2155830.0,8229448.0
2017-05-19,12813204.0,1786044.0,2854136.0,4257396.0,3059815.0,16728969.0,6026064.0,55250969.0,2268141.0,37099971.0
2017-05-22,8801430.0,1663940.0,2860052.0,5503052.0,1788720.0,14850717.0,3037325.0,35771221.0,2839224.0,37323445.0
2017-05-23,9223001.0,2748596.0,3080172.0,4039982.0,2640069.0,29771017.0,6451328.0,19846852.0,1463805.0,20546707.0
2017-05-24,14326531.0,2534548.0,3467388.0,5636286.0,1992083.0,20506719.0,7704006.0,16435958.0,2173069.0,9822098.0
2017-05-25,25922008.0,4094094.0,20090804.0,10438514.0,1918721.0,41775676.0,15733429.0,15018467.0,5404771.0,23646915.0
2017-05-26,21430443.0,1362550.0,5443156.0,4988004.0,716421.0,21336089.0,3171630.0,12304394.0,3066081.0,22579834.0
2017-05-29,24022633.0,1749290.0,5916340.0,6308434.0,1771026.0,11266657.0,2214859.0,10619968.0,3033658.0,20422509.0
2017-05-30,9658309.0,927634.0,4434184.0,3716910.0,890684.0,15573191.0,2172819.0,9643418.0,6550440.0,8876322.0
2017-05-31,16423338.0,2502730.0,5318912.0,7763900.0,2226704.0,128437479.0,17087943.0,10697171.0,3000732.0,12782086.0
2017-06-01,9534069.0,1080064.0,3359540.0,5508606.0,1782269.0,19883562.0,2467620.0,12186700.0,2898184.0,8570891.0
2017-06-02,11495005.0,1355648.0,3213544.0,3917966.0,2216247.0,13469524.0,5747881.0,12004368.0,1425321.0,11500232.0
2017-06-05,10835031.0,1500188.0,2899900.0,5462698.0,612171.0,9831353.0,2588187.0,7917410.0,1906419.0,9847609.0
2017-06-06,9591064.0,5946720.0,5002632.0,7008686.0,1203091.0,10757211.0,3666864.0,12346121.0,1431069.0,10220219.0
2017-06-07,11199223.0,4927776.0,2554276.0,12455046.0,2392047.0,15076040.0,4307736.0,10864355.0,1327540.0,11978598.0
2017-06-08,7903123.0,3330714.0,4248768.0,6195352.0,935574.0,20130322.0,3858535.0,8370299.0,1428979.0,8081100.0
2017-06-09,13836547.0,3148034.0,5305272.0,14757662.0,691085.0,10190305.0,3205017.0,10804887.0,1632207.0,10453119.0
2017-06-12,8432435.0,1626506.0,3971412.0,8591676.0,1059705.0,10376913.0,2462371.0,10326846.0,4068957.0,6507632.0
2017-06-13,6025338.0,1175414.0,5051620.0,4937794.0,1040661.0,9305516.0,1257634.0,9171049.0,1412274.0,5303687.0
2017-06-14,52939271.0,1489142.0,3858360.0,7438110.0,1139136.0,22264301.0,2338631.0,11566255.0,2079657.0,15135338.0
2017-06-15,28290813.0,2997198.0,3526692.0,5528062.0,1051935.0,11206355.0,2823152.0,11925641.0,1481092.0,7713717.0
2017-06-16,32710880.0,2450426.0,3755104.0,10948450.0,1550451.0,23228635.0,4962261.0,19246907.0,2243152.0,12798297.0
2017-06-19,15236956.0,1644742.0,3825532.0,6855860.0,859068.0,10719809.0,1888109.0,14848661.0,1781056.0,7251573.0
2017-06-20,10142474.0,1670958.0,3660264.0,5184396.0,1272735.0,16849368.0,2553936.0,14927701.0,1565472.0,8579082.0
2017-06-21,19992472.0,1657818.0,3410932.0,3735864.0,1411671.0,7142413.0,2945763.0,10537576.0,3556927.0,8598645.0
2017-06-22,22118609.0,5775882.0,6675460.0,9465242.0,1000211.0,9180870.0,7013343.0,26110402.0,1761759.0,9289243.0
2017-06-23,31143289.0,1424756.0,5217468.0,6403018.0,1600881.0,14937649.0,5681037.0,20648597.0,1716825.0,7453263.0
2017-06-26,31143289.0,1424756.0,5217468.0,6403018.0,1600881.0,14937649.0,5681037.0,20648597.0,1716825.0,7453263.0
2017-06-27,32591540.0,1974330.0,6000432.0,6904660.0,1809437.0,18053262.0,4226917.0,25523129.0,2317045.0,10061814.0
2017-06-28,15567803.0,1789726.0,4449036.0,5905224.0,1084236.0,17157094.0,4209925.0,17241351.0,1578525.0,8224059.0
2017-06-29,12898245.0,2471826.0,9187708.0,15914040.0,1771369.0,34774280.0,4698010.0,30457363.0,2709552.0,10311615.0
2017-06-30,7814271.0,1753848.0,4330432.0,4216700.0,1501780.0,12435467.0,3628132.0,12235472.0,3251535.0,24090343.0
2017-07-03,9195278.0,1475956.0,3504332.0,5088924.0,823810.0,6106230.0,1687712.0,8951033.0,2170096.0,48892799.0
2017-07-04,18816782.0,1215134.0,3766080.0,5167726.0,938993.0,8335899.0,1836644.0,7856082.0,1640038.0,11664585.0
2017-07-05,27209010.0,815856.0,4014200.0,4226228.0,364842.0,6958589.0,2338530.0,10048734.0,1034440.0,12439637.0
2017-07-06,13590313.0,1026788.0,4571676.0,3829720.0,653440.0,9967582.0,2399488.0,16115817.0,1417581.0,13946670.0
2017-07-07,35845310.0,1232090.0,5517396.0,5776886.0,780216.0,8477468.0,4849963.0,5914038.0,1845099.0,10301830.0
2017-07-10,3504540.0,783608.0,1309252.0,1464376.0,123910.0,1114874.0,2101702.0,2095795.0,324259.0,1316454.0
2017-07-11,20995547.0,3537504.0,4410280.0,11539708.0,1088867.0,10893055.0,6175288.0,12400820.0,2123947.0,8657755.0
2017-07-12,17104482.0,2646450.0,5738892.0,6275976.0,1749266.0,8091465.0,2894251.0,7524835.0,2036904.0,10643992.0
2017-07-13,23010262.0,3131960.0,4481004.0,5170392.0,1390586.0,13747313.0,2879273.0,8434324.0,1643754.0,18165609.0
2017-07-14,20530867.0,4508432.0,2443252.0,22478180.0,1430776.0,6196683.0,2424013.0,13750192.0,1401864.0,5801768.0
2017-07-17,18749450.0,2211822.0,2399340.0,7698250.0,1177146.0,12506474.0,2517635.0,10549310.0,1646087.0,21102802.0
2017-07-18,19640167.0,1908002.0,2322188.0,8260180.0,3322231.0,11772154.0,4039652.0,11913832.0,2375324.0,155236591.0
2017-07-19,11790198.0,3915576.0,3987244.0,5890278.0,4799441.0,10780451.0,5104135.0,9006728.0,1827242.0,40641441.0
2017-07-20,13626050.0,1182504.0,3698476.0,6809740.0,1295206.0,8458004.0,3406260.0,6256500.0,1845852.0,15896377.0
2017-07-21,97142371.0,2148416.0,3873508.0,5980754.0,1690899.0,9705981.0,12143745.0,7266604.0,1912305.0,13681787.0
2017-07-24,43429394.0,2271402.0,19678176.0,6129176.0,1102676.0,15604131.0,5425590.0,11195781.0,1313657.0,18479650.0
2017-07-25,20063064.0,2678832.0,11160468.0,7145614.0,1686360.0,18129742.0,7134553.0,10846999.0,2182162.0,9927828.0
2017-07-26,21954323.0,1459826.0,3895344.0,6870024.0,1563285.0,26050717.0,5764897.0,12527914.0,1161591.0,9564282.0
2017-07-27,18409364.0,4255304.0,17961712.0,12676852.0,2090566.0,28535869.0,15443045.0,22286060.0,3881208.0,19620418.0
2017-07-28,14331863.0,1382752.0,9255396.0,11098428.0,860381.0,30571846.0,1940125.0,15766196.0,3278658.0,19206912.0
2017-07-31,16567422.0,2019662.0,7369140.0,19158248.0,955459.0,21526493.0,2953735.0,41547584.0,5000536.0,22065527.0
2017-08-01,12311920.0,1747460.0,8516860.0,7689398.0,1359063.0,10722862.0,2448373.0,14888804.0,2721660.0,14063559.0
2017-08-02,20786240.0,1251024.0,7397916.0,4257584.0,587711.0,8348096.0,2195053.0,17005571.0,2154488.0,10247374.0
2017-08-03,19707381.0,1882548.0,4256784.0,4640348.0,597333.0,14389817.0,2812811.0,14459919.0,1426006.0,10592033.0
2017-08-04,18579866.0,1387890.0,3545068.0,5349018.0,1116836.0,10099985.0,3004061.0,9615344.0,1082867.0,11717562.0
2017-08-07,9537088.0,1885520.0,1918660.0,6073744.0,868190.0,11870705.0,1299253.0,11420767.0,1035670.0,8776750.0
2017-08-08,10961296.0,1073958.0,4035372.0,6004648.0,1329938.0,10288608.0,1994391.0,13578680.0,1531255.0,13231816.0
2017-08-09,10436651.0,992946.0,3270056.0,3922410.0,833002.0,12959158.0,1360936.0,15852734.0,1439328.0,10291858.0
2017-08-10,10188164.0,1526172.0,7788444.0,9140684.0,699787.0,17225844.0,1661135.0,14519518.0,1713614.0,10380837.0
2017-08-11,16996281.0,1394736.0,6359836.0,6544156.0,861457.0,17211539.0,2538665.0,67652562.0,2001103.0,14964550.0
2017-08-14,13440617.0,786504.0,3577084.0,3816470.0,526828.0,8428420.0,2234285.0,23773509.0,1866838.0,10066349.0
2017-08-15,13440617.0,786504.0,3577084.0,3816470.0,526828.0,8428420.0,2234285.0,23773509.0,1866838.0,10066349.0
2017-08-16,13576650.0,1373340.0,4426832.0,6178080.0,1366648.0,8605873.0,4181433.0,21074533.0,2143899.0,19412233.0
2017-08-17,15828719.0,1752374.0,5454868.0,25784260.0,961319.0,8168684.0,3282886.0,12134114.0,1508949.0,14231781.0
2017-08-18,7935890.0,2837356.0,3707464.0,164404960.0,1407292.0,6700778.0,3062360.0,12653217.0,1230709.0,15442589.0
2017-08-21,7573558.0,2304834.0,4009724.0,90407176.0,965962.0,10623264.0,2075746.0,9247153.0,1651344.0,13592218.0
2017-08-22,9533641.0,1131326.0,6609556.0,49242598.0,916218.0,7549155.0,3456653.0,11814388.0,1361351.0,12417415.0
2017-08-23,8320052.0,1562272.0,3360524.0,61284190.0,831796.0,9142592.0,4754764.0,11317821.0,1710949.0,9084531.0
2017-08-24,12654347.0,1623908.0,7878276.0,42380524.0,780599.0,12766567.0,2773039.0,14138226.0,1316100.0,11235986.0
2017-08-25,12654347.0,1623908.0,7878276.0,42380524.0,780599.0,12766567.0,2773039.0,14138226.0,1316100.0,11235986.0
2017-08-28,12316426.0,2036796.0,1507784.0,40712108.0,630713.0,8827300.0,2806489.0,10505317.0,1884734.0,10358573.0
2017-08-29,15164812.0,1312602.0,4918596.0,13369392.0,1002082.0,12737088.0,2102533.0,10335964.0,1045267.0,6377756.0
2017-08-30,10334911.0,970782.0,2694320.0,16149664.0,666156.0,8552010.0,2389197.0,7648702.0,895791.0,6785885.0
2017-08-31,25104625.0,1784664.0,7303436.0,15022452.0,1425125.0,14865124.0,7912495.0,14222467.0,1926054.0,11654017.0
2017-09-01,15431918.0,1702330.0,2295172.0,8433922.0,622867.0,7472688.0,1996184.0,8255209.0,976551.0,7526993.0
2017-09-04,21560532.0,1062544.0,3642524.0,10177108.0,586791.0,6244661.0,1409182.0,7168751.0,1006945.0,8807199.0
2017-09-05,25216776.0,1165994.0,3682436.0,9783392.0,699191.0,7683590.0,7204076.0,9565430.0,1110437.0,8121365.0
2017-09-06,48745984.0,1228764.0,5751632.0,7735910.0,670064.0,4854030.0,2064288.0,7306781.0,891224.0,14710804.0
2017-09-07,16205339.0,870636.0,6946420.0,6241192.0,781792.0,15630577.0,2642421.0,16102724.0,1038623.0,19958290.0
2017-09-08,13248413.0,1021134.0,8311664.0,8604542.0,663219.0,8077662.0,2013742.0,7077895.0,4947759.0,10090288.0
2017-09-11,12690592.0,732764.0,11477676.0,13787642.0,794869.0,7639794.0,1612161.0,14489224.0,4364705.0,9672742.0
2017-09-12,6500191.0,1396460.0,6687680.0,17241354.0,1164498.0,8497603.0,2583110.0,8375133.0,2451814.0,11906324.0
2017-09-13,29377106.0,1278980.0,4995376.0,11478228.0,848136.0,8297426.0,1877714.0,10150073.0,2233311.0,12593161.0
2017-09-14,11867640.0,1081510.0,8154016.0,13698006.0,1239363.0,12267908.0,1667328.0,8015217.0,1440488.0,7312288.0
2017-09-15,28595395.0,2944072.0,3767332.0,13459460.0,1333125.0,22632513.0,5339372.0,18404860.0,1723247.0,13653947.0
2017-09-18,5061995.0,726600.0,4084928.0,8475860.0,781532.0,11181986.0,1309340.0,17538678.0,3005809.0,10543289.0
2017-09-19,7718697.0,782754.0,4241468.0,6033330.0,563558.0,7558625.0,1103781.0,14331316.0,900287.0,35187337.0
2017-09-20,24942703.0,1334642.0,3446128.0,5767830.0,1179496.0,14617079.0,11779464.0,12355806.0,2347635.0,9974675.0
2017-09-21,12950541.0,2438740.0,7712496.0,8204152.0,913615.0,14496834.0,6557075.0,8509419.0,2216227.0,8058682.0
2017-09-22,12294087.0,2435396.0,8243524.0,17604088.0,1208698.0,23451953.0,5273742.0,12860892.0,2968531.0,7142399.0
2017-09-25,14229631.0,1599558.0,10149228.0,9088700.0,1271436.0,13358067.0,3002284.0,13937050.0,2720490.0,18260404.0
2017-09-26,10564143.0,1449230.0,11438732.0,7366478.0,1751337.0,11325047.0,4203146.0,11728345.0,1809036.0,9950366.0
2017-09-27,18448855.0,2010356.0,7337220.0,6000138.0,2299025.0,17853590.0,2714173.0,17080769.0,2317721.0,18208892.0
2017-09-28,29547622.0,4332866.0,27646464.0,17537266.0,3007522.0,32223724.0,16167139.0,17776419.0,3474398.0,22436773.0
2017-09-29,16666208.0,1985014.0,6213632.0,5705832.0,2274339.0,9980756.0,5337179.0,10073641.0,3193745.0,12640792.0
2017-10-02,16666208.0,1985014.0,6213632.0,5705832.0,2274339.0,9980756.0,5337179.0,10073641.0,3193745.0,12640792.0
2017-10-03,18345748.0,1923006.0,4394424.0,4947522.0,1970990.0,6752832.0,1842563.0,10547836.0,1413186.0,11940746.0
2017-10-04,18907611.0,1300778.0,6625104.0,4991492.0,2448425.0,7417758.0,3138906.0,14063896.0,1155472.0,11194466.0
2017-10-05,10631751.0,1684686.0,3336196.0,8611300.0,2305862.0,10975305.0,3371352.0,13476692.0,1303081.0,7204474.0
2017-10-06,12997688.0,1389188.0,3030660.0,8574308.0,508700.0,25447787.0,1065853.0,11932139.0,1814990.0,8158755.0
2017-10-09,8850408.0,1773616.0,3062492.0,3504832.0,720819.0,20478222.0,1192143.0,8009211.0,1737288.0,6323114.0
2017-10-10,14732024.0,1222010.0,3798180.0,7143220.0,802675.0,18594444.0,1502210.0,9742878.0,2347406.0,5683301.0
2017-10-11,15420644.0,1527746.0,5267440.0,5982504.0,1096016.0,12687990.0,7774168.0,14192548.0,1638071.0,7959877.0
2017-10-12,18642942.0,5006356.0,5381560.0,10280972.0,982442.0,11831125.0,4023386.0,13404759.0,1151274.0,9518815.0
2017-10-13,21509701.0,4066320.0,6433464.0,7180728.0,840717.0,14402254.0,45960026.0,15697555.0,1762307.0,12504487.0
2017-10-16,32009221.0,1218590.0,3274544.0,5758750.0,1276141.0,12848154.0,21145098.0,12171830.0,1189499.0,9504724.0
2017-10-17,13898844.0,1443016.0,2613288.0,5625102.0,654497.0,9183764.0,18843801.0,13505216.0,1123634.0,11038203.0
2017-10-18,36671941.0,1514144.0,3926720.0,7231852.0,697765.0,30669948.0,9015866.0,20677891.0,1263098.0,7508323.0
2017-10-19,8014767.0,86822.0,570008.0,1091434.0,67835.0,3822821.0,2646228.0,3458869.0,264888.0,1283342.0
2017-10-20,8014767.0,86822.0,570008.0,1091434.0,67835.0,3822821.0,2646228.0,3458869.0,264888.0,1283342.0
2017-10-23,27455320.0,1886088.0,4162892.0,9154096.0,791883.0,22939775.0,29564820.0,8901335.0,1077546.0,10144269.0
2017-10-24,13857773.0,1339020.0,11328872.0,14529328.0,1055569.0,15126641.0,17646810.0,17197805.0,1281327.0,8723712.0
2017-10-25,10011782.0,1105106.0,21367208.0,13984134.0,1332232.0,123615362.0,10080877.0,262677081.0,6377478.0,6169387.0
2017-10-26,16840049.0,3007552.0,28571464.0,33659258.0,2321903.0,43256025.0,11031934.0,112804243.0,5486055.0,9616793.0
2017-10-27,11498547.0,1409270.0,7472088.0,8524956.0,875032.0,36889009.0,8904315.0,27580765.0,2036609.0,23852749.0
2017-10-30,7823263.0,1137252.0,5422352.0,12968326.0,1063165.0,38047961.0,7211306.0,28530254.0,1808153.0,18266520.0
2017-10-31,9504986.0,1592634.0,4682460.0,9954988.0,722440.0,19050731.0,12690735.0,16455750.0,1815888.0,8452918.0
2017-11-01,17571371.0,741882.0,4190612.0,5633134.0,1243886.0,38829935.0,35708310.0,34907283.0,1929731.0,7516426.0
2017-11-02,10277678.0,1468422.0,4737944.0,4686138.0,762274.0,27736221.0,10951971.0,23110527.0,1183382.0,10056813.0
2017-11-03,4798537.0,666886.0,3810488.0,3699086.0,656886.0,14258432.0,18131291.0,26898400.0,1797145.0,6210456.0
2017-11-06,9757496.0,1377000.0,6148244.0,5066534.0,532305.0,16349376.0,8295950.0,17143407.0,1691967.0,9368140.0
2017-11-07,20447574.0,2696892.0,7446376.0,13442820.0,949224.0,12752869.0,7054590.0,21883541.0,1658527.0,9872847.0
2017-11-08,17752793.0,1402252.0,3283144.0,5369994.0,872203.0,11942186.0,50336608.0,20242447.0,1905789.0,6186540.0
2017-11-09,15007224.0,1152432.0,3113308.0,4723232.0,1417669.0,12716330.0,10980638.0,21846178.0,1733475.0,21026098.0
2017-11-10,13923102.0,1356566.0,7744360.0,6589428.0,1933002.0,21000915.0,10487687.0,82984969.0,5671395.0,17438746.0
2017-11-13,9088619.0,1496996.0,3335872.0,5021216.0,1413270.0,13679015.0,7079805.0,38777555.0,5216845.0,7681031.0
2017-11-14,12481463.0,1657252.0,4712468.0,5733710.0,1131348.0,12362405.0,6449030.0,25647162.0,2519826.0,8656529.0
2017-11-15,15272059.0,6670834.0,6148368.0,7023516.0,1195740.0,14408468.0,9690914.0,17389606.0,1801470.0,17666898.0
2017-11-16,15160866.0,1653482.0,4012972.0,15687502.0,911479.0,8983382.0,10682218.0,22506014.0,2003168.0,10343428.0
2017-11-17,12219276.0,1325464.0,6358772.0,8057670.0,1134503.0,20440466.0,11712737.0,26518142.0,2261694.0,10383570.0
2017-11-20,9231195.0,1014498.0,2392424.0,5661190.0,707096.0,13606336.0,5804375.0,13507662.0,2799314.0,8221147.0
2017-11-21,13082246.0,1527740.0,2275532.0,5364656.0,828746.0,13102056.0,10087242.0,14189920.0,2192795.0,17266541.0
2017-11-22,11058315.0,1822624.0,5660796.0,6084920.0,646368.0,9342622.0,3621523.0,22861716.0,2266995.0,8941555.0
2017-11-23,16031638.0,793470.0,3232580.0,11894618.0,891839.0,9998609.0,5918577.0,13338423.0,1654930.0,7814131.0
2017-11-24,13987125.0,2287512.0,5203684.0,18619912.0,971523.0,7867381.0,3900017.0,11716981.0,1637839.0,7630740.0
2017-11-27,10237135.0,1856786.0,3870472.0,6017730.0,763155.0,9334428.0,3499938.0,13114683.0,1464649.0,5022804.0
2017-11-28,10153618.0,911716.0,5090540.0,4616868.0,975006.0,13929413.0,3346897.0,16054996.0,4940494.0,18183221.0
2017-11-29,8038351.0,1447532.0,3274584.0,3838070.0,819468.0,12384876.0,5898170.0,11264624.0,2046078.0,9032800.0
2017-11-30,20637767.0,4299962.0,5796312.0,17266944.0,2308732.0,23832543.0,14879534.0,27276288.0,3419336.0,22967997.0
2017-12-01,11114967.0,1031144.0,3858148.0,4085000.0,470360.0,6602231.0,6127500.0,16425620.0,1772981.0,6847473.0
2017-12-04,10103208.0,1259104.0,3641932.0,17811606.0,833814.0,8763567.0,3040197.0,13887727.0,1796642.0,6347174.0
2017-12-05,18306627.0,1167914.0,3893360.0,9976738.0,862459.0,8219441.0,4264268.0,15130931.0,2139688.0,9337698.0
2017-12-06,24078081.0,1407518.0,6395120.0,7490094.0,1516859.0,6751957.0,8331495.0,18658202.0,1696890.0,8562019.0
2017-12-07,12095301.0,1326300.0,4231304.0,7549544.0,1407824.0,7414305.0,6949368.0,12278558.0,2476888.0,5635445.0
2017-12-08,12224184.0,1385548.0,8956400.0,5983244.0,1267860.0,10732806.0,14197096.0,16418832.0,2316890.0,13638732.0
2017-12-11,10792248.0,1008002.0,3198232.0,5139098.0,597953.0,6829121.0,12378453.0,14014369.0,2227028.0,17842707.0
2017-12-12,15782031.0,1882246.0,2410588.0,9320434.0,873443.0,11995276.0,3625294.0,17658856.0,2009798.0,9599026.0
2017-12-13,9147866.0,2961458.0,2907460.0,5362398.0,917877.0,14805881.0,7920791.0,17540585.0,2262858.0,8986735.0
2017-12-14,10983157.0,5504150.0,3683092.0,6023572.0,834383.0,11140346.0,3350247.0,13894451.0,1709762.0,8353203.0
2017-12-15,24408414.0,2718138.0,12450124.0,10384134.0,1420357.0,23227021.0,6986672.0,16050711.0,2161729.0,12742052.0
2017-12-18,18581421.0,2180664.0,12297988.0,4035448.0,918171.0,16300443.0,10462828.0,32119915.0,2851823.0,9650962.0
2017-12-19,8891691.0,1801952.0,4952112.0,7118898.0,1227087.0,13135113.0,6870721.0,14741481.0,2878543.0,6107682.0
2017-12-20,10443493.0,1577570.0,9343504.0,4186326.0,1198943.0,14003657.0,7494558.0,9895770.0,3293207.0,7728106.0
2017-12-21,9071450.0,1293648.0,6854544.0,11059162.0,557871.0,9705688.0,5651594.0,9916409.0,3664052.0,7032195.0
2017-12-22,10658428.0,3665664.0,4470904.0,12906940.0,561400.0,7628532.0,9484716.0,13821639.0,2490561.0,6652053.0
2017-12-25,10658428.0,3665664.0,4470904.0,12906940.0,561400.0,7628532.0,9484716.0,13821639.0,2490561.0,6652053.0
2017-12-26,11596338.0,2175786.0,6785696.0,10808906.0,913529.0,7632721.0,6436620.0,9329690.0,2493302.0,9917650.0
2017-12-27,9520350.0,739284.0,3489384.0,6970172.0,569851.0,6354635.0,6700159.0,14276027.0,1675081.0,6325599.0
2017-12-28,15511891.0,2605088.0,8700520.0,8433472.0,2608574.0,22689602.0,8699172.0,20353152.0,2850194.0,16501935.0
2017-12-29,11089700.0,2609542.0,6345872.0,6601768.0,799006.0,9637881.0,7502053.0,11939569.0,1819413.0,6818477.0
2018-01-01,9453202.0,1351760.0,6580516.0,5431340.0,746852.0,7739502.0,4807939.0,12182400.0,2048058.0,10863895.0
2018-01-02,9499419.0,1920290.0,4776316.0,6112248.0,695988.0,7046560.0,5242199.0,14797364.0,1512324.0,5907460.0
2018-01-03,13507800.0,1257120.0,4531288.0,6846552.0,832810.0,8898342.0,6333269.0,13857373.0,2720736.0,11443370.0
2018-01-04,9008932.0,913082.0,2373776.0,8947614.0,640189.0,6385367.0,5953924.0,24517099.0,4546456.0,9729737.0
2018-01-05,7441284.0,1153706.0,2870868.0,11025976.0,568451.0,6366054.0,8008838.0,14580575.0,2418902.0,9566733.0
2018-01-08,8827020.0,1242220.0,4570308.0,5594690.0,801796.0,7329648.0,12287843.0,13557197.0,3513256.0,14989106.0
2018-01-09,14294571.0,2149396.0,5305528.0,9948236.0,708386.0,9190909.0,7541257.0,15574755.0,1703294.0,26728897.0
2018-01-10,11727682.0,3365850.0,4615888.0,9468634.0,939525.0,6736971.0,6667296.0,13064599.0,1098019.0,17074502.0
2018-01-11,7849171.0,2520744.0,4059096.0,16775298.0,629248.0,8366713.0,5905519.0,12298455.0,1232290.0,11722150.0
2018-01-12,15071161.0,3360314.0,4336708.0,18016528.0,872539.0,11699345.0,4847824.0,17594228.0,1825056.0,8494789.0
2018-01-15,11120925.0,1457214.0,12576444.0,10649250.0,1324592.0,30242005.0,2834570.0,18189668.0,2386631.0,10944192.0
2018-01-16,10825151.0,4267752.0,6445384.0,22646966.0,896453.0,26707100.0,6420450.0,18040940.0,3139385.0,13433905.0
2018-01-17,13204016.0,4280806.0,2905496.0,26154088.0,1409691.0,43305353.0,6824337.0,26277307.0,2724814.0,17006334.0
2018-01-18,9381821.0,2209478.0,16649540.0,13204970.0,2465412.0,31504669.0,7912892.0,40000111.0,4966982.0,27461089.0
2018-01-19,9973533.0,1820000.0,11455988.0,5988278.0,1491194.0,18812611.0,9966300.0,18461642.0,2127776.0,26700710.0
2018-01-22,45700733.0,4367110.0,8849768.0,9650214.0,1014403.0,15269782.0,4532165.0,12622645.0,3067658.0,8660321.0
2018-01-23,22526810.0,3239610.0,5047796.0,15403796.0,1284895.0,22485663.0,6150836.0,35252217.0,4804202.0,18947034.0
2018-01-24,14289485.0,5621538.0,4790568.0,20604718.0,1819330.0,12815095.0,29348889.0,38070520.0,2147973.0,17971710.0
2018-01-25,13669901.0,3833844.0,8723668.0,13548914.0,2125894.0,30183655.0,20580178.0,42466150.0,6113475.0,13629982.0
2018-01-26,13669901.0,3833844.0,8723668.0,13548914.0,2125894.0,30183655.0,20580178.0,42466150.0,6113475.0,13629982.0
2018-01-29,9897064.0,3141060.0,8235892.0,10823002.0,1406390.0,17855095.0,27139736.0,23600898.0,2945415.0,9938281.0
2018-01-30,9182956.0,1574758.0,6397560.0,8628312.0,1310365.0,13358981.0,10679523.0,25810404.0,1988140.0,13560150.0
2018-01-31,12551686.0,3043214.0,6943348.0,9213698.0,1491912.0,22638319.0,7069368.0,16409938.0,2614515.0,19675610.0
2018-02-01,16524809.0,2400630.0,6521420.0,13005454.0,1563429.0,29472295.0,8096718.0,19515991.0,8187730.0,61648368.0
2018-02-02,28965593.0,2456490.0,7346124.0,10244486.0,1699619.0,16957983.0,6668088.0,23274673.0,3621563.0,36356576.0
2018-02-05,19191099.0,2757742.0,7926784.0,9860220.0,1585136.0,17339547.0,15080352.0,18940578.0,3060688.0,20465290.0
2018-02-06,24062503.0,2657306.0,10749804.0,10552078.0,1540401.0,18491736.0,9331070.0,30577218.0,4230633.0,16432103.0
2018-02-07,15532284.0,2180324.0,8364972.0,8342056.0,1561287.0,11819190.0,10982569.0,21463818.0,2927403.0,13455081.0
2018-02-08,13825894.0,2755004.0,5171444.0,8807244.0,1146084.0,10294899.0,6173490.0,18932796.0,1932082.0,10156564.0
2018-02-09,11580639.0,2102458.0,6408952.0,4382690.0,810004.0,9493398.0,5393964.0,15750824.0,2029257.0,14751166.0
2018-02-12,11877059.0,1974562.0,4381108.0,6291972.0,1166428.0,8356351.0,3987231.0,50839665.0,1543603.0,6972242.0
2018-02-13,11877059.0,1974562.0,4381108.0,6291972.0,1166428.0,8356351.0,3987231.0,50839665.0,1543603.0,6972242.0
2018-02-14,22247829.0,2847532.0,3577188.0,8345712.0,857401.0,15189066.0,10468199.0,45641149.0,2310144.0,11738542.0
2018-02-15,13363743.0,2465236.0,4915224.0,7986736.0,844856.0,23779772.0,4583095.0,26058237.0,1861841.0,12188244.0
2018-02-16,9628162.0,2515756.0,3583520.0,9889222.0,1091144.0,17585994.0,4403814.0,30338112.0,1424576.0,6401588.0
2018-02-19,8941900.0,1568224.0,3654552.0,6461840.0,495950.0,19044107.0,6457099.0,43847791.0,4275673.0,6303342.0
2018-02-20,8458450.0,1889068.0,4084068.0,7188594.0,688130.0,16030558.0,8022411.0,33458021.0,2063972.0,9659227.0
2018-02-21,11917390.0,3089228.0,2753072.0,13771358.0,1406451.0,9974873.0,4731875.0,23714454.0,1584305.0,10961665.0
2018-02-22,11196908.0,3463010.0,13253596.0,17859974.0,2173259.0,25530698.0,10769504.0,25584062.0,3028574.0,19855003.0
2018-02-23,10610664.0,3362500.0,4076748.0,9459828.0,896708.0,7949765.0,7504250.0,15482147.0,2176017.0,6780714.0
2018-02-26,8435611.0,1363882.0,4788884.0,5083608.0,1109668.0,7133735.0,4071745.0,15306032.0,2239306.0,8701511.0
2018-02-27,14021366.0,1717800.0,4787328.0,6616026.0,1316559.0,9623651.0,5188255.0,20824909.0,2243499.0,7716072.0
2018-02-28,56650480.0,2706864.0,4066364.0,17268416.0,1862621.0,17481687.0,25920217.0,26810799.0,2439968.0,13969189.0
2018-03-01,8956590.0,1718124.0,3909840.0,6579852.0,961945.0,18986889.0,5837005.0,22859175.0,1927606.0,8081243.0
2018-03-02,8956590.0,1718124.0,3909840.0,6579852.0,961945.0,18986889.0,5837005.0,22859175.0,1927606.0,8081243.0
2018-03-05,12325694.0,2858168.0,3781464.0,8101456.0,842790.0,14456193.0,3863655.0,18484565.0,1302005.0,6878708.0
2018-03-06,16019726.0,1906764.0,4576828.0,6689734.0,738512.0,18951451.0,4204736.0,20778164.0,2381856.0,8495423.0
2018-03-07,15853546.0,1917772.0,5628164.0,6370416.0,917890.0,31472773.0,12064643.0,31262500.0,2156582.0,15736814.0
2018-03-08,13283967.0,1951826.0,5518724.0,6093014.0,739272.0,21413552.0,8664079.0,33133336.0,3588828.0,6259151.0
2018-03-09,10638527.0,1872436.0,4108108.0,4220964.0,852176.0,12489587.0,5093353.0,21536191.0,2508919.0,6345666.0
2018-03-12,8315150.0,2091340.0,6557116.0,7676970.0,874857.0,12163952.0,8387164.0,25332474.0,2267260.0,20666810.0
2018-03-13,11148731.0,88067154.0,5124200.0,8581052.0,1067772.0,15966647.0,5712773.0,37647221.0,1915199.0,8647577.0
2018-03-14,14724464.0,3668668.0,3680392.0,4429710.0,760665.0,12964285.0,4194515.0,25471485.0,1714051.0,8211627.0
2018-03-15,12711836.0,2348906.0,5870924.0,6101500.0,536838.0,13282019.0,3636202.0,18339890.0,1178352.0,5771710.0
2018-03-16,30814962.0,7197482.0,7896336.0,17954826.0,3646692.0,28835112.0,8030364.0,25728297.0,5152611.0,21477001.0
2018-03-19,12630833.0,3489940.0,7838740.0,7526620.0,1244199.0,13601784.0,6000592.0,18167594.0,4452882.0,13423983.0
2018-03-20,15192983.0,4024984.0,3657372.0,8553766.0,1249242.0,10880002.0,8280683.0,20556571.0,2831066.0,7769207.0
2018-03-21,14715126.0,3907678.0,5921140.0,7692994.0,1698614.0,13618228.0,9266412.0,19533972.0,2835466.0,13418488.0
2018-03-22,22129723.0,2326094.0,6673224.0,6813168.0,950972.0,24593489.0,5382163.0,26828240.0,1834024.0,8319663.0
2018-03-23,23469999.0,3654122.0,7190152.0,12008084.0,1301609.0,31922568.0,5696201.0,27150262.0,2280525.0,11616470.0
2018-03-26,13227705.0,2964210.0,10501768.0,8930722.0,1032138.0,24618534.0,4884776.0,30373940.0,1697069.0,12981125.0
2018-03-27,15179544.0,2494574.0,6136836.0,3802088.0,1040328.0,22377328.0,6746611.0,31205051.0,2003736.0,9107151.0
2018-03-28,19160609.0,6865654.0,8837508.0,12558322.0,1337677.0,27172599.0,11413279.0,36673566.0,3989865.0,12743051.0
2018-03-29,19160609.0,6865654.0,8837508.0,12558322.0,1337677.0,27172599.0,11413279.0,36673566.0,3989865.0,12743051.0
2018-03-30,19160609.0,6865654.0,8837508.0,12558322.0,1337677.0,27172599.0,11413279.0,36673566.0,3989865.0,12743051.0
2018-04-02,12494499.0,1662988.0,4596368.0,8072702.0,708747.0,73359584.0,5533293.0,14993188.0,1302024.0,7299774.0
2018-04-03,13922126.0,1937290.0,4079884.0,4077168.0,979726.0,40773239.0,5059176.0,19883309.0,1123582.0,5294559.0
2018-04-04,14214534.0,2841820.0,3714108.0,4813302.0,912607.0,33486876.0,4025117.0,18824449.0,1285513.0,8716184.0
2018-04-05,8527915.0,1809424.0,4858892.0,7763544.0,588716.0,26759108.0,9747139.0,22880821.0,1758313.0,9464602.0
2018-04-06,9664888.0,1129018.0,3720008.0,5937742.0,633937.0,31577015.0,9425575.0,24868860.0,1492796.0,6333848.0
2018-04-09,7813897.0,1235866.0,4003536.0,7202882.0,923543.0,31712527.0,13296149.0,20208874.0,1118116.0,9572467.0
2018-04-10,8455132.0,1184532.0,6067236.0,8926058.0,969036.0,44741783.0,13281396.0,21201141.0,2177789.0,15248015.0
2018-04-11,13140816.0,3124416.0,2870812.0,9025574.0,1015714.0,16811454.0,7693575.0,14885838.0,1536552.0,5433736.0
2018-04-12,10822592.0,6114360.0,4712516.0,17044366.0,510556.0,22954325.0,4967973.0,18660913.0,1695410.0,6360898.0
2018-04-13,12616816.0,8179118.0,3297172.0,21227038.0,534981.0,17497198.0,7738347.0,25654020.0,1320241.0,5183544.0
2018-04-16,8934275.0,6270274.0,2847744.0,24745084.0,325041.0,16874313.0,4140008.0,16408377.0,1304778.0,5412918.0
2018-04-17,9599816.0,3301724.0,2667832.0,10397940.0,1176082.0,15406113.0,6356203.0,15922452.0,1058589.0,13716437.0
2018-04-18,7360987.0,2433066.0,2712720.0,10430380.0,765225.0,20755245.0,6360948.0,16142387.0,1459202.0,24733011.0
2018-04-19,9802587.0,4820952.0,3169032.0,8525542.0,682820.0,17282341.0,3848720.0,13166927.0,2229317.0,13317329.0
2018-04-20,7326696.0,18465662.0,9361380.0,24272692.0,674146.0,19745690.0,7492919.0,15546939.0,1091415.0,11206130.0
2018-04-23,7674482.0,15185910.0,15304620.0,21830638.0,395622.0,11620499.0,4195101.0,12111837.0,1364935.0,12198602.0
2018-04-24,19921115.0,8314336.0,5037416.0,8526216.0,1218174.0,15412234.0,6982218.0,9486349.0,1002866.0,8774762.0
2018-04-25,14079382.0,8196574.0,4020592.0,11594178.0,504777.0,7961352.0,22192116.0,13124853.0,1536003.0,5118640.0
2018-04-26,34096999.0,12135034.0,7847480.0,11302084.0,1321586.0,14112673.0,13874130.0,24495144.0,4513014.0,21064135.0
2018-04-27,25518647.0,4501330.0,5777008.0,7663370.0,818770.0,16488361.0,5013031.0,31401889.0,1746280.0,10107682.0
2018-04-30,19406069.0,3458558.0,4609552.0,5511678.0,612159.0,9737559.0,3633132.0,17263193.0,1309980.0,6146923.0
2018-05-01,19406069.0,3458558.0,4609552.0,5511678.0,612159.0,9737559.0,3633132.0,17263193.0,1309980.0,6146923.0
2018-05-02,13381914.0,3158046.0,7100048.0,10295042.0,1047583.0,14211445.0,6754394.0,12887066.0,3975516.0,16690653.0
2018-05-03,8634812.0,3761550.0,4152772.0,5332230.0,1243694.0,14724116.0,4124205.0,12939642.0,1278892.0,9727173.0
2018-05-04,8302649.0,2347244.0,6881436.0,6023368.0,586841.0,11861951.0,15994662.0,12777310.0,1274703.0,11324148.0
2018-05-07,7683268.0,3484426.0,5264128.0,4638960.0,887065.0,19673100.0,6553080.0,15122614.0,1250082.0,6725168.0
2018-05-08,10792648.0,2992820.0,7100564.0,5718556.0,906975.0,87176185.0,3955811.0,23293920.0,1604486.0,6842664.0
2018-05-09,9831044.0,2615050.0,4327332.0,3783504.0,759263.0,20140490.0,9019801.0,11429823.0,1270004.0,4376684.0
2018-05-10,8781584.0,3858678.0,7171672.0,3182862.0,932116.0,16239386.0,9023511.0,13160967.0,1262157.0,5890656.0
2018-05-11,8774740.0,2627876.0,6057068.0,3311706.0,591179.0,16671145.0,25555353.0,11958589.0,1033691.0,4042002.0
2018-05-14,5642499.0,2433894.0,4742916.0,4432094.0,1479249.0,10425585.0,9823967.0,18673849.0,1265158.0,6728839.0
2018-05-15,10501479.0,1952890.0,9826684.0,5611974.0,3239290.0,16400700.0,7078344.0,18026861.0,1824434.0,8077078.0
2018-05-16,18840763.0,1648450.0,6841604.0,6205004.0,2420630.0,25515791.0,6766242.0,17222004.0,1491335.0,18758524.0
2018-05-17,10353948.0,2968048.0,6615476.0,9519598.0,2082393.0,10668400.0,9999816.0,11721064.0,1833028.0,11169294.0
2018-05-18,11440117.0,1874996.0,5217460.0,7139660.0,2041908.0,17469524.0,12433574.0,11873041.0,2070654.0,16016090.0
2018-05-21,14491208.0,3446178.0,4848108.0,8475320.0,1510806.0,23155638.0,5482372.0,18780730.0,2047129.0,8909610.0
2018-05-22,11310073.0,1857416.0,3960372.0,5636804.0,1137466.0,11284988.0,7236788.0,68713602.0,1375132.0,4913188.0
2018-05-23,9991028.0,1507298.0,5726292.0,9538442.0,891664.0,15887229.0,6604278.0,71202072.0,1851368.0,8195839.0
2018-05-24,11632489.0,2962316.0,4520744.0,9740570.0,915840.0,11489424.0,4997302.0,34679642.0,1482329.0,6524303.0
2018-05-25,17782410.0,3769772.0,4759588.0,8901438.0,968884.0,13541580.0,4145304.0,22317308.0,1696915.0,9600297.0
2018-05-28,11369679.0,3716798.0,5103940.0,5739794.0,563972.0,19063427.0,6609989.0,18959368.0,2127978.0,7266559.0
2018-05-29,17878384.0,3525312.0,3351244.0,3388934.0,944652.0,12969969.0,3858054.0,16107543.0,6814062.0,9171106.0
2018-05-30,13105124.0,3779106.0,4866996.0,6323066.0,1089156.0,25142319.0,3737750.0,19320209.0,2286366.0,8313920.0
2018-05-31,37080158.0,5049371.0,39639192.0,19720340.0,3315162.0,23698686.0,11979616.0,31935892.0,2930988.0,13721531.0
2018-06-01,19174278.0,1603856.0,21151356.0,4998356.0,1444570.0,29675949.0,4548210.0,16574717.0,2234018.0,6862252.0
2018-06-04,12250151.0,1681483.0,88796324.0,4270156.0,857157.0,17188567.0,3958335.0,12933824.0,1346919.0,8291604.0
2018-06-05,17436812.0,2449568.0,17105460.0,4710862.0,1531015.0,12376050.0,5535807.0,14102731.0,1905926.0,6011246.0
2018-06-06,9164022.0,2236512.0,9782000.0,4038184.0,1085135.0,16873633.0,5566018.0,18315171.0,1581905.0,7577818.0
2018-06-07,14999572.0,2414762.0,10563896.0,6676226.0,1479204.0,20297969.0,4036551.0,18773700.0,2272271.0,7059595.0
2018-06-08,14289325.0,2582138.0,6180888.0,6459878.0,760059.0,11340014.0,4298662.0,14096549.0,2483519.0,7030323.0
2018-06-11,15018718.0,2179378.0,7091188.0,5171290.0,905198.0,16876061.0,6040503.0,18219428.0,1417401.0,8903144.0
2018-06-12,16285583.0,4608875.0,5234256.0,7839820.0,1707972.0,14257648.0,6132581.0,31358021.0,1853562.0,8774931.0
2018-06-13,12962502.0,5370983.0,7897960.0,5766928.0,845842.0,10927770.0,7432828.0,26748300.0,1253808.0,8118945.0
2018-06-14,11997529.0,3819998.0,16927576.0,7598848.0,1348038.0,11400592.0,5218952.0,18513730.0,1325652.0,9522749.0
2018-06-15,24705890.0,9183574.0,10880816.0,19957760.0,2101892.0,47186222.0,6339567.0,16949917.0,2660969.0,11231098.0
2018-06-18,12363932.0,4674987.0,7487404.0,8214846.0,846403.0,27792317.0,3120256.0,13542420.0,951701.0,6522996.0
2018-06-19,13881382.0,3245034.0,10981152.0,7545700.0,1118708.0,27176748.0,3962117.0,20726975.0,1607343.0,7618626.0
2018-06-20,15735681.0,3107695.0,9051712.0,5371802.0,1535703.0,20364143.0,2785850.0,14002946.0,2207289.0,9907628.0
2018-06-21,22988909.0,2910659.0,13510704.0,5798790.0,1185462.0,30192796.0,4261882.0,12954943.0,2161971.0,7412366.0
2018-06-22,35370008.0,2949458.0,7848980.0,4343118.0,1098709.0,17490606.0,3404583.0,20784133.0,3364048.0,17468481.0
2018-06-25,11369371.0,2083217.0,6992336.0,7731178.0,1082199.0,15461874.0,3337617.0,10934401.0,1622133.0,14142177.0
2018-06-26,17649122.0,4679712.0,9161932.0,4483504.0,759142.0,11614686.0,4792013.0,16867009.0,2003243.0,10475574.0
2018-06-27,19595831.0,4081208.0,19126804.0,6952142.0,2251405.0,25318055.0,3786049.0,16277655.0,2332129.0,10423520.0
2018-06-28,18770484.0,4888125.0,37533540.0,10996818.0,1177218.0,34197884.0,6498784.0,21349738.0,4677061.0,15200725.0
2018-06-29,17425606.0,3506276.0,19458120.0,9966600.0,1722592.0,20930477.0,3820380.0,16244724.0,2324572.0,11327082.0
2018-07-02,14570004.0,2650290.0,9864876.0,4830144.0,1099574.0,69733139.0,4872211.0,21896701.0,3832519.0,18794988.0
2018-07-03,11084063.0,3242233.0,6863100.0,8127452.0,1381265.0,14020388.0,3092637.0,16099030.0,2096700.0,10784961.0
2018-07-04,10938521.0,2700614.0,6097992.0,5025722.0,1244751.0,8233522.0,4355428.0,14206935.0,1842579.0,8184810.0
2018-07-05,40946479.0,2472571.0,9735968.0,17019902.0,1449303.0,7505990.0,7104382.0,11215032.0,2006459.0,16069118.0
2018-07-06,20039239.0,3713781.0,8121344.0,11215356.0,1458899.0,26025797.0,8008826.0,16174019.0,2064484.0,13434995.0
2018-07-09,11309207.0,6151747.0,6182296.0,6644998.0,773248.0,18374471.0,5248262.0,13220744.0,2021357.0,10158808.0
2018-07-10,22846197.0,5303302.0,10950736.0,5974488.0,1093651.0,14450561.0,1879352.0,11487165.0,1923397.0,11928591.0
2018-07-11,18953870.0,22903802.0,5857920.0,11899832.0,1158397.0,12717543.0,2085140.0,12857179.0,1326221.0,11800272.0
2018-07-12,52736376.0,6921701.0,8020668.0,13272240.0,1471465.0,15837704.0,2299214.0,10642215.0,2777124.0,10284221.0
2018-07-13,39301408.0,4148185.0,7161188.0,19496158.0,976456.0,19159840.0,5311215.0,11976239.0,2360493.0,19306087.0
2018-07-16,14427529.0,2582159.0,9017336.0,35344680.0,2218046.0,29794402.0,3618410.0,8965623.0,1593400.0,10676970.0
2018-07-17,14150770.0,3315492.0,6361924.0,11161690.0,6188478.0,15128995.0,5420158.0,16067598.0,1598278.0,10419746.0
2018-07-18,10241565.0,2013869.0,17460272.0,6919016.0,2372869.0,22908592.0,5322210.0,17641125.0,1855985.0,7321779.0
2018-07-19,11885426.0,1746318.0,5304776.0,5118864.0,1457149.0,15145144.0,5027938.0,9958284.0,1468552.0,9301711.0
2018-07-20,17538801.0,1934995.0,10006964.0,11705738.0,1734748.0,13794388.0,4212334.0,6120163.0,1937969.0,6825663.0
2018-07-23,12779803.0,2086201.0,16880132.0,7675702.0,1382893.0,16917863.0,4145242.0,17013119.0,1229445.0,27059765.0
2018-07-24,9775749.0,2038423.0,5208792.0,6172246.0,1084438.0,12012225.0,4350541.0,9320281.0,4071039.0,12577993.0
2018-07-25,13014255.0,1535492.0,7038616.0,6936922.0,1526620.0,17947377.0,5175174.0,13099277.0,2254936.0,13814116.0
2018-07-26,14053674.0,3503036.0,21281092.0,7362218.0,2088548.0,36630780.0,3816677.0,53496546.0,7489743.0,21495638.0
2018-07-27,14610585.0,2033977.0,10554596.0,6493232.0,1030665.0,30926969.0,9016962.0,32175436.0,1785314.0,78783846.0
2018-07-30,30344461.0,1579251.0,7169120.0,6409970.0,1237254.0,56119080.0,7476176.0,40949610.0,3090391.0,17738557.0
2018-07-31,30350826.0,2204803.0,8860944.0,7943996.0,1877744.0,20824059.0,8096298.0,36510328.0,2304148.0,15124149.0
2018-08-01,21227054.0,2425180.0,6071560.0,4675706.0,1191134.0,15581508.0,9444961.0,33885474.0,1924210.0,15187911.0
2018-08-02,13668930.0,1509287.0,8905704.0,5940742.0,1127209.0,14089168.0,6186750.0,15665209.0,1415162.0,10226827.0
2018-08-03,14536058.0,1505131.0,13604008.0,3970390.0,758933.0,14478297.0,3647704.0,18254462.0,1279748.0,12950643.0
2018-08-06,8785462.0,1532249.0,5744632.0,6178930.0,1629015.0,25849864.0,4039536.0,31576923.0,842106.0,7979881.0
2018-08-07,8879612.0,1353521.0,7428456.0,7351528.0,863577.0,20751115.0,2430919.0,23928622.0,1458197.0,7465742.0
2018-08-08,17307566.0,1315062.0,9945380.0,3992358.0,1423256.0,17916047.0,3321970.0,20498279.0,1308818.0,6690368.0
2018-08-09,14976885.0,2060297.0,8944408.0,6409524.0,939345.0,76423347.0,12249927.0,46464355.0,1035908.0,9576528.0
2018-08-10,7833494.0,2784105.0,5442940.0,4779520.0,730724.0,36321097.0,4489796.0,111510771.0,1784956.0,15347074.0
2018-08-13,10211072.0,3559575.0,10054252.0,9979746.0,691024.0,15332907.0,4235777.0,58127432.0,1627092.0,10341087.0
2018-08-14,11592139.0,3311765.0,4935964.0,6151320.0,850399.0,15314006.0,3215464.0,25294933.0,2146242.0,12790249.0
2018-08-15,11592139.0,3311765.0,4935964.0,6151320.0,850399.0,15314006.0,3215464.0,25294933.0,2146242.0,12790249.0
2018-08-16,13086024.0,2152065.0,10625160.0,6626774.0,638454.0,37463597.0,3012465.0,31083900.0,2292161.0,19393491.0
2018-08-17,8379864.0,1213731.0,6065328.0,6390408.0,1420289.0,24090696.0,3362891.0,21931134.0,1750983.0,26392504.0
2018-08-20,16639535.0,1587032.0,7811136.0,16101876.0,924623.0,13032778.0,2837782.0,20240462.0,11227838.0,19958265.0
2018-08-21,15923396.0,1376866.0,7776320.0,8361482.0,1169476.0,16009673.0,3451323.0,14139592.0,3057182.0,14143291.0
2018-08-22,15923396.0,1376866.0,7776320.0,8361482.0,1169476.0,16009673.0,3451323.0,14139592.0,3057182.0,14143291.0
2018-08-23,17429373.0,3046791.0,12574552.0,7717182.0,1375102.0,18867868.0,4746745.0,22721004.0,8248115.0,11745180.0
2018-08-24,14550512.0,1570533.0,9714628.0,7053000.0,866648.0,17805968.0,2318341.0,18869585.0,3506532.0,5655583.0
2018-08-27,12188510.0,1532702.0,12574788.0,7012950.0,627163.0,28083933.0,6589318.0,28111768.0,2595682.0,5482067.0
2018-08-28,19018790.0,1987983.0,9973532.0,6496890.0,991764.0,16427306.0,4072000.0,16890236.0,1889337.0,6864300.0
2018-08-29,24230135.0,1525867.0,9873692.0,5646496.0,777922.0,18868248.0,4481303.0,24320824.0,1435495.0,10748094.0
2018-08-30,21545859.0,2408020.0,21827460.0,11507962.0,1586926.0,22349447.0,7796683.0,19935935.0,2288925.0,25934792.0
2018-08-31,33479841.0,2504554.0,15771500.0,10875864.0,1335542.0,19809916.0,8709625.0,18100140.0,3549583.0,18781195.0
2018-09-03,26686176.0,1439711.0,7661608.0,10976328.0,1744229.0,12859450.0,4176986.0,14708076.0,2347852.0,9463966.0
2018-09-04,19333815.0,4420803.0,7130536.0,15370124.0,3852609.0,15470215.0,3202349.0,42859084.0,1517216.0,11615187.0
2018-09-05,22584608.0,1681106.0,5641508.0,8658978.0,2693195.0,14548867.0,6639329.0,22922686.0,2413590.0,10529696.0
2018-09-06,24487897.0,2238097.0,10402412.0,5598659.0,2008264.0,11322771.0,2611929.0,18001336.0,1586350.0,7902786.0
2018-09-07,23389269.0,1312182.0,5919300.0,6510605.0,1571003.0,16435004.0,5463110.0,23716678.0,1307928.0,7465327.0
2018-09-10,15440786.0,1530539.0,8598592.0,5629871.0,1423511.0,16673909.0,5613805.0,23354395.0,1228247.0,10006954.0
2018-09-11,23787332.0,3679745.0,18186536.0,6963561.0,2381214.0,13005562.0,5815679.0,28361400.0,1617176.0,27008217.0
2018-09-12,17642490.0,2307661.0,12246008.0,4636617.0,1789295.0,15263406.0,4065958.0,22717796.0,1319469.0,20171661.0
2018-09-13,17642490.0,2307661.0,12246008.0,4636617.0,1789295.0,15263406.0,4065958.0,22717796.0,1319469.0,20171661.0
2018-09-14,17233514.0,3642038.0,10334672.0,7896514.0,1920969.0,10736693.0,3596796.0,15149585.0,1462192.0,13317349.0
2018-09-17,14773803.0,1033857.0,9338220.0,5427054.0,904395.0,7227361.0,3424364.0,16089996.0,912431.0,6049990.0
2018-09-18,16660044.0,1456507.0,9325736.0,7729732.0,2932792.0,14825218.0,2955053.0,33901000.0,1501479.0,8515415.0
2018-09-19,24642640.0,1301268.0,16712264.0,4849498.0,1589108.0,15942065.0,2182182.0,40759431.0,867001.0,6387203.0
2018-09-20,24642640.0,1301268.0,16712264.0,4849498.0,1589108.0,15942065.0,2182182.0,40759431.0,867001.0,6387203.0
2018-09-21,41713856.0,4508530.0,22610148.0,14350769.0,3032792.0,34169460.0,6106651.0,39308482.0,2309530.0,16966413.0
2018-09-24,22098277.0,3032226.0,13390792.0,8637881.0,1817390.0,24382310.0,7884016.0,24633374.0,2425415.0,15009283.0
2018-09-25,21250513.0,2868778.0,16682552.0,9602273.0,1229970.0,30472132.0,6854558.0,28948831.0,2684511.0,13785151.0
2018-09-26,13992341.0,1970951.0,14726724.0,6599606.0,980726.0,23224979.0,4398347.0,23951904.0,2846089.0,20657879.0
2018-09-27,23642923.0,3311802.0,18352208.0,14592616.0,1572603.0,24888615.0,4483893.0,24829383.0,3847372.0,12550275.0
2018-09-28,24220992.0,2904371.0,14460716.0,7490031.0,1735076.0,26289107.0,12408231.0,33803139.0,4301355.0,25554548.0
2018-10-01,16039441.0,3772208.0,12449588.0,8252398.0,1721675.0,21104376.0,10867591.0,17711738.0,4955435.0,9373133.0
2018-10-02,16039441.0,3772208.0,12449588.0,8252398.0,1721675.0,21104376.0,10867591.0,17711738.0,4955435.0,9373133.0
2018-10-03,16135428.0,3902322.0,15332148.0,7792464.0,1213562.0,19105555.0,7389608.0,19714943.0,4302314.0,7861709.0
2018-10-04,50774608.0,4762419.0,17970584.0,6173037.0,1544573.0,56268976.0,8969681.0,17754204.0,7398229.0,8417940.0
2018-10-05,47998260.0,3417624.0,15729180.0,8543578.0,1638027.0,36131946.0,7954131.0,36628643.0,4206887.0,18301682.0
2018-10-08,53983473.0,2010154.0,20128020.0,7259306.0,1998863.0,20488368.0,10015308.0,21100804.0,3957900.0,17063274.0
2018-10-09,24042005.0,1867130.0,12459364.0,6777212.0,1562134.0,14852835.0,9499251.0,16010883.0,2559815.0,10946626.0
2018-10-10,20784941.0,2749573.0,15939932.0,8866251.0,2294071.0,23972064.0,11334821.0,31772330.0,4134413.0,11921765.0
2018-10-11,28926389.0,4700256.0,14359904.0,10985897.0,1823960.0,21691068.0,5194191.0,46291120.0,3942878.0,11018554.0
2018-10-12,19814528.0,9373289.0,9600320.0,8909221.0,1728063.0,25930022.0,9995231.0,42967696.0,2773440.0,13942941.0
2018-10-15,19406012.0,2638151.0,12585968.0,6222176.0,3913322.0,23756416.0,2892892.0,21965859.0,2945137.0,18623988.0
2018-10-16,16358598.0,2815425.0,9406004.0,11588963.0,1374834.0,18042549.0,3341220.0,33597068.0,2336499.0,12325066.0
2018-10-17,27967162.0,2779207.0,7940796.0,20360697.0,1223188.0,20203287.0,4302545.0,21631573.0,1746801.0,15896854.0
2018-10-18,27967162.0,2779207.0,7940796.0,20360697.0,1223188.0,20203287.0,4302545.0,21631573.0,1746801.0,15896854.0
2018-10-19,55606079.0,3428776.0,9867348.0,10421001.0,932433.0,18322589.0,4139025.0,28474307.0,2006965.0,8341467.0
2018-10-22,28798142.0,1778496.0,20331160.0,6672840.0,614209.0,33593953.0,7247010.0,19933462.0,1452784.0,12965700.0
2018-10-23,23128845.0,2752811.0,19428564.0,9041701.0,989355.0,21509920.0,7364748.0,20206307.0,2109820.0,11261603.0
2018-10-24,29869514.0,2735913.0,18072336.0,7058164.0,690618.0,33104174.0,13531404.0,25636533.0,1484693.0,9024700.0
2018-10-25,30833933.0,2507233.0,29847056.0,8270469.0,2397242.0,26920180.0,16981629.0,33066232.0,3063065.0,9953333.0
2018-10-26,20085933.0,2285970.0,15155712.0,5464141.0,1049382.0,22952163.0,8719999.0,20543437.0,1101325.0,22302628.0
2018-10-29,16781215.0,2609483.0,17044280.0,7137446.0,1478828.0,80069836.0,6271130.0,37768359.0,2140956.0,11779416.0
2018-10-30,19263668.0,2404883.0,13828704.0,8793411.0,1366068.0,34460428.0,5334354.0,33401683.0,1957735.0,7110853.0
2018-10-31,35999348.0,2769190.0,23449404.0,11947995.0,1478902.0,31233009.0,8163543.0,28137370.0,3117499.0,14021856.0
2018-11-01,20552752.0,2769759.0,19629052.0,5860244.0,1037308.0,22157128.0,5268238.0,29144808.0,8903105.0,9816770.0
2018-11-02,36739798.0,1818635.0,30092868.0,6654067.0,1332970.0,26714413.0,4910534.0,27760214.0,2665756.0,12093152.0
2018-11-05,16585905.0,1713366.0,5705296.0,5799426.0,764645.0,22873951.0,4841471.0,44619891.0,1457946.0,7665505.0
2018-11-06,18886485.0,1398710.0,8485588.0,6975525.0,656676.0,21349153.0,2943744.0,40688243.0,1616734.0,10142476.0
2018-11-07,2808599.0,144530.0,958760.0,758956.0,114827.0,2074764.0,307017.0,3312160.0,255086.0,994001.0
2018-11-08,2808599.0,144530.0,958760.0,758956.0,114827.0,2074764.0,307017.0,3312160.0,255086.0,994001.0
2018-11-09,23712291.0,2570479.0,10101620.0,9694143.0,1125863.0,15130936.0,9425801.0,19201007.0,1247358.0,15613827.0
2018-11-12,12690610.0,2552008.0,7907764.0,7118080.0,805817.0,10642857.0,6792319.0,24044907.0,2174698.0,7318920.0
2018-11-13,14899604.0,1418432.0,13350420.0,4137808.0,673435.0,17684864.0,4317488.0,25633628.0,2068670.0,6958821.0
2018-11-14,17034346.0,2422318.0,26110636.0,7323026.0,1780843.0,31774158.0,5418605.0,52674807.0,1364551.0,7182329.0
2018-11-15,14943663.0,1829123.0,10392524.0,5513390.0,997169.0,21967798.0,4493893.0,18445463.0,2890196.0,12621945.0
2018-11-16,24131016.0,1829729.0,15813216.0,8583785.0,1071547.0,29972926.0,25046229.0,24805910.0,1732865.0,13122152.0
2018-11-19,15987574.0,1740628.0,12286428.0,6018930.0,910054.0,16002154.0,13062401.0,13799970.0,1932311.0,17364041.0
2018-11-20,12511640.0,1190182.0,5705168.0,5384830.0,740827.0,19591217.0,11910774.0,12900924.0,1889461.0,8096904.0
2018-11-21,16422494.0,3840461.0,6545604.0,14359086.0,932133.0,29323882.0,9406787.0,16167419.0,1320423.0,5867663.0
2018-11-22,12670591.0,3194219.0,12974552.0,6632975.0,808599.0,12547369.0,9903933.0,12066797.0,1723570.0,6937634.0
2018-11-23,12670591.0,3194219.0,12974552.0,6632975.0,808599.0,12547369.0,9903933.0,12066797.0,1723570.0,6937634.0
2018-11-26,13969873.0,4333177.0,18184436.0,15075209.0,2314140.0,20673027.0,6623860.0,16846820.0,2630117.0,9292657.0
2018-11-27,14896607.0,3344839.0,12895440.0,12285851.0,1592918.0,17933339.0,7734474.0,21242956.0,1956946.0,7146777.0
2018-11-28,17507771.0,5313249.0,13021108.0,17719890.0,1205956.0,18163000.0,10180878.0,19837609.0,1390580.0,9197861.0
2018-11-29,27640198.0,4035441.0,31908636.0,13399070.0,1936534.0,38692771.0,9217365.0,27919104.0,2816724.0,14183469.0
2018-11-30,23443212.0,5268901.0,13040924.0,10445773.0,2373749.0,21893877.0,6595578.0,17583510.0,2018571.0,8972623.0
2018-12-03,12182825.0,1610576.0,10799856.0,8260890.0,4310053.0,23427270.0,3368628.0,15772176.0,1115862.0,8895477.0
2018-12-04,11358720.0,3270615.0,8157420.0,7827923.0,3155914.0,18651442.0,7156660.0,11897307.0,1061729.0,6548740.0
2018-12-05,12729759.0,2501539.0,11798844.0,5177288.0,2847336.0,12068267.0,5027352.0,14893748.0,1582751.0,11894383.0
2018-12-06,12831451.0,2321216.0,11730252.0,8039771.0,2399579.0,17784829.0,6566491.0,11083451.0,1574405.0,10055005.0
2018-12-07,15779984.0,1680420.0,9903920.0,5553948.0,1774240.0,14979672.0,5298884.0,10165275.0,1185686.0,8415885.0
2018-12-10,20521072.0,2010786.0,10915056.0,5121196.0,1216028.0,14107881.0,5748768.0,11947887.0,1657418.0,6940479.0
2018-12-11,29518062.0,2942014.0,18905780.0,7120933.0,2237806.0,36885929.0,9994368.0,30927239.0,2302505.0,10633126.0
2018-12-12,27572962.0,2219993.0,11370488.0,6926183.0,1449484.0,24740214.0,10299827.0,21765939.0,1751549.0,10473073.0
2018-12-13,20337275.0,3748429.0,7064236.0,7521474.0,1586900.0,19129928.0,7666679.0,24097152.0,1863210.0,16430755.0
2018-12-14,15795834.0,2473761.0,6158284.0,9560576.0,1573884.0,12104234.0,22730782.0,12156361.0,2189734.0,8925774.0
2018-12-17,11077711.0,1227921.0,8437324.0,4778465.0,1179613.0,18378122.0,6809035.0,12728014.0,1610515.0,12703296.0
2018-12-18,12841994.0,1768742.0,7413968.0,8021298.0,1521255.0,15405953.0,6272518.0,13606582.0,1568498.0,9172963.0
2018-12-19,16118419.0,2498833.0,9009896.0,8295459.0,1687085.0,19442031.0,5789644.0,26124125.0,2073536.0,13639278.0
2018-12-20,12609700.0,1940277.0,7980476.0,11705260.0,1500656.0,12109613.0,5987582.0,19222232.0,2782410.0,5155693.0
2018-12-21,18115814.0,3729956.0,10220308.0,12802132.0,1439522.0,13555416.0,12363968.0,15777301.0,1975704.0,7079146.0
2018-12-24,9065704.0,1864116.0,5601488.0,8379825.0,1023418.0,9025217.0,5225655.0,12048877.0,1390194.0,8869498.0
2018-12-25,9065704.0,1864116.0,5601488.0,8379825.0,1023418.0,9025217.0,5225655.0,12048877.0,1390194.0,8869498.0
2018-12-26,15771193.0,2446614.0,7601916.0,6178552.0,2212019.0,8695108.0,8367166.0,12684324.0,1712084.0,8821251.0
2018-12-27,27294221.0,4968201.0,11639868.0,15333902.0,1516851.0,10122458.0,8764732.0,15304564.0,1872745.0,11881735.0
2018-12-28,16768547.0,2239130.0,9415612.0,4736598.0,963189.0,13004606.0,5184819.0,12876558.0,1918767.0,13702437.0
2018-12-31,15799099.0,1879740.0,5866528.0,3373319.0,757071.0,7314108.0,4210832.0,9526067.0,1487860.0,5662393.0
2019-01-01,9746670.0,1094883.0,6373440.0,2943390.0,807345.0,7759872.0,6117146.0,11837127.0,786846.0,2586466.0
2019-01-02,15628818.0,2100463.0,8134232.0,7416655.0,1598707.0,18243156.0,6218991.0,25559853.0,2058504.0,10316782.0
2019-01-03,16288287.0,2611668.0,12771664.0,6827249.0,1182624.0,12884409.0,6230813.0,17548347.0,2290756.0,6350450.0
2019-01-04,18516544.0,4280862.0,7287120.0,7889310.0,1454134.0,22896026.0,11361086.0,19514041.0,2711485.0,8105747.0
2019-01-07,12060290.0,1856423.0,5387012.0,8046340.0,909032.0,12719847.0,5511088.0,14579399.0,1851513.0,10133320.0
2019-01-08,12304389.0,1691756.0,8343460.0,8621545.0,1262707.0,21501136.0,7194973.0,22949961.0,1437271.0,7768619.0
2019-01-09,12614237.0,2414376.0,8568628.0,18130292.0,1324628.0,21730142.0,8018192.0,21109911.0,1413005.0,12651287.0
2019-01-10,8925160.0,3053461.0,7691540.0,9572493.0,1313981.0,14497154.0,5748158.0,16295468.0,1063647.0,10684824.0
2019-01-11,14139060.0,9209862.0,6408040.0,12281903.0,1113837.0,12537973.0,5922578.0,12702551.0,2489197.0,17419014.0
2019-01-14,8994060.0,3615370.0,4855160.0,19312937.0,1018068.0,14844029.0,3674704.0,10372933.0,3080984.0,6646635.0
2019-01-15,22011407.0,7711653.0,5087556.0,19671304.0,1614600.0,12960779.0,5706902.0,9444374.0,3079248.0,7490965.0
2019-01-16,13961606.0,2359280.0,5252452.0,9658944.0,2054033.0,15106484.0,7705383.0,12111480.0,2454470.0,8083821.0
2019-01-17,16379077.0,2625816.0,8240228.0,6903771.0,1941204.0,13171721.0,4569576.0,15974634.0,1610419.0,11009380.0
2019-01-18,56181172.0,1683728.0,5207976.0,5902151.0,3234056.0,12212121.0,16359865.0,9082501.0,2135781.0,11418250.0
2019-01-21,48206814.0,2409803.0,17561512.0,8129422.0,1628067.0,8908581.0,8621248.0,10188647.0,8813681.0,8519267.0
2019-01-22,36207430.0,2457093.0,8796976.0,6723375.0,1776472.0,14756076.0,8770625.0,11297989.0,2544978.0,10727385.0
2019-01-23,19313542.0,2578169.0,7624288.0,7212099.0,2321782.0,9726450.0,5617992.0,10304608.0,1821323.0,41735950.0
2019-01-24,28775487.0,1962927.0,10111572.0,7429783.0,1350870.0,17521254.0,10389592.0,11532528.0,1654706.0,29105831.0
2019-01-25,18703992.0,2327080.0,11262236.0,5543112.0,1131790.0,22978238.0,6040052.0,11121223.0,3136788.0,9240591.0
2019-01-28,18744303.0,2769033.0,15360436.0,7944693.0,1289774.0,34362360.0,4546062.0,18905470.0,8004136.0,9338450.0
2019-01-29,20405845.0,2557626.0,14762788.0,6760819.0,1319822.0,20738442.0,3210022.0,17435611.0,3685535.0,7267917.0
2019-01-30,17164298.0,2429575.0,18514160.0,5763026.0,1259978.0,39400056.0,6553462.0,18908654.0,2385425.0,10852162.0
2019-01-31,22279301.0,4094319.0,16579404.0,13825233.0,1880257.0,85917249.0,9493241.0,25546487.0,5852257.0,15937442.0
2019-02-01,20187323.0,3064163.0,15654188.0,6276585.0,2342251.0,25605469.0,9243929.0,60015958.0,2515736.0,19060690.0
2019-02-04,25528059.0,1590764.0,7938288.0,3945391.0,1116390.0,17039321.0,3895812.0,20642919.0,2308931.0,6289877.0
2019-02-05,20479210.0,1111404.0,8690288.0,4694366.0,1278708.0,12197271.0,14678663.0,13291133.0,1447400.0,10205529.0
2019-02-06,20586783.0,1789812.0,10875684.0,5880482.0,859789.0,15396216.0,5202682.0,12149759.0,2034886.0,8409442.0
2019-02-07,20150710.0,1339945.0,7217308.0,3961797.0,927434.0,10247434.0,3852519.0,19733315.0,1556295.0,6177040.0
2019-02-08,14230054.0,1684474.0,12235644.0,5915169.0,1222765.0,9308651.0,3413931.0,19781908.0,2993525.0,4575570.0
2019-02-11,16457901.0,1778730.0,7036364.0,5500216.0,797453.0,9419635.0,3303611.0,15420017.0,2981408.0,10335615.0
2019-02-12,13998153.0,2422903.0,9772388.0,7310690.0,990035.0,14924394.0,2226134.0,15326106.0,1571390.0,7624089.0
2019-02-13,13998153.0,2422903.0,9772388.0,7310690.0,990035.0,14924394.0,2226134.0,15326106.0,1571390.0,7624089.0
2019-02-14,14496604.0,1724085.0,7441388.0,4610535.0,1341658.0,15172596.0,8573394.0,26372671.0,6974738.0,10378675.0
2019-02-15,20994460.0,1930065.0,8416524.0,5586389.0,1177218.0,20316848.0,6727458.0,23366091.0,3620228.0,38998388.0
2019-02-18,21106139.0,2942184.0,7138744.0,5346825.0,1513430.0,10601490.0,4440252.0,14781744.0,2186849.0,42232590.0
2019-02-19,13658461.0,4408554.0,5268636.0,9401334.0,1598381.0,14384763.0,7593977.0,19064306.0,2389086.0,35777932.0
2019-02-20,13776558.0,4645778.0,4892500.0,5210675.0,1430235.0,9474758.0,6216966.0,15514595.0,2433082.0,6208106.0
2019-02-21,23142949.0,4683919.0,5261544.0,7202786.0,1225418.0,18631331.0,5805770.0,13760702.0,2392129.0,7264425.0
2019-02-22,19152470.0,2271955.0,8890708.0,3750833.0,1360163.0,10997730.0,6199607.0,12536918.0,2390188.0,9100951.0
2019-02-25,17176522.0,2934880.0,8140596.0,6547552.0,1490746.0,10344411.0,4154758.0,20793897.0,5873730.0,31204722.0
2019-02-26,22160532.0,6453309.0,9607428.0,8319610.0,2190515.0,18096382.0,5562215.0,15274303.0,2417931.0,12233273.0
2019-02-27,24308835.0,4732082.0,7030092.0,5936354.0,1491740.0,17325417.0,4527145.0,20571652.0,3555914.0,13634026.0
2019-02-28,24688859.0,8454295.0,11645376.0,8559921.0,1895136.0,18347113.0,7687680.0,31636468.0,9321535.0,44873000.0
2019-03-01,17329606.0,4148548.0,9352928.0,3998826.0,761115.0,14190221.0,29577827.0,20024726.0,2831577.0,9170950.0
2019-03-04,17329606.0,4148548.0,9352928.0,3998826.0,761115.0,14190221.0,29577827.0,20024726.0,2831577.0,9170950.0
2019-03-05,15577500.0,2449622.0,11837276.0,4826505.0,1406843.0,17638277.0,11396759.0,21533972.0,3948051.0,14103324.0
2019-03-06,26332276.0,2635047.0,8458044.0,6076668.0,2193045.0,31436190.0,7093395.0,22161376.0,2776738.0,20817638.0
2019-03-07,17738092.0,2539884.0,10204852.0,5951551.0,1566441.0,15355303.0,6466583.0,14899105.0,6207580.0,14837761.0
2019-03-08,13211934.0,2031071.0,7053460.0,7193994.0,1419614.0,16143455.0,4441514.0,19943319.0,4868283.0,13169854.0
2019-03-11,21258869.0,3111689.0,9224108.0,9932198.0,1427771.0,11449587.0,17059011.0,22931245.0,2661353.0,15287916.0
2019-03-12,24561597.0,2658550.0,15097292.0,11997387.0,1861116.0,37108265.0,30070085.0,20828136.0,6631152.0,14686757.0
2019-03-13,24577591.0,1833163.0,57166348.0,11348867.0,1744331.0,19574619.0,13993813.0,23725641.0,2241672.0,11496644.0
2019-03-14,22753310.0,1905495.0,15379864.0,6415187.0,867427.0,13182462.0,6931287.0,16164017.0,1838850.0,10503481.0
2019-03-15,34764353.0,5184318.0,12763088.0,14638664.0,3571762.0,31466545.0,11536718.0,37928480.0,5723980.0,22219476.0
2019-03-18,22104063.0,2349915.0,14358720.0,8065544.0,1621113.0,21220626.0,5844953.0,23782967.0,2450686.0,9519926.0
2019-03-19,21448030.0,2373993.0,11957992.0,8917337.0,1456211.0,11670392.0,5639437.0,27218691.0,4053209.0,16363247.0
2019-03-20,21639437.0,3091165.0,11711992.0,13471173.0,2312268.0,14181408.0,3309504.0,18820555.0,3871744.0,16221492.0
2019-03-21,21639437.0,3091165.0,11711992.0,13471173.0,2312268.0,14181408.0,3309504.0,18820555.0,3871744.0,16221492.0
2019-03-22,25078643.0,3148149.0,30403880.0,8883260.0,1636228.0,17409249.0,9113700.0,17865957.0,3788604.0,8378083.0
2019-03-25,17394088.0,2429205.0,9199260.0,7644966.0,2039945.0,12345034.0,5253505.0,16895511.0,1666203.0,8324586.0
2019-03-26,20734876.0,2316539.0,11786848.0,9406261.0,1452899.0,14063632.0,4247229.0,18303791.0,2021089.0,11178168.0
2019-03-27,22079870.0,2266166.0,13885300.0,7387487.0,1520533.0,17950017.0,5951916.0,35956450.0,2558997.0,8757278.0
2019-03-28,22930248.0,4054489.0,19554328.0,9277241.0,1852958.0,23117485.0,13616927.0,63244736.0,3184285.0,18436077.0
2019-03-29,22930248.0,4054489.0,19554328.0,9277241.0,1852958.0,23117485.0,13616927.0,63244736.0,3184285.0,18436077.0
2019-04-01,22088854.0,2095740.0,9647076.0,6584982.0,1283162.0,16106604.0,7080411.0,22372357.0,3842703.0,6442182.0
2019-04-02,17526740.0,3719663.0,10910496.0,7283600.0,1227869.0,13010810.0,22251488.0,27897583.0,2737093.0,10228747.0
2019-04-03,17169813.0,2939886.0,7659452.0,6897127.0,1233102.0,12317200.0,12250809.0,30552104.0,2366304.0,9413878.0
2019-04-04,18320845.0,4397518.0,9211552.0,7688525.0,1212398.0,14521564.0,12168154.0,27832294.0,1980318.0,7233298.0
2019-04-05,14717266.0,3152103.0,8351180.0,6276040.0,1468074.0,10853927.0,3728070.0,23117232.0,2037782.0,8107661.0
2019-04-08,19081843.0,2194294.0,6398132.0,4919911.0,1647502.0,6305407.0,5656181.0,17394139.0,1013017.0,5492542.0
2019-04-09,20774977.0,2690970.0,10777600.0,6730692.0,1232434.0,13206348.0,10073980.0,25556039.0,2209945.0,6413515.0
2019-04-10,16651949.0,3313062.0,108128700.0,7031088.0,1720236.0,14000018.0,4759411.0,19237974.0,2014958.0,5540095.0
2019-04-11,12558520.0,3422442.0,8793300.0,8200995.0,2026954.0,8704774.0,18189273.0,14897935.0,3110225.0,11179559.0
2019-04-12,12948769.0,3198471.0,9170444.0,7043212.0,1437818.0,7035256.0,8349759.0,14751964.0,2751659.0,22658578.0
2019-04-15,9285737.0,9189201.0,10219780.0,31574803.0,1035378.0,9770752.0,10210051.0,13864791.0,1933204.0,13098155.0
2019-04-16,17360317.0,5771952.0,8273776.0,12524411.0,1625738.0,24487788.0,9519380.0,14940726.0,3217456.0,10121522.0
2019-04-17,17360317.0,5771952.0,8273776.0,12524411.0,1625738.0,24487788.0,9519380.0,14940726.0,3217456.0,10121522.0
2019-04-18,39286534.0,3413728.0,10614856.0,13801105.0,1475552.0,18660434.0,16138821.0,15691168.0,2594906.0,9178504.0
2019-04-19,39286534.0,3413728.0,10614856.0,13801105.0,1475552.0,18660434.0,16138821.0,15691168.0,2594906.0,9178504.0
2019-04-22,23607922.0,2007135.0,20980420.0,6455426.0,717781.0,10493872.0,15339393.0,15665440.0,3101477.0,6929432.0
2019-04-23,19807450.0,2163524.0,15282400.0,5516668.0,802947.0,10203957.0,11627154.0,17324274.0,2016454.0,7784732.0
2019-04-24,16101112.0,3003071.0,12354128.0,8285120.0,1169461.0,11397163.0,7161510.0,15228591.0,1753395.0,11888770.0
2019-04-25,30469914.0,4211526.0,18086636.0,8005235.0,1704890.0,16524091.0,11517967.0,30842477.0,2886022.0,24135743.0
2019-04-26,15069884.0,2716958.0,11707568.0,6895168.0,772993.0,14286163.0,5000316.0,14987906.0,1767153.0,4834044.0
2019-04-29,15069884.0,2716958.0,11707568.0,6895168.0,772993.0,14286163.0,5000316.0,14987906.0,1767153.0,4834044.0
2019-04-30,22348580.0,3488395.0,12536836.0,9920046.0,1171594.0,19375553.0,6139942.0,18178758.0,1905624.0,11593138.0
2019-05-01,22348580.0,3488395.0,12536836.0,9920046.0,1171594.0,19375553.0,6139942.0,18178758.0,1905624.0,11593138.0
2019-05-02,18992003.0,2457699.0,17169300.0,6351352.0,793819.0,16572948.0,7925814.0,16640100.0,1985540.0,7781859.0
2019-05-03,14240262.0,3780886.0,12351520.0,6348116.0,1442888.0,24431248.0,9901409.0,12452689.0,1239667.0,6112578.0
2019-05-06,15832114.0,2891422.0,13748092.0,8858265.0,2373878.0,20751521.0,14870120.0,10639216.0,1515052.0,6997113.0
2019-05-07,19417647.0,2201698.0,9924204.0,5747536.0,2212617.0,41519416.0,17735230.0,15219845.0,2596385.0,8989234.0
2019-05-08,31958919.0,1824895.0,12064208.0,6247642.0,1243338.0,22509400.0,4864438.0,22103678.0,1601700.0,8179360.0
2019-05-09,42670173.0,2264162.0,9027724.0,7396525.0,1204995.0,19739885.0,7998137.0,12654440.0,2464425.0,10617358.0
2019-05-10,24557430.0,2039633.0,10594200.0,8352335.0,1000696.0,18361701.0,7855974.0,60739833.0,1466154.0,7170576.0
2019-05-13,17603659.0,1701744.0,11071632.0,6808993.0,1160287.0,13828080.0,6620278.0,40101505.0,3422913.0,37262425.0
2019-05-14,28438234.0,2456110.0,10494744.0,10513001.0,1442817.0,21481226.0,10954653.0,30521436.0,3132767.0,21959611.0
2019-05-15,24419559.0,2346876.0,8956348.0,6668929.0,1235429.0,16183425.0,7782551.0,27932459.0,2054728.0,18583184.0
2019-05-16,14451308.0,1946529.0,8050136.0,6468556.0,714690.0,13430281.0,4591691.0,18147559.0,2058450.0,7637614.0
2019-05-17,17276949.0,1947908.0,14758780.0,8155948.0,1502484.0,19096980.0,4117918.0,25838962.0,2776586.0,11626049.0
2019-05-20,26979100.0,2625116.0,17699632.0,11213708.0,1279236.0,33350816.0,7858379.0,53207071.0,6210427.0,11437612.0
2019-05-21,30343560.0,1863157.0,10325176.0,8645535.0,1337466.0,18286421.0,4316609.0,33457162.0,2961180.0,10923996.0
2019-05-22,24689918.0,2595795.0,11386660.0,5795713.0,1162653.0,15370847.0,6791987.0,32002499.0,3304912.0,14266773.0
2019-05-23,38766006.0,2541294.0,33081996.0,7233736.0,1551172.0,43279956.0,5449864.0,74413322.0,10485813.0,32589058.0
2019-05-24,22269265.0,2274208.0,13692800.0,7016424.0,1603085.0,37708344.0,9756740.0,35703403.0,5626500.0,11298665.0
2019-05-27,16076686.0,2329820.0,12049024.0,10247544.0,1373845.0,23397222.0,4004333.0,31374994.0,6730594.0,9371741.0
2019-05-28,42594251.0,5872979.0,7364840.0,23860490.0,2863139.0,23389724.0,8643505.0,23501608.0,4987068.0,16199349.0
2019-05-29,15558515.0,3281320.0,7475216.0,10293077.0,899619.0,22132254.0,4581547.0,28370210.0,3070738.0,7534947.0
2019-05-30,23494381.0,4971725.0,9359200.0,15089296.0,1038433.0,18281037.0,14152211.0,25712604.0,2675199.0,8989691.0
2019-05-31,25724066.0,4265370.0,19785080.0,8290306.0,1329926.0,24644955.0,11028688.0,32588069.0,3945900.0,27294002.0
2019-06-03,18556942.0,3682419.0,8480860.0,7744761.0,1415582.0,17125380.0,5214139.0,18380919.0,2617068.0,20323304.0
2019-06-04,15442761.0,2408658.0,6442988.0,11733702.0,842283.0,14514451.0,6749428.0,18130636.0,3854101.0,14384170.0
2019-06-05,15442761.0,2408658.0,6442988.0,11733702.0,842283.0,14514451.0,6749428.0,18130636.0,3854101.0,14384170.0
2019-06-06,16764835.0,3735467.0,15634924.0,7563925.0,1626007.0,17762399.0,10510811.0,41941144.0,3268594.0,11071548.0
2019-06-07,14722419.0,2659446.0,7970932.0,3218358.0,698970.0,14107696.0,5879853.0,29739710.0,2572146.0,7995725.0
2019-06-10,11768468.0,2080593.0,7077140.0,4435148.0,814577.0,13074522.0,5992522.0,20500542.0,1608705.0,8947150.0
2019-06-11,11492074.0,3048937.0,7103292.0,5733127.0,591026.0,10939138.0,5668149.0,16281297.0,1745105.0,8787243.0
2019-06-12,10297599.0,2404448.0,7308620.0,8738342.0,709916.0,11136959.0,2868026.0,11564970.0,1495586.0,8565517.0
2019-06-13,15686169.0,3320916.0,11107948.0,4808577.0,697830.0,12164077.0,3839377.0,15509948.0,1828211.0,7475823.0
2019-06-14,14942768.0,2131408.0,11956920.0,5556353.0,632971.0,8601256.0,5170880.0,10347594.0,1854211.0,8212601.0
2019-06-17,14908257.0,1489497.0,12810020.0,3085588.0,669276.0,9539802.0,7087101.0,13779496.0,2048759.0,10398919.0
2019-06-18,16797371.0,1877447.0,12419652.0,6202838.0,995083.0,17761348.0,4977568.0,21957480.0,2098714.0,14378973.0
2019-06-19,14492763.0,1652817.0,10744276.0,4596253.0,600455.0,17010384.0,4008250.0,16416903.0,2140698.0,9394923.0
2019-06-20,10748848.0,2199377.0,11171492.0,7148684.0,603514.0,24315929.0,3563847.0,20626861.0,3483179.0,10973042.0
2019-06-21,23236832.0,3871804.0,13250260.0,13200318.0,2512357.0,13909654.0,9764198.0,24749090.0,3028524.0,19311989.0
2019-06-24,11267228.0,1382424.0,6915000.0,4758178.0,762144.0,8545999.0,3310679.0,17919504.0,1941777.0,9279182.0
2019-06-25,14966899.0,1386077.0,8899800.0,3677911.0,941132.0,12964387.0,2848907.0,15922634.0,2384122.0,12856683.0
2019-06-26,11593027.0,1762224.0,10533636.0,5447130.0,1075017.0,12261068.0,4732848.0,15835579.0,2789166.0,7707084.0
2019-06-27,24905533.0,2813464.0,19879236.0,11122346.0,1235049.0,18787957.0,13137225.0,29658120.0,3763146.0,24205884.0
2019-06-28,18942165.0,2372928.0,12756844.0,5919494.0,1008229.0,13459208.0,8737050.0,22708464.0,3002811.0,8775151.0
2019-07-01,13478857.0,2769940.0,8524160.0,3224968.0,553283.0,6871979.0,3469130.0,12348793.0,1537022.0,5236646.0
2019-07-02,10146746.0,1771746.0,7246828.0,4837606.0,763979.0,7787303.0,3816212.0,14482172.0,1294135.0,10360661.0
2019-07-03,8806492.0,1656881.0,7463256.0,5958379.0,815571.0,10415896.0,8473243.0,12626285.0,2800104.0,18818695.0
2019-07-04,9351405.0,984140.0,7993964.0,3274064.0,646633.0,11810688.0,8565250.0,19252646.0,1981745.0,10071080.0
2019-07-05,10926753.0,4088470.0,7583060.0,4926289.0,1098940.0,12154330.0,6878479.0,30019347.0,3693134.0,38474130.0
2019-07-08,14009219.0,2788062.0,14607140.0,7177092.0,776755.0,12184946.0,3543845.0,27247892.0,4697122.0,12637923.0
2019-07-09,17535754.0,3977224.0,16482688.0,5022638.0,1462668.0,11679067.0,3931858.0,16579914.0,4329323.0,8003290.0
2019-07-10,12018196.0,6343581.0,11569148.0,7573816.0,648476.0,16494282.0,5299464.0,18681819.0,2823544.0,8477115.0
2019-07-11,8608376.0,2400346.0,9097596.0,6252688.0,813618.0,16535185.0,3513505.0,20048321.0,2156264.0,8727346.0
2019-07-12,15692436.0,1560725.0,8976272.0,7874441.0,1107445.0,8824728.0,4750306.0,14661748.0,3495971.0,10872126.0
2019-07-15,10659498.0,2900415.0,8233184.0,31064152.0,725180.0,7825336.0,3524295.0,15665939.0,3950399.0,8865479.0
2019-07-16,10070773.0,2735399.0,12770568.0,9924322.0,1259786.0,12149205.0,3651688.0,16251836.0,3654380.0,6602372.0
2019-07-17,9482233.0,1802969.0,7759736.0,6754348.0,1278232.0,10961022.0,4765414.0,17545177.0,2225647.0,6536611.0
2019-07-18,11942908.0,3072096.0,10802584.0,6534471.0,1006299.0,10651654.0,3711155.0,21691056.0,2342881.0,9447100.0
2019-07-19,16336536.0,1953177.0,8939228.0,6812754.0,983217.0,12260757.0,2517348.0,22213173.0,3199700.0,8294444.0
2019-07-22,29092589.0,1920167.0,22171296.0,7107151.0,1729722.0,17937246.0,3120156.0,19682038.0,2646126.0,14037538.0
2019-07-23,20316348.0,3538588.0,27802864.0,10782564.0,1556691.0,14207080.0,3682410.0,27956145.0,4013444.0,14951457.0
2019-07-24,15189179.0,2413196.0,17363740.0,5745146.0,2621818.0,16505930.0,4840787.0,20823143.0,5434450.0,12537555.0
2019-07-25,21805071.0,2544464.0,19462008.0,9773568.0,1297267.0,16852479.0,7600173.0,19857643.0,4181824.0,18350433.0
2019-07-26,20387504.0,1720592.0,12829828.0,4941763.0,771408.0,17493739.0,5089100.0,16139052.0,3019850.0,4972441.0
2019-07-29,17626045.0,1647090.0,9976492.0,6244316.0,688427.0,46754670.0,5072884.0,17060483.0,1987927.0,5738104.0
2019-07-30,20853117.0,2851672.0,10394136.0,8673253.0,747251.0,23617273.0,12960949.0,24437235.0,2714475.0,13743007.0
2019-07-31,21229950.0,3000677.0,13891840.0,7350584.0,1371879.0,22329888.0,11065547.0,22741445.0,2693653.0,14175457.0
2019-08-01,22628222.0,2375236.0,18241676.0,10066407.0,1072498.0,18269866.0,9957404.0,40853304.0,2774996.0,6153824.0
2019-08-02,23766807.0,2500816.0,27825536.0,10838336.0,1051529.0,30939803.0,28586783.0,64472348.0,2776965.0,9233326.0
2019-08-05,30399133.0,3039682.0,19822440.0,9976238.0,1539739.0,25033370.0,15513355.0,48815899.0,2287548.0,12001827.0
2019-08-06,29067994.0,2885467.0,24890940.0,9331718.0,1409075.0,30665326.0,17339262.0,30442970.0,4152548.0,9770895.0
2019-08-07,25349369.0,2165362.0,18750136.0,5130457.0,2507314.0,20977349.0,12759435.0,30820114.0,2247223.0,8816780.0
2019-08-08,31198568.0,2073298.0,19711600.0,8009009.0,1761732.0,19046657.0,16351434.0,32929233.0,2788577.0,6616227.0
2019-08-09,21970009.0,1744550.0,30436112.0,4362520.0,1730596.0,17664017.0,7844936.0,23377581.0,2419380.0,10309668.0
2019-08-12,21970009.0,1744550.0,30436112.0,4362520.0,1730596.0,17664017.0,7844936.0,23377581.0,2419380.0,10309668.0
2019-08-13,104827144.0,1647281.0,15440068.0,7517099.0,1907934.0,18389104.0,14292351.0,24231272.0,3135817.0,21801393.0
2019-08-14,31688983.0,1945002.0,14254052.0,5940968.0,1910376.0,13307755.0,7813907.0,18523649.0,2798429.0,14340858.0
2019-08-15,31688983.0,1945002.0,14254052.0,5940968.0,1910376.0,13307755.0,7813907.0,18523649.0,2798429.0,14340858.0
2019-08-16,21977767.0,3755507.0,15247560.0,5128088.0,1468390.0,15154141.0,5827109.0,20047399.0,2654524.0,10735480.0
2019-08-19,16317602.0,974884.0,8498200.0,3881451.0,905742.0,12304262.0,4606667.0,19831459.0,2509331.0,13006987.0
2019-08-20,14969299.0,1843611.0,10270592.0,8435344.0,1231835.0,16181488.0,5364922.0,23204417.0,2145169.0,15577976.0
2019-08-21,10677848.0,1214408.0,10472712.0,5926896.0,1933855.0,12868183.0,4122882.0,28226325.0,2361165.0,15303762.0
2019-08-22,14031953.0,2131601.0,13992044.0,5222488.0,2543055.0,18182520.0,3171984.0,27728925.0,3780476.0,10917955.0
2019-08-23,21307915.0,2826425.0,20099616.0,6895015.0,1278546.0,26883695.0,4676421.0,35212444.0,5252370.0,17073495.0
2019-08-26,19202504.0,2345475.0,25280244.0,5412074.0,855849.0,26701988.0,5024254.0,64066440.0,3759248.0,13352257.0
2019-08-27,28401906.0,3432106.0,20660832.0,16061642.0,2510386.0,28793372.0,32805677.0,45164811.0,5431422.0,15089362.0
2019-08-28,11605488.0,1294621.0,13662588.0,5881134.0,2519453.0,12154347.0,5628194.0,18979998.0,2272465.0,9237042.0
2019-08-29,18890222.0,1670652.0,14783716.0,7830413.0,2837369.0,30331105.0,6040518.0,27083514.0,2421312.0,11532941.0
2019-08-30,24735240.0,2583625.0,19233320.0,8174186.0,1766858.0,18314194.0,4855098.0,45702652.0,3715119.0,12225631.0
2019-09-02,24735240.0,2583625.0,19233320.0,8174186.0,1766858.0,18314194.0,4855098.0,45702652.0,3715119.0,12225631.0
2019-09-03,18730619.0,2545060.0,11428676.0,5647088.0,1195923.0,20194305.0,4305439.0,21241863.0,3617815.0,9913882.0
2019-09-04,32949395.0,2228092.0,15060704.0,6199015.0,1147464.0,18614965.0,5241168.0,27309675.0,2786181.0,7303230.0
2019-09-05,22995486.0,2055943.0,17296252.0,7926895.0,1059065.0,25022673.0,3325608.0,25085139.0,2758679.0,8777107.0
2019-09-06,23186819.0,1890550.0,12870004.0,6106841.0,631575.0,17564286.0,6392799.0,16675146.0,1694661.0,9039911.0
2019-09-09,11747929.0,1703945.0,10643404.0,4377870.0,1175372.0,18651819.0,3782198.0,18616889.0,3508361.0,9435127.0
2019-09-10,11747929.0,1703945.0,10643404.0,4377870.0,1175372.0,18651819.0,3782198.0,18616889.0,3508361.0,9435127.0
2019-09-11,12127900.0,2627440.0,15209116.0,7981036.0,1055039.0,17463978.0,4900745.0,20999669.0,2545642.0,9314093.0
2019-09-12,11880005.0,2118859.0,18132300.0,4400017.0,862635.0,19577114.0,5639186.0,21964832.0,2249695.0,8395088.0
2019-09-13,12947715.0,2291174.0,15371340.0,4832021.0,1299932.0,17775449.0,5012583.0,27303181.0,1771658.0,14572355.0
2019-09-16,20547730.0,2597948.0,11030184.0,4846496.0,945889.0,17629622.0,5104088.0,18267680.0,1835805.0,7357494.0
2019-09-17,15640772.0,2796530.0,10656556.0,5540901.0,1424258.0,20793363.0,8486044.0,21533362.0,2210178.0,11083300.0
2019-09-18,14933909.0,1454663.0,12959884.0,3199389.0,751391.0,18477377.0,7631530.0,25478758.0,2081625.0,20724917.0
2019-09-19,13766222.0,1652691.0,10623310.0,6601607.0,644684.0,22647508.0,11891538.0,23387797.0,1808736.0,8810026.0
2019-09-20,48165560.0,6941979.0,46150034.0,22462366.0,4539742.0,75217723.0,15819981.0,84481749.0,9975807.0,66016326.0
2019-09-23,21610844.0,6323401.0,41920410.0,17279260.0,3783357.0,57490445.0,5854791.0,54178171.0,12082820.0,54044544.0
2019-09-24,34958974.0,4620978.0,23379048.0,13717998.0,1784798.0,26639931.0,4811334.0,40096711.0,3831602.0,17828419.0
2019-09-25,18192270.0,4002232.0,15608976.0,9313576.0,1874109.0,19987241.0,4697149.0,73063465.0,2746428.0,21390350.0
2019-09-26,18350457.0,4234281.0,30671560.0,18442824.0,3907951.0,40909369.0,4958745.0,79005946.0,3560962.0,18534981.0
2019-09-27,19058663.0,2046795.0,14873170.0,5087642.0,1458672.0,19432963.0,3416220.0,37851718.0,2167976.0,18211017.0
2019-09-30,25263770.0,2620039.0,18218458.0,8178091.0,2169407.0,27524660.0,19984719.0,41094131.0,2961398.0,21381205.0
2019-10-01,17920384.0,3342877.0,18768352.0,5881438.0,1080409.0,30623906.0,7344343.0,79350077.0,2578275.0,16035574.0
2019-10-02,17920384.0,3342877.0,18768352.0,5881438.0,1080409.0,30623906.0,7344343.0,79350077.0,2578275.0,16035574.0
2019-10-03,13524851.0,2317618.0,16298876.0,5497672.0,1423468.0,23275379.0,5037665.0,56207921.0,1966976.0,12832216.0
2019-10-04,14992253.0,2163251.0,18403632.0,8201713.0,1723988.0,17952697.0,4794009.0,60029186.0,3266487.0,18781574.0
2019-10-07,10061584.0,2177916.0,22513220.0,3679845.0,880275.0,21933703.0,3566103.0,39160623.0,2192329.0,22082491.0
2019-10-08,10061584.0,2177916.0,22513220.0,3679845.0,880275.0,21933703.0,3566103.0,39160623.0,2192329.0,22082491.0
2019-10-09,17588647.0,2066920.0,17427270.0,6335025.0,1066739.0,34533981.0,8848384.0,60328507.0,1818865.0,22332047.0
2019-10-10,35006390.0,2881452.0,11556858.0,10402917.0,1492290.0,19074005.0,48555442.0,37577511.0,1626821.0,25230638.0
2019-10-11,16597126.0,12593069.0,17186318.0,20636344.0,1934337.0,18004922.0,11113337.0,43272106.0,2024214.0,26037798.0
2019-10-14,13394275.0,3510704.0,12267802.0,15150858.0,2135148.0,17211042.0,10930620.0,28265136.0,2220364.0,15280471.0
2019-10-15,9672791.0,2261310.0,8400374.0,13762133.0,5761733.0,14971985.0,8746356.0,23444973.0,1797471.0,10373904.0
2019-10-16,19403660.0,3034082.0,10586816.0,10767032.0,1661705.0,17833051.0,9079900.0,30892295.0,2446615.0,16681940.0
2019-10-17,16038940.0,3818774.0,12243614.0,9860495.0,2001245.0,12452421.0,4877679.0,37061013.0,2304434.0,14175284.0
2019-10-18,28121951.0,3087901.0,11233806.0,10037200.0,2202270.0,15988455.0,4053714.0,33203721.0,3516394.0,13327812.0
2019-10-21,28121951.0,3087901.0,11233806.0,10037200.0,2202270.0,15988455.0,4053714.0,33203721.0,3516394.0,13327812.0
2019-10-22,27786502.0,5552505.0,20006228.0,90152532.0,1737401.0,34966169.0,11570680.0,27574295.0,2858390.0,18979485.0
2019-10-23,18446160.0,2348134.0,10190214.0,60516887.0,1535786.0,25196183.0,13588127.0,31789622.0,2410781.0,13325639.0
2019-10-24,22642488.0,2798671.0,13107494.0,25666433.0,973453.0,23542540.0,74062675.0,63943183.0,3646005.0,17438024.0
2019-10-25,13539957.0,3954245.0,12993542.0,16549337.0,1612038.0,34397573.0,28275934.0,105518180.0,2013793.0,33846376.0
2019-10-28,13539957.0,3954245.0,12993542.0,16549337.0,1612038.0,34397573.0,28275934.0,105518180.0,2013793.0,33846376.0
2019-10-29,25768505.0,5064173.0,14232568.0,16709764.0,1229516.0,33686172.0,36912144.0,51033578.0,3351491.0,12397313.0
2019-10-30,16341366.0,5195136.0,12011366.0,22879467.0,1195298.0,22396012.0,17185921.0,51469048.0,3722066.0,35611812.0
2019-10-31,19463741.0,4879261.0,13217706.0,27405901.0,1752830.0,21198377.0,13034332.0,128449327.0,2210277.0,17296427.0
2019-11-01,13904301.0,4172620.0,11512260.0,9713519.0,1609685.0,13522994.0,13938891.0,44894016.0,2287220.0,13055757.0
2019-11-04,14063434.0,2646411.0,9935176.0,29381982.0,1523698.0,16254715.0,7763797.0,31535656.0,1459894.0,8199342.0
2019-11-05,12685356.0,2693475.0,12367810.0,12897805.0,2167085.0,14952189.0,6766429.0,50080853.0,2401916.0,10674212.0
2019-11-06,14625505.0,2540719.0,12130336.0,21372589.0,1093243.0,24922680.0,8335534.0,32157080.0,2434431.0,9198544.0
2019-11-07,14084039.0,1915598.0,16963034.0,13733737.0,1970785.0,18312032.0,4906572.0,33926772.0,1999085.0,15351749.0
2019-11-08,12019353.0,2788759.0,13251496.0,8585630.0,1537851.0,52207121.0,6094415.0,25423362.0,2217408.0,12357632.0
2019-11-11,11357841.0,2983768.0,14286610.0,6951494.0,1050170.0,24766065.0,2826663.0,20491942.0,2097492.0,7524183.0
2019-11-12,11357841.0,2983768.0,14286610.0,6951494.0,1050170.0,24766065.0,2826663.0,20491942.0,2097492.0,7524183.0
2019-11-13,25225749.0,3823365.0,9293496.0,9973690.0,868433.0,24272664.0,6544841.0,32675829.0,2929404.0,10664859.0
2019-11-14,14258133.0,2995915.0,11055218.0,10539902.0,1291198.0,35396276.0,21487581.0,43617772.0,3000518.0,9222757.0
2019-11-15,15691605.0,2724180.0,9279012.0,7362623.0,958290.0,42074833.0,56210391.0,95199897.0,3409434.0,17386229.0
2019-11-18,14076051.0,1611089.0,9130292.0,7490916.0,1200573.0,22910109.0,43462375.0,39009263.0,2733161.0,8167820.0
2019-11-19,30176255.0,2975313.0,10570578.0,6495885.0,1413218.0,27939336.0,63965674.0,41372145.0,2396206.0,12621028.0
2019-11-20,43538120.0,2894129.0,11054258.0,6142171.0,989673.0,22606112.0,56689066.0,29972583.0,3914075.0,10362358.0
2019-11-21,14897371.0,2052574.0,12019526.0,9692973.0,1397175.0,25745594.0,22595291.0,34116162.0,5719318.0,10793493.0
2019-11-22,22352865.0,3742049.0,7688010.0,14415826.0,835864.0,18462401.0,17090583.0,28974967.0,2363205.0,17000856.0
2019-11-25,15146156.0,2737010.0,7893556.0,7334511.0,862520.0,25692878.0,34112216.0,27561300.0,2956576.0,10994413.0
2019-11-26,35330983.0,6561580.0,8716002.0,27253106.0,3188224.0,286857658.0,23906748.0,36464072.0,4853977.0,20539741.0
2019-11-27,9642739.0,2907521.0,9580666.0,3861635.0,1259986.0,29866539.0,13586924.0,33971305.0,7904745.0,9182137.0
2019-11-28,13747479.0,2924429.0,12366040.0,4837683.0,1026831.0,35706498.0,22352772.0,42538227.0,4503913.0,11416080.0
2019-11-29,18559594.0,2064271.0,15567626.0,4262379.0,1298616.0,13324549.0,20386454.0,23081823.0,2515083.0,10185713.0
2019-12-02,31225364.0,3809860.0,8946204.0,9383736.0,1600494.0,10130049.0,56782244.0,20648850.0,3044008.0,10356741.0
2019-12-03,12990426.0,4664774.0,6991906.0,5239013.0,1199012.0,12795657.0,24319749.0,26482178.0,3068849.0,8442322.0
2019-12-04,20987607.0,3334301.0,11395614.0,7427886.0,1046309.0,30992538.0,16851755.0,26789483.0,10230371.0,12406762.0
2019-12-05,19942460.0,3902721.0,12772494.0,4814422.0,961085.0,32354118.0,17642464.0,30429507.0,6644324.0,11699738.0
2019-12-06,13085234.0,1829461.0,13774650.0,5226096.0,657658.0,24868376.0,11629491.0,47027528.0,3302384.0,10773814.0
2019-12-09,12642677.0,2244747.0,8265350.0,6435865.0,964222.0,12980877.0,8012971.0,52435239.0,3038475.0,6981671.0
2019-12-10,10173333.0,4520045.0,9788900.0,4457939.0,1610623.0,12021443.0,7274085.0,52155809.0,2759100.0,15972570.0
2019-12-11,12364641.0,4943024.0,11054642.0,6043554.0,967708.0,13768156.0,6931352.0,52557951.0,3949135.0,14331297.0
2019-12-12,10326606.0,7137306.0,12913148.0,11112042.0,955318.0,12385216.0,7527779.0,37804216.0,3264836.0,10704007.0
2019-12-13,12668303.0,5711133.0,11775186.0,10302412.0,1212988.0,17884861.0,13320154.0,40955226.0,3655956.0,8521473.0
2019-12-16,11892718.0,5574177.0,11327576.0,5616324.0,1683941.0,13070575.0,7093336.0,35027613.0,3969819.0,12476974.0
2019-12-17,20324601.0,6059673.0,12427354.0,10525565.0,2189167.0,11516163.0,23423482.0,26734601.0,3719446.0,16534369.0
2019-12-18,14742077.0,8251081.0,17447172.0,12215295.0,3986106.0,12906168.0,17986000.0,26449075.0,2961222.0,17794641.0
2019-12-19,20507816.0,6251505.0,13018376.0,7199210.0,2035095.0,12082790.0,14236801.0,27516289.0,1936623.0,9699414.0
2019-12-20,21271510.0,5548338.0,15026044.0,7794167.0,2169685.0,27691592.0,21689127.0,51839714.0,3297390.0,14495913.0
2019-12-23,25107772.0,2247329.0,10195782.0,4975608.0,807062.0,11521942.0,10630886.0,30150335.0,3394916.0,19817033.0
2019-12-24,18048449.0,1805896.0,7179208.0,2890759.0,790621.0,6715007.0,6974012.0,21747782.0,1803814.0,8200254.0
2019-12-25,18048449.0,1805896.0,7179208.0,2890759.0,790621.0,6715007.0,6974012.0,21747782.0,1803814.0,8200254.0
2019-12-26,29761019.0,1880367.0,14949758.0,3821806.0,862164.0,7831074.0,5997570.0,24616942.0,3723801.0,15017235.0
2019-12-27,17677571.0,2720261.0,7092992.0,3399094.0,937907.0,11247684.0,5997611.0,33477173.0,2459664.0,9048085.0
2019-12-30,17123749.0,2288830.0,9334190.0,5368416.0,1117498.0,13180302.0,12141748.0,22775554.0,2072838.0,13680470.0
2019-12-31,22203005.0,1909289.0,8357056.0,6927885.0,706593.0,12491978.0,5212590.0,23801635.0,3043254.0,7417112.0
2020-01-01,14004468.0,1354908.0,3673698.0,2112415.0,543035.0,7642793.0,5154996.0,17379320.0,3123998.0,4370931.0
2020-01-02,17710316.0,2380752.0,6137166.0,5658200.0,663275.0,10264223.0,4933053.0,20324236.0,4335359.0,8726602.0
2020-01-03,20984698.0,4655761.0,10855550.0,7882938.0,1598825.0,9594690.0,5154587.0,21853208.0,2059871.0,9642051.0
2020-01-06,24519177.0,3023209.0,10890186.0,6519403.0,683129.0,12534334.0,7538915.0,35645325.0,2646905.0,7930726.0
2020-01-07,16683622.0,2429317.0,14724494.0,7899363.0,808935.0,16101835.0,4353883.0,50966826.0,2077893.0,8740894.0
2020-01-08,16047902.0,5197454.0,11332110.0,8639443.0,1889685.0,16094310.0,14118818.0,44527485.0,4147568.0,7314466.0
2020-01-09,14982742.0,3734173.0,9546316.0,13521186.0,1544334.0,18934019.0,18180867.0,40348407.0,2067779.0,9816703.0
2020-01-10,12478359.0,1915807.0,9214580.0,9341405.0,1003336.0,12335407.0,37724966.0,42377838.0,2360798.0,10357864.0
2020-01-13,18282382.0,2843893.0,7451568.0,36952038.0,2040089.0,7901800.0,15206224.0,23615129.0,1825244.0,12715178.0
2020-01-14,15816535.0,2948452.0,7886290.0,11414418.0,1610737.0,13939440.0,8238486.0,26296117.0,2046500.0,12299570.0
2020-01-15,15817859.0,2620681.0,11787448.0,6047430.0,1559491.0,12353176.0,10875259.0,32625740.0,2127677.0,5687654.0
2020-01-16,12847975.0,3117214.0,7150400.0,5740586.0,2468958.0,11249232.0,16290593.0,26653623.0,1773135.0,9730522.0
2020-01-17,29463471.0,3281059.0,16918814.0,3762957.0,994719.0,18312609.0,61915666.0,58396326.0,2941837.0,7677106.0
2020-01-20,32545850.0,5817599.0,22178450.0,3887680.0,829399.0,19159996.0,45298836.0,30682902.0,2542477.0,8329721.0
2020-01-21,18922720.0,1902980.0,14984804.0,4448374.0,750000.0,13477994.0,65202963.0,30591772.0,1361576.0,9939680.0
2020-01-22,10322817.0,1773686.0,18368310.0,9733935.0,983169.0,17527408.0,20285793.0,24994911.0,2449753.0,7949731.0
2020-01-23,11247739.0,2069866.0,11508920.0,12528017.0,708017.0,17061293.0,15772863.0,33293610.0,10056067.0,6356150.0
2020-01-24,14628445.0,1319430.0,11831756.0,7540490.0,914993.0,17851868.0,23824625.0,22706879.0,5837319.0,7063834.0
2020-01-27,13387750.0,1549101.0,18888552.0,3741610.0,429312.0,38149166.0,11856786.0,23309355.0,2510013.0,7100949.0
2020-01-28,24532236.0,1743024.0,13412158.0,5121009.0,777052.0,24009224.0,31674769.0,26488426.0,2352852.0,15144538.0
2020-01-29,24746565.0,2306761.0,13788350.0,6832757.0,873433.0,16400827.0,20037283.0,23914114.0,3678474.0,21258057.0
2020-01-30,22402689.0,2098567.0,12111984.0,3859680.0,952768.0,14319317.0,15337903.0,35802330.0,2743506.0,10794458.0
2020-01-31,34750310.0,3287223.0,11178268.0,6092028.0,1930834.0,16292578.0,18356252.0,92656638.0,3939306.0,19166671.0
2020-02-03,30712290.0,4728073.0,13077010.0,6416745.0,4012542.0,22531888.0,15212799.0,56060158.0,5767353.0,82836335.0
2020-02-04,25383901.0,3509339.0,20897704.0,5771311.0,1932121.0,17781475.0,14646591.0,51141567.0,3604309.0,37145337.0
2020-02-05,18472100.0,2439322.0,18020682.0,6310409.0,1514368.0,18782476.0,30647706.0,35014841.0,4220104.0,22072147.0
2020-02-06,15538577.0,2640065.0,11827550.0,7341622.0,1302116.0,15296851.0,17180298.0,57757656.0,2354458.0,28443398.0
2020-02-07,12209212.0,2083442.0,6815448.0,2853344.0,908152.0,8297149.0,8967847.0,37126803.0,3053804.0,17793265.0
2020-02-10,15142476.0,2383032.0,9219834.0,3827682.0,1389847.0,12536053.0,8570467.0,24816396.0,3039992.0,9987781.0
2020-02-11,13999816.0,1335820.0,11613520.0,4312817.0,777506.0,11243552.0,6622800.0,30188757.0,2200796.0,30951617.0
2020-02-12,13533565.0,1620407.0,6297930.0,2948825.0,4753325.0,14026335.0,5160923.0,38930849.0,2568696.0,10310789.0
2020-02-13,13565659.0,1645948.0,9112140.0,4387430.0,2950407.0,9227235.0,5729055.0,62516057.0,1545536.0,9505645.0
2020-02-14,21227841.0,1500115.0,14688858.0,5321680.0,1728651.0,14458649.0,37517890.0,48205947.0,1780119.0,14260540.0
2020-02-17,13149130.0,1774724.0,10152690.0,2929629.0,1420851.0,7793293.0,23354434.0,36950692.0,2155085.0,16161290.0
2020-02-18,11127161.0,2486223.0,10529116.0,5083346.0,1194605.0,15918303.0,21865560.0,38588583.0,2347917.0,21741128.0
2020-02-19,14084409.0,1760463.0,10012268.0,3985192.0,1299800.0,8704234.0,22088140.0,39846727.0,1820353.0,9403278.0
2020-02-20,16892268.0,2317278.0,11123414.0,4564569.0,1555224.0,13588526.0,16010058.0,40150409.0,3034681.0,16193373.0
2020-02-21,16892268.0,2317278.0,11123414.0,4564569.0,1555224.0,13588526.0,16010058.0,40150409.0,3034681.0,16193373.0
2020-02-24,21370214.0,3092877.0,16568084.0,6627536.0,1409245.0,16940750.0,9834434.0,45273936.0,3414064.0,17233132.0
2020-02-25,27745062.0,2674567.0,13886680.0,6996695.0,2237493.0,14942960.0,9804202.0,39050709.0,3133077.0,15903285.0
2020-02-26,29362748.0,2686842.0,13814786.0,8760569.0,2896154.0,15743918.0,18965240.0,43915281.0,5721483.0,18557438.0
2020-02-27,25054993.0,2349001.0,20655098.0,5223386.0,2446802.0,26315054.0,11381143.0,47010040.0,4003149.0,17936226.0
2020-02-28,39315769.0,4298076.0,24313056.0,14123957.0,3837330.0,32737933.0,16934165.0,59705346.0,6286647.0,33885063.0
2020-03-02,29500495.0,2667076.0,14664898.0,9821523.0,1707337.0,28642076.0,10096159.0,66711413.0,3177486.0,19274852.0
2020-03-03,27398798.0,2757585.0,22369550.0,7826587.0,1753148.0,19661945.0,10563605.0,61949382.0,3134527.0,18638624.0
2020-03-04,22105261.0,3237002.0,34288870.0,11013444.0,1515878.0,21883404.0,18066379.0,73675736.0,3135151.0,28729502.0
2020-03-05,30510390.0,3937056.0,19549708.0,7755293.0,2272645.0,16671516.0,14344961.0,149245973.0,2625152.0,20797182.0
2020-03-06,33734039.0,2595027.0,23053566.0,9216022.0,2479414.0,31024353.0,9503868.0,106043172.0,3956575.0,27795285.0
2020-03-09,88187018.0,4940975.0,34420590.0,10308654.0,2485118.0,42027175.0,15664232.0,101286241.0,8038295.0,22633662.0
2020-03-10,88187018.0,4940975.0,34420590.0,10308654.0,2485118.0,42027175.0,15664232.0,101286241.0,8038295.0,22633662.0
2020-03-11,59578576.0,6796449.0,35538240.0,16165009.0,2861629.0,31018779.0,21401999.0,90845604.0,5628125.0,29032759.0
2020-03-12,55970485.0,8728786.0,59000770.0,13965574.0,3655780.0,50757033.0,14471096.0,99767083.0,9200130.0,54043896.0
2020-03-13,73297403.0,8029720.0,66342364.0,16903113.0,3667035.0,67104335.0,24254296.0,155701316.0,8117911.0,63962722.0
2020-03-16,38482258.0,7844271.0,31986322.0,19140152.0,2948679.0,34833637.0,14936276.0,75583409.0,6671806.0,34535653.0
2020-03-17,45445979.0,5713248.0,42676838.0,16059887.0,3732382.0,47232699.0,12629709.0,65403057.0,4720207.0,49492914.0
2020-03-18,44730415.0,7258778.0,61181406.0,15390183.0,3910994.0,61202289.0,29342689.0,101356399.0,5586097.0,52178352.0
2020-03-19,61404010.0,5135111.0,67220048.0,16583991.0,5095006.0,57985870.0,24017236.0,93533467.0,7251950.0,93204936.0
2020-03-20,63360475.0,8547498.0,88637464.0,21354894.0,4252245.0,88640642.0,19758966.0,77391650.0,6130185.0,64384067.0
2020-03-23,40670949.0,7003490.0,50276954.0,17146150.0,3574673.0,56867949.0,14907385.0,61750037.0,7308612.0,53330913.0
2020-03-24,45734887.0,6350865.0,61057272.0,20027097.0,5788124.0,67895418.0,12947855.0,67491360.0,7110384.0,54576761.0
2020-03-25,73130298.0,2765520.0,47228042.0,18339548.0,3959038.0,66544138.0,14093189.0,71567553.0,16122446.0,64913270.0
2020-03-26,45744488.0,4556067.0,57043156.0,14843813.0,3201540.0,76173940.0,22302573.0,107260359.0,9028497.0,60694283.0
2020-03-27,41657940.0,4331250.0,55235936.0,13495283.0,2918646.0,72889985.0,16378409.0,114740377.0,6573448.0,33893412.0
2020-03-30,30229866.0,8513547.0,39268444.0,14624804.0,2809606.0,36559880.0,10210726.0,60081554.0,4474168.0,29203338.0
2020-03-31,44292810.0,3927593.0,35211092.0,15175521.0,2809269.0,46279768.0,17059457.0,59543412.0,8045468.0,44272500.0
2020-04-01,41597459.0,4941878.0,29103504.0,13083824.0,2774626.0,33141186.0,9646905.0,52954239.0,4104403.0,18840671.0
2020-04-02,41597459.0,4941878.0,29103504.0,13083824.0,2774626.0,33141186.0,9646905.0,52954239.0,4104403.0,18840671.0
2020-04-03,41367807.0,5735369.0,34996280.0,10221655.0,4121436.0,57326314.0,14419445.0,64448494.0,4268480.0,65288649.0
2020-04-06,41367807.0,5735369.0,34996280.0,10221655.0,4121436.0,57326314.0,14419445.0,64448494.0,4268480.0,65288649.0
2020-04-07,54373624.0,5427577.0,60412638.0,15145605.0,8510114.0,57661076.0,15553539.0,72130500.0,5768998.0,37509626.0
2020-04-08,49880330.0,6285615.0,56219352.0,11806896.0,9791862.0,73931321.0,13639333.0,80435759.0,6151091.0,39007671.0
2020-04-09,33032857.0,5307397.0,44457146.0,11931114.0,4770068.0,52431174.0,11962829.0,62416005.0,6410296.0,44268652.0
2020-04-10,33032857.0,5307397.0,44457146.0,11931114.0,4770068.0,52431174.0,11962829.0,62416005.0,6410296.0,44268652.0
2020-04-13,23673784.0,2990438.0,34158056.0,8330276.0,3249551.0,30994190.0,24416550.0,51847146.0,9462711.0,18427550.0
2020-04-14,23673784.0,2990438.0,34158056.0,8330276.0,3249551.0,30994190.0,24416550.0,51847146.0,9462711.0,18427550.0
2020-04-15,35321842.0,4761399.0,57978752.0,11963447.0,29485531.0,49132329.0,26277115.0,72190004.0,10435477.0,50983406.0
2020-04-16,37455706.0,6245533.0,53854396.0,17783287.0,5388243.0,56494027.0,17401120.0,61165773.0,6980512.0,28122965.0
2020-04-17,33269335.0,9895823.0,55883462.0,8878320.0,4540936.0,69006835.0,16430317.0,89851063.0,5827648.0,27694463.0
2020-04-20,36030932.0,3244282.0,66232986.0,13322913.0,2985268.0,55810736.0,11688508.0,81958510.0,4958362.0,37141676.0
2020-04-21,61371628.0,5122541.0,33178006.0,11660575.0,3227335.0,50118175.0,15781695.0,53042420.0,5122305.0,24232310.0
2020-04-22,142683366.0,3829836.0,38289354.0,8266728.0,2837815.0,49115085.0,18447565.0,61503413.0,6090168.0,26132520.0
2020-04-23,65464502.0,5934366.0,40901222.0,14451289.0,4095570.0,45953398.0,12767355.0,50955312.0,6321888.0,34237726.0
2020-04-24,134986308.0,2987102.0,33284568.0,7319940.0,2169013.0,38513206.0,12161869.0,65137305.0,7960368.0,18744844.0
2020-04-27,58482901.0,3374741.0,27421072.0,7183306.0,2013715.0,38980019.0,10074370.0,42996571.0,4224177.0,13589672.0
2020-04-28,78453401.0,2678505.0,29441436.0,7296571.0,2164023.0,32933194.0,11729091.0,49590230.0,3772704.0,18488267.0
2020-04-29,37494672.0,4241510.0,55877778.0,8639056.0,3642151.0,39341745.0,8371711.0,57470466.0,4837925.0,22287597.0
2020-04-30,71345899.0,5915544.0,43793134.0,16253821.0,8448047.0,45734705.0,20170888.0,63063889.0,6332497.0,31326446.0
2020-05-01,71345899.0,5915544.0,43793134.0,16253821.0,8448047.0,45734705.0,20170888.0,63063889.0,6332497.0,31326446.0
2020-05-04,53456868.0,3729348.0,26722324.0,9122740.0,8474573.0,38837299.0,34658164.0,58118177.0,4678576.0,31461042.0
2020-05-05,44903763.0,2905528.0,29672858.0,6393053.0,4304136.0,45069968.0,30498970.0,91050439.0,4296433.0,18389548.0
2020-05-06,40489094.0,3517431.0,33785846.0,7934250.0,5127656.0,49952812.0,26074684.0,73156432.0,5081524.0,68112675.0
2020-05-07,50026966.0,3166754.0,21831730.0,4779548.0,185669922.0,27656346.0,15823732.0,42942399.0,3529134.0,25183509.0
2020-05-08,84262770.0,2686530.0,20807484.0,8400321.0,16100226.0,42968091.0,13847608.0,55932236.0,4394509.0,26281664.0
2020-05-11,67085063.0,2449841.0,28550784.0,7370186.0,11158755.0,83665601.0,14490804.0,54591827.0,2882920.0,18792383.0
2020-05-12,100683202.0,3256595.0,49568418.0,7356039.0,14881008.0,69072308.0,23041211.0,70752542.0,3024381.0,22211224.0
2020-05-13,66430125.0,2656665.0,44346966.0,8287101.0,8432979.0,72816461.0,21509772.0,81720683.0,8625444.0,20785966.0
2020-05-14,49266771.0,2263146.0,39554890.0,16888262.0,8510002.0,33999095.0,13428330.0,48136531.0,6778584.0,15525762.0
2020-05-15,62152260.0,3173682.0,24349628.0,9255353.0,5491136.0,31828868.0,14758117.0,35495540.0,5653901.0,15526021.0
2020-05-18,62796089.0,3727694.0,46649964.0,10435442.0,7675561.0,74034133.0,21991328.0,77349435.0,6211249.0,21602419.0
2020-05-19,42315854.0,3198693.0,47460692.0,5902208.0,5963193.0,61827491.0,73259076.0,71522334.0,5533176.0,20917906.0
2020-05-20,55320985.0,2778505.0,40014306.0,5794636.0,3926496.0,42238419.0,36412918.0,66168767.0,5949898.0,26295911.0
2020-05-21,39167981.0,3400908.0,48478908.0,7213225.0,4261625.0,43075357.0,20673544.0,61147471.0,4701930.0,60630670.0
2020-05-22,37828973.0,3663418.0,42047432.0,11867731.0,5339946.0,80358245.0,11630640.0,87064198.0,4607479.0,40516307.0
2020-05-25,37828973.0,3663418.0,42047432.0,11867731.0,5339946.0,80358245.0,11630640.0,87064198.0,4607479.0,40516307.0
2020-05-26,33216635.0,4575317.0,38005152.0,7099606.0,4628932.0,46681705.0,77933211.0,48275988.0,4335209.0,55283582.0
2020-05-27,35667956.0,3482160.0,56025754.0,8774636.0,4261645.0,80541990.0,22948762.0,88195120.0,5159287.0,25491463.0
2020-05-28,40126278.0,3475681.0,75488806.0,9440091.0,5500796.0,66136408.0,16574283.0,76968678.0,11481079.0,25524647.0
2020-05-29,40022527.0,7237735.0,53025166.0,28290128.0,8778345.0,60487477.0,55206200.0,58363280.0,10166556.0,37214719.0
2020-06-01,39943702.0,3747773.0,39190230.0,12276438.0,6592547.0,44024770.0,40024637.0,92740893.0,7617144.0,29606349.0
2020-06-02,22153960.0,2443886.0,41623594.0,7059304.0,3268728.0,47558213.0,32573015.0,70419104.0,7325471.0,23502975.0
2020-06-03,25381289.0,3699799.0,50546088.0,11378568.0,4895117.0,69689299.0,29783799.0,113168889.0,4651554.0,19710133.0
2020-06-04,34202350.0,4048593.0,54275882.0,10782424.0,3264730.0,57061575.0,30007267.0,83494674.0,5355931.0,22843181.0
2020-06-05,33076685.0,3573289.0,35195984.0,7718679.0,2981853.0,37251097.0,48771843.0,201321234.0,6071040.0,15193091.0
2020-06-08,31414953.0,2957841.0,49812664.0,10719105.0,4298456.0,46827341.0,20813563.0,151741826.0,9858804.0,20304292.0
2020-06-09,25857161.0,2909439.0,61844146.0,10078029.0,3127904.0,47621969.0,15219451.0,96654191.0,5117749.0,41451482.0
2020-06-10,22132647.0,5168397.0,36497730.0,7263049.0,2421659.0,36292403.0,19489440.0,67333317.0,5175923.0,28247205.0
2020-06-11,20385805.0,2269513.0,30897714.0,8825715.0,2566927.0,36999490.0,27803048.0,91726802.0,3602957.0,20611505.0
2020-06-12,38548899.0,2842642.0,42644876.0,9795316.0,2338438.0,47509067.0,19224358.0,92758901.0,5411314.0,23431727.0
2020-06-15,53107403.0,2399022.0,32009936.0,7857344.0,2830788.0,43500660.0,13838935.0,63613412.0,4982324.0,25404661.0
2020-06-16,51187003.0,2146528.0,45399970.0,10131760.0,2806772.0,57511237.0,19430678.0,63925976.0,4661460.0,28700454.0
2020-06-17,41782053.0,2703527.0,36957838.0,7291916.0,2293301.0,37107002.0,20916747.0,73866905.0,4681085.0,24952658.0
2020-06-18,40471557.0,1944389.0,40870126.0,6670195.0,2326907.0,39285919.0,19692591.0,58261857.0,5869802.0,30000032.0
2020-06-19,105804173.0,5681758.0,47877752.0,22438862.0,4673528.0,51367236.0,41924711.0,76895151.0,5409996.0,31707306.0
2020-06-22,60198705.0,3196138.0,29694474.0,7804096.0,2487234.0,40133602.0,12954502.0,80023958.0,6839642.0,32605144.0
2020-06-23,37962078.0,4205944.0,28830512.0,12157390.0,4308814.0,32493320.0,9944839.0,65487085.0,14580218.0,27569189.0
2020-06-24,51586221.0,2560937.0,39429246.0,10220838.0,3023015.0,57955780.0,12619809.0,74668987.0,11985132.0,56757828.0
2020-06-25,39679374.0,3043931.0,70646790.0,14945284.0,8208033.0,69902888.0,15881470.0,73620385.0,7508087.0,78484846.0
2020-06-26,30921913.0,6300722.0,39969138.0,26030458.0,3176048.0,34596104.0,11317405.0,49176958.0,6554103.0,74727243.0
2020-06-29,25621946.0,3076341.0,46005956.0,8954428.0,3295039.0,27384244.0,13162970.0,50966428.0,4575801.0,95027403.0
2020-06-30,30276420.0,3071725.0,35746130.0,10411290.0,2373109.0,47526095.0,13182057.0,43613239.0,3656480.0,42797633.0
2020-07-01,28464103.0,2503466.0,34846718.0,5477468.0,1532931.0,36922617.0,13894655.0,54012853.0,6426017.0,46004000.0
2020-07-02,28789533.0,3758699.0,36954496.0,17263756.0,2588838.0,50964311.0,13795692.0,52127276.0,6542705.0,40835235.0
2020-07-03,29434266.0,4185208.0,27597254.0,7796572.0,1946252.0,28779044.0,21005887.0,38048810.0,3928063.0,39352660.0
2020-07-06,47016185.0,5190366.0,35558216.0,8810958.0,2375516.0,33334074.0,16114629.0,43773740.0,3900219.0,36046969.0
2020-07-07,35189589.0,5630055.0,24349850.0,19362533.0,2014667.0,46030825.0,12759442.0,55124494.0,4051767.0,32467210.0
2020-07-08,26204095.0,2793358.0,30056350.0,8476642.0,3349938.0,46315597.0,9581306.0,143063102.0,5227021.0,22093693.0
2020-07-09,36418942.0,3443998.0,20114484.0,6854166.0,3039571.0,35144463.0,8611659.0,89539723.0,3777760.0,19492371.0
2020-07-10,43759967.0,9610320.0,17562978.0,5206452.0,3179516.0,27864858.0,13532330.0,111406477.0,4537688.0,16815128.0
2020-07-13,69608392.0,2963503.0,29922114.0,10804688.0,4556662.0,32379935.0,16660491.0,61949761.0,3821300.0,21079233.0
2020-07-14,67331128.0,2976738.0,26612674.0,8961822.0,2403256.0,34031256.0,32935464.0,62239932.0,3646237.0,19185879.0
2020-07-15,139669773.0,5569321.0,20974394.0,30060599.0,2474512.0,30442553.0,20062926.0,58527305.0,3229770.0,24692471.0
2020-07-16,60961724.0,8582118.0,23662456.0,90432109.0,2495150.0,35535437.0,11528871.0,46546803.0,3134451.0,22997164.0
2020-07-17,49726765.0,4509135.0,28405738.0,31682878.0,3088712.0,27511781.0,12189475.0,47035238.0,2040517.0,15455455.0
2020-07-20,36592938.0,2952646.0,65124096.0,18421053.0,2816219.0,36312529.0,9789671.0,45672856.0,3035845.0,19643434.0
2020-07-21,42173371.0,2665286.0,47512422.0,12877784.0,3037810.0,45559912.0,12005925.0,59281860.0,4756570.0,29089491.0
2020-07-22,59771457.0,2861534.0,24718012.0,14354201.0,6950011.0,45500191.0,11034525.0,62276152.0,4977432.0,33826583.0
2020-07-23,58333751.0,2265766.0,20149122.0,13051307.0,3936886.0,37838027.0,9718786.0,70801412.0,9075059.0,32700809.0
2020-07-24,120597372.0,3665100.0,19598440.0,18209580.0,4203314.0,52980980.0,9960443.0,65265493.0,6059379.0,62500933.0
2020-07-27,80304827.0,4248480.0,37970094.0,16827870.0,2209409.0,73275058.0,10895560.0,50697767.0,3615970.0,23517850.0
2020-07-28,55114422.0,8092319.0,35596450.0,15818463.0,1567837.0,125939354.0,14210206.0,51488617.0,3793721.0,20029937.0
2020-07-29,72663399.0,6090431.0,33592086.0,11152710.0,2404978.0,50194622.0,9979767.0,73763368.0,7245021.0,15402845.0
2020-07-30,72857444.0,7098496.0,26956266.0,12492320.0,2044966.0,40820253.0,45326361.0,48472816.0,3364408.0,16943579.0
2020-07-31,74958061.0,4723290.0,37726696.0,12704346.0,1715659.0,37345191.0,13917435.0,145892485.0,2943858.0,17294202.0
2020-08-03,46715383.0,4012337.0,31783542.0,8479792.0,1683773.0,32119883.0,9392745.0,72454278.0,3583167.0,13776301.0
2020-08-04,92041055.0,2927928.0,60306168.0,11133170.0,1981720.0,30811518.0,12035116.0,43866676.0,3860346.0,17849565.0
2020-08-05,74549993.0,3800641.0,33221360.0,9614176.0,1715477.0,37057881.0,12920232.0,68888892.0,3007723.0,50646546.0
2020-08-06,49322975.0,4748047.0,33646888.0,10976491.0,1824483.0,48021824.0,10620956.0,59740172.0,2188023.0,18574935.0
2020-08-07,32984416.0,3165491.0,24836784.0,8010948.0,1777905.0,28510964.0,7346008.0,44822338.0,2461109.0,21717194.0
2020-08-10,26958997.0,2929353.0,22172854.0,5716319.0,1476289.0,22856010.0,9594610.0,48784530.0,11861641.0,17108987.0
2020-08-11,46828306.0,2774423.0,20136148.0,6802442.0,1665204.0,45446107.0,8290695.0,43890305.0,5427516.0,57266693.0
2020-08-12,30264617.0,3415751.0,20666432.0,6908726.0,1170430.0,25706005.0,12613101.0,157818228.0,3672458.0,22106836.0
2020-08-13,24830322.0,2695682.0,19892740.0,5097703.0,1453227.0,26257336.0,37464752.0,70443118.0,8816193.0,23573090.0
2020-08-14,33224635.0,2270405.0,20924512.0,4663873.0,1341664.0,28893259.0,18550546.0,56169088.0,13443785.0,29858596.0
2020-08-17,30979066.0,2625630.0,19561012.0,9008210.0,1559579.0,24232497.0,19369462.0,54787889.0,4735094.0,12192938.0
2020-08-18,30547672.0,3493374.0,24040824.0,6141761.0,1339001.0,26517363.0,13771669.0,46294169.0,4362050.0,12969115.0
2020-08-19,34087543.0,2843005.0,17715624.0,6622744.0,1585107.0,35790233.0,17395288.0,59296062.0,4914223.0,16070316.0
2020-08-20,22537845.0,2895164.0,19216734.0,5656501.0,1768939.0,68444775.0,13690809.0,37504602.0,4791040.0,17561721.0
2020-08-21,25280895.0,1975294.0,28924302.0,6513773.0,1374411.0,34109928.0,22244899.0,68041871.0,2806380.0,17897538.0
2020-08-24,32717218.0,2167966.0,36779740.0,5798574.0,1665474.0,32907235.0,29714401.0,53850253.0,2026255.0,15304895.0
2020-08-25,19388008.0,1663419.0,27601738.0,6233918.0,1774886.0,53072303.0,19881871.0,105394375.0,2914757.0,15784633.0
2020-08-26,59870421.0,2618149.0,25190062.0,5153601.0,2148146.0,37163882.0,26386996.0,66749637.0,4482066.0,23502769.0
2020-08-27,28085062.0,3579393.0,20645996.0,6154280.0,2172203.0,36910405.0,22268191.0,80997993.0,4466609.0,49030500.0
2020-08-28,27166900.0,2941136.0,38696610.0,7593610.0,1939520.0,83472297.0,22217757.0,95974037.0,7821191.0,35979788.0
2020-08-31,62076132.0,6018154.0,38501166.0,12808355.0,3534275.0,72744175.0,190329697.0,119986476.0,8489726.0,100730476.0
2020-09-01,38616258.0,3610908.0,28877884.0,6907773.0,1738003.0,34872793.0,75732733.0,75048313.0,5099949.0,41311165.0
2020-09-02,26949439.0,2084137.0,19761682.0,5678118.0,1667810.0,31295799.0,35680638.0,47608088.0,2107714.0,21378178.0
2020-09-03,18586429.0,4654146.0,19833362.0,8827948.0,1590711.0,26135555.0,25084656.0,38594129.0,3278899.0,16295787.0
2020-09-04,28475945.0,5231303.0,23661370.0,8650342.0,1590491.0,33118984.0,28610361.0,54435758.0,3130721.0,42983034.0
2020-09-07,21926473.0,4620401.0,17615466.0,6700385.0,2362992.0,22323904.0,16450037.0,35687359.0,3470806.0,33918419.0
2020-09-08,27397082.0,7453998.0,14624918.0,12891964.0,1804209.0,32052920.0,33745174.0,34146789.0,3738931.0,26574542.0
2020-09-09,55310877.0,3866535.0,15728872.0,5528947.0,2009898.0,25285238.0,32068518.0,72715826.0,5656245.0,28901363.0
2020-09-10,140304404.0,2308813.0,15188088.0,5171884.0,2137794.0,24852274.0,21400064.0,67789617.0,2948599.0,18469229.0
2020-09-11,59470807.0,4145424.0,20794730.0,6671903.0,1934110.0,22678353.0,15888599.0,48487971.0,2632298.0,19997552.0
2020-09-14,44063445.0,7512131.0,21650590.0,21871587.0,2096908.0,27140598.0,53032505.0,63605531.0,5006356.0,32185628.0
2020-09-15,27178393.0,7318770.0,16505110.0,11608203.0,1224058.0,24967618.0,31436333.0,51761038.0,4488829.0,31956903.0
2020-09-16,33952295.0,3074003.0,18710112.0,10059251.0,2087841.0,22068622.0,13379581.0,52404964.0,3596197.0,52591750.0
2020-09-17,25828669.0,4828176.0,18318686.0,15628241.0,1741644.0,24084936.0,13750507.0,41223296.0,4512652.0,35240133.0
2020-09-18,33074915.0,4183256.0,23481778.0,12897633.0,4475166.0,78166508.0,55830089.0,55286316.0,7496145.0,30929813.0
2020-09-21,33627381.0,4598809.0,19842878.0,14140637.0,3483963.0,28932482.0,23162880.0,57611375.0,4597697.0,24811451.0
2020-09-22,34792254.0,7499613.0,18620678.0,12625762.0,2345687.0,28593292.0,18950065.0,51210889.0,5089087.0,19242719.0
2020-09-23,42988708.0,7502280.0,16079828.0,13486204.0,2410295.0,22740143.0,86810146.0,44320497.0,3709291.0,64164525.0
2020-09-24,29826318.0,8424708.0,19809510.0,14427432.0,3798089.0,25840472.0,36458719.0,46114798.0,11609426.0,32698988.0
2020-09-25,28374935.0,8228267.0,20321544.0,13311078.0,2528873.0,23231600.0,34232784.0,46550127.0,4961967.0,27650738.0
2020-09-28,19666849.0,4347166.0,16152422.0,8554526.0,1523704.0,18495592.0,21445626.0,41921548.0,3853608.0,24087933.0
2020-09-29,25842539.0,6995811.0,12644446.0,8708463.0,2298844.0,17080848.0,18187111.0,35688726.0,3362381.0,26602326.0
2020-09-30,24465159.0,3917166.0,18813842.0,8048817.0,2417367.0,19565058.0,27686374.0,37641083.0,3582787.0,19193371.0
2020-10-01,20783227.0,2610337.0,21203080.0,5563358.0,2131531.0,23237122.0,13593932.0,43588724.0,2506154.0,20517295.0
2020-10-02,20783227.0,2610337.0,21203080.0,5563358.0,2131531.0,23237122.0,13593932.0,43588724.0,2506154.0,20517295.0
2020-10-05,18922799.0,17412105.0,16940126.0,14212509.0,1646110.0,26530105.0,15282146.0,41694686.0,2788003.0,25234767.0
2020-10-06,18412175.0,9846367.0,19371990.0,9090819.0,1679499.0,18093629.0,11078299.0,31098726.0,3497325.0,22728054.0
2020-10-07,53170865.0,9656101.0,21248778.0,9284008.0,2428544.0,21845743.0,10393534.0,34578053.0,5073845.0,16913783.0
2020-10-08,21077808.0,19839329.0,35060674.0,21482613.0,1617365.0,21085500.0,17018635.0,43351606.0,3918217.0,26484289.0
2020-10-09,18545499.0,7739245.0,44972388.0,10567867.0,2001026.0,41641237.0,20948615.0,64907230.0,9668150.0,23234939.0
2020-10-12,14226473.0,4623203.0,19220546.0,14633537.0,1741166.0,25742564.0,14326607.0,69122798.0,6188905.0,68801924.0
2020-10-13,23112012.0,4209878.0,18353952.0,17523825.0,1679160.0,19922778.0,28303313.0,34948525.0,4548652.0,37058708.0
2020-10-14,26742011.0,4395936.0,22582918.0,16649573.0,2123033.0,23368177.0,14374547.0,40548275.0,5286914.0,39688050.0
2020-10-15,20036197.0,6629355.0,28246896.0,44288251.0,2344437.0,34234586.0,28378188.0,49184123.0,4927777.0,28161148.0
2020-10-16,21583600.0,5273773.0,25822848.0,18365685.0,1640399.0,25339096.0,23786283.0,36893126.0,2373435.0,21006060.0
2020-10-19,31200385.0,3331194.0,42359556.0,12902123.0,1605969.0,41072871.0,17237471.0,60220779.0,5800391.0,19748904.0
2020-10-20,18482288.0,3406273.0,27411978.0,10448776.0,5855290.0,26158669.0,26395238.0,39316753.0,13188572.0,16770677.0
2020-10-21,34082321.0,4570143.0,35640752.0,19811433.0,3954242.0,43124966.0,23929199.0,54515523.0,6390783.0,17113482.0
2020-10-22,30802210.0,5262294.0,21913060.0,11271335.0,2632958.0,33088074.0,27014551.0,33721637.0,6151367.0,22893091.0
2020-10-23,23422125.0,3499091.0,15866230.0,9069862.0,2805684.0,22151463.0,18512271.0,32707020.0,5102184.0,20921450.0
2020-10-26,37324416.0,2672752.0,19571976.0,6309368.0,1646050.0,21712057.0,11956996.0,45470123.0,6975809.0,16699886.0
2020-10-27,36478896.0,3537502.0,24317780.0,10172479.0,2334808.0,33571163.0,13021129.0,37794381.0,9638520.0,47652264.0
2020-10-28,29924017.0,3569445.0,16571186.0,7608392.0,1555483.0,28145103.0,125905730.0,46458319.0,7369181.0,17468592.0
2020-10-29,30655304.0,3105968.0,23060024.0,6935616.0,1934367.0,32615425.0,25537340.0,44822673.0,11852038.0,21816186.0
2020-10-30,34021563.0,3427003.0,11522716.0,8800386.0,2414313.0,27225165.0,23483928.0,41519686.0,4797473.0,16976909.0
2020-11-02,99366895.0,2571196.0,21926080.0,7183119.0,1486077.0,72698777.0,28703578.0,52600119.0,3682174.0,14924105.0
2020-11-03,88691623.0,2879269.0,28164230.0,7204782.0,2227402.0,61813071.0,16337850.0,69890201.0,4049112.0,23473408.0
2020-11-04,80180117.0,4893928.0,23404822.0,15702690.0,1479878.0,43426662.0,10191499.0,117577856.0,3369408.0,19533203.0
2020-11-05,37205373.0,2816502.0,21433928.0,9568890.0,2083827.0,30129938.0,9407770.0,138023646.0,2889134.0,28037401.0
2020-11-06,66674086.0,3884421.0,35705724.0,8807127.0,2127821.0,27831424.0,12195207.0,73147085.0,3419233.0,35571152.0
2020-11-09,35838510.0,3646592.0,26288440.0,10160320.0,2194404.0,40995422.0,24953555.0,60359458.0,3040456.0,36645472.0
2020-11-10,36934242.0,4760020.0,41517356.0,15622869.0,2471703.0,57535138.0,9800899.0,135294550.0,12149416.0,59672371.0
2020-11-11,56724780.0,3242441.0,36116194.0,12514800.0,2759942.0,45609279.0,16032885.0,107094861.0,10254627.0,65757234.0
2020-11-12,40046527.0,2437505.0,27053948.0,9180976.0,3010512.0,31071572.0,14785276.0,58859905.0,6743163.0,48153554.0
2020-11-13,45388670.0,2548093.0,22472480.0,6363212.0,2799165.0,34815091.0,8428163.0,70676525.0,5025096.0,29284742.0
2020-11-16,45388670.0,2548093.0,22472480.0,6363212.0,2799165.0,34815091.0,8428163.0,70676525.0,5025096.0,29284742.0
2020-11-17,46542562.0,2827273.0,31059900.0,12813968.0,2733542.0,36127378.0,19050384.0,80501583.0,7611327.0,21757459.0
2020-11-18,30402290.0,2893762.0,18862776.0,9839468.0,3315051.0,29156543.0,10504589.0,104514060.0,13436421.0,27620283.0
2020-11-19,27796343.0,4167501.0,20266882.0,10092343.0,2704650.0,31896908.0,11541941.0,82284278.0,10841151.0,50871154.0
2020-11-20,57471248.0,2711471.0,20405362.0,8063554.0,2827038.0,30089190.0,12090462.0,84411129.0,7009257.0,47052232.0
2020-11-23,45327567.0,3706418.0,25246636.0,10546363.0,3244576.0,29513544.0,10193531.0,57538324.0,4998877.0,24073204.0
2020-11-24,30936268.0,3120516.0,40154400.0,8515426.0,1989749.0,23135994.0,9346208.0,47636611.0,4623887.0,47160760.0
2020-11-25,32637879.0,3302249.0,24152602.0,8958701.0,1786536.0,34168305.0,14497115.0,74767232.0,4651911.0,43263598.0
2020-11-26,25838637.0,2341099.0,27943126.0,10962256.0,1630887.0,28707911.0,11535113.0,64248318.0,7360928.0,25155854.0
2020-11-27,47336811.0,6086808.0,17994580.0,25306145.0,5687861.0,48390771.0,18491882.0,54355703.0,18995549.0,32594141.0
2020-11-30,47336811.0,6086808.0,17994580.0,25306145.0,5687861.0,48390771.0,18491882.0,54355703.0,18995549.0,32594141.0
2020-12-01,19750687.0,3605017.0,17147574.0,8933802.0,2226742.0,20120049.0,18534936.0,37003272.0,3551604.0,16505446.0
2020-12-02,22188887.0,2509032.0,17892150.0,6741637.0,1634682.0,21244707.0,20948620.0,56723083.0,4434968.0,29520716.0
2020-12-03,27785372.0,2852548.0,37933222.0,16212632.0,3469163.0,22701738.0,20094168.0,79266442.0,4087608.0,29087754.0
2020-12-04,18464552.0,2686527.0,26912322.0,10564055.0,3712143.0,39547014.0,31622330.0,79252024.0,6542918.0,23005484.0
2020-12-07,18242188.0,1996400.0,24316318.0,7792141.0,4147649.0,37778332.0,22541162.0,76053084.0,5484461.0,37068111.0
2020-12-08,43403061.0,4277818.0,19457896.0,12308330.0,2768211.0,19339943.0,19661141.0,65617502.0,4982626.0,32042241.0
2020-12-09,29175254.0,3659996.0,22069074.0,10039346.0,2123890.0,21272782.0,11826802.0,48495641.0,4304573.0,41212760.0
2020-12-10,16065507.0,2127801.0,19727966.0,9488782.0,3041370.0,20419020.0,13441906.0,38676657.0,4921373.0,67739601.0
2020-12-11,26944202.0,1795408.0,21356384.0,10574009.0,2611218.0,25335765.0,14019094.0,50255223.0,6689415.0,62645643.0
2020-12-14,17312747.0,2483658.0,17222050.0,6728187.0,1575632.0,26369591.0,14147649.0,31946501.0,9723233.0,28029531.0
2020-12-15,18551265.0,2365509.0,21561436.0,6905926.0,2207176.0,26969145.0,13320211.0,34890948.0,6953407.0,24151252.0
2020-12-16,18561011.0,2565149.0,16832092.0,7788404.0,1748634.0,24263586.0,17707777.0,24844177.0,5729223.0,20304621.0
2020-12-17,20252358.0,2863460.0,21924478.0,6658153.0,1912868.0,23883288.0,20023766.0,25904699.0,5345257.0,23248344.0
2020-12-18,18466344.0,6076692.0,22995918.0,15995676.0,2229891.0,21735833.0,11000487.0,29816205.0,10315248.0,24690701.0
2020-12-21,44135540.0,2705195.0,23761824.0,10858352.0,2003069.0,29157759.0,15539470.0,55160758.0,21153346.0,43445980.0
2020-12-22,28140001.0,2881737.0,22851558.0,10901851.0,1764488.0,32328041.0,21632475.0,51189571.0,7998730.0,42564860.0
2020-12-23,19501410.0,2790988.0,15467394.0,15878346.0,1559556.0,19205951.0,13326963.0,29056404.0,4057070.0,24608258.0
2020-12-24,20776988.0,1807144.0,14952188.0,7313885.0,2489444.0,17576807.0,21241048.0,28585509.0,3277840.0,23645158.0
2020-12-25,20776988.0,1807144.0,14952188.0,7313885.0,2489444.0,17576807.0,21241048.0,28585509.0,3277840.0,23645158.0
2020-12-28,17221499.0,2108994.0,11699194.0,4607051.0,1532477.0,14470472.0,13124256.0,36870242.0,3405825.0,16347233.0
2020-12-29,18611939.0,1994151.0,14495346.0,6878105.0,1749013.0,19092649.0,11457626.0,45032526.0,3778319.0,27568853.0
2020-12-30,22043630.0,2637968.0,16216726.0,5194690.0,1924886.0,21365141.0,10691466.0,30971894.0,2866392.0,19654130.0
2020-12-31,18781189.0,4040956.0,22145750.0,7430470.0,1709836.0,27817770.0,15816475.0,29467966.0,3889877.0,18947950.0
2021-01-01,10015175.0,2681440.0,8810938.0,4253550.0,830096.0,13592625.0,10377082.0,24531791.0,2058419.0,20279389.0
2021-01-04,24513534.0,5113293.0,15740192.0,7208454.0,1614486.0,16549750.0,13489114.0,31450608.0,4014636.0,27927482.0
2021-01-05,24123091.0,5801309.0,14386824.0,8145280.0,2356303.0,23311516.0,10689423.0,27393072.0,2833637.0,18718244.0
2021-01-06,46401468.0,3726716.0,22134050.0,7161715.0,1641627.0,28178838.0,30837593.0,40765708.0,4615963.0,50957586.0
2021-01-07,32325918.0,3717827.0,19894842.0,10954918.0,2403881.0,21138034.0,39444841.0,30546600.0,4270598.0,36298522.0
2021-01-08,27540187.0,5879039.0,13768764.0,13186251.0,2797948.0,21937965.0,14538362.0,32543357.0,4984995.0,58600546.0
2021-01-11,33307825.0,9508039.0,17331392.0,20528626.0,2787672.0,19394393.0,19892197.0,29703173.0,3252470.0,44625924.0
2021-01-12,41161546.0,3611458.0,20388156.0,8309868.0,2036708.0,16388310.0,25857074.0,44307145.0,2836161.0,36989137.0
2021-01-13,26619458.0,3572801.0,16934650.0,14442997.0,1702740.0,21920297.0,85239439.0,78042133.0,4389762.0,66387977.0
2021-01-14,21553242.0,6931542.0,12297166.0,27521697.0,2120413.0,13330898.0,16974338.0,40123498.0,5168591.0,50164605.0
2021-01-15,20593268.0,4131692.0,14165236.0,15018441.0,2042957.0,15708956.0,57451072.0,35307601.0,2587576.0,60567280.0
2021-01-18,35100458.0,4160906.0,42825632.0,8861765.0,1733797.0,21580313.0,21359539.0,54969750.0,3185998.0,70211602.0
2021-01-19,32006615.0,2975735.0,17360254.0,5585744.0,1495269.0,20575358.0,11034273.0,35803901.0,3885798.0,33009228.0
2021-01-20,30924537.0,3453446.0,13346052.0,8225838.0,1380562.0,16097138.0,13333007.0,33759304.0,3957992.0,46392916.0
2021-01-21,39087742.0,2778546.0,26333054.0,6142421.0,1521133.0,18189277.0,17380638.0,29995203.0,2985423.0,30116008.0
2021-01-22,30532660.0,3052459.0,15392364.0,9646591.0,2548089.0,24515997.0,12662954.0,44440810.0,3282665.0,25663922.0
2021-01-25,54207104.0,2272887.0,20344718.0,6542611.0,2124424.0,23415249.0,12503932.0,34034630.0,4847989.0,25929487.0
2021-01-26,54207104.0,2272887.0,20344718.0,6542611.0,2124424.0,23415249.0,12503932.0,34034630.0,4847989.0,25929487.0
2021-01-27,42370131.0,2786662.0,23556276.0,8133665.0,2460297.0,28049286.0,15567653.0,39211107.0,8896211.0,50338134.0
2021-01-28,34067814.0,3083938.0,42704446.0,4660690.0,3867335.0,29836591.0,15201598.0,48717297.0,2962948.0,22984352.0
2021-01-29,43712383.0,5445659.0,28704502.0,12183519.0,4472694.0,33172808.0,25521965.0,42300984.0,5130876.0,24679902.0
2021-02-01,34180952.0,3985846.0,26370544.0,8880279.0,2717591.0,69354326.0,14212955.0,103414068.0,11317043.0,59968324.0
2021-02-02,41470034.0,2881837.0,42420206.0,6892490.0,4215607.0,42362384.0,21711996.0,121434166.0,14349665.0,50324035.0
2021-02-03,30301696.0,2505866.0,20237254.0,8182968.0,2353429.0,27155908.0,30641248.0,66420168.0,6197782.0,55709225.0
2021-02-04,25626981.0,2057261.0,24484684.0,5032240.0,2908003.0,29982222.0,51976676.0,145203439.0,3957579.0,109894300.0
2021-02-05,20248046.0,2366135.0,27054716.0,5477481.0,4036942.0,32015570.0,35465208.0,214955688.0,3270494.0,130323308.0
2021-02-08,21183400.0,2526592.0,17447580.0,6921922.0,2780672.0,18230551.0,21646080.0,79389205.0,5223019.0,43093963.0
2021-02-09,19604141.0,2658751.0,18421366.0,7965949.0,3131481.0,27155615.0,20927436.0,63869990.0,3825206.0,73377134.0
2021-02-10,21234156.0,2127983.0,19788006.0,5951207.0,2055520.0,23967387.0,31642664.0,54163507.0,2578777.0,49104142.0
2021-02-11,42539278.0,1165882.0,13648618.0,4673317.0,1824480.0,16072702.0,19253595.0,36392708.0,2720190.0,45311749.0
2021-02-12,30497029.0,2777404.0,9910106.0,5797875.0,1222094.0,19049709.0,15905053.0,53589755.0,1867284.0,114826417.0
2021-02-15,15791099.0,2630853.0,10355244.0,4363513.0,2449407.0,27155194.0,17972742.0,56608937.0,1917477.0,33000365.0
2021-02-16,21421660.0,3435770.0,13897358.0,6896421.0,2396356.0,24966739.0,15064854.0,80365431.0,3838556.0,30271502.0
2021-02-17,23742994.0,3678426.0,12794426.0,4575741.0,2447956.0,21684753.0,16436661.0,74161370.0,2340184.0,20615018.0
2021-02-18,18646877.0,4189909.0,14720560.0,6437551.0,3205806.0,27845347.0,22193564.0,67154539.0,2446843.0,24997592.0
2021-02-19,23403483.0,3725028.0,17139508.0,5389696.0,3364030.0,24055811.0,19465126.0,66155518.0,3044240.0,29208388.0
2021-02-22,23804335.0,5366696.0,29451838.0,7371303.0,2678023.0,27092321.0,20227667.0,52535049.0,6168108.0,53531490.0
2021-02-23,25644108.0,3832829.0,18239906.0,6612942.0,2062144.0,23534585.0,23764401.0,45462768.0,3733776.0,27703323.0
2021-02-24,10807663.0,3774549.0,14314332.0,4537258.0,924143.0,17762047.0,8888950.0,39632090.0,2380414.0,13667471.0
2021-02-25,34855693.0,4224073.0,20109570.0,8788221.0,2099460.0,38571809.0,16230241.0,46988836.0,3168105.0,26953713.0
2021-02-26,37481215.0,5553153.0,27912846.0,15132388.0,3413194.0,57349273.0,198547005.0,64450414.0,5579058.0,45101885.0
2021-03-01,17680764.0,3265871.0,13536018.0,5756286.0,1229276.0,21527318.0,55091122.0,29677890.0,2494481.0,16850430.0
2021-03-02,17150760.0,3306469.0,16110038.0,10461434.0,2095135.0,24051433.0,30622757.0,30534337.0,2089473.0,26590262.0
2021-03-03,31924461.0,3509857.0,11222410.0,9056399.0,2031893.0,21036174.0,24669015.0,46268223.0,2184001.0,21648963.0
2021-03-04,21435754.0,3916760.0,16291438.0,12041941.0,2290915.0,25057198.0,17678275.0,43603653.0,3530366.0,25858155.0
2021-03-05,25511666.0,3203686.0,17445822.0,6486176.0,2129837.0,26645968.0,16658703.0,72179228.0,3306902.0,17990773.0
2021-03-08,19506841.0,2003125.0,15117050.0,5119392.0,1440724.0,19632433.0,15293359.0,39147858.0,4150049.0,23874105.0
2021-03-09,15154484.0,1942397.0,15066696.0,6518173.0,1711842.0,23056249.0,20181762.0,28054083.0,3779948.0,23463213.0
2021-03-10,11519358.0,3053778.0,11055016.0,7925984.0,2696085.0,15838994.0,19013738.0,22677399.0,2210547.0,20358192.0
2021-03-11,11519358.0,3053778.0,11055016.0,7925984.0,2696085.0,15838994.0,19013738.0,22677399.0,2210547.0,20358192.0
2021-03-12,16864952.0,2938317.0,15631204.0,9462061.0,2038930.0,21757862.0,11624491.0,35336355.0,4885349.0,31973696.0
2021-03-15,16698099.0,3097083.0,12230386.0,6658635.0,1632022.0,24347946.0,10875944.0,42722585.0,3181450.0,42699297.0
2021-03-16,13873801.0,4894756.0,13722366.0,9352771.0,2633605.0,17925629.0,13252045.0,38196452.0,3233903.0,50641203.0
2021-03-17,19210236.0,3838390.0,21064428.0,7626744.0,3703365.0,20214082.0,8482758.0,33143064.0,5178384.0,81604999.0
2021-03-18,20647480.0,3656306.0,18065540.0,10961755.0,2597091.0,22776537.0,12465338.0,39405038.0,3381940.0,95536034.0
2021-03-19,41787429.0,5776626.0,21235020.0,12767112.0,5382214.0,29162618.0,49597558.0,60309145.0,9920812.0,139352860.0
2021-03-22,18572478.0,2821646.0,14015632.0,4862758.0,2471516.0,21755401.0,13581706.0,28461974.0,2964175.0,47823778.0
2021-03-23,17421165.0,3305973.0,19761428.0,7165335.0,1970612.0,29486417.0,15239339.0,41032380.0,2564844.0,43165463.0
2021-03-24,16822814.0,2207104.0,16368900.0,6134303.0,1762743.0,24434219.0,10801499.0,42318999.0,4237815.0,28672557.0
2021-03-25,22001648.0,3179786.0,23964356.0,8749994.0,2495833.0,27170186.0,17572322.0,57495003.0,3894604.0,42248040.0
2021-03-26,20180202.0,3697370.0,12021258.0,4922071.0,1929236.0,20724410.0,11148490.0,40718848.0,3093766.0,27083832.0
2021-03-29,20180202.0,3697370.0,12021258.0,4922071.0,1929236.0,20724410.0,11148490.0,40718848.0,3093766.0,27083832.0
2021-03-30,20441701.0,4694008.0,25607644.0,10546381.0,3327203.0,28011943.0,10691124.0,39405124.0,2801282.0,28862387.0
2021-03-31,16250796.0,3530069.0,30774506.0,8220987.0,2709756.0,20119972.0,7712521.0,38651025.0,2400871.0,37890481.0
2021-04-01,11723312.0,4285076.0,35763762.0,5675155.0,1532653.0,15631940.0,7111516.0,31883453.0,1380763.0,30182056.0
2021-04-02,11723312.0,4285076.0,35763762.0,5675155.0,1532653.0,15631940.0,7111516.0,31883453.0,1380763.0,30182056.0
2021-04-05,14875099.0,5317862.0,16006586.0,9479572.0,2545447.0,23260127.0,9376649.0,51743981.0,2548649.0,32586507.0
2021-04-06,14009194.0,2291562.0,15075734.0,5793571.0,3683538.0,23284697.0,13115141.0,44147709.0,1824079.0,26663018.0
2021-04-07,24266353.0,2491268.0,25088180.0,5879234.0,1713970.0,23984399.0,21391503.0,48023602.0,1841308.0,15790468.0
2021-04-08,15369188.0,2578118.0,17613592.0,5654434.0,1814515.0,19262565.0,11367448.0,33370259.0,1644834.0,14660557.0
2021-04-09,14037885.0,2911129.0,28157816.0,6052712.0,2604858.0,23239564.0,11641539.0,46473100.0,2015002.0,16994483.0
2021-04-12,20901482.0,3791828.0,22549128.0,20384532.0,2261945.0,26601702.0,9869735.0,75501713.0,3755497.0,35840817.0
2021-04-13,19411189.0,8654596.0,18600682.0,14855206.0,1811781.0,25445897.0,6657701.0,49773360.0,2063654.0,21027436.0
2021-04-14,19411189.0,8654596.0,18600682.0,14855206.0,1811781.0,25445897.0,6657701.0,49773360.0,2063654.0,21027436.0
2021-04-15,19723716.0,6062760.0,34444984.0,25342491.0,3352379.0,37614884.0,9989813.0,52992349.0,2625838.0,18205903.0
2021-04-16,15656948.0,3224657.0,15606526.0,10879878.0,1225517.0,24045008.0,6273393.0,37766793.0,3752588.0,13824608.0
2021-04-19,18478808.0,2679106.0,24069242.0,12508028.0,1746316.0,28526176.0,7368743.0,53304377.0,4157065.0,16400507.0
2021-04-20,17203668.0,3141893.0,23186270.0,8560766.0,1589508.0,24425842.0,7369109.0,41296147.0,2989204.0,22187707.0
2021-04-21,17203668.0,3141893.0,23186270.0,8560766.0,1589508.0,24425842.0,7369109.0,41296147.0,2989204.0,22187707.0
2021-04-22,14490954.0,1988980.0,38485312.0,6622446.0,1721265.0,34942633.0,6675147.0,49105833.0,2398100.0,24030915.0
2021-04-23,11828857.0,1615309.0,22713528.0,7316262.0,1949756.0,33749097.0,7123670.0,44223940.0,2062964.0,20381213.0
2021-04-26,20846778.0,2490260.0,30170952.0,7088606.0,1946867.0,62584522.0,5929161.0,49234985.0,1431562.0,20652091.0
2021-04-27,19992524.0,1471417.0,20592906.0,3636115.0,1668456.0,24239685.0,9875033.0,46003023.0,4303909.0,11885588.0
2021-04-28,17122437.0,1639037.0,24103940.0,4879234.0,1951215.0,33292864.0,12195400.0,56696255.0,3220346.0,13197445.0
2021-04-29,17412606.0,1621395.0,24078552.0,5412357.0,3151150.0,34537860.0,8846896.0,63692926.0,2221346.0,13601150.0
2021-04-30,19828769.0,3072305.0,35232902.0,8354677.0,4010778.0,23653258.0,8331737.0,53832840.0,1968093.0,17130954.0
2021-05-03,23640186.0,1545831.0,22473700.0,4560337.0,1692239.0,18010557.0,14556346.0,43691860.0,1653245.0,21405441.0
2021-05-04,21849830.0,1990777.0,21486328.0,4887060.0,1453111.0,15115127.0,14196229.0,57749307.0,2029558.0,18962501.0
2021-05-05,12393609.0,1939289.0,14421612.0,3939788.0,1256857.0,17253943.0,12095639.0,40872501.0,1813150.0,14396547.0
2021-05-06,14624666.0,1791671.0,11477044.0,4810090.0,1377740.0,16949763.0,9169742.0,36294427.0,2333882.0,14872429.0
2021-05-07,12288548.0,1912540.0,12048334.0,4991435.0,1169518.0,10941083.0,12894499.0,38357618.0,2362325.0,20213092.0
2021-05-10,13941237.0,2137153.0,11060050.0,7195348.0,988495.0,12060808.0,8365615.0,41739324.0,3929224.0,16922951.0
2021-05-11,13478264.0,2415625.0,14519034.0,6420988.0,1019077.0,13818480.0,8033470.0,41892770.0,1975828.0,14277000.0
2021-05-12,13177961.0,1978558.0,13774926.0,5241898.0,2053932.0,14785569.0,6815070.0,53436590.0,4283174.0,17174525.0
2021-05-13,13177961.0,1978558.0,13774926.0,5241898.0,2053932.0,14785569.0,6815070.0,53436590.0,4283174.0,17174525.0
2021-05-14,13291616.0,2043935.0,10604142.0,4824609.0,1388970.0,12675754.0,7697716.0,51722170.0,4558155.0,64021335.0
2021-05-17,11873078.0,2890462.0,15120692.0,5017129.0,811243.0,20453101.0,13677009.0,106555796.0,9620003.0,39465392.0
2021-05-18,12064918.0,2098538.0,22165280.0,5620150.0,1153722.0,19242627.0,34968901.0,70917710.0,3312380.0,31653409.0
2021-05-19,16317002.0,1986041.0,10130916.0,4435878.0,1323590.0,13911576.0,19583966.0,48189573.0,3215258.0,25345241.0
2021-05-20,11422532.0,2329027.0,10684184.0,4490092.0,856235.0,13900762.0,14036583.0,42898608.0,1996254.0,21688686.0
2021-05-21,10785605.0,1685566.0,19341646.0,4969733.0,771492.0,23975898.0,10492773.0,192810772.0,2185322.0,23509878.0
2021-05-24,8551760.0,1652260.0,22146102.0,4225371.0,1194864.0,20323003.0,6386039.0,142964052.0,5035538.0,29977506.0
2021-05-25,14780102.0,1841613.0,19236974.0,4099340.0,1098457.0,14884778.0,9412913.0,56048127.0,2892219.0,26310600.0
2021-05-26,7480204.0,1923753.0,12283990.0,6850024.0,811095.0,14487031.0,6908901.0,52357719.0,3230579.0,18253046.0
2021-05-27,26819294.0,5959785.0,20439496.0,15365391.0,3755182.0,23349546.0,22783169.0,73392997.0,3747221.0,49385674.0
2021-05-28,56469931.0,1763701.0,17750020.0,4261312.0,1215325.0,14191446.0,10248988.0,65137568.0,2315923.0,26583388.0
2021-05-31,59124142.0,1652799.0,15661054.0,4429904.0,1178704.0,21786138.0,12803471.0,38291043.0,2405318.0,75852502.0
2021-06-01,28013832.0,1377441.0,11030162.0,4791325.0,1141451.0,14123196.0,8435896.0,59299647.0,2077742.0,40247686.0
2021-06-02,24630162.0,2240078.0,10624016.0,9272276.0,1113091.0,16025108.0,10567595.0,38657806.0,2469417.0,100377464.0
2021-06-03,23974257.0,1281706.0,10287260.0,5115645.0,868532.0,11805702.0,6290021.0,38909199.0,3025466.0,48454441.0
2021-06-04,14468646.0,1836060.0,9424476.0,4194328.0,1283795.0,15111572.0,4878809.0,36898769.0,5677538.0,31286264.0
2021-06-07,16336573.0,2559821.0,8091668.0,5154576.0,1128300.0,7556341.0,9674473.0,20201197.0,3131245.0,32643869.0
2021-06-08,9674735.0,2574057.0,9872540.0,7360630.0,1106664.0,11912935.0,12822963.0,31113823.0,3945382.0,22080199.0
2021-06-09,11409161.0,1710925.0,10223442.0,5394317.0,1072858.0,15823094.0,12674395.0,27784834.0,3025732.0,25846432.0
2021-06-10,14155653.0,1874324.0,11483540.0,3496575.0,1944339.0,10712418.0,7018193.0,27397712.0,1584311.0,31902690.0
2021-06-11,13762778.0,3452954.0,7205974.0,6140828.0,1128097.0,9015059.0,7777365.0,26831924.0,1909384.0,22249404.0
2021-06-14,20332436.0,1847360.0,8881964.0,7132294.0,1761632.0,10170497.0,5714387.0,30106015.0,2005404.0,18358717.0
2021-06-15,15174215.0,1304985.0,7569602.0,5403104.0,1215463.0,11039987.0,7264778.0,16413658.0,1831871.0,15426377.0
2021-06-16,10797349.0,1635552.0,7702098.0,7661710.0,2153668.0,8601339.0,10045600.0,19701175.0,1504791.0,20878518.0
2021-06-17,15745975.0,2273413.0,9283802.0,7677951.0,1555777.0,9720060.0,10214732.0,23048331.0,1675778.0,22304032.0
2021-06-18,29369026.0,3380431.0,11938060.0,13533974.0,3937751.0,13820690.0,15000348.0,45748727.0,4649835.0,24475206.0
2021-06-21,12186448.0,1130569.0,7260472.0,5454052.0,2506277.0,13407446.0,5742834.0,33128978.0,1970012.0,19809308.0
2021-06-22,12871913.0,1708688.0,14366824.0,6427862.0,1945883.0,15270093.0,9114558.0,28442965.0,3862264.0,18737552.0
2021-06-23,16653951.0,1467104.0,7844868.0,5529809.0,1035668.0,10950633.0,4767421.0,27564829.0,1818874.0,13059519.0
2021-06-24,91461975.0,4155204.0,14785024.0,10785137.0,759681.0,12815724.0,6419922.0,19214547.0,2762042.0,23299321.0
2021-06-25,55355022.0,2722861.0,10383176.0,9780240.0,1112942.0,14785922.0,5504204.0,29886797.0,2099002.0,14411660.0
2021-06-28,20277042.0,1355238.0,9356786.0,5019178.0,694906.0,12093491.0,5265796.0,29370660.0,1173658.0,15190488.0
2021-06-29,27144063.0,1497322.0,10971692.0,5913567.0,1354397.0,12225470.0,8713975.0,22275961.0,2174022.0,13839294.0
2021-06-30,19762858.0,1693146.0,9679022.0,6058722.0,1447245.0,14276494.0,5760552.0,18337773.0,2139362.0,16556397.0
2021-07-01,12534407.0,990310.0,16911442.0,4814317.0,735043.0,10517081.0,6575188.0,16161469.0,2060651.0,10583793.0
2021-07-02,14086620.0,1682274.0,14827036.0,5166064.0,860231.0,10999396.0,13309063.0,16423811.0,1814564.0,13187847.0
2021-07-05,11702287.0,1972858.0,7373882.0,4058338.0,761700.0,7358568.0,6373586.0,16483761.0,1605396.0,10642939.0
2021-07-06,10070124.0,2159420.0,17669032.0,4089574.0,461782.0,9209891.0,10494366.0,20195278.0,1072506.0,11515716.0
2021-07-07,10454892.0,2640710.0,9629190.0,4797120.0,623145.0,7741559.0,6669192.0,14473774.0,1096808.0,18568033.0
2021-07-08,11185460.0,2485811.0,8420922.0,3326813.0,1114426.0,10782941.0,5400962.0,21433043.0,1456033.0,21730892.0
2021-07-09,9037675.0,6365067.0,10695842.0,3436594.0,538094.0,7069698.0,7303645.0,16844494.0,1248405.0,12289809.0
2021-07-12,8585292.0,1892226.0,14458978.0,4588982.0,543898.0,6992783.0,8932790.0,12886781.0,865284.0,13589278.0
2021-07-13,6717133.0,1809339.0,18178142.0,4456160.0,994396.0,19825411.0,8138019.0,12831125.0,995833.0,11247522.0
2021-07-14,8532544.0,2044279.0,9788494.0,5657716.0,1377829.0,11648541.0,6666859.0,12767351.0,4010254.0,21269167.0
2021-07-15,9448356.0,2232968.0,10438802.0,10021355.0,693792.0,8244429.0,6886797.0,11030732.0,9066480.0,29963443.0
2021-07-16,8828185.0,1256526.0,5170628.0,6265593.0,545405.0,9212875.0,11251138.0,8713863.0,4157388.0,30137464.0
2021-07-19,8354449.0,1597058.0,25111600.0,5669162.0,463873.0,9121737.0,9130551.0,14426686.0,3027093.0,17099088.0
2021-07-20,6741464.0,1811945.0,24174250.0,5069939.0,1061476.0,13169127.0,7646460.0,14623321.0,1847026.0,24567907.0
2021-07-21,6741464.0,1811945.0,24174250.0,5069939.0,1061476.0,13169127.0,7646460.0,14623321.0,1847026.0,24567907.0
2021-07-22,7972397.0,2859334.0,13207114.0,7854575.0,3546044.0,13123569.0,20220601.0,11799761.0,3231269.0,19016769.0
2021-07-23,9937030.0,1776193.0,13126684.0,4179719.0,1517589.0,19298083.0,33200836.0,17704661.0,2259058.0,46241640.0
2021-07-26,12389668.0,1259611.0,13167166.0,4586710.0,1311535.0,31054759.0,5214592.0,14037519.0,2219416.0,49084040.0
2021-07-27,10824523.0,1121367.0,22401430.0,5892859.0,1656945.0,12598869.0,5835018.0,24119619.0,3984778.0,25378089.0
2021-07-28,12897848.0,1660654.0,20670342.0,4686788.0,912373.0,18367497.0,32532037.0,17636515.0,4119892.0,15304399.0
2021-07-29,13765738.0,1731997.0,13702230.0,4660873.0,1012663.0,11043138.0,15844335.0,35263606.0,1672177.0,16204679.0
2021-07-30,11350608.0,2999943.0,11655488.0,6234257.0,1708251.0,14536250.0,10125413.0,35196813.0,2536568.0,15515733.0
2021-08-02,10925104.0,2608669.0,13258786.0,5553389.0,1229936.0,9348206.0,6372299.0,16926025.0,1083353.0,10046707.0
2021-08-03,11817299.0,3804735.0,12033120.0,5513668.0,1733476.0,10162609.0,21680353.0,40922962.0,1777140.0,19179805.0
2021-08-04,13169800.0,2929598.0,22053948.0,6740391.0,1588974.0,28730606.0,21816567.0,129761158.0,2067087.0,11421835.0
2021-08-05,21252078.0,2534521.0,18822408.0,5420536.0,921757.0,17774554.0,72423461.0,58595639.0,1831728.0,48995450.0
2021-08-06,16620987.0,2292362.0,13339270.0,3754855.0,1432661.0,14701949.0,29055626.0,38236066.0,1192143.0,24489836.0
2021-08-09,7494143.0,1510489.0,10998048.0,5018477.0,921476.0,8602980.0,10078649.0,22196404.0,1223794.0,21142199.0
2021-08-10,11919198.0,2040777.0,14838346.0,6846517.0,1061370.0,10843554.0,34514358.0,27794251.0,1429931.0,18855165.0
2021-08-11,9184963.0,1929707.0,12585786.0,4899639.0,1300594.0,9748084.0,18731287.0,23827946.0,1370930.0,16012451.0
2021-08-12,8137612.0,1310205.0,8597674.0,5659579.0,1226064.0,8840339.0,8430316.0,16847144.0,1645811.0,28758718.0
2021-08-13,12780901.0,4363584.0,16658428.0,5612790.0,1033159.0,12787590.0,21079044.0,20908992.0,5439442.0,19576945.0
2021-08-16,21935444.0,2083489.0,6252778.0,4564109.0,1146309.0,7920846.0,10506327.0,17608693.0,1794407.0,11621038.0
2021-08-17,12658169.0,4336019.0,8282666.0,9510390.0,1921902.0,8669653.0,11311229.0,22957877.0,1838525.0,8161139.0
2021-08-18,10075860.0,2631309.0,22985932.0,6686090.0,1545643.0,11069373.0,7136872.0,17668574.0,1570228.0,11149120.0
2021-08-19,10075860.0,2631309.0,22985932.0,6686090.0,1545643.0,11069373.0,7136872.0,17668574.0,1570228.0,11149120.0
2021-08-20,9426282.0,2836148.0,13150406.0,6206972.0,5779927.0,13121808.0,12770173.0,25541790.0,2416059.0,20168965.0
2021-08-23,9854395.0,3744176.0,10843054.0,6189051.0,2163220.0,10917371.0,12790616.0,26559937.0,1973841.0,10319044.0
2021-08-24,11864472.0,2511141.0,18381314.0,7602939.0,1482854.0,9821388.0,5885050.0,19012313.0,1580003.0,12971124.0
2021-08-25,13380559.0,2123263.0,7727974.0,6153253.0,1746570.0,9535359.0,8127668.0,16410980.0,1795313.0,10994627.0
2021-08-26,18589616.0,1902533.0,11119002.0,5302248.0,2117291.0,10756731.0,26316897.0,15897679.0,2051262.0,15407558.0
2021-08-27,10480636.0,3944728.0,6382138.0,6698514.0,1176229.0,9135827.0,16444274.0,15090541.0,4903187.0,10879860.0
2021-08-30,14027062.0,2033114.0,9049166.0,6559667.0,1168190.0,10797869.0,40506274.0,20308691.0,3345934.0,12550267.0
2021-08-31,26485463.0,3207480.0,12062576.0,12255438.0,2535891.0,19760246.0,60781970.0,26262421.0,3264644.0,26802390.0
2021-09-01,11145486.0,2643336.0,12422558.0,7801974.0,1775792.0,13729351.0,30796359.0,18776721.0,3530101.0,16867486.0
2021-09-02,9956770.0,3403717.0,9618524.0,6830050.0,1946183.0,8627956.0,18951106.0,14372717.0,2400278.0,14872714.0
2021-09-03,30664428.0,1746812.0,10735334.0,5339139.0,1561823.0,8993813.0,7920313.0,14233624.0,2336258.0,10622796.0
2021-09-06,33641710.0,1723693.0,7876896.0,4876026.0,1444978.0,5329995.0,10223448.0,10694099.0,1850835.0,11041632.0
2021-09-07,17349882.0,1585039.0,7245496.0,3520341.0,1219915.0,6242711.0,28185127.0,14928735.0,1734879.0,38933378.0
2021-09-08,14301651.0,4147175.0,6724080.0,4584896.0,946711.0,7118011.0,20876941.0,22817464.0,1644392.0,17897021.0
2021-09-09,8963249.0,1441148.0,8250948.0,3331674.0,879454.0,6243422.0,19784500.0,9662128.0,1225239.0,19784972.0
2021-09-10,8963249.0,1441148.0,8250948.0,3331674.0,879454.0,6243422.0,19784500.0,9662128.0,1225239.0,19784972.0
2021-09-13,16311160.0,1691473.0,8959164.0,4662374.0,1341412.0,6967906.0,19704664.0,9567921.0,1578773.0,16661794.0
2021-09-14,8908356.0,1991188.0,9758506.0,4945167.0,1755061.0,5241865.0,11694600.0,9981562.0,1407269.0,20377545.0
2021-09-15,9071075.0,2461369.0,14822998.0,4062344.0,1362350.0,5936741.0,56796797.0,22181568.0,2757989.0,21028598.0
2021-09-16,13448882.0,2946666.0,10260550.0,3246568.0,1259196.0,13557169.0,45001991.0,42637448.0,2128381.0,154986538.0
2021-09-17,34882133.0,6477148.0,20498102.0,7454864.0,3095032.0,17075003.0,26649321.0,41529478.0,3473932.0,82563658.0
2021-09-20,11779819.0,2002008.0,8781610.0,5660743.0,2671330.0,7943459.0,14330899.0,18376916.0,1820374.0,73101936.0
2021-09-21,9915736.0,1568129.0,14774996.0,4672222.0,2277437.0,10009615.0,14216876.0,17279588.0,2029747.0,58854434.0
2021-09-22,10995912.0,1744067.0,10582202.0,4553892.0,1580594.0,9740470.0,16348622.0,14321143.0,1487933.0,54648494.0
2021-09-23,15748397.0,2003869.0,13664304.0,3826090.0,1054473.0,10412491.0,26497345.0,20516770.0,3702946.0,22630330.0
2021-09-24,15192163.0,2320754.0,20806702.0,8280446.0,1635284.0,11780868.0,72175065.0,10731274.0,3612494.0,25779310.0
2021-09-27,15373834.0,1673362.0,16415462.0,5045337.0,1465932.0,7712240.0,11282248.0,11746892.0,1650711.0,23772123.0
2021-09-28,18035258.0,2253075.0,12773790.0,6557197.0,1078052.0,13491800.0,21944239.0,19241170.0,1442615.0,16319138.0
2021-09-29,9719875.0,2489161.0,16263036.0,7792548.0,1503894.0,11453404.0,16729859.0,38635938.0,1698747.0,16045073.0
2021-09-30,13590654.0,2252412.0,15975348.0,6914031.0,1620199.0,18487517.0,13911568.0,26530369.0,1792078.0,16987893.0
2021-10-01,8958928.0,1578374.0,11128596.0,5733906.0,956111.0,10935810.0,14952128.0,14777309.0,1563937.0,16570661.0
2021-10-04,10918552.0,1356860.0,7051028.0,2947154.0,1025005.0,8976533.0,8917898.0,16246765.0,1588493.0,11098123.0
2021-10-05,13533634.0,1877966.0,10257178.0,4373310.0,562784.0,7497208.0,25598885.0,16487568.0,1705242.0,9578825.0
2021-10-06,10258881.0,1678154.0,18600830.0,4271698.0,862471.0,13200810.0,10406502.0,19056690.0,1845661.0,18179336.0
2021-10-07,6336665.0,1647233.0,11265724.0,5476108.0,1082816.0,10041549.0,8121590.0,9984651.0,1378863.0,10770973.0
2021-10-08,15772493.0,2934339.0,7245562.0,4738376.0,1579941.0,9383924.0,6297352.0,16521128.0,1755402.0,10114327.0
2021-10-11,14768666.0,11845402.0,13080848.0,8840633.0,1086252.0,9337637.0,8792050.0,20686981.0,1528151.0,22000303.0
2021-10-12,6682011.0,5752877.0,8176946.0,7439300.0,1174337.0,7376091.0,8579567.0,33763609.0,1671988.0,30347455.0
2021-10-13,9959762.0,3545655.0,6225644.0,7104171.0,1660007.0,6357766.0,7062149.0,17638983.0,2105025.0,52091422.0
2021-10-14,8623469.0,6442299.0,14757288.0,19655776.0,2158809.0,8950350.0,9820591.0,23431826.0,4440909.0,88696178.0
2021-10-15,8623469.0,6442299.0,14757288.0,19655776.0,2158809.0,8950350.0,9820591.0,23431826.0,4440909.0,88696178.0
2021-10-18,13594479.0,3590107.0,28856456.0,13438109.0,1758177.0,15345601.0,8574445.0,20084248.0,1918546.0,62614961.0
2021-10-19,8833409.0,3135441.0,8987540.0,10324260.0,5431133.0,11349799.0,7328862.0,20645100.0,6639827.0,61336411.0
2021-10-20,12710570.0,2933693.0,10908568.0,5876115.0,4864654.0,12762996.0,21217306.0,34080545.0,3295376.0,49663940.0
2021-10-21,20831669.0,4871211.0,9738190.0,8779629.0,3254632.0,12166996.0,8908979.0,20808243.0,2774633.0,23385990.0
2021-10-22,11027475.0,2691670.0,12175554.0,7369809.0,1845622.0,13248928.0,6587256.0,24080485.0,1520637.0,36905793.0
2021-10-25,17198417.0,2595594.0,16426766.0,5905209.0,1560381.0,96124084.0,9540441.0,35619415.0,2488386.0,23194065.0
2021-10-26,9750178.0,3878763.0,12090656.0,5871709.0,1595060.0,16925115.0,10953878.0,21107457.0,1930107.0,19663381.0
2021-10-27,9896298.0,2510813.0,13249642.0,5090259.0,3083879.0,22898400.0,11878571.0,29463032.0,1408879.0,26909428.0
2021-10-28,9886181.0,2424942.0,17797750.0,5329972.0,2015791.0,18750423.0,8884507.0,28140401.0,6379424.0,48064941.0
2021-10-29,14233025.0,3960501.0,12406874.0,5875091.0,2453400.0,15701200.0,8602343.0,31355893.0,3984689.0,27668175.0
2021-11-01,15481114.0,2020718.0,8122320.0,3636806.0,1941114.0,11406421.0,17121001.0,20679604.0,2316925.0,24090945.0
2021-11-02,10569130.0,3087414.0,13237722.0,3471772.0,1350154.0,9452457.0,7725455.0,26797820.0,1687119.0,14896284.0
2021-11-03,11989430.0,1537639.0,10207338.0,3530713.0,1591607.0,11839149.0,23261507.0,80775924.0,11580233.0,18530527.0
2021-11-04,1705656.0,328991.0,1096808.0,483407.0,245719.0,3149310.0,1064714.0,9796046.0,764191.0,7295341.0
2021-11-05,1705656.0,328991.0,1096808.0,483407.0,245719.0,3149310.0,1064714.0,9796046.0,764191.0,7295341.0
2021-11-08,20337183.0,2526082.0,18943580.0,5245903.0,2555533.0,13967995.0,7565546.0,36802110.0,3674523.0,21051238.0
2021-11-09,15682497.0,1782692.0,12695476.0,4016134.0,1696949.0,10084357.0,5278131.0,25451967.0,3550645.0,11964518.0
2021-11-10,10253470.0,1516489.0,13714126.0,4780368.0,1794509.0,9507347.0,15180490.0,15805538.0,3208195.0,13948380.0
2021-11-11,10722478.0,1284514.0,7999404.0,4731349.0,1282647.0,9221059.0,7421118.0,23086898.0,7061537.0,8448263.0
2021-11-12,8712341.0,1747259.0,14914092.0,5069009.0,1651974.0,15380106.0,9207508.0,19836221.0,2026320.0,12312123.0
2021-11-15,4803269.0,1809157.0,9533594.0,4354074.0,1007999.0,10934583.0,5454742.0,13328183.0,1127678.0,40247848.0
2021-11-16,11337581.0,2013204.0,8245406.0,6034233.0,1245209.0,12785837.0,4639931.0,19553216.0,2279531.0,15241184.0
2021-11-17,10202029.0,1632914.0,7598878.0,4732492.0,956809.0,11657214.0,8002927.0,20488483.0,2166686.0,48496295.0
2021-11-18,8505625.0,2136598.0,9152874.0,4326924.0,1236943.0,20644385.0,4469597.0,22471070.0,1883794.0,21005037.0
2021-11-19,8505625.0,2136598.0,9152874.0,4326924.0,1236943.0,20644385.0,4469597.0,22471070.0,1883794.0,21005037.0
2021-11-22,24124307.0,3167936.0,15261272.0,6621839.0,1629290.0,20403786.0,36884348.0,28800269.0,2407464.0,23443628.0
2021-11-23,25326999.0,2153461.0,11235214.0,8436160.0,1932539.0,24913042.0,18240414.0,20000371.0,2028470.0,13950744.0
2021-11-24,16820296.0,2161746.0,30802286.0,7333061.0,999070.0,23186419.0,21653712.0,13963769.0,1361828.0,14684422.0
2021-11-25,42401936.0,1849619.0,10251652.0,4476260.0,1363272.0,17749726.0,8483653.0,12894211.0,1930012.0,24825493.0
2021-11-26,15763138.0,1941251.0,18624936.0,4494181.0,2450902.0,18987552.0,11142921.0,26305817.0,2796595.0,28067913.0
2021-11-29,24325354.0,2981745.0,12990996.0,3942776.0,1724612.0,15878074.0,15885643.0,22407465.0,2111420.0,22985358.0
2021-11-30,32172299.0,5588446.0,25221542.0,14808963.0,3931035.0,23965914.0,14272616.0,23026652.0,3385628.0,24408641.0
2021-12-01,10104610.0,2102118.0,8677634.0,5193264.0,1263139.0,15214913.0,10488561.0,17156956.0,1359786.0,13496307.0
2021-12-02,12720411.0,3152938.0,11203110.0,5559574.0,1673117.0,21924640.0,11507427.0,12962679.0,2813690.0,16517389.0
2021-12-03,19222481.0,2486263.0,8124694.0,6754012.0,1890178.0,20130259.0,11024093.0,16653993.0,3612772.0,14325920.0
2021-12-06,10332254.0,1849642.0,7029532.0,3991449.0,1079171.0,20129080.0,8804487.0,14353300.0,1566109.0,13644352.0
2021-12-07,11235122.0,1484458.0,12427534.0,4202122.0,895313.0,30513303.0,10238693.0,13644942.0,2097201.0,9246755.0
2021-12-08,8744178.0,1428660.0,15295534.0,3029169.0,839769.0,33432411.0,8296393.0,20397660.0,3433206.0,10241656.0
2021-12-09,13213547.0,1567957.0,11747744.0,2082171.0,716666.0,16007459.0,9069515.0,12560970.0,3791595.0,39714672.0
2021-12-10,8364414.0,1510718.0,7779384.0,1823469.0,724539.0,7627774.0,4251339.0,13261408.0,1771926.0,36517117.0
2021-12-13,12901733.0,1883864.0,10322142.0,4040584.0,1804894.0,16855546.0,9896899.0,14047645.0,1857829.0,22903720.0
2021-12-14,12991523.0,1747007.0,9191100.0,4768144.0,1219031.0,17488089.0,9275631.0,11642447.0,1685243.0,38953007.0
2021-12-15,9366969.0,1603233.0,10115148.0,3053149.0,755122.0,7358740.0,7674319.0,8639835.0,2176709.0,35987634.0
2021-12-16,9761279.0,2072320.0,13210432.0,4481031.0,926493.0,14123215.0,9633006.0,11107781.0,2469902.0,25131188.0
2021-12-17,21049821.0,4333992.0,14994768.0,18887243.0,2439222.0,13227787.0,13850460.0,12648603.0,2352938.0,30827201.0
2021-12-20,14325846.0,2312310.0,21156668.0,5773891.0,2175705.0,16900016.0,11812939.0,22336114.0,2488158.0,38778895.0
2021-12-21,12836561.0,2340989.0,9118750.0,5353584.0,1591415.0,14563335.0,8084499.0,16617447.0,2077840.0,20142586.0
2021-12-22,17658543.0,1224328.0,8577484.0,4156428.0,1661605.0,9843359.0,8522226.0,13102553.0,1692505.0,17903428.0
2021-12-23,9072401.0,1792861.0,9779166.0,4112933.0,1423081.0,9994049.0,5602466.0,14471377.0,1677127.0,23065082.0
2021-12-24,7886494.0,2209923.0,5561024.0,3780347.0,895503.0,8800690.0,3756020.0,13221159.0,1203991.0,17220191.0
2021-12-27,4017223.0,1534135.0,4705098.0,2647733.0,584302.0,7955163.0,3658572.0,8856482.0,1139744.0,8467106.0
2021-12-28,6374613.0,1456218.0,5450678.0,3340933.0,783710.0,17833655.0,3892590.0,8832210.0,1916098.0,12014352.0
2021-12-29,15425312.0,1456923.0,7668702.0,3236635.0,1410236.0,7143073.0,3847574.0,11757303.0,1287946.0,11923119.0
2021-12-30,29333171.0,1966475.0,7215918.0,4584738.0,963711.0,14326182.0,5701612.0,28879190.0,1805349.0,10116360.0
2021-12-31,9477290.0,1207141.0,6325736.0,4619420.0,1123597.0,6973055.0,4598628.0,10005842.0,1145546.0,7875890.0
2022-01-03,5421611.0,2346158.0,9069184.0,3329616.0,879278.0,9653095.0,2939833.0,13124509.0,1906676.0,8064567.0
2022-01-04,10847728.0,2488606.0,8857352.0,3921999.0,1484275.0,12114437.0,6473875.0,23296671.0,1643920.0,9398805.0
2022-01-05,11643813.0,1733031.0,14332638.0,6995719.0,1202512.0,19741360.0,4586105.0,24694169.0,1711667.0,11663111.0
2022-01-06,14447422.0,1810293.0,9628930.0,6449205.0,1198901.0,13018067.0,21642414.0,18190843.0,1372015.0,9295303.0
2022-01-07,13112115.0,2460591.0,11179384.0,4834389.0,1026186.0,12250210.0,4315015.0,22746330.0,1447123.0,9196075.0
2022-01-10,9246731.0,3937092.0,8856496.0,7857560.0,919447.0,10905080.0,3565324.0,15832274.0,2397846.0,16451394.0
2022-01-11,16205164.0,1906106.0,8389198.0,5142287.0,1321335.0,9982061.0,10642484.0,16107950.0,2232435.0,8329596.0
2022-01-12,14800442.0,3203744.0,21085530.0,5362535.0,1487554.0,13034848.0,12366953.0,14489616.0,1585970.0,13665682.0
2022-01-13,11856712.0,6684507.0,41963896.0,14277630.0,1586299.0,9372244.0,5829874.0,10450974.0,2373324.0,11944029.0
2022-01-14,19930176.0,3348123.0,11208968.0,7688506.0,1596037.0,7552844.0,5344096.0,8724574.0,3124945.0,10976796.0
2022-01-17,8036453.0,3442604.0,22989372.0,5262464.0,912205.0,6722700.0,4340924.0,17422211.0,1858651.0,12792728.0
2022-01-18,6215029.0,2389041.0,12341152.0,3690315.0,1667579.0,10835146.0,4312058.0,12592506.0,1460676.0,14948456.0
2022-01-19,9755485.0,3102539.0,14317626.0,5747770.0,2145255.0,16416144.0,5879490.0,16079457.0,2336679.0,11915686.0
2022-01-20,16494486.0,6176776.0,15197846.0,5533463.0,2829711.0,13567654.0,4812496.0,17724642.0,2031107.0,17997322.0
2022-01-21,13338594.0,3112358.0,11537694.0,8252758.0,4596050.0,12078277.0,6704622.0,16947941.0,2209132.0,17225050.0
2022-01-24,21868937.0,3258414.0,11868508.0,7116712.0,2231103.0,29612316.0,11091633.0,20233933.0,2307120.0,18023332.0
2022-01-25,24510205.0,3330501.0,13594248.0,9137653.0,1843543.0,19513184.0,14128764.0,21791739.0,2998042.0,19028606.0
2022-01-26,24510205.0,3330501.0,13594248.0,9137653.0,1843543.0,19513184.0,14128764.0,21791739.0,2998042.0,19028606.0
2022-01-27,20020431.0,5718297.0,28617838.0,11231734.0,2620474.0,23984679.0,8937312.0,35409230.0,2932713.0,24041247.0
2022-01-28,14667727.0,3143862.0,24925208.0,10998502.0,1967721.0,14072314.0,21450677.0,24715250.0,2233620.0,15865353.0
2022-01-31,12143683.0,2739393.0,12842546.0,8788872.0,1639875.0,14824509.0,10745370.0,28674232.0,3161064.0,15618203.0
2022-02-01,13200509.0,2105169.0,14739484.0,5119935.0,1270508.0,20031583.0,4814511.0,32245356.0,5392787.0,44871108.0
2022-02-02,10017691.0,1984212.0,13969290.0,4253717.0,1246111.0,11214375.0,3286577.0,21661864.0,3579380.0,42714702.0
2022-02-03,9572839.0,1960538.0,10564762.0,3832922.0,1448039.0,9755335.0,3651578.0,22717677.0,2262217.0,28918394.0
2022-02-04,11061241.0,2307366.0,11579958.0,4700077.0,1014561.0,10314067.0,3284198.0,25332894.0,1440816.0,58889867.0
2022-02-07,10714467.0,1919149.0,12268042.0,4310209.0,1207402.0,14659368.0,6833983.0,52289545.0,2641464.0,25101983.0
2022-02-08,12060849.0,2946443.0,13981130.0,6053401.0,1190660.0,14642455.0,7167684.0,26567546.0,2040523.0,16825239.0
2022-02-09,11486225.0,1638721.0,11308342.0,3867244.0,1049611.0,8855292.0,10185173.0,14856155.0,1390810.0,12351873.0
2022-02-10,12464491.0,2112459.0,14314530.0,4334630.0,1195100.0,13159771.0,6074014.0,18659370.0,1288856.0,20317032.0
2022-02-11,15943370.0,3851488.0,10711104.0,7551371.0,2100036.0,13138408.0,5646980.0,14607095.0,1744894.0,18793513.0
2022-02-14,10719633.0,5951745.0,14656620.0,7459637.0,1661501.0,16170656.0,7441445.0,26153332.0,2290199.0,23621214.0
2022-02-15,11212671.0,3931683.0,13135066.0,4669915.0,1533070.0,18880659.0,4650249.0,23842951.0,2602134.0,13371177.0
2022-02-16,10392840.0,3256906.0,10032264.0,5350642.0,995668.0,10549784.0,5433910.0,19773807.0,1898439.0,11664158.0
2022-02-17,12853252.0,3134372.0,7351208.0,3937950.0,869374.0,16683808.0,5107708.0,16408356.0,1459905.0,14564261.0
2022-02-18,6775458.0,3688883.0,7796128.0,5602215.0,890713.0,8945567.0,4099366.0,15111223.0,1912482.0,9004891.0
2022-02-21,11107193.0,7465922.0,7468066.0,5120890.0,737919.0,10967164.0,4307430.0,16866932.0,1262585.0,16750193.0
2022-02-22,13494914.0,5408531.0,9536196.0,8878515.0,902667.0,13156371.0,9148804.0,27108772.0,2288298.0,26741024.0
2022-02-23,7310110.0,2426203.0,9029562.0,5478811.0,1324411.0,11624282.0,4124469.0,13899433.0,1583872.0,11438476.0
2022-02-24,24846650.0,5039136.0,23630766.0,13592379.0,2997629.0,28023104.0,14139461.0,32356037.0,3616355.0,42933709.0
2022-02-25,14570089.0,2549723.0,18318654.0,9737281.0,2193728.0,16935750.0,6452099.0,21792287.0,2476882.0,24543858.0
2022-02-28,21297446.0,3288942.0,24880832.0,15076542.0,2334036.0,20547432.0,8301523.0,18069367.0,2553662.0,20806226.0
2022-03-01,21297446.0,3288942.0,24880832.0,15076542.0,2334036.0,20547432.0,8301523.0,18069367.0,2553662.0,20806226.0
2022-03-02,21471786.0,2761341.0,38505560.0,6771489.0,2034688.0,25252492.0,10220908.0,22003848.0,3152628.0,20039140.0
2022-03-03,10186748.0,1928039.0,17527922.0,7344147.0,2372998.0,23190595.0,6517030.0,20358590.0,2259979.0,29631546.0
2022-03-04,10805667.0,2370257.0,21219364.0,9074499.0,6320118.0,18697223.0,7094874.0,20684268.0,3906819.0,69409780.0
2022-03-07,17983310.0,3054130.0,27054458.0,9742588.0,2976453.0,27799873.0,12615451.0,33720472.0,6318251.0,47001716.0
2022-03-08,21289374.0,3300992.0,39212492.0,10984500.0,3211938.0,26716975.0,8462985.0,42510207.0,4421730.0,37424203.0
2022-03-09,20414228.0,2719654.0,23134694.0,10193515.0,2879079.0,33728639.0,9896395.0,32331325.0,3306502.0,43923809.0
2022-03-10,17980493.0,2005441.0,22273206.0,6547182.0,4879791.0,35959638.0,5989327.0,34553299.0,2776325.0,37523806.0
2022-03-11,12257423.0,1623423.0,15150780.0,4758657.0,2481643.0,20546724.0,3353880.0,22091309.0,1577597.0,43305144.0
2022-03-14,8340678.0,1765688.0,25018126.0,10289724.0,1730325.0,24648981.0,4016137.0,27750689.0,1558334.0,36465969.0
2022-03-15,15925769.0,3651133.0,18867928.0,7140443.0,2391023.0,27714580.0,6006439.0,27204899.0,2062332.0,34269168.0
2022-03-16,11149828.0,3090475.0,13364108.0,5233979.0,2808685.0,14621688.0,3843706.0,16211288.0,2101909.0,22462538.0
2022-03-17,21422098.0,3600452.0,14823954.0,17731459.0,2995889.0,18329844.0,8168953.0,22947673.0,3383036.0,35541798.0
2022-03-18,21422098.0,3600452.0,14823954.0,17731459.0,2995889.0,18329844.0,8168953.0,22947673.0,3383036.0,35541798.0
2022-03-21,11999466.0,2413831.0,12257876.0,8362085.0,1674982.0,12866839.0,6317305.0,19064060.0,2301462.0,29052540.0
2022-03-22,22557065.0,2907611.0,10461814.0,5709382.0,5356303.0,11761758.0,3000133.0,26157969.0,3986030.0,38368305.0
2022-03-23,15462187.0,1596195.0,31188256.0,6192824.0,3212162.0,7140403.0,7974713.0,15800195.0,1574226.0,42051087.0
2022-03-24,13168266.0,1879046.0,20160044.0,3784303.0,3054664.0,17727969.0,3597143.0,18174877.0,1580887.0,39712133.0
2022-03-25,14222488.0,1690133.0,16366462.0,3438588.0,2233647.0,15263007.0,2930336.0,11541196.0,1483897.0,30412482.0
2022-03-28,9891424.0,1760990.0,15754886.0,4008555.0,1794533.0,13806166.0,7960258.0,16738684.0,1799629.0,25876007.0
2022-03-29,8684065.0,2689063.0,12377448.0,3917785.0,1249125.0,11489374.0,15833573.0,14301429.0,2071779.0,18820674.0
2022-03-30,15811550.0,1583455.0,20109742.0,7795839.0,1476829.0,20154520.0,9938988.0,16461225.0,1712835.0,18281803.0
2022-03-31,13223718.0,2168110.0,14295714.0,5399145.0,2540524.0,16046383.0,7371181.0,10240982.0,1401916.0,26644916.0
2022-04-01,7922880.0,1387014.0,14568556.0,6171518.0,1714996.0,12658848.0,5920139.0,18527226.0,2050573.0,14856664.0
2022-04-04,7929162.0,1472994.0,97450970.0,7364074.0,1693019.0,17192197.0,5783224.0,16257176.0,1955281.0,16520039.0
2022-04-05,13149870.0,2314947.0,30922582.0,5472024.0,1277652.0,12290391.0,3990794.0,13602384.0,1718581.0,28230046.0
2022-04-06,12257215.0,2051729.0,27027860.0,5407453.0,1736115.0,13518142.0,7490027.0,13738275.0,2245496.0,20352716.0
2022-04-07,15496499.0,2494829.0,40781732.0,5797544.0,1824732.0,15087175.0,5818505.0,19620958.0,2003954.0,16679649.0
2022-04-08,15152495.0,2296773.0,41256322.0,5131446.0,1693462.0,15480705.0,5583587.0,13572638.0,1903321.0,39283623.0
2022-04-11,9254209.0,2291660.0,20799066.0,8248407.0,1380107.0,13216391.0,4927865.0,12370288.0,2262446.0,47924937.0
2022-04-12,13217742.0,4483476.0,27435402.0,6456184.0,1370233.0,14020000.0,3904026.0,14460680.0,4215141.0,24460888.0
2022-04-13,10354235.0,1621672.0,28892520.0,6257693.0,1071601.0,16119956.0,6343030.0,15440525.0,1673417.0,22239115.0
2022-04-14,10354235.0,1621672.0,28892520.0,6257693.0,1071601.0,16119956.0,6343030.0,15440525.0,1673417.0,22239115.0
2022-04-15,10354235.0,1621672.0,28892520.0,6257693.0,1071601.0,16119956.0,6343030.0,15440525.0,1673417.0,22239115.0
2022-04-18,9974224.0,3820792.0,45620376.0,30523965.0,1828131.0,17651530.0,8950327.0,14492183.0,1808707.0,25339139.0
2022-04-19,26141820.0,3170014.0,74096022.0,17044923.0,1775996.0,31088359.0,9957060.0,20362934.0,2737766.0,24280577.0
2022-04-20,25072240.0,2640370.0,49325736.0,10678747.0,1511804.0,15984202.0,6632292.0,11881305.0,3832617.0,25454589.0
2022-04-21,21708633.0,2280996.0,52446270.0,7766514.0,2244813.0,8953098.0,6111830.0,10035638.0,1797489.0,24313956.0
2022-04-22,15054154.0,1581465.0,20659148.0,8134245.0,3520828.0,14411607.0,5182247.0,16760456.0,1474689.0,16274820.0
2022-04-25,17063215.0,1960694.0,20935488.0,7000570.0,2437310.0,35417460.0,3571031.0,14057444.0,1964344.0,25140992.0
2022-04-26,12227666.0,1943469.0,17016842.0,5345435.0,1447088.0,18727514.0,4987848.0,12137213.0,2440990.0,21327644.0
2022-04-27,19338945.0,1727648.0,18054334.0,8819356.0,2214481.0,21441480.0,4571399.0,12367342.0,1346726.0,17219401.0
2022-04-28,25614076.0,1703660.0,20773722.0,9245177.0,5865359.0,18649559.0,6101866.0,12154792.0,3117433.0,28999835.0
2022-04-29,18214862.0,2051115.0,28401476.0,9831395.0,2678692.0,19560317.0,7219115.0,12894773.0,2404830.0,21206335.0
2022-05-02,9467006.0,1324161.0,19494316.0,7072627.0,1543544.0,10903446.0,3938533.0,18590895.0,1399802.0,19696250.0
2022-05-03,9467006.0,1324161.0,19494316.0,7072627.0,1543544.0,10903446.0,3938533.0,18590895.0,1399802.0,19696250.0
2022-05-04,19247660.0,2305825.0,29055916.0,6220959.0,1608395.0,12212165.0,6785271.0,14645323.0,1777673.0,26951488.0
2022-05-05,17210669.0,1612262.0,17862912.0,6144870.0,1101451.0,9121547.0,4836692.0,14130385.0,1707752.0,18623544.0
2022-05-06,19649948.0,2010812.0,26731268.0,6171472.0,1585602.0,12455025.0,5912312.0,16710020.0,1439520.0,35818441.0
2022-05-09,18083752.0,2481830.0,32762434.0,6832202.0,1341414.0,13055889.0,4819274.0,13544947.0,1400010.0,22228031.0
2022-05-10,19511677.0,1622685.0,20113812.0,6212545.0,2162232.0,12797419.0,6746893.0,10884328.0,1176030.0,18727774.0
2022-05-11,16643899.0,1841769.0,17102924.0,7846080.0,1858636.0,13516852.0,6919703.0,14771351.0,2988788.0,18012072.0
2022-05-12,20490321.0,2807195.0,22382290.0,7034979.0,1531515.0,16685166.0,6754953.0,18947096.0,3407191.0,20816708.0
2022-05-13,19308778.0,2187823.0,16768238.0,6723761.0,2057239.0,15717043.0,11938252.0,61403008.0,4328846.0,12380764.0
2022-05-16,13437911.0,1195813.0,9804356.0,6145331.0,1396818.0,9025623.0,5412233.0,27940958.0,1775914.0,8502159.0
2022-05-17,16551828.0,1754076.0,16641444.0,6516378.0,2055096.0,12765052.0,4847812.0,16880698.0,1608711.0,18483427.0
2022-05-18,17276788.0,1866781.0,15732384.0,6594126.0,2137455.0,11835013.0,18992703.0,15644497.0,2984009.0,20978307.0
2022-05-19,14699118.0,4642963.0,20537506.0,16561140.0,1734602.0,16661023.0,7322668.0,14201420.0,1798843.0,81302807.0
2022-05-20,21793091.0,3065125.0,13919350.0,10488908.0,2599505.0,11695528.0,5577407.0,13596860.0,2175224.0,33617466.0
2022-05-23,15252755.0,2293690.0,19486320.0,5887569.0,2363306.0,17438451.0,3788601.0,13499415.0,4177811.0,22535903.0
2022-05-24,13527818.0,1711510.0,12870796.0,5693167.0,3078655.0,13779981.0,4053608.0,17175179.0,1970395.0,16146766.0
2022-05-25,12714544.0,3548046.0,12887112.0,9630092.0,1884260.0,10457589.0,4188088.0,12728644.0,1417130.0,15877459.0
2022-05-26,17882023.0,2813186.0,26992428.0,13040065.0,2299127.0,14028733.0,5780597.0,17055257.0,3578710.0,19129574.0
2022-05-27,16521973.0,3103153.0,24031718.0,8284860.0,1011303.0,8110620.0,7131633.0,10977001.0,1279218.0,13986762.0
2022-05-30,13853398.0,2094624.0,12624674.0,10904213.0,939562.0,7628515.0,4675033.0,9365470.0,2119326.0,12274291.0
2022-05-31,70620653.0,4840965.0,13485388.0,16033857.0,3123979.0,20272212.0,44593174.0,15441579.0,3534742.0,24102167.0
2022-06-01,9776989.0,1493835.0,12091896.0,8738508.0,2197599.0,10102092.0,3749781.0,9424008.0,1425466.0,15265925.0
2022-06-02,22126569.0,2657939.0,11475020.0,7205840.0,1460335.0,10949759.0,3466993.0,9370989.0,1852251.0,14789457.0
2022-06-03,23939791.0,1913622.0,6957244.0,9395707.0,1845303.0,8563791.0,6673615.0,11306291.0,2928263.0,12968807.0
2022-06-06,11093152.0,1084210.0,6173266.0,6624883.0,2131405.0,9107831.0,6407024.0,10661432.0,1538005.0,11345943.0
2022-06-07,12358255.0,2308256.0,10253966.0,4904592.0,2034730.0,9938912.0,8349903.0,7672515.0,2157491.0,11245578.0
2022-06-08,12479250.0,2185707.0,5986588.0,4697608.0,1506843.0,9369224.0,13904149.0,17168871.0,2122442.0,14915091.0
2022-06-09,17278305.0,1279197.0,7311816.0,4361061.0,1497867.0,7444368.0,6774925.0,12635601.0,1361104.0,10239939.0
2022-06-10,18093057.0,1527582.0,9155430.0,6516436.0,1641981.0,7990818.0,3221484.0,8621104.0,1337799.0,8693455.0
2022-06-13,17620803.0,3030921.0,10892572.0,6987685.0,1519441.0,16622521.0,5982102.0,13426836.0,2460367.0,11519902.0
2022-06-14,14714312.0,2611493.0,11870356.0,6090247.0,1592475.0,13348598.0,8878530.0,11351101.0,1983405.0,7708043.0
2022-06-15,11195535.0,1404536.0,11810470.0,4651958.0,1432377.0,9199591.0,6005970.0,9920926.0,1461683.0,5254329.0
2022-06-16,17111475.0,2032028.0,12169192.0,6641772.0,1353485.0,13237239.0,9525587.0,10780703.0,2329325.0,14843837.0
2022-06-17,24457187.0,5240434.0,14723922.0,9692047.0,3252189.0,16335613.0,11085830.0,14326050.0,4548572.0,17296080.0
2022-06-20,12066797.0,1502769.0,15936840.0,4595194.0,2022000.0,10981042.0,3883001.0,12368534.0,1837431.0,17738981.0
2022-06-21,11720049.0,2964461.0,13220684.0,6270787.0,1606187.0,13319648.0,3515991.0,13801891.0,1458922.0,14417711.0
2022-06-22,10617206.0,3336315.0,8159698.0,6253366.0,1741378.0,6838249.0,4348884.0,11066447.0,1906619.0,11756920.0
2022-06-23,19446323.0,3692578.0,15372244.0,6254281.0,1585753.0,14960412.0,4336533.0,12229833.0,1828491.0,9416459.0
2022-06-24,14240234.0,2132118.0,8013432.0,6114340.0,1930048.0,10856736.0,5621332.0,10833364.0,1731440.0,7283228.0
2022-06-27,15474529.0,2037686.0,9804164.0,4511097.0,1450391.0,8285225.0,5284297.0,9509175.0,2389778.0,8487729.0
2022-06-28,13572847.0,1400046.0,9770574.0,4412178.0,1404108.0,8339931.0,3216376.0,13261290.0,2072405.0,11673046.0
2022-06-29,19205146.0,2133994.0,9994046.0,5060038.0,1682914.0,9570557.0,5011798.0,11800876.0,1480197.0,16635367.0
2022-06-30,23112959.0,2719603.0,12475822.0,9165177.0,2387212.0,11970404.0,6505666.0,16926328.0,3308971.0,20003893.0
2022-07-01,81997149.0,1502879.0,11472452.0,4651635.0,1235612.0,9884899.0,4488771.0,9405495.0,1294305.0,36520000.0
2022-07-04,41857728.0,2622535.0,8487480.0,4800224.0,2410245.0,8303732.0,4229588.0,9186358.0,1269969.0,41417701.0
2022-07-05,17647327.0,2170627.0,14325718.0,7379669.0,2463079.0,11460367.0,3494504.0,12003244.0,1445200.0,19283789.0
2022-07-06,23943726.0,2182144.0,15049078.0,5209162.0,4770394.0,12163533.0,4697006.0,12059857.0,2422594.0,18997440.0
2022-07-07,23301033.0,1989921.0,17743142.0,3323472.0,3333262.0,10374018.0,3485283.0,11497832.0,1697912.0,14326277.0
2022-07-08,19010108.0,2136916.0,12474030.0,3652582.0,1346970.0,9797700.0,2732170.0,9057231.0,6516138.0,11538313.0
2022-07-11,13847467.0,6974600.0,7462880.0,4702638.0,1587197.0,12440573.0,18687521.0,7704792.0,1316037.0,12828405.0
2022-07-12,10778989.0,3734815.0,9876974.0,4710356.0,1116476.0,10219829.0,7416645.0,7364457.0,781516.0,14616684.0
2022-07-13,14224132.0,3863530.0,15945610.0,5264025.0,2528792.0,8674121.0,12030163.0,8208853.0,1914814.0,9634877.0
2022-07-14,16970315.0,4764908.0,10372410.0,6157606.0,1663307.0,7044542.0,11379990.0,9385630.0,1170472.0,13930984.0
2022-07-15,9603210.0,4574806.0,13595646.0,5620018.0,2996964.0,6358018.0,5567877.0,6945602.0,1345141.0,11450042.0
2022-07-18,15160908.0,3202795.0,20332220.0,5835171.0,1566888.0,8045363.0,8982417.0,9934786.0,3200640.0,11751684.0
2022-07-19,16439888.0,1865074.0,15792538.0,3418540.0,1473121.0,12825591.0,7836419.0,11724183.0,1351783.0,9542292.0
2022-07-20,23924246.0,3402251.0,20347862.0,5079392.0,4012897.0,8152179.0,4458819.0,19280117.0,1509911.0,16397373.0
2022-07-21,16523230.0,2420640.0,12640278.0,5008061.0,1990695.0,8312338.0,3550107.0,13814893.0,2827327.0,16660697.0
2022-07-22,10969995.0,2075886.0,12729592.0,7020642.0,1905780.0,12267898.0,2415220.0,14699129.0,1495629.0,10351425.0
2022-07-25,23110452.0,1797504.0,10143126.0,7859626.0,1253821.0,21034148.0,2913348.0,10229778.0,1916615.0,11050533.0
2022-07-26,11303288.0,2639367.0,8527964.0,7268273.0,1685576.0,7374145.0,5016687.0,8862656.0,1585897.0,10114261.0
2022-07-27,8655086.0,1389808.0,9212778.0,4517285.0,1404133.0,9536564.0,6237523.0,15101546.0,5369460.0,9706094.0
2022-07-28,12496073.0,2106333.0,17420406.0,6636841.0,1442054.0,11124518.0,7374170.0,12160734.0,1831059.0,11256515.0
2022-07-29,15130683.0,2430257.0,20019736.0,7009465.0,1463059.0,11095993.0,7669970.0,11921058.0,1747781.0,17584873.0
2022-08-01,15700044.0,1306913.0,13193036.0,2983249.0,1559918.0,7974903.0,8812526.0,8295631.0,1341943.0,16501510.0
2022-08-02,13917913.0,1269114.0,15036510.0,4374635.0,1359934.0,11106772.0,6236599.0,16845027.0,1749346.0,40483892.0
2022-08-03,14250977.0,2895824.0,10975498.0,6011955.0,1767904.0,11073975.0,5237250.0,24262125.0,1264299.0,18376724.0
2022-08-04,14467127.0,2150567.0,12012206.0,7402209.0,1189384.0,11113742.0,6352142.0,18072293.0,1856927.0,16514348.0
2022-08-05,13942438.0,1106933.0,9268982.0,5361971.0,1176666.0,16056522.0,5811092.0,21110734.0,1430542.0,10477269.0
2022-08-08,10165178.0,1068836.0,15357736.0,3763409.0,1024511.0,12142951.0,5918607.0,32566317.0,2625195.0,8627072.0
2022-08-09,10165178.0,1068836.0,15357736.0,3763409.0,1024511.0,12142951.0,5918607.0,32566317.0,2625195.0,8627072.0
2022-08-10,10724688.0,1878359.0,17353102.0,4423829.0,1098949.0,23658553.0,12201239.0,16904151.0,3422074.0,9267241.0
2022-08-11,8198226.0,1449248.0,18301766.0,3462090.0,810674.0,22787391.0,7142902.0,13862195.0,1918049.0,11305242.0
2022-08-12,12650587.0,1472354.0,8850370.0,3562286.0,1473527.0,10792853.0,4540159.0,12154012.0,1041383.0,6669853.0
2022-08-15,12650587.0,1472354.0,8850370.0,3562286.0,1473527.0,10792853.0,4540159.0,12154012.0,1041383.0,6669853.0
2022-08-16,6607378.0,839942.0,12563756.0,3004430.0,1584117.0,13804836.0,6679663.0,10721167.0,1426893.0,8941455.0
2022-08-17,6595965.0,1622326.0,12384350.0,4067324.0,1711381.0,9058040.0,8812954.0,12054183.0,1748371.0,8283028.0
2022-08-18,7410035.0,1430659.0,8342138.0,4635706.0,1465489.0,13137856.0,10354897.0,9013662.0,2519639.0,10264507.0
2022-08-19,9460724.0,1398410.0,8063702.0,4739884.0,1324508.0,10787199.0,13743828.0,11087222.0,4134598.0,10823811.0
2022-08-22,9471680.0,1536532.0,8234066.0,3950555.0,1410895.0,13848023.0,8118490.0,9676954.0,3175874.0,11793184.0
2022-08-23,9678484.0,1849256.0,14966884.0,5551574.0,1305045.0,13254855.0,8229797.0,8597965.0,1811509.0,9698555.0
2022-08-24,10369622.0,1691923.0,13455520.0,2888426.0,1242489.0,10494109.0,14922081.0,11930650.0,1534933.0,11783894.0
2022-08-25,7871946.0,1946930.0,11823040.0,4331088.0,1106593.0,9827829.0,9849958.0,15473450.0,1121363.0,8057930.0
2022-08-26,10742038.0,1457962.0,7706176.0,3079136.0,1048791.0,5976725.0,5928897.0,12855886.0,1119310.0,7224507.0
2022-08-29,19838975.0,2539173.0,8653178.0,8079050.0,1450034.0,7755134.0,5878942.0,9421339.0,1183546.0,11798961.0
2022-08-30,23139054.0,3431525.0,10135400.0,6725875.0,2227943.0,12544701.0,8894800.0,14835308.0,1394462.0,18516092.0
2022-08-31,23139054.0,3431525.0,10135400.0,6725875.0,2227943.0,12544701.0,8894800.0,14835308.0,1394462.0,18516092.0
2022-09-01,19909939.0,3546935.0,22403136.0,8140604.0,1702269.0,15877583.0,11869518.0,16670228.0,2014905.0,13765474.0
2022-09-02,12999345.0,2052900.0,12038086.0,5175653.0,937600.0,8401284.0,5693707.0,10017930.0,3201140.0,26750910.0
2022-09-05,11327815.0,2147912.0,12131932.0,3669352.0,1274074.0,8744999.0,3660135.0,7819994.0,2474746.0,18144801.0
2022-09-06,10899618.0,1936453.0,12238696.0,3428442.0,1250776.0,9879326.0,10166270.0,8657868.0,1172733.0,12431779.0
2022-09-07,7488501.0,1291534.0,9776206.0,3600574.0,1344964.0,8814960.0,126794211.0,8445359.0,1238549.0,8397233.0
2022-09-08,7057077.0,1346113.0,11164690.0,4061475.0,1004533.0,12163106.0,10648073.0,12240707.0,1632797.0,11331350.0
2022-09-09,8314850.0,1561185.0,15128888.0,4816910.0,1785443.0,9936230.0,4627905.0,18587927.0,980869.0,9770432.0
2022-09-12,7435419.0,1785928.0,11080492.0,5494819.0,1595709.0,6016978.0,2654087.0,9677415.0,791708.0,9048240.0
2022-09-13,8888657.0,1972678.0,13001966.0,4947158.0,1342130.0,10400475.0,8335652.0,16707275.0,1761021.0,10925371.0
2022-09-14,8678219.0,5090269.0,20219760.0,14332197.0,1610054.0,14712947.0,6645392.0,21632641.0,2322752.0,12739464.0
2022-09-15,10365600.0,2138023.0,13539372.0,12784100.0,1199906.0,16253099.0,5485310.0,12749947.0,1566565.0,8742900.0
2022-09-16,20217708.0,5322221.0,20560046.0,20464045.0,2516820.0,11966860.0,20211162.0,14739280.0,3881617.0,12973988.0
2022-09-19,7580254.0,2072220.0,12076038.0,6595241.0,1166725.0,11235656.0,5760313.0,11194003.0,1755456.0,14918717.0
2022-09-20,8411448.0,1544295.0,10781668.0,7219797.0,1253333.0,12090663.0,7936714.0,8484017.0,1666658.0,9892945.0
2022-09-21,9207309.0,2253818.0,9072304.0,7917054.0,1960049.0,8917640.0,9966193.0,9392526.0,1618385.0,21800547.0
2022-09-22,10308170.0,2017983.0,12048144.0,9168498.0,2620240.0,11125669.0,7721133.0,11869435.0,1875115.0,25111230.0
2022-09-23,9528051.0,2652374.0,15806252.0,10426200.0,1789791.0,15927517.0,9271829.0,12563239.0,1948766.0,23718397.0
2022-09-26,12479523.0,2925489.0,8923486.0,9414587.0,2678551.0,14208640.0,13144297.0,16158750.0,1529101.0,16829922.0
2022-09-27,16154822.0,2227447.0,12639700.0,8561254.0,1898501.0,12493809.0,5965026.0,11066799.0,1443698.0,10375837.0
2022-09-28,16997059.0,2739767.0,11816132.0,7022098.0,1526197.0,11411458.0,5546932.0,12233485.0,1853503.0,16151900.0
2022-09-29,14671827.0,2493902.0,14410388.0,6119965.0,2019666.0,13803629.0,5413233.0,17310168.0,2377718.0,18985406.0
2022-09-30,18613024.0,2817353.0,15781756.0,8120130.0,1340054.0,13175031.0,7469164.0,17466950.0,2339518.0,12906555.0
2022-10-03,11852723.0,1763331.0,11541112.0,4943169.0,1683197.0,8232026.0,12619046.0,9351162.0,1850414.0,9462192.0
2022-10-04,8948850.0,2145875.0,11538526.0,6631341.0,1327939.0,8975095.0,5772140.0,8745887.0,1637532.0,9142294.0
2022-10-05,8948850.0,2145875.0,11538526.0,6631341.0,1327939.0,8975095.0,5772140.0,8745887.0,1637532.0,9142294.0
2022-10-06,13352162.0,1790816.0,12549198.0,6180672.0,1752351.0,12116698.0,6503205.0,9507322.0,2771898.0,23091432.0
2022-10-07,7714340.0,1939879.0,13297994.0,3994466.0,1025923.0,9705750.0,6025982.0,11065307.0,1469264.0,10910698.0
2022-10-10,6329527.0,3064063.0,13109302.0,5274677.0,1043728.0,7357588.0,3519416.0,9649292.0,1656954.0,9750594.0
2022-10-11,9215177.0,4730645.0,14521620.0,12824774.0,1129783.0,11130051.0,3699862.0,10825440.0,1047963.0,11018577.0
2022-10-12,7417103.0,1665247.0,9225050.0,5481467.0,882873.0,14557532.0,5984299.0,8522604.0,1907748.0,10735673.0
2022-10-13,7328492.0,2054781.0,14714234.0,4821514.0,753331.0,11563124.0,2842056.0,12972765.0,1303645.0,7546587.0
2022-10-14,9106089.0,2245977.0,12849920.0,14990688.0,1001536.0,8199540.0,3608210.0,8545479.0,1819114.0,6672357.0
2022-10-17,16729355.0,1517005.0,18410500.0,4286396.0,778918.0,8936947.0,4566333.0,13485349.0,2588147.0,7195922.0
2022-10-18,12415820.0,1793722.0,10561108.0,4692004.0,1123374.0,8097552.0,4391263.0,20440781.0,1401849.0,21691854.0
2022-10-19,19247142.0,1194289.0,12967040.0,3553171.0,1241979.0,5529462.0,5219180.0,9540583.0,1636141.0,16923690.0
2022-10-20,8717053.0,1587601.0,7898078.0,4583939.0,1428125.0,8107159.0,4756732.0,11225588.0,1374019.0,19186222.0
2022-10-21,8243452.0,1021913.0,10492606.0,3594485.0,2458302.0,17022807.0,4807736.0,11767639.0,2225676.0,28426343.0
2022-10-24,3370033.0,260949.0,2167794.0,982837.0,719908.0,4390050.0,522406.0,3692065.0,269400.0,3292671.0
2022-10-25,12233241.0,2069643.0,13773394.0,3914341.0,2923789.0,15838120.0,3184277.0,19899324.0,2136147.0,17906260.0
2022-10-26,12233241.0,2069643.0,13773394.0,3914341.0,2923789.0,15838120.0,3184277.0,19899324.0,2136147.0,17906260.0
2022-10-27,12513059.0,2438421.0,15937276.0,6760137.0,1846329.0,16080842.0,8159181.0,13613533.0,2245395.0,19273344.0
2022-10-28,17609592.0,1355739.0,10474278.0,3053981.0,1164951.0,9854094.0,3905093.0,10043644.0,2013794.0,13572499.0
2022-10-31,12419943.0,1919414.0,12830528.0,4542336.0,1324443.0,9000840.0,5487233.0,9894639.0,3176507.0,14358449.0
2022-11-01,13963166.0,2991060.0,19073756.0,4542692.0,1280132.0,9823761.0,10488759.0,12069579.0,4464211.0,20422565.0
2022-11-02,8981896.0,1405955.0,12720406.0,2938906.0,1338284.0,7690974.0,11729925.0,10241440.0,1889651.0,17427813.0
2022-11-03,6693449.0,1422652.0,10332352.0,3174027.0,730444.0,9022366.0,5897840.0,17557998.0,1052241.0,11149636.0
2022-11-04,12575815.0,1464013.0,10818060.0,4509682.0,889055.0,7099336.0,3768226.0,25759031.0,2312753.0,8709851.0
2022-11-07,11789748.0,1474498.0,9835834.0,4898592.0,1283685.0,11100219.0,7171570.0,44265903.0,1395070.0,10437370.0
2022-11-08,11789748.0,1474498.0,9835834.0,4898592.0,1283685.0,11100219.0,7171570.0,44265903.0,1395070.0,10437370.0
2022-11-09,11254205.0,1162267.0,9269790.0,3334755.0,1436444.0,11590409.0,3969171.0,18939854.0,1301233.0,21404869.0
2022-11-10,5966242.0,1573092.0,12774182.0,3435763.0,1459152.0,10009741.0,4425290.0,11618405.0,1261210.0,20071989.0
2022-11-11,12310132.0,3265394.0,56722338.0,7214098.0,1162847.0,17921457.0,4325441.0,15525267.0,1203125.0,11372654.0
2022-11-14,9043112.0,1342074.0,19195390.0,4908813.0,2137131.0,12641308.0,10406576.0,12957268.0,1175155.0,18319254.0
2022-11-15,7086433.0,1400708.0,11030202.0,3497614.0,1558333.0,15176911.0,6229710.0,10286417.0,1450841.0,16046491.0
2022-11-16,9716161.0,1748235.0,13578150.0,4497697.0,1330395.0,13008311.0,3445345.0,11555749.0,1195832.0,7897812.0
2022-11-17,6661451.0,1417986.0,12100930.0,3469515.0,960476.0,12584194.0,4545534.0,8167131.0,3786182.0,10379179.0
2022-11-18,5303197.0,1164540.0,10459232.0,3126064.0,1075675.0,10874061.0,7405949.0,12933675.0,1248459.0,8140173.0
2022-11-21,6390268.0,1304194.0,8344816.0,3071764.0,1354881.0,9245704.0,5527122.0,7412419.0,714687.0,9553090.0
2022-11-22,6611488.0,1149739.0,8546314.0,3399329.0,921265.0,11256509.0,7601660.0,8048595.0,1337869.0,6746019.0
2022-11-23,6413408.0,1150011.0,10185738.0,3245067.0,734152.0,10959704.0,4596816.0,12435924.0,1046988.0,8067471.0
2022-11-24,9389439.0,1296591.0,17197960.0,5282215.0,999929.0,10844395.0,3455310.0,8960032.0,1611889.0,8454385.0
2022-11-25,7349922.0,1588981.0,8410496.0,4563255.0,783480.0,9815055.0,2991065.0,9994513.0,2652761.0,7200274.0
2022-11-28,31527484.0,2195437.0,16105980.0,3825766.0,830905.0,9381474.0,3668846.0,7934274.0,1105372.0,10284123.0
2022-11-29,11058913.0,1576028.0,12638236.0,3131710.0,2542932.0,13096845.0,2680296.0,6942919.0,1413764.0,10582296.0
2022-11-30,26164986.0,3410702.0,15184806.0,11868134.0,3698270.0,20858573.0,6874390.0,15606230.0,2104550.0,23425220.0
2022-12-01,9485801.0,2180856.0,20446366.0,5407928.0,1675569.0,15920653.0,4506664.0,14209313.0,2614357.0,17270904.0
2022-12-02,11589592.0,2411749.0,7811078.0,4283343.0,2101890.0,14228874.0,3505272.0,7533838.0,1957264.0,8711914.0
2022-12-05,14828536.0,1475065.0,11592622.0,3824966.0,1640511.0,10984608.0,3311316.0,11585602.0,1767537.0,10090597.0
2022-12-06,8594245.0,1166999.0,12353092.0,4822398.0,1484562.0,18220912.0,5567349.0,12996244.0,1530731.0,6571118.0
2022-12-07,8462111.0,1167505.0,11674720.0,4898087.0,2368561.0,15675663.0,3771882.0,7613892.0,3438327.0,10191144.0
2022-12-08,7757008.0,1285619.0,14803634.0,4206837.0,1314703.0,10136870.0,4822179.0,10020015.0,3743754.0,6439244.0
2022-12-09,12655763.0,1797896.0,11963384.0,8880658.0,1883397.0,9575331.0,4615843.0,11202267.0,2573609.0,8445424.0
2022-12-12,9479842.0,1527610.0,14434808.0,8037679.0,1163204.0,8493863.0,3149823.0,9285187.0,1536090.0,11646572.0
2022-12-13,8333348.0,1378016.0,17031702.0,6135067.0,1265839.0,10415140.0,3832999.0,7455415.0,1233124.0,11105261.0
2022-12-14,7268947.0,1213311.0,14227640.0,4976020.0,886858.0,12319827.0,7491333.0,14010673.0,1516631.0,7664099.0
2022-12-15,8688551.0,1415694.0,18182648.0,6443866.0,990722.0,8929748.0,2996482.0,10622271.0,1323412.0,8469001.0
2022-12-16,15837349.0,2703680.0,14647958.0,9630453.0,1793864.0,9157260.0,4309644.0,9435071.0,2822390.0,12907968.0
2022-12-19,7729933.0,2120965.0,9604542.0,6222740.0,1546941.0,7015083.0,6397169.0,8322012.0,1592779.0,8113695.0
2022-12-20,7467588.0,1529971.0,7174698.0,7396259.0,827567.0,6384331.0,2828863.0,6753785.0,1747181.0,5693354.0
2022-12-21,8527550.0,1432566.0,9269198.0,6236361.0,779092.0,11341147.0,5079337.0,9217253.0,1979681.0,7316532.0
2022-12-22,7451122.0,1384101.0,9747096.0,6302640.0,852567.0,9788367.0,3626834.0,8740149.0,1993744.0,6838031.0
2022-12-23,10257115.0,1360281.0,10693152.0,6283822.0,1189702.0,11059215.0,2804496.0,13047046.0,2026125.0,10461859.0
2022-12-26,5990242.0,870157.0,9907322.0,4115459.0,605144.0,6943159.0,6023206.0,13201587.0,1154610.0,9934633.0
2022-12-27,5763271.0,835883.0,7926772.0,4860076.0,870960.0,4994381.0,1782053.0,9638618.0,1059351.0,6986433.0
2022-12-28,7459393.0,910795.0,8691870.0,5029860.0,822651.0,8980300.0,2907741.0,7988631.0,1153883.0,8035558.0
2022-12-29,6930648.0,1037927.0,11012896.0,4624745.0,1345863.0,11994220.0,6110313.0,20130392.0,1517150.0,8417520.0
2022-12-30,7289476.0,1163131.0,7122640.0,5060544.0,696432.0,9688527.0,3113243.0,13052895.0,1189427.0,7228324.0
2023-01-02,5316175.0,709547.0,4381378.0,3801140.0,681703.0,4315403.0,1626846.0,6726084.0,807344.0,6181118.0
2023-01-03,7658932.0,1245178.0,8378030.0,4551130.0,821843.0,5846855.0,1717603.0,6818062.0,1260225.0,6228015.0
2023-01-04,9264891.0,1231668.0,10351600.0,7059590.0,1672649.0,12454582.0,2970216.0,7011191.0,1015547.0,6947412.0
2023-01-05,13637099.0,1826057.0,10941436.0,9868404.0,2008493.0,16547196.0,5297349.0,8241475.0,1881403.0,8486143.0
2023-01-06,6349597.0,2488376.0,9092462.0,6443714.0,991782.0,14804613.0,3199618.0,7972036.0,1877917.0,8603181.0
2023-01-09,10722753.0,2885060.0,10729340.0,11498717.0,1267078.0,16811853.0,4340729.0,8878905.0,1844365.0,11027747.0
2023-01-10,8047142.0,3864655.0,16371766.0,7158624.0,1413088.0,13470142.0,8392344.0,10622660.0,1425414.0,7217255.0
2023-01-11,11509553.0,2720512.0,15195798.0,6173092.0,1471687.0,15558460.0,28389020.0,7419630.0,1455621.0,4760847.0
2023-01-12,17688773.0,2250391.0,9250070.0,6591385.0,1703829.0,16659001.0,12732671.0,8183715.0,2726901.0,6894087.0
2023-01-13,20618583.0,1742837.0,9244546.0,11610426.0,1348015.0,11223103.0,12279288.0,7877610.0,2180210.0,14967746.0
2023-01-16,13623855.0,1843607.0,14748094.0,6073063.0,930068.0,8319812.0,5779293.0,5483191.0,1009649.0,8571826.0
2023-01-17,10751000.0,1688475.0,10786354.0,5922644.0,1892865.0,12624859.0,6594428.0,13461999.0,4645453.0,14240647.0
2023-01-18,13448286.0,2421189.0,19090642.0,5843098.0,2038075.0,11313898.0,5800899.0,11538075.0,4090049.0,13039078.0
2023-01-19,11940054.0,1585044.0,11172162.0,6165284.0,1649842.0,6694679.0,4169463.0,7475688.0,2176835.0,8667564.0
2023-01-20,14930286.0,1529349.0,18843404.0,6496429.0,4569549.0,8127162.0,6289718.0,6750607.0,1962410.0,13608325.0
2023-01-23,10954118.0,1067916.0,15444400.0,4855020.0,1388360.0,16882379.0,2685320.0,6604469.0,1466706.0,7399204.0
2023-01-24,16488755.0,1387863.0,24983940.0,5200802.0,1462462.0,11504090.0,5012125.0,7609623.0,1036962.0,12776694.0
2023-01-25,12385018.0,874110.0,14704142.0,4158617.0,1591810.0,14918485.0,6560514.0,25686294.0,2134447.0,12978859.0
2023-01-26,12385018.0,874110.0,14704142.0,4158617.0,1591810.0,14918485.0,6560514.0,25686294.0,2134447.0,12978859.0
2023-01-27,25830975.0,1785879.0,35179948.0,6209955.0,1581382.0,39718683.0,6745926.0,40163464.0,1647900.0,21850457.0
2023-01-30,21772103.0,1953798.0,18512822.0,6964719.0,2744039.0,36301441.0,5420851.0,40797825.0,3441304.0,14634225.0
2023-01-31,22691594.0,2820375.0,18596244.0,9448126.0,2366794.0,27291226.0,8537557.0,21911943.0,4516463.0,17794183.0
2023-02-01,19347800.0,2205161.0,17302790.0,6194199.0,2014615.0,39237711.0,4472974.0,38218810.0,6868872.0,67003785.0
2023-02-02,13662663.0,1813847.0,17497106.0,6916834.0,1980667.0,16798190.0,2841909.0,39287056.0,3488506.0,57892084.0
2023-02-03,24699575.0,1804469.0,14411100.0,7040194.0,1638238.0,14914366.0,5493687.0,32317232.0,2045634.0,23153980.0
2023-02-06,14837879.0,1138714.0,11167672.0,4570612.0,1697446.0,8463833.0,2407975.0,25338586.0,1332484.0,26783409.0
2023-02-07,15135435.0,1455647.0,10264588.0,4336238.0,1495745.0,9337066.0,4126502.0,16195947.0,1089248.0,21438758.0
2023-02-08,21160332.0,1986946.0,8444826.0,7983338.0,1061956.0,8082983.0,9951783.0,15502847.0,1452145.0,10821785.0
2023-02-09,13172763.0,1655427.0,11777336.0,6904911.0,1102484.0,6299265.0,5913945.0,15061047.0,1563181.0,12318006.0
2023-02-10,10790445.0,1187821.0,8172116.0,4786762.0,1523011.0,8656405.0,2954992.0,13824475.0,1454665.0,10674456.0
2023-02-13,10352493.0,1087939.0,5736944.0,4001199.0,1146525.0,9394365.0,3705892.0,18488732.0,2978938.0,10282470.0
2023-02-14,14321920.0,1579818.0,10908592.0,5043736.0,1944364.0,13402934.0,3502010.0,18559909.0,1874906.0,30246745.0
2023-02-15,33503591.0,1429449.0,11438712.0,3465747.0,2009134.0,12070288.0,3602838.0,12796579.0,1946344.0,12679568.0
2023-02-16,17264487.0,1618931.0,8062500.0,4290289.0,1982857.0,10715685.0,3399428.0,12767016.0,2464602.0,10151755.0
2023-02-17,11809520.0,1061369.0,8956270.0,2857734.0,1395341.0,9990618.0,3093216.0,14192008.0,3753179.0,7967611.0
2023-02-20,8836937.0,1296082.0,8086706.0,2417716.0,632091.0,9013430.0,3381774.0,12570032.0,1779752.0,8105569.0
2023-02-21,13311592.0,1139541.0,12389296.0,2723288.0,862797.0,11704445.0,2769616.0,10223218.0,1882604.0,8577674.0
2023-02-22,11024335.0,1218430.0,10359102.0,3656244.0,885515.0,13880984.0,3261898.0,14763050.0,2103097.0,9306194.0
2023-02-23,9851910.0,1441570.0,27882010.0,4766854.0,757215.0,11743574.0,4062194.0,15535085.0,2000556.0,19555814.0
2023-02-24,9434053.0,977592.0,17061740.0,2790986.0,732783.0,8246139.0,4357223.0,12253035.0,1479060.0,13407431.0
2023-02-27,11199715.0,1128022.0,14312972.0,4920268.0,853991.0,14422574.0,6719439.0,11048799.0,1398112.0,8455904.0
2023-02-28,21994038.0,4116217.0,18993992.0,9679811.0,1780454.0,19600146.0,10562614.0,15768010.0,2108587.0,16997837.0
2023-03-01,11551145.0,1669307.0,14137256.0,5125043.0,967339.0,11015843.0,3744982.0,13510198.0,1389077.0,8065784.0
2023-03-02,9333535.0,1556538.0,17391814.0,4644499.0,827174.0,12327141.0,4910541.0,10376913.0,1727640.0,5212922.0
2023-03-03,14643807.0,1043190.0,14986234.0,4615015.0,1176008.0,12823098.0,5759333.0,27656538.0,1821066.0,8495772.0
2023-03-06,10171916.0,1334132.0,27004710.0,6561742.0,1214503.0,13904231.0,4597345.0,16162268.0,1821012.0,11126980.0
2023-03-07,10171916.0,1334132.0,27004710.0,6561742.0,1214503.0,13904231.0,4597345.0,16162268.0,1821012.0,11126980.0
2023-03-08,15782657.0,1844590.0,20099774.0,4137080.0,1448340.0,16144568.0,3546995.0,12637578.0,2965342.0,9261146.0
2023-03-09,16235128.0,1648500.0,20700166.0,5104656.0,1038910.0,10624440.0,5240056.0,8993423.0,1873933.0,10005328.0
2023-03-10,13334091.0,1024404.0,27387000.0,3699580.0,772024.0,17273189.0,4113931.0,11522371.0,1900535.0,8684320.0
2023-03-13,12771592.0,1901233.0,26443550.0,8798403.0,1314549.0,16413159.0,3447889.0,14373729.0,2334468.0,9130473.0
2023-03-14,16027522.0,2670334.0,33185612.0,7402784.0,1250763.0,15456802.0,3753502.0,14750800.0,2871343.0,10623744.0
2023-03-15,21728555.0,1780522.0,37264754.0,7556182.0,1738040.0,12914488.0,8101060.0,11282329.0,3044201.0,8748113.0
2023-03-16,18363159.0,1901060.0,21753342.0,7323117.0,1628035.0,14987868.0,7465693.0,20040008.0,2946792.0,16315136.0
2023-03-17,34014213.0,6739966.0,22950876.0,9090018.0,2127178.0,11104490.0,9306857.0,18787379.0,3286473.0,50787703.0
2023-03-20,19524589.0,2289468.0,26503114.0,8221829.0,1561128.0,14838651.0,3566109.0,14275315.0,1996773.0,10512002.0
2023-03-21,21400360.0,1815297.0,33050494.0,8536755.0,1595161.0,18755854.0,5332221.0,29485180.0,3178680.0,12057999.0
2023-03-22,10920094.0,1123939.0,14177324.0,8356487.0,1063244.0,17431520.0,2680654.0,11619538.0,1956033.0,4958761.0
2023-03-23,16249370.0,1372218.0,28364178.0,7607718.0,1578627.0,17920621.0,2454948.0,22097792.0,2455799.0,10127917.0
2023-03-24,12375945.0,1329577.0,31477748.0,7559127.0,1449326.0,17295696.0,2336818.0,14416984.0,1449544.0,10317108.0
2023-03-27,14054323.0,1524217.0,31872006.0,4170193.0,1387736.0,17047675.0,2258853.0,15674218.0,1540581.0,11232922.0
2023-03-28,12576424.0,1303530.0,39276302.0,6633366.0,1412387.0,24469018.0,4166723.0,15833599.0,1627243.0,9523719.0
2023-03-29,18804065.0,1740616.0,39763612.0,8813966.0,2613254.0,34881515.0,4891868.0,24203789.0,2372385.0,10551626.0
2023-03-30,18804065.0,1740616.0,39763612.0,8813966.0,2613254.0,34881515.0,4891868.0,24203789.0,2372385.0,10551626.0
2023-03-31,28171201.0,2382581.0,34711228.0,8711975.0,2146167.0,25739021.0,5796532.0,17356345.0,1489542.0,9877493.0
2023-04-03,10293043.0,1521830.0,40025398.0,5242764.0,918048.0,26416933.0,2120667.0,14210949.0,1231654.0,7331070.0
2023-04-04,10293043.0,1521830.0,40025398.0,5242764.0,918048.0,26416933.0,2120667.0,14210949.0,1231654.0,7331070.0
2023-04-05,16262928.0,2655065.0,43365392.0,7506334.0,1489612.0,21068934.0,3197932.0,13574801.0,2763363.0,12055499.0
2023-04-06,18435046.0,1703464.0,44637344.0,6948465.0,797414.0,26042745.0,1777379.0,25125879.0,2389899.0,13394394.0
2023-04-07,18435046.0,1703464.0,44637344.0,6948465.0,797414.0,26042745.0,1777379.0,25125879.0,2389899.0,13394394.0
2023-04-10,12961408.0,2203187.0,31813286.0,4993788.0,853322.0,30906205.0,1701065.0,17335453.0,1955914.0,7044256.0
2023-04-11,10542367.0,2348779.0,42361542.0,6942255.0,913184.0,39504022.0,3485481.0,26414406.0,1342440.0,18939829.0
2023-04-12,18179087.0,2417727.0,26955504.0,5831169.0,1109809.0,22686032.0,3794841.0,21292441.0,1165839.0,10122932.0
2023-04-13,12378208.0,4174070.0,35330086.0,11267238.0,1261711.0,34439635.0,4292170.0,28597560.0,1956668.0,6292395.0
2023-04-14,12378208.0,4174070.0,35330086.0,11267238.0,1261711.0,34439635.0,4292170.0,28597560.0,1956668.0,6292395.0
2023-04-17,17929479.0,5505048.0,32405148.0,53171705.0,1566977.0,29957514.0,9083437.0,32476990.0,4125850.0,11466474.0
2023-04-18,10405576.0,2617302.0,29637226.0,12430884.0,1474786.0,26699379.0,4051481.0,22283456.0,2848601.0,9860308.0
2023-04-19,12273475.0,3298034.0,24741168.0,11307230.0,1320243.0,24377956.0,3429794.0,21156372.0,1970015.0,10119480.0
2023-04-20,7007330.0,2419999.0,32922716.0,8621249.0,1401364.0,16999919.0,2355441.0,25588577.0,1898996.0,6924577.0
2023-04-21,7647317.0,1929184.0,20128618.0,8691352.0,1206288.0,29578071.0,4524208.0,22599418.0,1009316.0,14801099.0
2023-04-24,12936186.0,1640676.0,35675852.0,8313774.0,1735797.0,30881665.0,5271105.0,23335611.0,1239073.0,6212135.0
2023-04-25,9236126.0,2024090.0,50353068.0,6808576.0,1701098.0,41383839.0,5773233.0,38142390.0,1350118.0,9180650.0
2023-04-26,8617834.0,2000029.0,27392750.0,5680192.0,1245903.0,30371555.0,5057352.0,23143882.0,1894812.0,7914219.0
2023-04-27,9167125.0,2434446.0,47790392.0,8020704.0,2743893.0,25835108.0,4129769.0,17845169.0,1252989.0,13100076.0
2023-04-28,15565210.0,2931312.0,27916272.0,10118277.0,3761927.0,20381002.0,6572656.0,16183423.0,2884961.0,13208557.0
2023-05-01,15565210.0,2931312.0,27916272.0,10118277.0,3761927.0,20381002.0,6572656.0,16183423.0,2884961.0,13208557.0
2023-05-02,12981805.0,2321159.0,32221184.0,8886401.0,1760370.0,17515017.0,6301210.0,13667511.0,1840153.0,10648421.0
2023-05-03,7061872.0,2468285.0,29407270.0,5549783.0,1258140.0,18715142.0,3908267.0,9699527.0,998235.0,7607609.0
2023-05-04,8635233.0,1953253.0,56854638.0,4505401.0,1150227.0,20485002.0,2457671.0,12533761.0,1230912.0,8292456.0
2023-05-05,8746585.0,1710027.0,62770416.0,5373791.0,1354871.0,19002035.0,1438467.0,18163461.0,2425866.0,12890455.0
2023-05-08,9153782.0,928235.0,37244524.0,5260842.0,972810.0,18623913.0,2489174.0,12990869.0,1583576.0,7522610.0
2023-05-09,6464721.0,1107375.0,43688938.0,4969897.0,1651327.0,21507610.0,2486331.0,18959065.0,1417301.0,10377820.0
2023-05-10,10872255.0,1559987.0,46340550.0,6515734.0,2025658.0,25910923.0,2737334.0,18561315.0,1675409.0,10130159.0
2023-05-11,10557860.0,1719623.0,35734618.0,6888461.0,1749356.0,20027372.0,4808171.0,16016715.0,9470848.0,16597954.0
2023-05-12,6955341.0,1027479.0,22478760.0,8292212.0,2170011.0,13873480.0,2576010.0,11319335.0,5367292.0,11564770.0
2023-05-15,6833343.0,1150390.0,18512260.0,5534710.0,1561055.0,10453762.0,7569060.0,11410243.0,2662740.0,9503538.0
2023-05-16,8717229.0,986306.0,32722086.0,5236469.0,1477905.0,19612293.0,4846217.0,22178229.0,2528855.0,8302077.0
2023-05-17,8798967.0,1588815.0,30466868.0,10465667.0,839404.0,19273344.0,6529233.0,23739774.0,1961004.0,9844782.0
2023-05-18,10525531.0,1369364.0,49646942.0,6948732.0,1434067.0,21550141.0,11383252.0,45656620.0,2290757.0,24919291.0
2023-05-19,8050447.0,1152449.0,30460332.0,11094136.0,1174757.0,15427412.0,3432240.0,42293962.0,1729803.0,26759905.0
2023-05-22,7434906.0,1333243.0,28334032.0,7625947.0,768232.0,15509525.0,9996762.0,21484049.0,1112099.0,16015615.0
2023-05-23,6092034.0,1687418.0,22470074.0,7436031.0,703864.0,16579935.0,6516636.0,16120548.0,2265389.0,9068926.0
2023-05-24,8112254.0,1016555.0,33588112.0,4824077.0,628872.0,18049620.0,9104329.0,17616658.0,2648479.0,11921823.0
2023-05-25,11487863.0,1374917.0,29776930.0,4334121.0,1072231.0,19328582.0,9570396.0,16479436.0,1689521.0,18905572.0
2023-05-26,12626260.0,1791115.0,26635066.0,5521606.0,947073.0,10957182.0,6150206.0,9788076.0,1249128.0,13496209.0
2023-05-29,10010304.0,1210372.0,21816292.0,4419365.0,698267.0,12108079.0,3684829.0,18432231.0,1369656.0,20589822.0
2023-05-30,11342504.0,1344224.0,37125928.0,6274719.0,948051.0,18483624.0,5148256.0,15031640.0,1716729.0,19627897.0
2023-05-31,27107927.0,5815424.0,43334270.0,17800782.0,3388305.0,27254425.0,47342125.0,28797643.0,2809284.0,14821960.0
2023-06-01,14592692.0,1177314.0,50366938.0,4277841.0,1541080.0,21650700.0,9713155.0,17820226.0,1049488.0,9142172.0
2023-06-02,15800644.0,2030661.0,17859710.0,10909311.0,1509260.0,12494376.0,6834131.0,11323908.0,1399950.0,9558309.0
2023-06-05,10908682.0,1861468.0,18697242.0,5002553.0,1000190.0,10751684.0,5298053.0,12920507.0,2344944.0,7427630.0
2023-06-06,7493309.0,2022849.0,32182852.0,10008100.0,655372.0,11894330.0,2722174.0,11199940.0,1677680.0,6703067.0
2023-06-07,10312545.0,1567196.0,24949026.0,5397578.0,1428490.0,16486469.0,4110739.0,11113781.0,2128603.0,7833952.0
2023-06-08,12071109.0,1759366.0,37395522.0,5034942.0,923536.0,17608140.0,4050621.0,15971917.0,2556995.0,7294955.0
2023-06-09,5877018.0,1775689.0,18212578.0,5339073.0,1413808.0,12253128.0,3332436.0,18870272.0,2501720.0,7329661.0
2023-06-12,6391969.0,2324605.0,13408292.0,4785588.0,775484.0,10520125.0,1569715.0,8786066.0,1172382.0,9054977.0
2023-06-13,11248016.0,1371928.0,27926108.0,4846587.0,1787924.0,13528776.0,3224345.0,12612098.0,1688768.0,16732376.0
2023-06-14,13277380.0,1658544.0,20113968.0,3457981.0,1536248.0,13489262.0,5108720.0,8948696.0,1013564.0,9039402.0
2023-06-15,11813494.0,2273810.0,35377476.0,6161155.0,1830192.0,19366819.0,3865201.0,17934877.0,2561534.0,7787525.0
2023-06-16,24171579.0,4156189.0,15779272.0,8536287.0,1748145.0,11249387.0,4907797.0,12660226.0,1794542.0,12181426.0
2023-06-19,6798554.0,1468186.0,24829146.0,4451787.0,1068263.0,19351375.0,3017364.0,17903691.0,3111256.0,4350517.0
2023-06-20,6921096.0,1528452.0,20005626.0,4009180.0,1129279.0,15212286.0,2691557.0,14549152.0,1771306.0,4644353.0
2023-06-21,6961603.0,1645987.0,24308946.0,4041529.0,1201840.0,9210553.0,3022724.0,14946871.0,1607299.0,6292873.0
2023-06-22,7619166.0,1529603.0,56596140.0,6676607.0,830052.0,27291569.0,4380046.0,14979063.0,1741775.0,6892713.0
2023-06-23,6628570.0,1119505.0,21339218.0,7239467.0,991214.0,8767733.0,7667340.0,12215712.0,1212955.0,6325479.0
2023-06-26,12641159.0,1978803.0,16130314.0,3403244.0,758700.0,11749040.0,4431992.0,8360264.0,793572.0,5688287.0
2023-06-27,9689466.0,863542.0,33831864.0,3240024.0,687747.0,13422726.0,5533649.0,10694768.0,1012317.0,5052984.0
2023-06-28,11354006.0,1575872.0,59562950.0,5662358.0,1397573.0,25708001.0,6272649.0,18028934.0,1734938.0,12548096.0
2023-06-29,11354006.0,1575872.0,59562950.0,5662358.0,1397573.0,25708001.0,6272649.0,18028934.0,1734938.0,12548096.0
2023-06-30,11151555.0,2672406.0,40699016.0,12821692.0,1160181.0,13843218.0,5217511.0,8718232.0,2690699.0,9456776.0
2023-07-03,12154387.0,1687264.0,44104116.0,7732412.0,980665.0,12350359.0,3333167.0,15421985.0,1078456.0,11111199.0
2023-07-04,8061643.0,1656681.0,38795188.0,5797775.0,721907.0,14041699.0,7397493.0,24799250.0,1441581.0,8022597.0
2023-07-05,10248062.0,1453008.0,37165754.0,5414936.0,1717547.0,13817767.0,4284477.0,13598114.0,1191896.0,16878943.0
2023-07-06,19117987.0,1848238.0,52156544.0,5963897.0,1265020.0,16334427.0,6365222.0,11323509.0,1796824.0,9835812.0
2023-07-07,13375267.0,1789326.0,19926336.0,6295647.0,1178930.0,8593807.0,18763997.0,11707209.0,1837661.0,7605499.0
2023-07-10,33240016.0,1407431.0,38398442.0,3940315.0,1518183.0,12069184.0,4310681.0,11417363.0,1178479.0,6772454.0
2023-07-11,20069348.0,1110172.0,50670426.0,6126128.0,2476367.0,16977595.0,3353977.0,13221177.0,1219658.0,8783282.0
2023-07-12,18733835.0,1515240.0,70958358.0,8102770.0,2395826.0,21511161.0,3033186.0,16029716.0,1822435.0,12816220.0
2023-07-13,14682934.0,4585146.0,41913546.0,9977644.0,1495067.0,23222286.0,4228714.0,20024503.0,1141663.0,8214385.0
2023-07-14,15124144.0,6306101.0,24727214.0,12833381.0,1419016.0,12871569.0,3860080.0,12190152.0,845623.0,5277090.0
2023-07-17,22220040.0,2743228.0,49252928.0,11569884.0,912701.0,16290763.0,5614592.0,19378986.0,878697.0,6325310.0
2023-07-18,25867313.0,2600090.0,81076818.0,16743977.0,1215904.0,29709508.0,4731911.0,25757209.0,720865.0,5558415.0
2023-07-19,39122156.0,2405370.0,32935134.0,13687062.0,1166542.0,15994261.0,6641825.0,17556585.0,1431080.0,14401395.0
2023-07-20,38717624.0,1715404.0,56210948.0,8347221.0,1430764.0,26487838.0,3779959.0,34038351.0,1045704.0,21030102.0
2023-07-21,30249238.0,3770223.0,42154248.0,45548305.0,5198952.0,16903003.0,7001587.0,21040281.0,4610417.0,14510084.0
2023-07-24,23727866.0,1680132.0,32179444.0,8859789.0,1777469.0,21687719.0,4125577.0,11756364.0,2155297.0,40477929.0
2023-07-25,12026020.0,1272980.0,55992596.0,6801982.0,1653775.0,29325327.0,3652262.0,18503305.0,2068876.0,45211370.0
2023-07-26,12911012.0,1066803.0,24794358.0,5528885.0,1300033.0,12780537.0,2845581.0,9999125.0,5820099.0,18842179.0
2023-07-27,17226898.0,1701769.0,59741302.0,9191861.0,2276136.0,25932395.0,3445446.0,17444742.0,2117794.0,14528232.0
2023-07-28,20827852.0,2599831.0,41015684.0,6122735.0,966450.0,12584130.0,2314339.0,11930586.0,1325724.0,10362522.0
2023-07-31,8551174.0,2743678.0,34565006.0,7902180.0,2003252.0,14303116.0,4424817.0,8605483.0,1284981.0,8510403.0
2023-08-01,9536632.0,1956167.0,35394188.0,6064652.0,1758897.0,15508569.0,2087412.0,13493453.0,1298745.0,6686176.0
2023-08-02,12748214.0,1914899.0,28116322.0,7419145.0,2082908.0,15787996.0,3328903.0,14977497.0,1479486.0,10715605.0
2023-08-03,10168350.0,2026351.0,57673946.0,6503741.0,1475310.0,30994707.0,4642067.0,27774877.0,1612618.0,11026824.0
2023-08-04,22885610.0,2248493.0,37388304.0,5712345.0,1359318.0,20582882.0,7066276.0,52725616.0,1101278.0,7097614.0
2023-08-07,5982870.0,1853889.0,28300918.0,3729093.0,803823.0,16686062.0,4086452.0,32736325.0,1163125.0,9513953.0
2023-08-08,9844072.0,1634225.0,43773828.0,4161877.0,1002061.0,23784778.0,3282856.0,25038671.0,767310.0,6638681.0
2023-08-09,11486586.0,1794589.0,33361236.0,4090828.0,1212549.0,19317331.0,3185159.0,15769111.0,906865.0,10134166.0
2023-08-10,15470598.0,1096701.0,50781118.0,3873025.0,1313334.0,24858441.0,3439922.0,27325801.0,1040041.0,13702317.0
2023-08-11,22179330.0,1679974.0,28225822.0,5783517.0,1472199.0,17162177.0,2812690.0,18221179.0,1320121.0,12028396.0
2023-08-14,9575812.0,1190425.0,31304410.0,4304135.0,1060479.0,19026691.0,2665905.0,28084093.0,1364413.0,7854074.0
2023-08-15,9575812.0,1190425.0,31304410.0,4304135.0,1060479.0,19026691.0,2665905.0,28084093.0,1364413.0,7854074.0
2023-08-16,10203112.0,1328445.0,34137542.0,7735313.0,1155882.0,17930805.0,3962408.0,15725767.0,1703875.0,15494896.0
2023-08-17,13673744.0,1843241.0,52884040.0,5618346.0,1532873.0,27077611.0,3013019.0,27910162.0,1629067.0,16896158.0
2023-08-18,18639978.0,2526749.0,25633366.0,5134103.0,1970819.0,13257508.0,4929835.0,18253227.0,1898966.0,20068497.0
2023-08-21,9221746.0,1375579.0,21837270.0,3032722.0,977004.0,13358017.0,3220142.0,9380810.0,1376318.0,9940689.0
2023-08-22,7713044.0,1222012.0,32273570.0,2890714.0,960025.0,16872719.0,3333869.0,14073413.0,1497180.0,10234488.0
2023-08-23,9517952.0,1330046.0,36498588.0,2559125.0,1136112.0,14707331.0,1860153.0,18579297.0,1990672.0,8770272.0
2023-08-24,14140020.0,1152881.0,43145792.0,5171963.0,1143934.0,28389740.0,2842728.0,24131644.0,2619182.0,6322751.0
2023-08-25,22222400.0,1158046.0,30069756.0,4307172.0,802955.0,10275758.0,3124339.0,12271885.0,1408427.0,9628041.0
2023-08-28,12580826.0,1037485.0,28867238.0,3133464.0,619841.0,10481574.0,3094455.0,9711932.0,1551734.0,7176903.0
2023-08-29,16876644.0,944517.0,35538932.0,3074444.0,958564.0,13209913.0,14064286.0,13144855.0,1101830.0,9845106.0
2023-08-30,12168946.0,1188200.0,28084204.0,3070887.0,1227377.0,13936165.0,3261665.0,15281416.0,1920079.0,7648569.0
2023-08-31,21638600.0,3417652.0,100075772.0,9792735.0,3235414.0,36675400.0,12528190.0,27898476.0,2439625.0,20666732.0
2023-09-01,18112842.0,1277950.0,43226776.0,3582133.0,813413.0,16268147.0,4427899.0,18121168.0,1263430.0,11879159.0
2023-09-04,9347626.0,1828332.0,25073638.0,4609014.0,1143301.0,9512956.0,3102649.0,12108655.0,1548282.0,14128562.0
2023-09-05,8675876.0,1501842.0,38712082.0,5496840.0,844088.0,16623486.0,2216754.0,14444729.0,1066447.0,8701612.0
2023-09-06,8200370.0,1314818.0,56320910.0,5075786.0,1094146.0,30802100.0,4235096.0,20609936.0,1747425.0,13358433.0
2023-09-07,13652572.0,1885092.0,34208342.0,4411743.0,1894798.0,13462347.0,4532834.0,12390597.0,4100519.0,8401953.0
2023-09-08,23109288.0,1518917.0,34502210.0,3125838.0,1018234.0,13086915.0,3741470.0,14032068.0,3638510.0,10322317.0
2023-09-11,13271074.0,1783604.0,31573022.0,4182226.0,1121083.0,7894110.0,2733894.0,10946134.0,1545803.0,9679540.0
2023-09-12,16255666.0,4476016.0,39033340.0,6793161.0,3946716.0,20959591.0,4106031.0,16093060.0,7788759.0,14961276.0
2023-09-13,12803338.0,1754929.0,46420094.0,4804686.0,1231305.0,21997553.0,5222561.0,19377172.0,2458417.0,12268130.0
2023-09-14,9209636.0,2604721.0,23538848.0,6444213.0,2081195.0,11464188.0,5513106.0,13178911.0,1910041.0,14986708.0
2023-09-15,25468592.0,2952897.0,173411202.0,8657816.0,3750697.0,13307980.0,14003428.0,11756389.0,1655275.0,15657801.0
2023-09-18,7516300.0,1395753.0,37056288.0,3991916.0,1499641.0,16713222.0,2977375.0,19305055.0,736631.0,8513132.0
2023-09-19,7516300.0,1395753.0,37056288.0,3991916.0,1499641.0,16713222.0,2977375.0,19305055.0,736631.0,8513132.0
2023-09-20,57081884.0,1649396.0,115474648.0,4169337.0,1795159.0,25741856.0,5241903.0,21314600.0,1399240.0,10343224.0
2023-09-21,12226182.0,2004073.0,72841442.0,6779195.0,2223720.0,19742813.0,4896202.0,23453425.0,2444711.0,11132308.0
2023-09-22,19176786.0,1989083.0,61704250.0,5455613.0,1176741.0,12701888.0,6112928.0,18784139.0,1965569.0,7795399.0
2023-09-25,14254884.0,1238778.0,40208754.0,4217863.0,1122778.0,8997098.0,5278045.0,9712784.0,1049532.0,6005673.0
2023-09-26,10087782.0,1726062.0,27575308.0,3996528.0,1263548.0,10521409.0,5355047.0,8327427.0,953456.0,5533023.0
2023-09-27,11722778.0,1541134.0,39338538.0,3863586.0,1086791.0,15152973.0,4713145.0,9865347.0,2903693.0,10894817.0
2023-09-28,14518346.0,1755753.0,55354188.0,5814602.0,1612346.0,25991282.0,7386917.0,21960816.0,4081102.0,10610213.0
2023-09-29,12342014.0,2243791.0,32053782.0,6068968.0,1249567.0,10447334.0,5608557.0,12189735.0,2698016.0,8474326.0
2023-10-02,12342014.0,2243791.0,32053782.0,6068968.0,1249567.0,10447334.0,5608557.0,12189735.0,2698016.0,8474326.0
2023-10-03,8859056.0,1948148.0,38971694.0,4181867.0,1585626.0,11131636.0,4338272.0,15322196.0,3254492.0,7770032.0
2023-10-04,10286386.0,1788138.0,54649430.0,4510406.0,1587335.0,17334739.0,5603669.0,24914612.0,3100946.0,13912656.0
2023-10-05,10953682.0,2990768.0,48512674.0,7384621.0,1909928.0,10478856.0,7063132.0,13248028.0,3413447.0,10416552.0
2023-10-06,5431026.0,2075691.0,17759356.0,3598672.0,1083342.0,6355755.0,2420855.0,8216780.0,1898118.0,8742804.0
2023-10-09,7576878.0,4233074.0,16454972.0,3567552.0,1468771.0,6725306.0,2248103.0,9189597.0,1181760.0,5827256.0
2023-10-10,10236032.0,1848148.0,33266292.0,5688951.0,1092373.0,11452715.0,7897875.0,10373508.0,1551789.0,5207891.0
2023-10-11,9814118.0,2426417.0,31333360.0,7220129.0,1697398.0,12233117.0,5645289.0,14220119.0,2066921.0,7946195.0
2023-10-12,12554450.0,4241281.0,22025336.0,11081662.0,1625010.0,7836818.0,5544735.0,11983797.0,1870280.0,12227957.0
2023-10-13,10150316.0,2890357.0,39745300.0,17973439.0,1531977.0,6650442.0,4421671.0,19064577.0,1437808.0,7926432.0
2023-10-16,5929036.0,1671104.0,17856084.0,4850745.0,954899.0,5763024.0,1881721.0,11290293.0,818794.0,4377288.0
2023-10-17,7928180.0,1672065.0,32902558.0,3923764.0,1253538.0,7747527.0,3863410.0,10765224.0,1847182.0,7203352.0
2023-10-18,8918320.0,1408245.0,31216200.0,4264837.0,1084689.0,12000153.0,2334392.0,11777454.0,1350839.0,7160492.0
2023-10-19,12032556.0,1514545.0,30252364.0,6795691.0,1272343.0,8612676.0,4306963.0,11441499.0,1599104.0,9830006.0
2023-10-20,8913312.0,1481211.0,21094010.0,3928622.0,3608160.0,6586576.0,3125104.0,11110988.0,1667471.0,13521824.0
2023-10-23,7853962.0,1106272.0,22376136.0,2636516.0,922707.0,11856890.0,2180066.0,11875035.0,1614030.0,7555671.0
2023-10-24,7853962.0,1106272.0,22376136.0,2636516.0,922707.0,11856890.0,2180066.0,11875035.0,1614030.0,7555671.0
2023-10-25,11620688.0,1518537.0,28311996.0,6940777.0,1435836.0,12593434.0,6365249.0,12134624.0,2108353.0,11308597.0
2023-10-26,15222534.0,1984471.0,55561798.0,6357656.0,2650560.0,21693345.0,6595332.0,19424825.0,3286109.0,19525305.0
2023-10-27,11771084.0,1108851.0,31940532.0,4634358.0,1784812.0,8645505.0,3508393.0,10415296.0,2399538.0,13638258.0
2023-10-30,16813304.0,910972.0,23310982.0,2667696.0,875135.0,7687791.0,3686768.0,8593704.0,1693052.0,7911426.0
2023-10-31,12808438.0,999811.0,32634824.0,3451595.0,920414.0,17211107.0,5697563.0,13039696.0,1556467.0,8952141.0
2023-11-01,10309190.0,1563475.0,33877466.0,3090672.0,1267131.0,12927203.0,4821458.0,13575575.0,3875595.0,8297973.0
2023-11-02,10562104.0,1245384.0,45225154.0,3758060.0,1595123.0,9747311.0,6611573.0,11148516.0,1451606.0,8465990.0
2023-11-03,8850156.0,1402598.0,18095340.0,3349045.0,1125583.0,7146961.0,3895154.0,11371371.0,1136175.0,14334179.0
2023-11-06,10647304.0,1099852.0,25593730.0,2736381.0,1338677.0,10338367.0,2760800.0,16499138.0,1235499.0,7589690.0
2023-11-07,6960204.0,1191144.0,41952848.0,2272209.0,1473411.0,15704942.0,3616946.0,17923281.0,1112206.0,5321353.0
2023-11-08,7884494.0,992899.0,31399546.0,3550635.0,745022.0,17606074.0,1808553.0,15434808.0,1013438.0,7248663.0
2023-11-09,14513610.0,2112352.0,22116740.0,5498051.0,1823094.0,9406117.0,3914416.0,12434363.0,1719911.0,8085620.0
2023-11-10,7734954.0,1338557.0,14015186.0,2943649.0,771062.0,9560455.0,1345614.0,6773038.0,947753.0,4236307.0
2023-11-13,3854810.0,1030990.0,20605914.0,3462092.0,760809.0,11470096.0,1656368.0,11282362.0,531769.0,3888975.0
2023-11-14,3854810.0,1030990.0,20605914.0,3462092.0,760809.0,11470096.0,1656368.0,11282362.0,531769.0,3888975.0
2023-11-15,12220648.0,2059802.0,41245460.0,8551860.0,1457029.0,19492138.0,4816316.0,11397676.0,1160184.0,7722827.0
2023-11-16,13134910.0,3951984.0,29713838.0,6673907.0,1420578.0,19706373.0,5310736.0,8622660.0,1597607.0,11276031.0
2023-11-17,7758634.0,2021292.0,23701874.0,4901251.0,1756043.0,10956653.0,3249469.0,37173221.0,1325050.0,6911592.0
2023-11-20,4490186.0,1475621.0,19331452.0,3584210.0,944231.0,10562301.0,4646962.0,12714585.0,1231164.0,4502356.0
2023-11-21,8214450.0,1807236.0,24959972.0,3793135.0,1088806.0,8989572.0,5704644.0,14280013.0,1884782.0,6228803.0
2023-11-22,8534814.0,1798051.0,29123650.0,3108786.0,816610.0,12197979.0,3309732.0,14909071.0,1104208.0,5074887.0
2023-11-23,8531542.0,2729804.0,13046220.0,3186928.0,1023670.0,5534614.0,2749555.0,6376210.0,1514688.0,6611803.0
2023-11-24,6749486.0,1989733.0,16469192.0,2973195.0,735137.0,7452002.0,2322104.0,6529851.0,915121.0,7084608.0
2023-11-27,6749486.0,1989733.0,16469192.0,2973195.0,735137.0,7452002.0,2322104.0,6529851.0,915121.0,7084608.0
2023-11-28,13792174.0,1689195.0,28489338.0,3755373.0,1880641.0,14231987.0,5096984.0,8153314.0,1210508.0,9082513.0
2023-11-29,12531306.0,1441634.0,34042488.0,3875778.0,1265214.0,11680078.0,5647918.0,10299034.0,1801107.0,14316126.0
2023-11-30,28439984.0,3266235.0,69491440.0,10120867.0,3095684.0,23950292.0,9934052.0,19758998.0,3131624.0,15710110.0
2023-12-01,14342842.0,1172141.0,22153536.0,3489187.0,1345599.0,16986046.0,5544950.0,10614230.0,2112908.0,20081576.0
2023-12-04,15590990.0,1625213.0,50662456.0,5511948.0,2188039.0,33131257.0,5164902.0,26077882.0,3095974.0,13293194.0
2023-12-05,12693624.0,1377656.0,52230820.0,5123039.0,3108717.0,31378461.0,4266159.0,36430152.0,1659309.0,12603697.0
2023-12-06,16422442.0,1896572.0,38613060.0,5269178.0,1573754.0,18786590.0,4121251.0,21439069.0,2057233.0,21203900.0
2023-12-07,8142096.0,1967653.0,20450386.0,4424453.0,3925967.0,11841945.0,13805235.0,10725706.0,2128823.0,11746535.0
2023-12-08,10204894.0,1641155.0,33728038.0,6323433.0,1605805.0,16116363.0,6630766.0,17722136.0,2428891.0,19386851.0
2023-12-11,7066138.0,1102503.0,23187620.0,3862018.0,2012243.0,11714606.0,6195119.0,11706255.0,1534238.0,6854157.0
2023-12-12,9197124.0,2236866.0,36581476.0,6103494.0,1677929.0,12380856.0,7119331.0,14494836.0,1888423.0,10549319.0
2023-12-13,10031182.0,3850968.0,29346914.0,8549258.0,1513205.0,15887040.0,4153219.0,13977914.0,1509107.0,11718443.0
2023-12-14,16972354.0,3290396.0,35172366.0,12489858.0,2166569.0,16317672.0,6541673.0,15813797.0,2425646.0,14924265.0
2023-12-15,15932152.0,8531230.0,138837130.0,18395389.0,2543337.0,14306067.0,10119597.0,29813572.0,2632935.0,16397959.0
2023-12-18,14165188.0,2521612.0,18014754.0,6467243.0,1969036.0,8592711.0,5750263.0,16221796.0,1767429.0,12490839.0
2023-12-19,16820604.0,2004435.0,24008446.0,4221721.0,1656220.0,10094256.0,3912964.0,19964008.0,1311700.0,10664235.0
2023-12-20,17736722.0,2586083.0,34232520.0,6592367.0,1468642.0,16490281.0,3990591.0,22542056.0,1876048.0,10766954.0
2023-12-21,13765454.0,1517562.0,36589240.0,5319038.0,1945695.0,18064916.0,4294277.0,19915516.0,2292802.0,11584223.0
2023-12-22,16541784.0,2413058.0,48578850.0,6741060.0,1174984.0,20881976.0,4605120.0,14998068.0,1681707.0,11450973.0
2023-12-25,16541784.0,2413058.0,48578850.0,6741060.0,1174984.0,20881976.0,4605120.0,14998068.0,1681707.0,11450973.0
2023-12-26,7465664.0,1285231.0,18045856.0,6878067.0,893776.0,14339699.0,2460643.0,10153089.0,1072263.0,6097422.0
2023-12-27,9204156.0,1293976.0,27009078.0,4225849.0,1073278.0,12996468.0,4791379.0,14417646.0,1389266.0,7833901.0
2023-12-28,12302636.0,1682889.0,44076470.0,5702253.0,1635216.0,24915990.0,5288328.0,16982092.0,3371121.0,21493169.0
2023-12-29,10864584.0,1574996.0,25011426.0,4388990.0,1305681.0,12280140.0,4631749.0,13221898.0,968577.0,13384631.0
2024-01-01,4030540.0,825907.0,14239686.0,2808451.0,526353.0,7683792.0,3804406.0,8295548.0,777080.0,9706230.0
2024-01-02,7448800.0,1344068.0,29242092.0,5396313.0,1310629.0,16263825.0,6865791.0,15164482.0,1511464.0,10924918.0
2024-01-03,9037536.0,1803075.0,28389762.0,7550363.0,1008270.0,16826752.0,3604276.0,14571772.0,1283859.0,24961710.0
2024-01-04,9612778.0,3598144.0,26734056.0,7056038.0,1376844.0,22789140.0,4664043.0,13883388.0,1651616.0,12240910.0
2024-01-05,8086406.0,1963127.0,31889470.0,8895403.0,1150738.0,14875499.0,4008221.0,15984585.0,2069018.0,9564086.0
2024-01-08,7734652.0,1067805.0,17998470.0,4440136.0,1189828.0,8393164.0,4489695.0,14739531.0,1993855.0,8311403.0
2024-01-09,5403074.0,1370944.0,25326888.0,4412074.0,1017205.0,14660414.0,3371125.0,13400235.0,1807271.0,5916180.0
2024-01-10,11102740.0,1292227.0,16115824.0,4096845.0,881278.0,9409181.0,3111573.0,12742464.0,1534821.0,6123200.0
2024-01-11,23725852.0,1777909.0,18314010.0,11296088.0,2399600.0,6451345.0,2604325.0,15533860.0,1105348.0,6786448.0
2024-01-12,15012164.0,6813450.0,19773552.0,26754401.0,2979841.0,12255743.0,3394013.0,16620797.0,1782631.0,9714589.0
2024-01-15,8610594.0,2801505.0,28320356.0,13228305.0,1391204.0,12388044.0,3312897.0,16844018.0,1783518.0,7167978.0
2024-01-16,9069024.0,1432672.0,25322500.0,6500917.0,1599406.0,11505126.0,5025540.0,15025543.0,1791818.0,12531058.0
2024-01-17,12197382.0,3458696.0,170145236.0,9209876.0,3047652.0,41914771.0,4568700.0,30016308.0,2699076.0,11536527.0
2024-01-18,10279438.0,2239110.0,161070930.0,6375464.0,1273095.0,17902484.0,4407330.0,14695436.0,2148898.0,9495938.0
2024-01-19,10422704.0,2941975.0,109600538.0,4522736.0,1323064.0,23271148.0,11753391.0,11675202.0,1913923.0,12673308.0
2024-01-22,10422704.0,2941975.0,109600538.0,4522736.0,1323064.0,23271148.0,11753391.0,11675202.0,1913923.0,12673308.0
2024-01-23,20055420.0,2618854.0,115469402.0,9401255.0,4369332.0,50797448.0,18194595.0,30954343.0,1742142.0,8728196.0
2024-01-24,21919128.0,2657709.0,86004404.0,8999681.0,1551469.0,34578943.0,9546592.0,19221835.0,3711521.0,22459072.0
2024-01-25,11808872.0,2205154.0,98941852.0,8865304.0,2364765.0,28315035.0,11424697.0,22684904.0,2206540.0,20435547.0
2024-01-26,11808872.0,2205154.0,98941852.0,8865304.0,2364765.0,28315035.0,11424697.0,22684904.0,2206540.0,20435547.0
2024-01-29,23893438.0,1646747.0,65645498.0,4253785.0,1587091.0,14078922.0,4015858.0,19572140.0,2072982.0,18557346.0
2024-01-30,14093978.0,1411621.0,41728768.0,4995943.0,1793711.0,16085742.0,3902023.0,16966577.0,1454989.0,45190319.0
2024-01-31,15130226.0,2459358.0,65761040.0,6763779.0,1445004.0,25627447.0,5981966.0,23270745.0,9637606.0,20648695.0
2024-02-01,13349362.0,2363107.0,32690740.0,5760011.0,1727534.0,13058880.0,3606209.0,26587707.0,6149780.0,19903526.0
2024-02-02,19652588.0,2826510.0,44867754.0,7858483.0,1956115.0,14774650.0,4969983.0,27471811.0,7579802.0,17816750.0
2024-02-05,8814432.0,1691523.0,38605046.0,3634135.0,1315445.0,12948430.0,7809331.0,28339525.0,2954238.0,12505666.0
2024-02-06,9047984.0,4474396.0,41075740.0,7694265.0,1557511.0,12886927.0,9863065.0,14079390.0,2545192.0,19487043.0
2024-02-07,9296568.0,2124267.0,54837086.0,4613877.0,1149076.0,16410895.0,2770694.0,41696232.0,2099940.0,13376903.0
2024-02-08,14694634.0,2345173.0,69106124.0,5919715.0,1758661.0,20565502.0,6519392.0,74222434.0,3471727.0,50039587.0
2024-02-09,12556798.0,2100596.0,56642124.0,4600004.0,886474.0,12799837.0,4203171.0,43235061.0,3121873.0,33527317.0
2024-02-12,6674430.0,1013716.0,34447812.0,3555808.0,1292460.0,8050066.0,3887976.0,22873137.0,1922273.0,11326971.0
2024-02-13,7715594.0,1257415.0,57580994.0,2696481.0,957865.0,18706292.0,3211554.0,23351472.0,2151493.0,16207766.0
2024-02-14,7117888.0,1391283.0,91320810.0,3768579.0,1397975.0,17878720.0,4653070.0,36782182.0,2502138.0,12618012.0
2024-02-15,10006782.0,1091582.0,41584944.0,4834391.0,2553695.0,10069878.0,5056712.0,33941282.0,1999189.0,21169031.0
2024-02-16,9767498.0,1307556.0,32175742.0,4880654.0,2363302.0,7159395.0,3091952.0,27365121.0,2768329.0,38963810.0
2024-02-19,6729828.0,772291.0,34451756.0,3690993.0,576683.0,9388255.0,4711035.0,13979584.0,1216447.0,17602580.0
2024-02-20,7117496.0,1193648.0,56133508.0,3706389.0,1032995.0,11293528.0,5397418.0,12528399.0,1578162.0,14626643.0
2024-02-21,12720292.0,1885939.0,45893136.0,4300508.0,1127778.0,15946325.0,4570259.0,21465311.0,2430672.0,20162369.0
2024-02-22,18493728.0,2982052.0,50560882.0,5841277.0,2258516.0,13432573.0,8642368.0,18799244.0,2521388.0,19321180.0
2024-02-23,14438584.0,2538072.0,29833452.0,5373072.0,1210775.0,13142759.0,6709844.0,14143636.0,2107176.0,11576964.0
2024-02-26,7513106.0,1379284.0,23506870.0,2782438.0,831596.0,7875941.0,3186134.0,11355186.0,4122419.0,8289561.0
2024-02-27,10826044.0,2960475.0,32087150.0,5159088.0,1120424.0,10580973.0,7149094.0,13969393.0,2122286.0,8083518.0
2024-02-28,8647950.0,1939225.0,25321986.0,3188916.0,629152.0,7730332.0,5302711.0,11263318.0,1666903.0,8949664.0
2024-02-29,23628976.0,3772719.0,53295700.0,7814722.0,2848084.0,20944844.0,13818650.0,19217113.0,2119512.0,15468800.0
2024-03-01,12132926.0,2043265.0,34738898.0,6387291.0,2326244.0,14909562.0,5927490.0,17348526.0,4407803.0,12873024.0
2024-03-04,10024420.0,1749271.0,35616474.0,4445156.0,1501261.0,11424581.0,5855090.0,9789141.0,1307501.0,7103794.0
2024-03-05,7107668.0,2070859.0,37991672.0,4596579.0,1587199.0,9222544.0,5375008.0,18088847.0,1981370.0,10108373.0
2024-03-06,7805676.0,1744204.0,42409530.0,6420684.0,1354111.0,21796484.0,5464839.0,26710525.0,1500196.0,11534613.0
2024-03-07,8315726.0,2688905.0,49348046.0,6348359.0,1820704.0,9963926.0,8903981.0,15497868.0,2344401.0,23907135.0
2024-03-08,8315726.0,2688905.0,49348046.0,6348359.0,1820704.0,9963926.0,8903981.0,15497868.0,2344401.0,23907135.0
2024-03-11,11277130.0,2304068.0,50531094.0,6752895.0,2040761.0,13310362.0,6679208.0,16778340.0,1748541.0,18298683.0
2024-03-12,9432678.0,4039801.0,65418454.0,4614222.0,1012157.0,21785435.0,4249548.0,21529705.0,1470377.0,36226074.0
2024-03-13,13522134.0,2837260.0,63067454.0,5688997.0,2322669.0,24855870.0,7528096.0,27950252.0,2503293.0,105525827.0
2024-03-14,18571102.0,2919608.0,52432158.0,8803799.0,2292515.0,14231421.0,8569080.0,19730882.0,4528490.0,31949569.0
2024-03-15,19223818.0,3373143.0,143613804.0,11809997.0,2751403.0,66192734.0,10115416.0,29792241.0,4054210.0,76074975.0
2024-03-18,9169392.0,1526904.0,21437856.0,4958904.0,2487402.0,8769440.0,4141080.0,18145126.0,1354787.0,16547358.0
2024-03-19,8275764.0,8931209.0,36183594.0,6870411.0,4220638.0,16708715.0,7703719.0,15205043.0,1447405.0,21803126.0
2024-03-20,8488806.0,1817913.0,43606094.0,4759059.0,2995013.0,18725251.0,6596032.0,25405455.0,1442811.0,20364534.0
2024-03-21,13006936.0,3829582.0,28922860.0,11062497.0,3504486.0,19992607.0,9952250.0,15161161.0,2504962.0,19968509.0
2024-03-22,19527608.0,5852485.0,45980326.0,14673890.0,3507809.0,17214415.0,7840007.0,15535921.0,3020545.0,40358503.0
2024-03-25,19527608.0,5852485.0,45980326.0,14673890.0,3507809.0,17214415.0,7840007.0,15535921.0,3020545.0,40358503.0
2024-03-26,11415906.0,3440925.0,56844290.0,8351081.0,3027027.0,13367635.0,10898138.0,14678342.0,2320963.0,10669833.0
2024-03-27,16326644.0,1968575.0,62168668.0,6857402.0,2168861.0,26907245.0,5779169.0,30088789.0,2387693.0,12698464.0
2024-03-28,21854364.0,4311783.0,55592142.0,12499530.0,3186360.0,22070566.0,10518377.0,21705116.0,4278668.0,29009002.0
2024-03-29,21854364.0,4311783.0,55592142.0,12499530.0,3186360.0,22070566.0,10518377.0,21705116.0,4278668.0,29009002.0
2024-04-01,5013880.0,1569676.0,25199570.0,6580002.0,1427873.0,10848191.0,5461473.0,9949971.0,1905190.0,9743648.0
2024-04-02,8910166.0,2142666.0,41225446.0,7279400.0,1221495.0,14380396.0,3625577.0,15713063.0,3608162.0,9194659.0
2024-04-03,7008292.0,3973090.0,45584386.0,8736248.0,1175309.0,15477184.0,9532291.0,19136981.0,1684618.0,13152268.0
2024-04-04,14490272.0,3394637.0,88935066.0,11186915.0,1890255.0,21419689.0,7327626.0,15889530.0,2339529.0,19065447.0
2024-04-05,7442298.0,1636819.0,59055902.0,5072482.0,1153449.0,15340637.0,4227519.0,9939620.0,1645597.0,16768902.0
2024-04-08,8357118.0,2302538.0,20482940.0,6610887.0,1127294.0,8023461.0,4827733.0,9797174.0,1083395.0,8844633.0
2024-04-09,7071414.0,1876992.0,21884494.0,9423230.0,1189343.0,12298463.0,3372798.0,7465892.0,1997057.0,6967273.0
2024-04-10,9138330.0,2101965.0,27807400.0,6744595.0,2308993.0,10598000.0,6442196.0,14530669.0,1951581.0,14547618.0
2024-04-11,9138330.0,2101965.0,27807400.0,6744595.0,2308993.0,10598000.0,6442196.0,14530669.0,1951581.0,14547618.0
2024-04-12,15551012.0,4354821.0,41084208.0,12275616.0,3388551.0,12216657.0,7877073.0,14408722.0,3437544.0,18785009.0
2024-04-15,12902062.0,4200329.0,23415248.0,8531224.0,4909564.0,10526597.0,4281602.0,11356572.0,1719910.0,9083087.0
2024-04-16,9366184.0,3051420.0,20744886.0,16173541.0,2821129.0,11278092.0,5235632.0,13338991.0,2291042.0,10357752.0
2024-04-17,9366184.0,3051420.0,20744886.0,16173541.0,2821129.0,11278092.0,5235632.0,13338991.0,2291042.0,10357752.0
2024-04-18,19005692.0,3476284.0,34234884.0,22107945.0,3392171.0,16564216.0,19939924.0,14589648.0,3273257.0,22133191.0
2024-04-19,15741778.0,2957749.0,34576434.0,20603621.0,2337694.0,11284433.0,13103862.0,10886554.0,2759031.0,17221280.0
2024-04-22,10350362.0,1728883.0,42298438.0,5859087.0,1804108.0,10346714.0,7894656.0,17452186.0,2605754.0,7386048.0
2024-04-23,14605554.0,1807586.0,26827060.0,4856174.0,1991778.0,9848215.0,12074766.0,12292429.0,1434580.0,12484384.0
2024-04-24,10462776.0,1317312.0,22441580.0,4268213.0,1404398.0,5461309.0,6277492.0,7842615.0,1501234.0,6070285.0
2024-04-25,15943926.0,2856271.0,35445204.0,9089398.0,4951866.0,19905338.0,8512627.0,36732974.0,2420380.0,30337038.0
2024-04-26,9413848.0,2039178.0,24854694.0,8062444.0,2307512.0,14190059.0,5289771.0,14964358.0,1973113.0,15342965.0
2024-04-29,7247974.0,1110693.0,36093350.0,5055957.0,1395292.0,28578063.0,3195888.0,27302732.0,1396979.0,12075706.0
2024-04-30,11474262.0,2203078.0,52307382.0,6936588.0,2119102.0,29568491.0,5272565.0,27449073.0,1571996.0,12528665.0
2024-05-01,11474262.0,2203078.0,52307382.0,6936588.0,2119102.0,29568491.0,5272565.0,27449073.0,1571996.0,12528665.0
2024-05-02,14512646.0,2491044.0,33475006.0,10076354.0,2140383.0,25118334.0,7995432.0,19943724.0,3748847.0,24123523.0
2024-05-03,17226958.0,2962234.0,31865242.0,8842345.0,2595307.0,19933604.0,11290875.0,22667634.0,4079696.0,23786388.0
2024-05-06,7394208.0,2053831.0,28793396.0,6445422.0,1619256.0,14970524.0,5555467.0,35283557.0,2614667.0,10753860.0
2024-05-07,14517472.0,2062112.0,28480602.0,6080661.0,8277810.0,15097728.0,5767030.0,16725013.0,3376013.0,26969062.0
2024-05-08,9439002.0,1247685.0,41687862.0,6234983.0,1813439.0,19913090.0,2682816.0,27908322.0,4116670.0,10916481.0
2024-05-09,11009612.0,1726486.0,46281278.0,6088406.0,1558987.0,12229853.0,4809145.0,49290254.0,12120574.0,24314298.0
2024-05-10,10505096.0,1672489.0,27276608.0,8777481.0,2610266.0,8573656.0,5532513.0,20543142.0,4132191.0,14524604.0
2024-05-13,8456620.0,931326.0,27047202.0,3735954.0,1170617.0,9707983.0,3703942.0,15398505.0,3557067.0,7584217.0
2024-05-14,7188300.0,1058317.0,25665142.0,3463230.0,689430.0,8944262.0,3262908.0,10912462.0,2870328.0,11423749.0
2024-05-15,5046534.0,1115021.0,38931996.0,4327544.0,812282.0,10743423.0,6891004.0,9755062.0,2718682.0,7856433.0
2024-05-16,14711774.0,2599399.0,34945236.0,9249145.0,1880021.0,14265565.0,11932181.0,20536990.0,3398714.0,23911954.0
2024-05-17,10916476.0,2765804.0,20920190.0,7542860.0,1264582.0,8641784.0,6614017.0,12492509.0,2676919.0,11894830.0
2024-05-20,10916476.0,2765804.0,20920190.0,7542860.0,1264582.0,8641784.0,6614017.0,12492509.0,2676919.0,11894830.0
2024-05-21,11176128.0,1908117.0,43769978.0,6752663.0,1663959.0,10452900.0,5422220.0,14037801.0,2100848.0,11175153.0
2024-05-22,10281604.0,1311168.0,39996278.0,7173285.0,1914851.0,17527411.0,3026723.0,19239277.0,1409992.0,11036895.0
2024-05-23,14608260.0,2095742.0,40861920.0,8641428.0,1614718.0,13787687.0,7147341.0,17497488.0,4525637.0,27244733.0
2024-05-24,7094776.0,1309452.0,31060206.0,5277938.0,974100.0,6312670.0,5622368.0,12252075.0,2740360.0,13252938.0
2024-05-27,6629010.0,1841538.0,29385440.0,5821844.0,1116934.0,11599857.0,6553974.0,12295193.0,2570708.0,12282545.0
2024-05-28,7820162.0,1801993.0,27908904.0,6186922.0,1631747.0,9311718.0,2068963.0,13818893.0,1440187.0,9668761.0
2024-05-29,7383556.0,1568095.0,35147706.0,7401634.0,1592495.0,19268547.0,4445083.0,14518232.0,1506146.0,10832067.0
2024-05-30,13206858.0,2919230.0,33755350.0,9663150.0,1837380.0,15255387.0,7100303.0,17818705.0,2701849.0,21314885.0
2024-05-31,31069832.0,10956800.0,74079588.0,37113815.0,5529186.0,26197718.0,24825643.0,22267336.0,6432341.0,29300711.0
2024-06-03,21527942.0,2156773.0,72637256.0,10589244.0,1207445.0,25699977.0,6017122.0,64269020.0,5767666.0,16116836.0
2024-06-04,36709098.0,3395997.0,89531240.0,13736134.0,7826048.0,43476837.0,19924421.0,122381193.0,9920882.0,47791986.0
2024-06-05,17464890.0,2799670.0,81631650.0,9233424.0,11061076.0,42172104.0,12175520.0,74256082.0,10372458.0,28197030.0
2024-06-06,17855722.0,4328036.0,46422870.0,12660930.0,4102547.0,18574162.0,10279789.0,40555649.0,8374602.0,32318523.0
2024-06-07,18558696.0,4552445.0,36712216.0,24075302.0,3974253.0,17197635.0,12280748.0,25061284.0,5879660.0,29543660.0
2024-06-10,9251760.0,1734661.0,22454058.0,6810606.0,1449122.0,10851455.0,5318477.0,16725508.0,3151257.0,11872688.0
2024-06-11,11774902.0,1419898.0,29545326.0,4853054.0,1402423.0,12250002.0,4416792.0,14754408.0,2548176.0,13158571.0
2024-06-12,10081742.0,2177001.0,39280436.0,9564320.0,1754677.0,16096514.0,4876138.0,15071442.0,2242274.0,10751658.0
2024-06-13,9181160.0,1932323.0,24120192.0,7307565.0,3123098.0,12494254.0,7990376.0,12523972.0,2965500.0,9641349.0
2024-06-14,8157998.0,1860730.0,25540554.0,4237727.0,1729552.0,11377979.0,3978442.0,12903496.0,1746508.0,9572809.0
2024-06-17,8157998.0,1860730.0,25540554.0,4237727.0,1729552.0,11377979.0,3978442.0,12903496.0,1746508.0,9572809.0
2024-06-18,7196766.0,1774045.0,32415714.0,5420939.0,1820933.0,18306176.0,8671131.0,14929083.0,1936792.0,14641141.0
2024-06-19,8725874.0,1509050.0,90131196.0,5493456.0,986976.0,34309514.0,8640918.0,32925140.0,2936151.0,11329972.0
2024-06-20,16113776.0,2846526.0,41408742.0,7927010.0,2163310.0,15475933.0,8742855.0,13985352.0,2618715.0,15147549.0
2024-06-21,31170360.0,4642195.0,51630776.0,17301941.0,3646215.0,69259425.0,43929578.0,18990090.0,4508508.0,26176371.0
2024-06-24,8878386.0,1702154.0,28544994.0,5564989.0,1945519.0,12210295.0,6195831.0,12715254.0,2330559.0,9723008.0
2024-06-25,7045386.0,1338808.0,74521548.0,4551525.0,833789.0,27309845.0,6353748.0,20917530.0,2158039.0,10655609.0
2024-06-26,22014882.0,1639845.0,47596666.0,4851004.0,1738656.0,25403461.0,9579826.0,16281760.0,2480187.0,11511714.0
2024-06-27,28383030.0,4526556.0,55074650.0,14757754.0,3402726.0,20516632.0,19675528.0,20378887.0,5519875.0,38438054.0
2024-06-28,28957336.0,2731571.0,26476046.0,8197544.0,2129791.0,12507092.0,29145832.0,23636388.0,3141514.0,18554411.0
2024-07-01,7724306.0,2658723.0,21187024.0,6801771.0,3312865.0,8636894.0,6011806.0,10967797.0,2961120.0,13391362.0
2024-07-02,7749246.0,2307449.0,45921690.0,10493173.0,1305210.0,16153925.0,7792632.0,21142840.0,5087748.0,11177863.0
2024-07-03,9049620.0,1821198.0,123217802.0,7269965.0,1406405.0,22330897.0,8261388.0,23598009.0,1923801.0,7435499.0
2024-07-04,6837176.0,2518001.0,45848658.0,8008311.0,1977010.0,15275791.0,9570938.0,13372587.0,1851947.0,9478861.0
2024-07-05,12269710.0,1668616.0,82242548.0,7065022.0,1754286.0,9535575.0,4881198.0,24873722.0,1635209.0,13427543.0
2024-07-08,9500806.0,1758882.0,39087800.0,5880533.0,2818809.0,6617190.0,3261797.0,10359800.0,1706210.0,21311436.0
2024-07-09,6960002.0,1305801.0,48550878.0,5191182.0,1479529.0,13366874.0,2897480.0,13585081.0,2425176.0,27489709.0
2024-07-10,7134578.0,2669716.0,45507182.0,9852770.0,1764036.0,18226503.0,3416762.0,17343236.0,2231438.0,12065662.0
2024-07-11,11940946.0,4872189.0,44177074.0,8857679.0,1432671.0,11307116.0,4178558.0,8501366.0,2942924.0,19556596.0
2024-07-12,12924784.0,13509164.0,56049960.0,17078316.0,1912642.0,12208290.0,6342135.0,11446064.0,2001185.0,19693114.0
2024-07-15,5329688.0,4848030.0,33375694.0,6942230.0,920101.0,15612671.0,3324806.0,25392820.0,943302.0,16876907.0
2024-07-16,9386838.0,2029521.0,28950324.0,6886281.0,3298003.0,12320605.0,6967651.0,11893692.0,2220953.0,13497253.0
2024-07-17,9386838.0,2029521.0,28950324.0,6886281.0,3298003.0,12320605.0,6967651.0,11893692.0,2220953.0,13497253.0
2024-07-18,12298374.0,5613364.0,33717064.0,11248896.0,5569762.0,10999632.0,6470342.0,19435183.0,3240772.0,21907158.0
2024-07-19,13140390.0,3903354.0,26002152.0,29819116.0,1668862.0,7958817.0,3858596.0,14562742.0,2432533.0,25939326.0
2024-07-22,19674376.0,1896386.0,53744822.0,8462126.0,1911629.0,9958965.0,3560584.0,14614111.0,3639057.0,18762384.0
2024-07-23,18052044.0,2365208.0,52002152.0,7113056.0,3906259.0,19369832.0,2936143.0,18279212.0,6957691.0,56125835.0
2024-07-24,11913362.0,1809793.0,61728206.0,6002845.0,3611927.0,20122521.0,4529339.0,19624845.0,3184060.0,43693692.0
2024-07-25,12519876.0,2810342.0,25535732.0,5815599.0,2166670.0,14154461.0,4277756.0,9522375.0,4691483.0,18567567.0
2024-07-26,9859940.0,3552210.0,43810540.0,11369047.0,2135309.0,19309265.0,9564987.0,12081506.0,2617659.0,21534703.0
2024-07-29,7538550.0,1746803.0,51001148.0,4635931.0,957011.0,28458261.0,4589313.0,26582781.0,4159919.0,12978187.0
2024-07-30,8228208.0,1797906.0,54595834.0,2721265.0,1560399.0,23972277.0,4263689.0,13528447.0,1979989.0,13891052.0
2024-07-31,10057346.0,2330091.0,37820484.0,5004209.0,1751085.0,22297629.0,5634305.0,11636874.0,2703636.0,11982586.0
2024-08-01,10764222.0,2202244.0,26215174.0,7475014.0,1886392.0,8725046.0,4531379.0,11787203.0,1998663.0,12114803.0
2024-08-02,10268248.0,2811282.0,44119238.0,7400938.0,1738872.0,10735395.0,3335905.0,12609331.0,2512525.0,22141163.0
2024-08-05,17046704.0,2787771.0,41333634.0,10736703.0,3118731.0,14306771.0,5111901.0,27676951.0,2900685.0,25022076.0
2024-08-06,10236186.0,2203067.0,45116050.0,7690163.0,2296031.0,13575619.0,8249573.0,17900930.0,2125532.0,14251363.0
2024-08-07,8174568.0,1237666.0,42346264.0,5094329.0,1713875.0,15753644.0,5700734.0,17692355.0,1613097.0,11320399.0
2024-08-08,12387192.0,2441283.0,33976950.0,6227910.0,1464161.0,10806438.0,5986360.0,14769069.0,2038088.0,21349889.0
2024-08-09,6249776.0,1302536.0,26644618.0,4258524.0,1284031.0,8687307.0,3615910.0,15320885.0,848232.0,9556181.0
2024-08-12,8184584.0,936912.0,39316196.0,4315329.0,1297178.0,10860455.0,4028226.0,16120449.0,1965035.0,9425644.0
2024-08-13,6265064.0,1495593.0,54055042.0,4176918.0,1051237.0,13117927.0,4495208.0,17585172.0,1316218.0,8056478.0
2024-08-14,6267466.0,3226545.0,32334428.0,7450718.0,946995.0,13431801.0,5891784.0,11788665.0,1584372.0,9609981.0
2024-08-15,6267466.0,3226545.0,32334428.0,7450718.0,946995.0,13431801.0,5891784.0,11788665.0,1584372.0,9609981.0
2024-08-16,9416902.0,3457058.0,27849246.0,7335657.0,1727926.0,10961370.0,7176426.0,11427335.0,2808865.0,13643352.0
2024-08-19,13797742.0,2055210.0,19502164.0,2585989.0,1130327.0,6686394.0,4404075.0,10151482.0,1898535.0,10591508.0
2024-08-20,8411808.0,2212298.0,31134494.0,3870333.0,1097889.0,10427061.0,10046892.0,10347493.0,1285569.0,6888634.0
2024-08-21,7769996.0,1896990.0,47630904.0,1966902.0,1417729.0,17234142.0,6175510.0,14607257.0,1714248.0,8801221.0
2024-08-22,10445782.0,1829872.0,21300638.0,4300287.0,1552947.0,8564142.0,6781325.0,7832917.0,1734927.0,8686423.0
2024-08-23,9249654.0,1809253.0,20333422.0,5015935.0,2111401.0,7518309.0,6238112.0,5537747.0,1825180.0,8195369.0
2024-08-26,8816114.0,1844164.0,22364266.0,3728589.0,1152244.0,10920226.0,4307432.0,8523795.0,1606911.0,8126402.0
2024-08-27,6251156.0,930697.0,35773244.0,3830679.0,1357212.0,16295325.0,3965066.0,12833290.0,3315435.0,8260450.0
2024-08-28,9610286.0,1848058.0,26921188.0,6514531.0,1723549.0,12291305.0,6225319.0,10371300.0,1278175.0,8081932.0
2024-08-29,38335358.0,2133641.0,49052604.0,7228284.0,2129934.0,10806748.0,8036748.0,18247268.0,2165489.0,19389694.0
2024-08-30,41620730.0,3637222.0,445342100.0,13466759.0,4029712.0,21211148.0,37820442.0,8911426.0,2592912.0,15523349.0
2024-09-02,11240852.0,1216500.0,34049680.0,5573739.0,957950.0,12516759.0,4890314.0,11813750.0,1277813.0,16497266.0
2024-09-03,10923800.0,1717263.0,37282860.0,4694322.0,2022116.0,19114907.0,4546295.0,10548350.0,1211993.0,12481552.0
2024-09-04,11983304.0,1265505.0,24682744.0,4778310.0,1640986.0,13505843.0,5213811.0,10789570.0,1930121.0,8739052.0
2024-09-05,16264168.0,1688793.0,22876318.0,4081810.0,1945173.0,9142811.0,5652812.0,8395074.0,2958770.0,11318636.0
2024-09-06,19394228.0,1649179.0,26029602.0,5848106.0,1672730.0,10170479.0,5497805.0,40220096.0,3096557.0,14245025.0
2024-09-09,9010298.0,1184938.0,23792914.0,4772612.0,3342754.0,13863250.0,3912508.0,21322103.0,1454589.0,14265060.0
2024-09-10,10768260.0,1385591.0,26606646.0,6909600.0,1536584.0,15545130.0,6163457.0,12824701.0,1203483.0,11332248.0
2024-09-11,9760202.0,1325919.0,22226684.0,5312946.0,1913665.0,11993242.0,5994914.0,20060665.0,1865165.0,15497555.0
2024-09-12,22349376.0,2742216.0,32424046.0,8555092.0,2454564.0,15376442.0,12204496.0,17578964.0,3751523.0,19085324.0
2024-09-13,8711328.0,1458786.0,23860532.0,3843127.0,1902001.0,9877288.0,5609618.0,12950936.0,1752455.0,9165077.0
2024-09-16,5481774.0,1155120.0,15172820.0,1570181.0,1489057.0,8973335.0,3762063.0,9553736.0,1045964.0,7821668.0
2024-09-17,5935328.0,1699364.0,20127122.0,2793127.0,1098661.0,11513121.0,4223072.0,10665630.0,1289060.0,10889862.0
2024-09-18,8574714.0,2961779.0,40917342.0,6385468.0,464796.0,12466597.0,3171195.0,18324412.0,2249929.0,5638729.0
2024-09-19,16955902.0,2927551.0,30651776.0,7976570.0,1713010.0,13172268.0,8498240.0,10645478.0,1711564.0,14461616.0
2024-09-20,30897320.0,5447908.0,60623386.0,15242974.0,3641632.0,73257767.0,21646275.0,21372244.0,5401701.0,24725118.0
2024-09-23,8832314.0,1702319.0,26965350.0,3636672.0,1300470.0,11380409.0,5001827.0,17309545.0,1937874.0,8105508.0
2024-09-24,17137444.0,3012026.0,33039036.0,7277616.0,1929308.0,13886037.0,7579205.0,15180653.0,2676546.0,7015487.0
2024-09-25,7069002.0,2713073.0,31965312.0,4268341.0,1055354.0,8728019.0,4017103.0,18465571.0,2113862.0,8802667.0
2024-09-26,18818998.0,3964251.0,31899644.0,8952803.0,1902889.0,11100869.0,7417423.0,23198842.0,2750597.0,16086557.0
2024-09-27,20597478.0,3012477.0,35613502.0,14908931.0,2977081.0,17117379.0,7116861.0,15193681.0,4095425.0,17916386.0
2024-09-30,27008814.0,2503416.0,26383534.0,6986955.0,1627702.0,12622212.0,6907288.0,15484573.0,1837697.0,10936940.0
2024-10-01,16431642.0,1823365.0,24572284.0,4029072.0,1184642.0,10972413.0,3649090.0,13280535.0,1674100.0,5285319.0
2024-10-02,16431642.0,1823365.0,24572284.0,4029072.0,1184642.0,10972413.0,3649090.0,13280535.0,1674100.0,5285319.0
2024-10-03,37757294.0,3350119.0,48473398.0,7503887.0,1233447.0,17648551.0,7200276.0,15944135.0,5315877.0,16481353.0
2024-10-04,37072876.0,2965463.0,48683232.0,10001483.0,2456486.0,13488887.0,8576527.0,20097454.0,3445879.0,18930962.0
2024-10-07,22181340.0,1472619.0,94458296.0,6112575.0,1280975.0,20667247.0,5387707.0,24267990.0,2304227.0,17114457.0
2024-10-08,17020808.0,1541867.0,29734406.0,5637391.0,1761488.0,12219259.0,5224335.0,8560960.0,2249452.0,9868331.0
2024-10-09,14310610.0,1082504.0,41125642.0,4857163.0,1476282.0,14765997.0,3414614.0,18758697.0,1645791.0,24874940.0
2024-10-10,22358646.0,2378875.0,21754766.0,4782119.0,2065078.0,9118195.0,5047657.0,10241015.0,2686116.0,13292273.0
2024-10-11,7980122.0,5759183.0,23672594.0,4709431.0,679307.0,8472512.0,2367678.0,14322720.0,1280465.0,14949380.0
2024-10-14,12221432.0,2137590.0,18527508.0,3751378.0,874010.0,11833929.0,2069815.0,8967564.0,1974378.0,6970606.0
2024-10-15,33762794.0,2759474.0,19651130.0,5353705.0,1082666.0,11657338.0,5891334.0,6252104.0,1231552.0,8347216.0
2024-10-16,20034438.0,2359151.0,20470682.0,3111512.0,1170797.0,7869727.0,3299887.0,6494240.0,1961835.0,6939430.0
2024-10-17,15543660.0,2522659.0,14695732.0,8162822.0,1368242.0,8459497.0,4373392.0,18580553.0,2968537.0,7669729.0
2024-10-18,12082452.0,2361000.0,24809724.0,10526196.0,1137277.0,11018126.0,4154915.0,11704698.0,2102609.0,22616838.0
2024-10-21,14067408.0,1595450.0,46548354.0,4654601.0,792345.0,7742775.0,3836168.0,10359618.0,1750549.0,7680088.0
2024-10-22,15831960.0,1928049.0,38875280.0,4125240.0,1272253.0,20090801.0,3070057.0,16645356.0,1363574.0,12772970.0
2024-10-23,17214742.0,1966476.0,38036090.0,4311910.0,1431962.0,14055447.0,2764757.0,13866198.0,2125268.0,10553961.0
2024-10-24,22155934.0,2676744.0,30832258.0,2906475.0,9216267.0,12223031.0,3669575.0,5607500.0,1924421.0,13596626.0
2024-10-25,18597496.0,1759676.0,26130478.0,4689120.0,2761166.0,13546055.0,3434386.0,9717125.0,3236774.0,32154050.0
2024-10-28,10824350.0,1532534.0,22012142.0,7018940.0,852829.0,24096412.0,2811651.0,13757251.0,2991674.0,8946214.0
2024-10-29,12008361.0,1445885.0,35794926.0,4621252.0,1695654.0,20656117.0,6990747.0,28274791.0,2253467.0,7131161.0
2024-10-30,11984423.0,1935002.0,32715724.0,5919715.0,1200637.0,15055031.0,4622628.0,15977682.0,1785128.0,6640080.0
2024-10-31,9331650.0,3740372.0,22895912.0,7395236.0,1901355.0,23497314.0,4921681.0,13402324.0,7637083.0,8111694.0
2024-11-01,2127335.0,154895.0,1759692.0,371966.0,118532.0,1007022.0,279441.0,1637141.0,212796.0,1517892.0
2024-11-04,19796890.0,2269192.0,28089248.0,7336722.0,1097260.0,14309121.0,6094029.0,14498161.0,1724189.0,8754385.0
2024-11-05,16267479.0,967590.0,44232406.0,3160880.0,702046.0,16431920.0,6473278.0,26254561.0,1251506.0,7610046.0
2024-11-06,21625209.0,3792017.0,27787910.0,10421494.0,1219166.0,12037405.0,6631728.0,15002433.0,1819732.0,11749720.0
2024-11-07,9611974.0,3724349.0,18895456.0,4550965.0,1322446.0,9909035.0,5160994.0,15283847.0,1581009.0,9267980.0
2024-11-08,19814406.0,1648039.0,19902986.0,4210960.0,1700877.0,11195808.0,3096384.0,26139105.0,1622142.0,6325023.0
2024-11-11,9056552.0,1406487.0,24565362.0,3804234.0,1175577.0,8387780.0,3664301.0,12621337.0,926127.0,5700343.0
2024-11-12,10671091.0,1587640.0,31395406.0,5012450.0,1624222.0,13486168.0,4479934.0,11350729.0,1116206.0,5236095.0
2024-11-13,14633633.0,1098813.0,35728500.0,4257495.0,1262017.0,12260404.0,5816699.0,13756706.0,1568694.0,11548660.0
2024-11-14,12612633.0,1825432.0,27146470.0,4311431.0,2443393.0,9506892.0,5139154.0,9461484.0,1291765.0,12087836.0
2024-11-15,12612633.0,1825432.0,27146470.0,4311431.0,2443393.0,9506892.0,5139154.0,9461484.0,1291765.0,12087836.0
2024-11-18,13620611.0,3313944.0,27081968.0,4839244.0,1374215.0,6195554.0,4816078.0,9322451.0,1233217.0,8448573.0
2024-11-19,14183746.0,1776233.0,50981272.0,4669769.0,1133370.0,11537317.0,6238241.0,13677029.0,1826460.0,7121472.0
2024-11-20,14183746.0,1776233.0,50981272.0,4669769.0,1133370.0,11537317.0,6238241.0,13677029.0,1826460.0,7121472.0
2024-11-21,19433843.0,2384347.0,35716512.0,5436504.0,1291829.0,9593870.0,7356679.0,29486577.0,1510581.0,20313155.0
2024-11-22,20471957.0,3096553.0,24773612.0,6301486.0,1696471.0,11604338.0,7640321.0,20665405.0,2534018.0,20214206.0
2024-11-25,28923341.0,4052167.0,427737274.0,12764638.0,4368045.0,22717581.0,12155641.0,23434605.0,4753829.0,14427013.0
2024-11-26,9247557.0,2060669.0,30935566.0,6850495.0,982442.0,7646955.0,4030593.0,8893744.0,1141534.0,6791715.0
2024-11-27,9572746.0,1558993.0,32714976.0,4447143.0,948232.0,21938082.0,4982785.0,8375108.0,971816.0,7339184.0
2024-11-28,15027412.0,2558544.0,35722392.0,8468790.0,2540530.0,22803745.0,6714728.0,13505677.0,2124283.0,14967609.0
2024-11-29,13202307.0,2017425.0,27669536.0,5244346.0,1795164.0,11397228.0,10775801.0,10822949.0,2094305.0,8668142.0
2024-12-02,11024152.0,1670944.0,15110876.0,2868263.0,1006993.0,9626400.0,3790108.0,6651119.0,1158369.0,5689595.0
2024-12-03,16869482.0,2010905.0,43410242.0,4715792.0,1641588.0,11509276.0,9131055.0,12186182.0,3252670.0,23073942.0
2024-12-04,19608540.0,3302642.0,44669084.0,4705573.0,1321495.0,11570281.0,8772014.0,10749716.0,2510166.0,13957078.0
2024-12-05,16858723.0,3746747.0,39682714.0,9050038.0,2071795.0,19210697.0,10324005.0,14716036.0,2765170.0,27432375.0
2024-12-06,9037514.0,1842087.0,17783156.0,3573331.0,1308086.0,8942672.0,4296866.0,14520568.0,1856562.0,7842234.0
2024-12-09,14650002.0,2066639.0,26947912.0,4274645.0,3385021.0,8000764.0,4264409.0,9630346.0,3332753.0,12154116.0
2024-12-10,16043729.0,2087828.0,13325480.0,6174921.0,2063838.0,8218214.0,14645786.0,7379849.0,2349493.0,9163636.0
2024-12-11,11724373.0,1635256.0,14045426.0,5025612.0,1718225.0,8138066.0,3853182.0,7006973.0,1237958.0,7005617.0
2024-12-12,20906813.0,1914642.0,17293790.0,6462130.0,3231056.0,9076896.0,13120939.0,8845103.0,1899867.0,13380617.0
2024-12-13,28630222.0,1967048.0,19009002.0,5362693.0,2260902.0,13536684.0,12900707.0,9379370.0,2300361.0,32976794.0
2024-12-16,9486781.0,1646224.0,13107082.0,3119221.0,1247552.0,9071006.0,4375126.0,6432713.0,918660.0,9354160.0
2024-12-17,17462791.0,3225027.0,21079532.0,5811050.0,2131569.0,9879257.0,6182486.0,8791216.0,1690180.0,20608409.0
2024-12-18,12670179.0,1575404.0,23422312.0,3064095.0,988403.0,8510595.0,3905144.0,8295338.0,1318341.0,12841386.0
2024-12-19,14244653.0,3015763.0,25380770.0,5323592.0,1655915.0,11517304.0,5865855.0,9453398.0,1856838.0,15161531.0
2024-12-20,20312896.0,4116989.0,25692348.0,11056720.0,2069691.0,58491181.0,9738879.0,10244198.0,2796593.0,20231570.0
2024-12-23,10052824.0,2195338.0,11044592.0,2781793.0,1066199.0,6827512.0,4363599.0,4933200.0,1217612.0,19562956.0
2024-12-24,6734917.0,1181886.0,14485834.0,2360544.0,683646.0,7138516.0,3610076.0,10602771.0,627922.0,12009880.0
2024-12-25,6734917.0,1181886.0,14485834.0,2360544.0,683646.0,7138516.0,3610076.0,10602771.0,627922.0,12009880.0
2024-12-26,10016178.0,1208464.0,10481678.0,3623321.0,1033769.0,7338444.0,3400479.0,8318714.0,1124705.0,9188830.0
2024-12-27,7000397.0,858100.0,7259330.0,3937500.0,556816.0,4756066.0,2559578.0,10649800.0,1309122.0,16906420.0
2024-12-30,8818766.0,1527169.0,22222218.0,7789055.0,924180.0,14207425.0,4438130.0,21515438.0,1591690.0,13578360.0
2024-12-31,6405475.0,1555429.0,14117236.0,3613063.0,1878762.0,8449607.0,2249626.0,9086044.0,1267628.0,13787501.0
2025-01-01,5892590.0,763161.0,7313806.0,1838368.0,559893.0,4705399.0,1405565.0,7273098.0,1202029.0,18931186.0
2025-01-02,15486276.0,1720835.0,18558576.0,7083645.0,1650744.0,7433222.0,3728040.0,11398319.0,1882900.0,27131131.0
2025-01-03,15521102.0,1791953.0,24426194.0,6218003.0,1274239.0,11194997.0,3669685.0,13336514.0,1290107.0,38500784.0
2025-01-06,14816766.0,2085593.0,18816348.0,7164403.0,900419.0,7504047.0,4584188.0,11419367.0,1212012.0,22009958.0
2025-01-07,10070505.0,2669054.0,13527906.0,4294832.0,922768.0,7539758.0,2830856.0,9669152.0,1453540.0,14294780.0
2025-01-08,19346579.0,2181277.0,19738190.0,5482050.0,953351.0,7566309.0,3674564.0,15641490.0,1813201.0,13482926.0
2025-01-09,12794704.0,2392472.0,40420222.0,6833503.0,2425267.0,8684920.0,4684859.0,15351029.0,2921681.0,19732649.0
2025-01-10,8120332.0,7894300.0,17453280.0,8036913.0,1651911.0,7854524.0,4145892.0,11779296.0,1794238.0,9145729.0
2025-01-13,13764861.0,4003771.0,21669066.0,5804152.0,2595013.0,9669336.0,3705039.0,10414733.0,2137212.0,17799607.0
2025-01-14,13095266.0,3441709.0,26661432.0,5792162.0,2052741.0,10342698.0,7284572.0,11960975.0,2924491.0,18048459.0
2025-01-15,9578856.0,1653474.0,14022892.0,2985439.0,1215150.0,5355382.0,2960985.0,7792299.0,1155446.0,9786805.0
2025-01-16,14117603.0,2637705.0,21212454.0,7533579.0,2762596.0,11895924.0,5299325.0,11816079.0,2305460.0,15774070.0
2025-01-17,29366277.0,1761466.0,23112076.0,16409953.0,1333005.0,9790533.0,2678801.0,5766573.0,1600246.0,11270061.0
2025-01-20,14040244.0,1287799.0,17557618.0,4333011.0,1382273.0,7676418.0,3933044.0,9198929.0,1593334.0,8742771.0
2025-01-21,14562976.0,1971591.0,31158144.0,7169109.0,1842885.0,20520898.0,7958844.0,13751780.0,2576596.0,15686500.0
2025-01-22,10273590.0,2409223.0,30619306.0,8373913.0,2658047.0,10377123.0,3262136.0,9908339.0,1626055.0,9619648.0
2025-01-23,8720682.0,1822998.0,34909158.0,5907471.0,3408925.0,8770650.0,2457080.0,10986405.0,1993204.0,8888248.0
2025-01-24,14235970.0,1910099.0,24236200.0,4887027.0,1688664.0,9216792.0,3620058.0,10579213.0,1206454.0,9665384.0
2025-01-27,9536019.0,1551782.0,22804166.0,7652371.0,2477358.0,16164687.0,6622807.0,11433353.0,1552938.0,10480203.0
2025-01-28,10568025.0,2468272.0,30179312.0,6999495.0,1892156.0,18066499.0,5216471.0,14140860.0,1657689.0,20813072.0
2025-01-29,5928156.0,1217089.0,12619890.0,5145155.0,699576.0,7666777.0,5009227.0,9251973.0,1238704.0,15158510.0
2025-01-30,9269259.0,1531251.0,25744846.0,7336056.0,1419960.0,11921041.0,4283637.0,11085824.0,2717740.0,22496695.0
2025-01-31,6584612.0,1492943.0,15821686.0,5820470.0,2116148.0,10195417.0,8340866.0,10083763.0,3995513.0,13546181.0
2025-02-03,9252345.0,1265713.0,20276540.0,4823228.0,2528480.0,6176831.0,4146970.0,7862190.0,6077580.0,16991730.0
2025-02-04,16691069.0,2547132.0,28616502.0,7334787.0,1992474.0,14839077.0,6385876.0,12020807.0,4742516.0,18923681.0
2025-02-05,10112028.0,1693912.0,23675506.0,4996744.0,1357416.0,6840709.0,3920893.0,13419162.0,2670316.0,12836283.0
2025-02-06,9956001.0,2284536.0,26760716.0,4765255.0,1132113.0,8396554.0,5229162.0,32745391.0,2874856.0,17469129.0
2025-02-07,8764283.0,1548940.0,23509600.0,4126260.0,855602.0,7382039.0,14873255.0,37240692.0,1722789.0,18875982.0
2025-02-10,6970972.0,1339511.0,17195950.0,3828734.0,1326354.0,5740361.0,6782878.0,12667049.0,1236663.0,12227140.0
2025-02-11,8859714.0,1810908.0,22724704.0,4411601.0,1389260.0,6586627.0,8965266.0,13017060.0,2593537.0,14288751.0
2025-02-12,21131654.0,1678002.0,22809570.0,5633947.0,1341909.0,8809352.0,7148192.0,12697743.0,1632415.0,13884574.0
2025-02-13,8511216.0,2277310.0,12602434.0,5237744.0,1334967.0,7263785.0,5356002.0,12370571.0,2127644.0,12989029.0
2025-02-14,10298145.0,1681975.0,19959892.0,5292961.0,1135380.0,10368438.0,5125863.0,10417539.0,1378340.0,14124236.0
2025-02-17,8166683.0,1799806.0,12938946.0,4428956.0,1409168.0,8386151.0,4906462.0,9093600.0,1966689.0,11975265.0
2025-02-18,6673250.0,2149879.0,16350910.0,4365260.0,1035705.0,8135042.0,7529598.0,8562003.0,2428215.0,12998403.0
2025-02-19,6217338.0,4366672.0,11884112.0,4611411.0,1521343.0,10683412.0,7776555.0,6766606.0,1677978.0,7079032.0
2025-02-20,7795582.0,2888572.0,26390510.0,2218020.0,2206196.0,8398849.0,5524503.0,7423268.0,1236693.0,15355585.0
2025-02-21,6904025.0,1833931.0,15680940.0,3379879.0,1781509.0,7786428.0,5447583.0,6571602.0,1706850.0,8240986.0
2025-02-24,7172498.0,2508516.0,20693646.0,7594720.0,1627949.0,11522480.0,4673190.0,6912148.0,1512844.0,7037625.0
2025-02-25,11552182.0,4101954.0,24138708.0,5092963.0,1988040.0,11059417.0,6286808.0,8599635.0,2529084.0,15760891.0
2025-02-26,11552182.0,4101954.0,24138708.0,5092963.0,1988040.0,11059417.0,6286808.0,8599635.0,2529084.0,15760891.0
2025-02-27,11509215.0,3823856.0,35786800.0,5757079.0,1699658.0,12008162.0,7568745.0,12033139.0,2572065.0,19051003.0
2025-02-28,23007298.0,7085018.0,54516728.0,12182167.0,3683249.0,20215075.0,13640211.0,15780609.0,2494680.0,31954776.0
2025-03-03,17944938.0,4990439.0,21205364.0,7504969.0,1306470.0,8158881.0,6993525.0,10598479.0,1352460.0,10702826.0
2025-03-04,11377373.0,2797737.0,19920958.0,6759673.0,1800330.0,9574490.0,5219668.0,14386214.0,1442098.0,13404774.0
2025-03-05,8664095.0,2501894.0,21583872.0,8180782.0,1145673.0,9052846.0,6295425.0,10409805.0,1945855.0,15665018.0
2025-03-06,14468014.0,2786513.0,32966088.0,10610547.0,1856868.0,11949475.0,5174009.0,10928847.0,1854837.0,17869996.0
2025-03-07,16474965.0,2051315.0,13372914.0,8019331.0,1738356.0,6620284.0,3035558.0,7246729.0,930240.0,11180761.0
2025-03-10,11931051.0,1004626.0,15604050.0,7558981.0,1242387.0,7363437.0,3778450.0,7400109.0,1777752.0,9785018.0
2025-03-11,10089838.0,1995450.0,19898430.0,12671234.0,1325891.0,10927950.0,6078564.0,5538789.0,1274649.0,11099475.0
2025-03-12,11977555.0,3174167.0,18784106.0,14870008.0,1526212.0,11548372.0,9907628.0,5547762.0,1360149.0,13844306.0
2025-03-13,9505270.0,1693004.0,15736264.0,7822888.0,1845629.0,8132940.0,8317331.0,5908337.0,1414376.0,8196569.0
2025-03-14,9505270.0,1693004.0,15736264.0,7822888.0,1845629.0,8132940.0,8317331.0,5908337.0,1414376.0,8196569.0
2025-03-17,16640917.0,2690906.0,18950652.0,7526032.0,1111886.0,11164812.0,6405522.0,5149563.0,2805790.0,5257805.0
2025-03-18,0.0,0.0,0.0,0.0,0.0,0.0,0.0,0.0,0.0,13861897.0
2025-03-19,16162399.0,3051244.0,15221406.0,7387068.0,1341405.0,11278014.0,6283464.0,7604850.0,1616312.0,12830387.0
2025-03-20,15971477.0,2845192.0,17833978.0,7186750.0,1426689.0,10886735.0,12074465.0,6963197.0,2434722.0,16994037.0
2025-03-21,21780769.0,4161925.0,33508264.0,10074677.0,2152415.0,60494318.0,14715349.0,9577327.0,3042073.0,25302035.0
2025-03-24,20299319.0,1834751.0,17393736.0,8857726.0,1454404.0,9352280.0,4120999.0,12095064.0,1955564.0,14362572.0
2025-03-25,13713899.0,3135390.0,39101416.0,9890140.0,2229340.0,16419207.0,4857399.0,15190143.0,4235900.0,20338110.0
2025-03-26,12074747.0,1734499.0,24478442.0,6651302.0,1416907.0,10859639.0,7142394.0,7711852.0,2315715.0,13891436.0
2025-03-27,15028056.0,2528474.0,41658100.0,9426573.0,3752627.0,15109614.0,6222339.0,15648616.0,3467864.0,18642328.0
2025-03-28,18147129.0,2051919.0,28773648.0,6799047.0,2280152.0,8266544.0,4133264.0,7628185.0,1348143.0,12981873.0
2025-03-31,18147129.0,2051919.0,28773648.0,6799047.0,2280152.0,8266544.0,4133264.0,7628185.0,1348143.0,12981873.0
2025-04-01,12099648.0,2618493.0,28511006.0,12680733.0,2495962.0,14288024.0,6773056.0,7011125.0,1935147.0,15206240.0
2025-04-02,10142590.0,1764313.0,11573564.0,6193478.0,1351493.0,8042214.0,6431226.0,5458436.0,1338839.0,8001323.0
2025-04-03,7434366.0,4537821.0,11250038.0,10459504.0,1310088.0,4591008.0,2341989.0,7956680.0,1200631.0,7059566.0
2025-04-04,17908652.0,5317367.0,33540454.0,9590254.0,1120226.0,8648542.0,7817334.0,8231194.0,2366979.0,18627592.0
2025-04-07,22156106.0,6623955.0,37995450.0,21715252.0,3435185.0,19185012.0,14870388.0,14923235.0,4953864.0,26762866.0
2025-04-08,19555040.0,5557558.0,35563872.0,12805001.0,2774874.0,13085762.0,7206935.0,12911288.0,2877816.0,18600796.0
2025-04-09,10223104.0,2990265.0,22454608.0,8546854.0,2989089.0,13005622.0,5600666.0,11319387.0,4451381.0,21785572.0
2025-04-10,10223104.0,2990265.0,22454608.0,8546854.0,2989089.0,13005622.0,5600666.0,11319387.0,4451381.0,21785572.0
2025-04-11,11224242.0,7108961.0,32775766.0,12567440.0,3836083.0,13064247.0,8340002.0,9360327.0,3979116.0,8939356.0
2025-04-14,11224242.0,7108961.0,32775766.0,12567440.0,3836083.0,13064247.0,8340002.0,9360327.0,3979116.0,8939356.0
2025-04-15,13378535.0,3512160.0,49298344.0,10178530.0,3042779.0,15202603.0,10313411.0,7859090.0,2161492.0,11685880.0
2025-04-16,8248464.0,2384391.0,19136820.0,12022740.0,1131979.0,14039073.0,6180958.0,12536694.0,1578260.0,13034594.0
2025-04-17,15398401.0,2932346.0,35703084.0,14264227.0,1962402.0,17490424.0,10894325.0,27034818.0,3209331.0,22410217.0
2025-04-18,15398401.0,2932346.0,35703084.0,14264227.0,1962402.0,17490424.0,10894325.0,27034818.0,3209331.0,22410217.0
2025-04-21,10429964.0,2432946.0,34247298.0,15648970.0,1478430.0,16882426.0,3501123.0,16398507.0,1643003.0,27388236.0
2025-04-22,13051707.0,2710498.0,45961750.0,9399738.0,2352346.0,16135274.0,6155127.0,25117557.0,2060322.0,32031936.0
2025-04-23,10480888.0,3543923.0,30570642.0,11136642.0,2226066.0,13990764.0,6855027.0,12104382.0,2381699.0,19566317.0
2025-04-24,10468940.0,2252175.0,25931754.0,7114292.0,7065430.0,15678099.0,5180688.0,12713521.0,1993448.0,26064089.0
2025-04-25,14431012.0,2742991.0,18500878.0,8329979.0,2859858.0,11705093.0,4570083.0,13131038.0,2004819.0,22944377.0
2025-04-28,31104496.0,1593296.0,13920492.0,5886253.0,1555660.0,10948561.0,3301891.0,11317611.0,1689485.0,6287095.0
2025-04-29,32538970.0,1578332.0,18918308.0,8056743.0,1896387.0,10786910.0,4684155.0,11283059.0,1843861.0,11189930.0
2025-04-30,25480745.0,2809332.0,31936870.0,7704183.0,2083807.0,14192027.0,9139821.0,25635764.0,1930714.0,10026546.0
2025-05-01,25480745.0,2809332.0,31936870.0,7704183.0,2083807.0,14192027.0,9139821.0,25635764.0,1930714.0,10026546.0
2025-05-02,13007841.0,1721761.0,17840404.0,7402310.0,1424284.0,8842434.0,3866806.0,14720184.0,1411889.0,9263372.0
2025-05-05,12685649.0,1284443.0,15068024.0,4282493.0,2074103.0,4565705.0,3548839.0,23986447.0,1947332.0,11525305.0
2025-05-06,14084117.0,1324763.0,17490156.0,4270530.0,1888125.0,6301690.0,8597920.0,18869468.0,1695516.0,15026568.0
2025-05-07,13440169.0,1477128.0,21420778.0,5691799.0,1610400.0,10480453.0,5554616.0,15586266.0,2422707.0,9710361.0
2025-05-08,16106175.0,2543591.0,34803430.0,8424409.0,2323073.0,15306490.0,5500724.0,14491673.0,3204333.0,19937960.0
2025-05-09,13668904.0,2531757.0,17188796.0,4478653.0,1805685.0,13491197.0,3686209.0,13578216.0,5637694.0,8226512.0
2025-05-12,10674081.0,2228678.0,18618972.0,11372857.0,1274873.0,9925445.0,3936019.0,15096824.0,3147384.0,8031891.0
2025-05-13,11407896.0,3062887.0,24242102.0,12846210.0,1929665.0,12475424.0,8817763.0,13909596.0,2374439.0,14976369.0
2025-05-14,5570160.0,2119499.0,15445308.0,4870057.0,1568111.0,8026837.0,7401614.0,9281719.0,2440116.0,9557309.0
2025-05-15,20177211.0,3548330.0,32241458.0,11151167.0,3236681.0,18209264.0,8788351.0,17058854.0,3720879.0,24263510.0
2025-05-16,9036695.0,1666727.0,15868010.0,4576751.0,1473000.0,6439208.0,100662047.0,14733924.0,1278520.0,16402035.0
2025-05-19,6195791.0,2537377.0,10202964.0,8855798.0,936655.0,6005334.0,5799804.0,10666184.0,1519244.0,7543854.0
2025-05-20,11270560.0,2038374.0,23879090.0,7143998.0,1617408.0,11352383.0,12512596.0,11324667.0,1532347.0,9868414.0
2025-05-21,6136364.0,1440153.0,15132040.0,4157309.0,1570754.0,5510460.0,6849562.0,8206040.0,1563885.0,5776672.0
2025-05-22,12134466.0,2034383.0,21306670.0,6158990.0,2423653.0,7245933.0,6496923.0,7355826.0,1597159.0,19451749.0
2025-05-23,6474883.0,1274331.0,9566072.0,5038421.0,844118.0,5203706.0,3460945.0,5534158.0,1119217.0,18536884.0
2025-05-26,4842944.0,967470.0,10802860.0,3170102.0,892618.0,5608725.0,3254715.0,4965466.0,1678934.0,13107662.0
2025-05-27,12640414.0,2467680.0,26162148.0,7775714.0,1865258.0,14842959.0,5847725.0,11995043.0,2013954.0,26986022.0
2025-05-28,5944611.0,1222933.0,18157594.0,3623370.0,897517.0,8618343.0,3713699.0,6873519.0,1293244.0,431851622.0
2025-05-29,13771917.0,3188072.0,28917794.0,8609500.0,1111275.0,15545514.0,5786774.0,14034127.0,1972248.0,21478547.0
2025-05-30,13788484.0,3404365.0,28748078.0,13148092.0,3288892.0,11803975.0,16712960.0,22037314.0,2571304.0,30656239.0
2025-06-02,8098668.0,1877585.0,14668822.0,4374509.0,1178205.0,9458990.0,3199499.0,26891575.0,1954517.0,14973380.0
2025-06-03,11252626.0,2848125.0,24377584.0,6853403.0,1643913.0,11167345.0,5596977.0,14247597.0,2472483.0,13216486.0
2025-06-04,8126827.0,2544807.0,12961542.0,4548307.0,3287896.0,8025388.0,5892170.0,9607927.0,1086783.0,12598933.0
2025-06-05,13716817.0,3584683.0,22255418.0,6948539.0,1787978.0,11385668.0,8999675.0,13595507.0,1466416.0,13212523.0
2025-06-06,8182161.0,2070390.0,30127008.0,3960020.0,997488.0,11580994.0,4644174.0,17163935.0,1172711.0,8774988.0
2025-06-09,7885125.0,1718678.0,13202588.0,2903202.0,1293622.0,11022031.0,3649505.0,12793040.0,898170.0,10473123.0
2025-06-10,7913181.0,2419874.0,15533126.0,8591925.0,1778782.0,12905272.0,7925901.0,6560513.0,1454535.0,13041075.0
2025-06-11,8195700.0,2847013.0,11096394.0,10597410.0,1977707.0,7136877.0,8907265.0,7197825.0,1265737.0,20789182.0
2025-06-12,8828114.0,4060134.0,16349130.0,10483574.0,3339584.0,7953247.0,7346031.0,13448521.0,2335718.0,18508835.0
2025-06-13,9757276.0,2178493.0,12117762.0,6968315.0,1740682.0,7573103.0,4613000.0,11377117.0,1981445.0,17873926.0
2025-06-16,8458093.0,1934088.0,16513746.0,5591842.0,1105297.0,5451137.0,5722187.0,8085001.0,1322630.0,7006629.0
2025-06-17,10366599.0,2111940.0,16978736.0,7622083.0,1119284.0,6970098.0,6561555.0,7753156.0,930603.0,9028406.0
2025-06-18,6681735.0,2696327.0,18433816.0,5629707.0,2056563.0,6751745.0,5069427.0,5710169.0,743311.0,8036215.0
2025-06-19,10007230.0,2672768.0,16876220.0,5147760.0,1214549.0,8849883.0,4712312.0,11824333.0,1580819.0,12601006.0
2025-06-20,29010635.0,2351248.0,32900408.0,9202821.0,2685864.0,12408178.0,16228526.0,11367669.0,2575277.0,13203184.0
2025-06-23,5989078.0,3123421.0,11739518.0,7943676.0,842856.0,5514384.0,2946463.0,5549253.0,1867977.0,14839890.0
2025-06-24,16402744.0,3403048.0,22625322.0,8083992.0,2440747.0,11188438.0,6837210.0,11402190.0,2751637.0,16690068.0
2025-06-25,7525851.0,1757699.0,18405932.0,7813533.0,1047270.0,7527388.0,4152765.0,6528324.0,1405262.0,9946718.0
2025-06-26,14657893.0,2879106.0,50084830.0,6519233.0,1874722.0,13617435.0,9413241.0,24704402.0,2578926.0,13703918.0
2025-06-27,11117052.0,1778433.0,28213384.0,8912268.0,1050745.0,22532899.0,6405854.0,19375990.0,2720600.0,21409935.0
2025-06-30,8409527.0,1468351.0,13649020.0,6294505.0,1403754.0,6325073.0,5597484.0,19652607.0,1508882.0,12317124.0
2025-07-01,10368523.0,2375183.0,14389386.0,4178937.0,759914.0,7761449.0,3769165.0,11456405.0,1054380.0,13670465.0
2025-07-02,6361002.0,3090585.0,18878250.0,8653641.0,1128034.0,13372280.0,6513288.0,6661200.0,1330176.0,15990899.0
2025-07-03,11283291.0,2531870.0,16860506.0,5259695.0,1060039.0,10177738.0,5558647.0,7020403.0,1229034.0,14185298.0
2025-07-04,6603501.0,1109320.0,7863944.0,4411273.0,1242346.0,5066503.0,2178315.0,4319538.0,696402.0,8256733.0
2025-07-07,7251074.0,1639174.0,11349426.0,3294523.0,2701583.0,5177477.0,4165432.0,4461783.0,719539.0,6845218.0
2025-07-08,7171261.0,2325242.0,15224316.0,4590681.0,1471046.0,5315847.0,3624619.0,5935770.0,1513912.0,6807192.0
2025-07-09,8870660.0,2034938.0,13861428.0,4580828.0,1741690.0,8827347.0,2937734.0,4099112.0,1008876.0,9930533.0
2025-07-10,10047129.0,3035012.0,17030310.0,5330179.0,1053695.0,7795964.0,5695845.0,12178137.0,1063910.0,6220360.0
2025-07-11,7234991.0,7635550.0,12516922.0,11391755.0,7242235.0,7158015.0,13103980.0,6202372.0,1439747.0,8578844.0
2025-07-14,10311846.0,3924009.0,13088850.0,9173426.0,2427712.0,5846154.0,5269381.0,6938635.0,1358844.0,6896989.0
2025-07-15,8132454.0,2590889.0,14498168.0,7614807.0,1700294.0,6041457.0,4163140.0,9297645.0,1585193.0,8532755.0
2025-07-16,10409983.0,2540733.0,17994612.0,6223491.0,1284379.0,5649093.0,4211258.0,16458920.0,1266964.0,9780773.0
2025-07-17,11854613.0,2947640.0,22529158.0,7374814.0,807474.0,12927394.0,6256455.0,23073718.0,2217275.0,7240795.0
2025-07-18,10296318.0,3432645.0,16129446.0,5161833.0,771112.0,11297246.0,4643961.0,15387801.0,1818696.0,6730256.0
2025-07-21,22442744.0,3844346.0,22309078.0,3682661.0,1169960.0,13867136.0,5109654.0,8852594.0,1521623.0,4822343.0
2025-07-22,20396320.0,3198036.0,14836814.0,8473741.0,861632.0,8930165.0,4513541.0,7851163.0,2586522.0,9869507.0
2025-07-23,8354596.0,1922875.0,13634916.0,8035026.0,1320795.0,11974174.0,5194282.0,15470390.0,1192261.0,12196187.0
2025-07-24,14740507.0,2934778.0,19107176.0,14169664.0,693984.0,6700578.0,4150685.0,10118309.0,1083671.0,9005157.0
2025-07-25,11854722.0,2568917.0,9306598.0,10851259.0,769388.0,8696077.0,3896884.0,6734439.0,1338744.0,5824089.0
2025-07-28,7748361.0,3374473.0,12059580.0,6439855.0,987995.0,7507479.0,3575044.0,7734158.0,2256080.0,8123337.0
2025-07-29,10750072.0,4785312.0,19895696.0,7070448.0,732282.0,9776027.0,3748040.0,7833759.0,1241060.0,6811772.0
2025-07-30,7209849.0,2880121.0,15154036.0,5719051.0,1224146.0,7238625.0,5044683.0,8743723.0,8760659.0,10915863.0
2025-07-31,17065827.0,2968371.0,22183032.0,6851407.0,5505507.0,12406146.0,4674966.0,11359112.0,1927627.0,19364174.0
2025-08-01,10321171.0,2053847.0,11317258.0,8702978.0,4259653.0,4416771.0,5192594.0,15468391.0,1205945.0,14324065.0
2025-08-04,6312820.0,2519252.0,13933946.0,8610216.0,1293028.0,6140054.0,3074380.0,8820724.0,1033049.0,18352458.0
2025-08-05,9315972.0,1927996.0,23978058.0,10213323.0,756361.0,14799343.0,5167672.0,7381537.0,1158433.0,8495104.0
2025-08-06,5834312.0,1487081.0,14080204.0,10566934.0,885487.0,7805252.0,5461349.0,7409396.0,931383.0,9080543.0
2025-08-07,9976705.0,2543076.0,13081186.0,9892020.0,847151.0,7432535.0,4268534.0,7091392.0,1211790.0,11514878.0
2025-08-08,8793606.0,2762140.0,13895264.0,10048009.0,839794.0,5415511.0,93801105.0,15708181.0,1337067.0,9814361.0
2025-08-11,9997486.0,1884215.0,9105854.0,6625368.0,992436.0,8492484.0,5266532.0,15236297.0,1822410.0,8514272.0
2025-08-12,12244664.0,3358232.0,12937802.0,9899184.0,1406211.0,5913947.0,4645011.0,7986728.0,2280103.0,13635738.0
2025-08-13,7457021.0,2148166.0,13577396.0,10318063.0,969803.0,9009465.0,6697206.0,4447508.0,1227196.0,10874910.0
2025-08-14,7126128.0,3342174.0,17511716.0,12902347.0,1104362.0,7577793.0,3958631.0,7087573.0,1769702.0,9580361.0
2025-08-15,7126128.0,3342174.0,17511716.0,12902347.0,1104362.0,7577793.0,3958631.0,7087573.0,1769702.0,9580361.0
2025-08-18,11785109.0,2945609.0,19284796.0,7254561.0,3089136.0,6908844.0,7146376.0,6138124.0,1950151.0,30950814.0
2025-08-19,14384719.0,2650784.0,12352438.0,3986094.0,1400717.0,6709554.0,5706265.0,5076681.0,1352944.0,16681331.0
2025-08-20,8725641.0,4952358.0,9950228.0,10413061.0,3156954.0,5817858.0,6962619.0,4493888.0,1325096.0,18188129.0
2025-08-21,11021323.0,3230726.0,12439850.0,6565539.0,2235686.0,6238645.0,3376913.0,4402511.0,1624009.0,15028966.0
2025-08-22,5818868.0,1593791.0,19833502.0,5543397.0,1223445.0,6657207.0,3271920.0,5097647.0,1060447.0,13087624.0
2025-08-25,5979407.0,3448370.0,17518044.0,10694531.0,667598.0,6738427.0,2451388.0,5672898.0,980393.0,10440286.0
2025-08-26,12145259.0,5522097.0,16917731.0,15994798.0,4348648.0,8720155.0,5984656.0,6997817.0,1787363.0,13715752.0
2025-08-27,12145259.0,5522097.0,16917731.0,15994798.0,4348648.0,8720155.0,5984656.0,6997817.0,1787363.0,13715752.0
2025-08-28,13161813.0,3116051.0,25438255.0,5443364.0,3198743.0,12990789.0,5494113.0,7898436.0,1695226.0,12471719.0
2025-08-29,18758842.0,2271789.0,14823813.0,8169075.0,1972773.0,8519507.0,4339042.0,6861440.0,1678055.0,25255050.0
2025-09-01,11232238.0,1246862.0,20178344.0,4546057.0,1096729.0,4927348.0,3421488.0,5619805.0,1094155.0,12268090.0
2025-09-02,11517006.0,2185229.0,14196320.0,5218763.0,1525106.0,7163073.0,4423049.0,5075460.0,1230950.0,19808255.0
2025-09-03,7847563.0,1799774.0,16083481.0,4623483.0,1010692.0,9813382.0,3803044.0,4261589.0,1314831.0,12936588.0
2025-09-04,13223177.0,1481391.0,17597657.0,5787724.0,2494678.0,10564859.0,5205333.0,4471950.0,1434998.0,27274123.0
2025-09-05,5777575.0,2802055.0,11602111.0,5466487.0,944879.0,6621077.0,2620140.0,5194842.0,830812.0,16000675.0
2025-09-08,6986720.0,2626187.0,11711307.0,3811567.0,903410.0,5880943.0,2547552.0,4614227.0,1039999.0,7419022.0
2025-09-09,9754452.0,2489301.0,13985539.0,13072640.0,1610956.0,6470679.0,4517793.0,4567272.0,1522116.0,8825896.0
2025-09-10,7790815.0,2079428.0,18091100.0,7281071.0,1031486.0,7452347.0,3566139.0,7285853.0,1136732.0,9252397.0
2025-09-11,9766072.0,2263446.0,15113633.0,8003662.0,1212707.0,10192026.0,4718266.0,7425055.0,1177793.0,8274406.0
2025-09-12,7403368.0,1447167.0,14363519.0,12856963.0,1368380.0,7770038.0,3192824.0,5078018.0,1146873.0,7803379.0
2025-09-15,5396697.0,1732539.0,14486377.0,6167414.0,752745.0,5845637.0,3553258.0,3852494.0,1177076.0,5707331.0
2025-09-16,8686961.0,2573429.0,18661794.0,8923112.0,1040928.0,8213151.0,5427586.0,9467531.0,2928060.0,8239087.0
2025-09-17,7519417.0,2418271.0,17361476.0,4795698.0,970247.0,7484283.0,4234637.0,17243938.0,1610471.0,14113882.0
2025-09-18,9332642.0,2633138.0,17791598.0,9331945.0,1550153.0,8130537.0,5080814.0,10400847.0,1270148.0,15647808.0
2025-09-19,13461373.0,4901694.0,31243267.0,12988129.0,2214708.0,13457344.0,11287603.0,15206426.0,2227521.0,19505321.0
2025-09-22,7757970.0,3634901.0,10854415.0,15655204.0,1174161.0,8847948.0,4469137.0,6594034.0,839430.0,8930779.0
2025-09-23,14014702.0,3177741.0,21022298.0,9832164.0,1430474.0,12827524.0,4348633.0,14357863.0,1262120.0,14936357.0
2025-09-24,5922759.0,1625714.0,15117220.0,4937004.0,1882881.0,9735678.0,5237977.0,12840160.0,1745130.0,12380865.0
2025-09-25,11411143.0,4974361.0,31413279.0,9491867.0,1624258.0,21613389.0,7133365.0,8678821.0,1999071.0,22006368.0
2025-09-26,9879109.0,3934636.0,14874656.0,8597058.0,885612.0,18342280.0,3239306.0,6959545.0,5870301.0,14414044.0
2025-09-29,14231999.0,3110035.0,32398179.0,10513117.0,2403556.0,20563163.0,5072608.0,22641712.0,2599630.0,19717660.0
2025-09-30,14604684.0,2253458.0,28296687.0,7556305.0,1678088.0,20166871.0,5945625.0,12831593.0,1676302.0,9465490.0
2025-10-01,12045916.0,1952902.0,25350832.0,6250692.0,1483899.0,20952632.0,5675393.0,10832384.0,2005028.0,17643039.0
2025-10-02,12045916.0,1952902.0,25350832.0,6250692.0,1483899.0,20952632.0,5675393.0,10832384.0,2005028.0,17643039.0
2025-10-03,12842347.0,2899519.0,26658296.0,6877533.0,1242611.0,12163695.0,5828332.0,8019442.0,1959124.0,16987141.0
2025-10-06,12396580.0,2112774.0,18542683.0,4630590.0,818923.0,14314283.0,2809218.0,7820352.0,1581506.0,13989077.0
2025-10-07,11244040.0,3062943.0,25535736.0,5570320.0,1291750.0,16126464.0,5713060.0,9242580.0,1673945.0,12298968.0
2025-10-08,8525081.0,4121889.0,15939710.0,4657192.0,1225128.0,8100832.0,4957406.0,7156112.0,1424633.0,8402463.0
2025-10-09,8826633.0,3211304.0,15370950.0,7028753.0,1259173.0,7909575.0,3945737.0,7020501.0,1827249.0,15656267.0
2025-10-10,6373084.0,8817365.0,13757080.0,3738353.0,1018875.0,7673816.0,2512581.0,13713015.0,1129678.0,15085738.0
2025-10-13,7600682.0,2866865.0,18634254.0,5859355.0,1114750.0,8923018.0,3672419.0,11923143.0,1191248.0,9508594.0
2025-10-14,9768174.0,3611416.0,22934382.0,5600789.0,1461017.0,10610855.0,4454239.0,7681973.0,1364583.0,10291102.0
2025-10-15,10882743.0,4282226.0,23310447.0,6986098.0,881070.0,8988550.0,3447352.0,8269225.0,2575918.0,16043867.0
2025-10-16,12315932.0,3251495.0,22936566.0,8005748.0,1446646.0,12185032.0,3700674.0,8493686.0,2330283.0,22962049.0
2025-10-17,19335561.0,4374683.0,25210511.0,16959378.0,2050690.0,17037215.0,6743801.0,8511854.0,1337364.0,21071344.0
2025-10-20,24721978.0,3133039.0,22195202.0,6994246.0,1011485.0,23330227.0,7387180.0,13546463.0,1223232.0,13083621.0
2025-10-21,2066169.0,310644.0,3471600.0,1698704.0,82020.0,3415560.0,240850.0,1783576.0,260327.0,1142130.0
2025-10-22,2066169.0,310644.0,3471600.0,1698704.0,82020.0,3415560.0,240850.0,1783576.0,260327.0,1142130.0
2025-10-23,18707090.0,5564758.0,43526526.0,20358624.0,3386744.0,21124942.0,8790128.0,13382769.0,2815778.0,24305990.0
2025-10-24,9700837.0,2684318.0,17707768.0,8652257.0,3110800.0,10570263.0,3236799.0,5313227.0,1146636.0,14935678.0
2025-10-27,14113867.0,1946312.0,15700796.0,7273211.0,2127832.0,11499836.0,5796831.0,9150761.0,1057688.0,11603679.0
2025-10-28,17631577.0,3470737.0,33904289.0,8211019.0,2294976.0,26477914.0,9891522.0,22066289.0,3391806.0,17163147.0
2025-10-29,11884745.0,2895420.0,17769445.0,4884976.0,1870143.0,16129382.0,2742750.0,12314222.0,2563641.0,11470661.0
2025-10-30,9318663.0,2241536.0,19962917.0,5608867.0,1195631.0,9324401.0,4222189.0,13044473.0,4959400.0,12938674.0
2025-10-31,8758053.0,1868085.0,23221330.0,4819814.0,1401937.0,15926798.0,4659723.0,12078252.0,2328183.0,18599864.0
2025-11-03,8452085.0,2194877.0,16607180.0,5470600.0,1049185.0,11071450.0,2979629.0,11744735.0,1154072.0,7635440.0
2025-11-04,10007806.0,2670720.0,20024544.0,8691330.0,1251588.0,15211183.0,12263078.0,19154518.0,2042881.0,10085404.0
2025-11-05,10007806.0,2670720.0,20024544.0,8691330.0,1251588.0,15211183.0,12263078.0,19154518.0,2042881.0,10085404.0
2025-11-06,16772678.0,2542721.0,22279516.0,7944752.0,1329256.0,24221853.0,9546299.0,23088096.0,1749063.0,10095563.0
2025-11-07,7821765.0,1830520.0,15004568.0,8765759.0,817896.0,7719245.0,70392750.0,13371323.0,1577294.0,8411611.0
2025-11-10,7068438.0,1556656.0,15988262.0,9787975.0,780558.0,8542340.0,7457061.0,7343249.0,1397176.0,6650003.0
2025-11-11,7127506.0,2806868.0,10200530.0,13692989.0,1422399.0,8305184.0,14825625.0,8648917.0,1775462.0,12005318.0
2025-11-12,12384459.0,4460315.0,13137263.0,14635417.0,1680827.0,9736761.0,8210277.0,7043323.0,981350.0,7987236.0
2025-11-13,7196443.0,1740435.0,14124839.0,19655689.0,1256059.0,18296626.0,5958875.0,8894441.0,1834962.0,6617185.0
2025-11-14,7682823.0,2210794.0,21386965.0,9739549.0,975973.0,9694498.0,6312655.0,11032927.0,1916910.0,64020258.0
2025-11-17,5871416.0,2232853.0,18396408.0,7910354.0,920038.0,7660717.0,5998770.0,7415026.0,1206133.0,7855399.0
2025-11-18,11045042.0,2548350.0,20002640.0,7525119.0,1229034.0,9529560.0,10972556.0,6594686.0,1748928.0,7661681.0
2025-11-19,5692366.0,3151053.0,19813847.0,10981126.0,1465143.0,10393918.0,7419461.0,8291226.0,923032.0,7882450.0
2025-11-20,18171724.0,2700767.0,19850865.0,7387584.0,1396929.0,10131863.0,7452899.0,6440857.0,1463574.0,6693410.0
2025-11-21,9615271.0,4177037.0,17499897.0,9186302.0,1840712.0,11483595.0,6720938.0,5377241.0,1241149.0,5808131.0
2025-11-24,18433951.0,6703764.0,32204053.0,19270381.0,4092327.0,15896003.0,9686848.0,9901946.0,1584741.0,11037491.0
2025-11-25,15033482.0,2737920.0,24989383.0,8107952.0,1240672.0,12235000.0,7102592.0,9140201.0,1749083.0,8199785.0
2025-11-26,14054299.0,2508527.0,19494356.0,7575038.0,1242683.0,9659004.0,43174047.0,13943490.0,2058237.0,11443953.0
2025-11-27,9794643.0,2836233.0,25536848.0,7552252.0,1872248.0,15158741.0,4444877.0,11909168.0,2225064.0,8679529.0
2025-11-28,8959508.0,1616690.0,15988807.0,4453221.0,973225.0,7683986.0,6263457.0,8117842.0,1318133.0,6883500.0
2025-12-01,8920233.0,1747647.0,16746566.0,5341800.0,1924828.0,8867593.0,5058900.0,8808306.0,1251770.0,13442658.0
2025-12-02,11389150.0,2512003.0,27316662.0,6335969.0,2179406.0,12126396.0,6591396.0,13444314.0,1490917.0,8093808.0
2025-12-03,6090883.0,3952112.0,15448777.0,12895312.0,3535932.0,7955933.0,4357641.0,14051968.0,1123990.0,10772192.0
2025-12-04,11867930.0,5025905.0,14528169.0,12609619.0,2587753.0,7373909.0,4611819.0,13622724.0,1026968.0,8057989.0
2025-12-05,10183266.0,5244013.0,12843366.0,10344725.0,4008271.0,4942638.0,2938290.0,17347847.0,1073758.0,4419747.0
2025-12-08,11301491.0,2544725.0,12901022.0,7550413.0,1898154.0,7826227.0,4327091.0,15386438.0,1127841.0,6056866.0
2025-12-09,11503971.0,2734893.0,15294322.0,6957599.0,1471488.0,10492030.0,5139229.0,9580294.0,1788464.0,9426717.0
2025-12-10,7991629.0,1386849.0,15322830.0,5116140.0,2857290.0,8725381.0,3987451.0,6989178.0,957277.0,6969146.0
2025-12-11,4706197.0,1914362.0,11844809.0,5159319.0,1108032.0,6734750.0,3254850.0,5979035.0,841371.0,6980147.0
2025-12-12,5106655.0,1146554.0,11988618.0,4633912.0,3203114.0,3890885.0,2706420.0,5681930.0,2207898.0,12407516.0
2025-12-15,5774543.0,1562190.0,9790060.0,4190558.0,1274115.0,5342530.0,3233614.0,4416952.0,1064975.0,7756564.0
2025-12-16,11731856.0,1734623.0,20049088.0,5499258.0,1256042.0,12359741.0,5756692.0,4764786.0,2199214.0,12347384.0
2025-12-17,7116649.0,1376350.0,19080922.0,4817628.0,808100.0,9440391.0,6412516.0,8013382.0,1087334.0,8087490.0
2025-12-18,6580829.0,2307422.0,14912404.0,6577293.0,1057295.0,7314573.0,3760341.0,4926879.0,1004303.0,7227668.0
2025-12-19,13937275.0,3902511.0,25952384.0,13149023.0,1237214.0,14318512.0,10127415.0,5376584.0,1327935.0,10654835.0
2025-12-22,10184852.0,2632816.0,13540411.0,23098923.0,790773.0,9375294.0,7670853.0,5959037.0,764774.0,6847871.0
2025-12-23,7506564.0,2365420.0,17927849.0,6593060.0,1128801.0,9105467.0,4110853.0,5123287.0,1867147.0,10081997.0
2025-12-24,8815745.0,1367708.0,13699996.0,4271167.0,519380.0,8955140.0,3145464.0,4105643.0,1021436.0,5777430.0
2025-12-25,8815745.0,1367708.0,13699996.0,4271167.0,519380.0,8955140.0,3145464.0,4105643.0,1021436.0,5777430.0
2025-12-26,2311495.0,1176664.0,9360853.0,2006491.0,533626.0,2812144.0,1297870.0,3286321.0,594330.0,3152453.0
2025-12-29,5972105.0,2079473.0,13545749.0,4062817.0,1086695.0,6057201.0,2371034.0,5267233.0,952143.0,6647710.0
2025-12-30,8815884.0,2807593.0,33155849.0,9395937.0,1556717.0,18621277.0,6983390.0,15030644.0,1362208.0,12340527.0
2025-12-31,5771830.0,3362634.0,10963454.0,6538656.0,1324220.0,6150634.0,2991434.0,5807630.0,1160164.0,9945109.0
2026-01-01,6408128.0,1255735.0,7132074.0,3658165.0,758866.0,4179311.0,2097756.0,4328348.0,1360716.0,282626710.0
2026-01-02,6602230.0,1184324.0,11751459.0,2524526.0,973413.0,8226205.0,2927138.0,7357435.0,984027.0,118790358.0
2026-01-05,8704973.0,2341703.0,27647379.0,5917885.0,1344113.0,6920565.0,2642580.0,11259060.0,1167460.0,48358124.0
2026-01-06,27417125.0,2912325.0,31988783.0,4466729.0,1584720.0,17260416.0,9119265.0,9575742.0,1205337.0,72582738.0
2026-01-07,11199340.0,1989442.0,52884712.0,4508079.0,892690.0,15813795.0,4171371.0,7896720.0,1213160.0,29440734.0
2026-01-08,16518684.0,4159336.0,21928849.0,3942131.0,1163828.0,14861699.0,5534929.0,6854268.0,2328813.0,36706319.0
2026-01-09,8335311.0,1938673.0,38183839.0,6816681.0,1189464.0,12555636.0,4165409.0,7809460.0,1718127.0,35193201.0
2026-01-12,8883745.0,2228342.0,21071666.0,6985362.0,1057665.0,10923811.0,4689135.0,7617922.0,1386513.0,16156143.0
2026-01-13,13499760.0,5645341.0,32042827.0,8080618.0,1519683.0,14295581.0,7388496.0,11016895.0,4978634.0,24922339.0
2026-01-14,8321764.0,3539511.0,36688248.0,7557157.0,1027639.0,13832255.0,4842964.0,7370514.0,1914244.0,14913422.0
2026-01-15,0.0,0.0,0.0,0.0,0.0,0.0,0.0,0.0,0.0,0.0
2026-01-16,17167161.0,4293470.0,37780235.0,19335957.0,1367606.0,12530886.0,7310676.0,11051580.0,1807300.0,30526898.0
2026-01-19,20392765.0,3387562.0,38191942.0,5104958.0,1505238.0,23302883.0,4272071.0,5460164.0,1709380.0,15507440.0
2026-01-20,13189498.0,4499273.0,36022727.0,6406503.0,1460806.0,15012785.0,6076838.0,8905718.0,1658119.0,18771011.0
2026-01-21,17352720.0,2015150.0,32766854.0,6224582.0,1020245.0,21766068.0,7952295.0,7408949.0,2537185.0,14177965.0
2026-01-22,15721693.0,2269827.0,44444755.0,6228892.0,1745964.0,17179765.0,6722567.0,12001641.0,1856812.0,18622852.0
2026-01-23,9837802.0,2068857.0,30985247.0,5869137.0,1378097.0,14056524.0,4340925.0,10917698.0,1898703.0,11950089.0
2026-01-26,9837802.0,2068857.0,30985247.0,5869137.0,1378097.0,14056524.0,4340925.0,10917698.0,1898703.0,11950089.0
2026-01-27,26302396.0,4279874.0,44753093.0,10673087.0,2060117.0,25263634.0,10510891.0,14420630.0,2162193.0,47847784.0
2026-01-28,11121657.0,2751234.0,35347138.0,8588664.0,1797593.0,13242696.0,9426909.0,12171257.0,2111741.0,28400238.0
2026-01-29,20846683.0,2457641.0,37175628.0,4749582.0,1478536.0,23118234.0,6065044.0,14800724.0,4227139.0,17719420.0
2026-01-30,11239835.0,3022068.0,29691233.0,9207926.0,2090462.0,24013717.0,7683747.0,9480769.0,2208465.0,41975824.0
2026-02-02,15711165.0,2636272.0,28032106.0,6784887.0,1375089.0,12800245.0,5326225.0,14434549.0,3034613.0,35227572.0
2026-02-03,25456171.0,4366060.0,50336968.0,8805868.0,1553270.0,24896698.0,6915795.0,16129381.0,3742190.0,33168353.0
2026-02-04,8333387.0,10852595.0,24366770.0,28828622.0,1232755.0,11080683.0,7464725.0,7312276.0,1403373.0,11196759.0
2026-02-05,11763658.0,3521545.0,28103169.0,10628127.0,1962066.0,8982761.0,7708690.0,9551567.0,1433240.0,15816704.0
2026-02-06,8277304.0,4687389.0,18120272.0,13900866.0,1421995.0,10851190.0,13870403.0,7041557.0,1630836.0,68057745.0
2026-02-09,5775864.0,2380318.0,23947829.0,8294615.0,958484.0,7889742.0,7570161.0,40852966.0,1830267.0,20059198.0
2026-02-10,10259630.0,3547763.0,31525385.0,8657000.0,792532.0,16497628.0,9077763.0,17280036.0,1890409.0,11489090.0
2026-02-11,7106877.0,3363513.0,24869804.0,7934411.0,1137856.0,8551341.0,7423601.0,29491859.0,1689489.0,24843366.0
2026-02-12,11135399.0,10612156.0,33872203.0,26048896.0,4656164.0,19646265.0,7437690.0,33214985.0,2006458.0,13294561.0
2026-02-13,10750646.0,11167052.0,50184340.0,45783961.0,2790960.0,12227885.0,4808518.0,18139890.0,2234084.0,8719667.0
