Date,RELIANCE,TCS,HDFCBANK,INFY,HINDUNILVR,ICICIBANK,BHARTIARTL,SBIN,LT,ITC
2016-02-16,,,,,,,,,,
2016-02-17,,,,,,,,,,
2016-02-18,,,,,,,,,,
2016-02-19,,,,,,,,,,
2016-02-22,,,,,,,,,,
2016-02-23,,,,,,,,,,
2016-02-24,,,,,,,,,,
2016-02-25,,,,,,,,,,
2016-02-26,,,,,,,,,,
2016-02-29,,,,,,,,,,
2016-03-01,,,,,,,,,,
2016-03-02,,,,,,,,,,
2016-03-03,,,,,,,,,,
2016-03-04,,,,,,,,,,
2016-03-07,,,,,,,,,,
2016-03-08,,,,,,,,,,
2016-03-09,,,,,,,,,,
2016-03-10,,,,,,,,,,
2016-03-11,,,,,,,,,,
2016-03-14,212.528465,910.332108,228.463255,432.804613,712.907703,173.427007,278.80162,153.345796,655.878686,137.959996
2016-03-15,213.503001,911.604681,229.07534,433.858961,714.506961,174.477566,279.979692,154.650043,658.066925,138.430661
2016-03-16,214.252184,912.623169,229.713863,434.900909,715.851022,175.990793,280.788547,155.834694,659.798984,138.928223
2016-03-17,215.198435,913.339078,230.046632,435.632753,716.797388,177.332113,281.623012,157.032883,661.042078,139.336133
2016-03-18,216.221351,915.439316,230.496069,436.895117,717.67995,178.664944,282.40199,158.231075,662.433432,139.788868
2016-03-21,217.160451,918.017163,231.149535,438.197559,718.44555,180.210005,283.449876,159.668451,664.668719,140.497108
2016-03-22,218.35219,922.152402,232.11278,439.458009,719.861926,181.975793,284.713315,161.428504,667.723697,141.154921
2016-03-23,219.307094,927.35061,233.259362,441.031424,721.429279,183.979283,286.175235,163.247225,671.420184,141.976344
2016-03-24,220.354629,932.51124,234.485831,442.892043,722.739304,186.15256,287.696909,165.26903,675.870804,142.829146
2016-03-25,221.334451,937.718335,235.501375,444.54561,723.747351,188.249432,289.414928,167.105804,679.631442,143.575488
2016-03-28,222.041262,943.583987,236.370938,446.851823,725.161584,189.752048,290.878981,168.439382,683.347894,144.176148
2016-03-29,222.763007,947.395871,237.171535,448.222008,726.735327,190.535192,292.32169,169.678189,685.343686,144.056241
2016-03-30,223.384228,950.770703,237.835345,449.175215,727.262741,191.278011,293.493359,170.418314,687.91398,144.23106
2016-03-31,223.862212,953.680777,238.470996,450.110294,728.138931,192.069643,294.236055,170.937302,688.187689,144.457426
2016-04-01,224.292297,955.586224,238.975605,450.774388,728.949197,192.825196,294.50069,171.264491,689.462149,144.924729
2016-04-04,224.728956,957.834787,239.533089,452.16842,729.946609,193.59985,295.322346,171.548808,690.678152,145.272125
2016-04-05,224.853685,959.979517,240.030801,453.243758,731.743646,193.971259,295.279662,171.593937,690.897681,145.411084
2016-04-06,224.893655,962.444644,240.452653,453.667404,733.106842,194.234428,295.275391,171.614246,690.869174,145.545561
2016-04-07,225.296454,964.867246,240.846342,454.411652,734.061725,194.438171,295.059839,171.679683,690.776517,145.620642
2016-04-08,225.659599,966.188294,241.198652,454.845796,734.010681,194.752279,294.946727,171.815073,690.964682,145.6184
2016-04-11,226.009142,969.187375,241.697517,455.660654,734.314792,194.881741,295.266858,172.108414,691.795788,145.667708
2016-04-12,226.428348,972.910278,242.11477,456.572838,735.663101,195.195846,295.574181,172.221238,692.983288,145.799943
2016-04-13,227.038346,976.848718,242.704442,456.959284,737.940768,195.800715,296.118404,172.523605,694.457327,146.006139
2016-04-14,227.586703,980.292749,243.432622,457.16825,739.9845,196.348278,296.566586,172.774074,695.644824,146.176476
2016-04-15,228.01235,982.277301,244.045859,456.773229,742.08353,196.791847,296.86324,172.803407,696.659823,146.32216
2016-04-18,228.313098,983.73086,244.53093,457.609074,742.91293,196.889475,297.108668,172.349856,697.368332,146.41069
2016-04-19,228.498257,984.653409,244.921171,458.539386,744.146399,197.040159,297.471481,171.864713,697.815967,146.685245
2016-04-20,228.587001,984.189679,245.478658,459.222566,745.443664,197.203579,297.405319,171.445009,698.483127,146.937387
2016-04-21,228.717927,983.212726,245.959133,459.575612,746.738806,198.003702,297.36477,171.343469,698.751129,147.065138
2016-04-22,228.824749,982.090427,246.451099,459.641452,747.189657,198.759254,297.147082,171.503679,699.394061,147.099879
2016-04-25,228.786403,981.652359,246.976976,459.85042,748.0616,199.92654,297.537636,171.898565,701.080508,147.06626
2016-04-26,228.574949,982.055814,247.667223,460.516422,749.107916,201.227534,297.789468,172.415298,703.562421,147.232114
2016-04-27,228.272008,982.482984,248.348277,461.169074,750.407318,201.528906,298.61113,172.352118,704.942374,147.371072
2016-04-28,227.740635,982.630316,248.840245,460.994458,750.694418,201.675346,299.545906,172.252833,706.164093,147.251166
2016-04-29,227.173652,984.244067,249.620729,461.045033,750.698666,201.618044,300.747458,171.952721,706.640225,147.002386
2016-05-02,226.646659,985.34068,250.179368,460.231129,750.347769,201.108682,301.14442,171.560094,707.065042,146.788346
2016-05-03,226.086251,985.644232,250.875368,459.429637,749.60343,200.91767,302.759999,171.546555,708.668808,146.555252
2016-05-04,225.47654,985.567096,251.632283,459.203503,748.82507,200.573853,303.910327,171.370549,709.665283,146.258284
2016-05-05,224.797256,985.557211,252.515068,459.412469,748.406113,200.334031,304.898456,171.298342,712.258389,146.21794
2016-05-06,224.05881,986.374966,253.208192,459.713028,748.533719,200.221546,305.944206,171.354754,714.202869,146.139494
2016-05-09,223.432116,986.49166,254.017983,460.002139,747.734091,200.247015,306.735986,171.375063,716.517975,146.084583
2016-05-10,222.721608,986.585596,254.959388,460.586089,747.306631,200.109062,307.536304,171.451784,719.302106,146.109237
2016-05-11,221.72843,986.429364,255.615153,461.142364,745.811581,199.4002,307.862834,171.140392,721.949377,145.812268
2016-05-12,220.92589,987.220435,256.389313,461.85417,743.910342,199.024544,308.325949,170.986951,724.264499,145.519782
2016-05-13,219.962843,987.165076,257.069216,462.513496,741.107379,198.423922,308.481741,170.668788,725.735684,145.253069
2016-05-16,218.989934,987.786047,257.931311,462.061218,738.857361,197.855134,308.227774,170.219749,726.598145,145.118594
2016-05-17,217.942522,988.783774,258.685929,461.594627,736.088434,197.37973,307.877766,169.772967,727.684424,145.008772
2016-05-18,217.211198,990.776236,259.177898,460.950568,732.745309,196.887347,307.647278,169.441264,728.936078,144.946017
2016-05-19,216.22569,993.397604,259.731361,460.558405,728.961957,195.720061,307.115864,168.464206,729.339517,144.831712
2016-05-20,215.07803,995.617487,260.291723,460.374251,725.908054,194.366009,306.639941,167.164474,729.054401,144.933689
2016-05-23,214.125937,996.412512,260.791737,459.842777,723.162521,193.014079,306.080786,165.87151,728.361569,145.514176
2016-05-24,213.287791,995.975436,261.091747,458.99548,720.497797,191.761899,305.429861,164.452184,727.253903,145.976997
2016-05-25,212.540582,996.278983,261.656134,458.394357,718.281793,191.354411,304.516429,163.502206,727.685843,146.481284
2016-05-26,211.994415,996.693304,262.452707,458.87144,717.180173,191.398981,303.669154,163.145681,733.804367,147.367703
2016-05-27,211.906767,997.427985,263.078586,459.623323,716.895203,191.662152,303.142009,163.457075,740.085413,148.137577
2016-05-30,211.706816,999.597446,263.792395,460.89332,716.486877,192.415581,303.060908,164.03699,746.824066,149.131114
2016-05-31,211.510152,1001.403055,264.526898,462.245374,716.367773,193.415203,302.337422,164.980199,753.157855,150.113727
2016-06-01,211.241725,1004.479273,265.076343,463.568799,716.442206,194.50184,302.414255,165.80607,759.38045,151.410357
2016-06-02,211.033557,1008.036032,265.566583,464.887456,717.209933,195.63517,302.917923,166.717687,765.179645,152.516802
2016-06-03,210.931664,1011.124094,266.16545,466.517171,718.547614,196.702708,302.877376,167.38706,770.886188,153.527921
2016-06-06,210.621606,1013.636725,266.506837,467.809111,719.987369,197.475241,302.106937,167.965281,775.837186,154.41897
2016-06-07,210.320311,1016.317349,266.83788,468.660227,721.459033,198.689221,301.266071,169.021775,780.622815,155.503442
2016-06-08,210.086943,1018.728278,267.11145,469.351993,722.932819,200.119678,300.999295,170.306499,785.853217,156.712333
2016-06-09,209.849741,1019.475571,267.229842,469.147864,723.930225,201.085345,300.53618,171.398979,790.852661,157.716841
2016-06-10,209.833853,1020.639691,267.464905,468.901621,725.752798,202.193206,300.373984,172.473294,796.589136,158.617451
2016-06-13,209.890276,1021.080212,267.351105,468.513274,726.941614,203.042145,299.902325,173.721152,801.803854,159.274432
2016-06-14,209.968065,1020.901178,267.332713,468.02534,728.287793,203.848634,299.537381,175.236516,806.635098,159.984879
2016-06-15,210.121999,1021.539459,267.664906,467.909993,730.378314,204.76124,299.565123,176.993761,812.449979,160.789627
2016-06-16,210.396999,1022.091034,267.927559,467.796623,733.115347,205.543098,299.637685,179.075909,818.953409,161.663473
2016-06-17,210.842914,1024.074634,268.262053,467.636961,736.048035,206.5303,300.280075,181.102389,825.372736,162.527784
2016-06-20,211.502475,1027.939703,268.667812,468.301524,738.591525,207.459893,301.076126,183.37402,832.952469,162.98093
2016-06-21,212.013578,1032.112604,268.974718,468.919696,740.596985,208.232214,301.80388,185.509138,840.15585,163.417518
2016-06-22,212.334594,1035.45235,268.954024,469.011607,741.814871,208.610785,302.290475,187.341235,845.856689,163.587492
2016-06-23,212.702723,1037.906473,269.032762,468.850496,743.031107,208.810616,302.800548,188.97752,846.553793,163.741548
2016-06-24,212.447992,1038.46029,268.746547,468.105461,743.345081,208.494518,302.99689,189.795481,845.290738,163.824896
2016-06-27,212.305014,1036.192801,268.518956,466.429543,743.939661,208.196926,302.794145,190.750069,844.710535,163.881188
2016-06-28,212.304466,1034.612915,268.347112,464.979144,746.038614,207.912461,303.037439,191.372214,844.724799,164.282141
2016-06-29,212.450183,1032.542642,268.378595,463.688216,747.672083,207.974873,302.736517,192.356169,845.242276,164.39473
2016-06-30,212.591519,1031.147177,268.50683,462.216556,749.384793,208.151053,302.762126,193.30948,845.791122,164.633693
2016-07-01,212.742715,1029.115079,268.649249,460.673688,750.348462,208.216696,303.197498,194.361096,848.130472,165.199506
2016-07-04,213.092216,1026.751282,268.779437,459.356662,751.350403,208.630849,304.247516,195.463005,850.978754,165.469488
2016-07-05,213.509099,1023.836975,268.7963,458.053966,751.476935,208.462938,304.962468,196.073398,853.493445,165.528654
2016-07-06,213.936391,1021.283331,268.94075,457.119577,751.597095,208.144342,305.528029,196.658644,855.343829,165.586672
2016-07-07,214.119907,1018.33706,269.354341,456.574191,753.808206,207.946501,306.044499,197.120441,857.14148,165.963496
2016-07-08,214.138535,1015.756445,269.620357,456.141747,756.199078,207.705803,306.213101,197.685111,858.423059,166.378809
2016-07-11,214.263436,1014.100955,270.272067,456.028813,758.983218,208.18299,306.957936,198.732153,861.093149,166.926241
2016-07-12,214.560896,1012.704257,270.963661,456.058737,761.952591,209.122588,307.839354,199.600877,864.156693,167.369701
2016-07-13,214.825488,1011.430423,271.400806,456.133063,764.633734,209.911019,308.343022,200.133542,865.22872,167.624747
2016-07-14,215.138834,1010.703091,271.953145,455.944838,767.347229,211.191136,309.215904,200.865099,867.231644,168.041782
2016-07-15,215.5475,1007.561002,272.685847,453.880116,770.347592,212.373783,310.150677,201.690388,870.242438,168.350251
2016-07-18,215.723347,1003.048196,273.438449,451.432175,772.590192,213.46979,310.071715,202.277921,872.162677,168.701801
2016-07-19,216.059704,999.35163,274.147659,449.131924,774.069495,214.825718,310.161349,202.99119,874.386566,169.04818
2016-07-20,216.525341,995.900833,274.96163,446.884767,776.118585,216.060349,310.176288,203.825622,876.647513,169.523233
2016-07-21,216.809104,993.117386,275.520082,444.342232,777.868811,216.970077,310.306471,204.195971,878.328256,169.882826
2016-07-22,217.503725,991.941476,276.428178,441.985028,779.765241,218.377988,310.797337,204.756069,882.416772,170.357877
2016-07-25,218.238886,993.334766,277.54585,440.337302,781.833682,219.935355,311.685156,205.339029,885.813892,170.786977
2016-07-26,218.964734,995.238266,278.488606,438.977231,782.476569,221.169986,312.229375,205.832831,889.196756,170.996643
2016-07-27,219.470908,996.863324,279.284184,437.210773,783.338782,222.640714,312.927251,206.383785,892.588171,171.106934
2016-07-28,220.097601,998.320691,280.118585,435.409564,783.805359,224.003138,313.144942,206.941597,894.890466,171.406786
2016-07-29,220.551735,1000.823102,280.949507,433.507007,784.878278,224.980012,312.876034,207.389675,895.352353,171.410233
2016-08-01,220.801536,1005.240347,281.754939,431.601553,786.252225,225.038495,312.476944,207.586282,893.231113,171.606687
2016-08-02,221.017372,1009.654141,282.6554,429.832208,787.851935,225.04716,312.131206,207.794319,891.156915,172.201222
2016-08-03,221.026685,1013.208505,283.522832,428.084097,788.866806,224.917202,311.830284,207.938345,888.37706,172.516583
2016-08-04,221.082562,1017.78569,284.164282,426.434448,788.856055,224.722261,311.954068,208.194387,885.943619,172.692359
2016-08-05,221.497252,1022.36871,285.0265,424.693094,789.06247,224.895543,312.336087,208.855075,885.360568,172.923281
2016-08-08,221.899893,1026.209448,285.60421,422.833009,789.066769,224.696268,311.981811,209.246001,883.859448,172.950851
2016-08-09,222.198996,1030.048215,286.126289,421.034698,789.451648,223.98798,311.390642,209.632356,881.947766,172.925003
2016-08-10,222.14312,1033.829364,286.464108,418.883098,789.344141,223.043597,310.654349,209.8061,880.003296,172.904324
2016-08-11,222.243919,1037.726172,286.787437,416.973779,789.460254,221.9216,309.833327,209.584345,877.444403,173.005998
2016-08-12,222.502486,1043.724518,286.845384,416.780727,789.180728,221.063856,308.564368,210.12387,874.765759,173.186942
2016-08-15,222.826241,1049.960638,286.859869,416.406204,789.741913,220.307915,307.989018,210.78913,872.413571,173.366164
2016-08-16,222.90403,1054.605832,286.963594,415.727615,791.077151,219.415515,307.113986,211.573268,870.518985,173.574681
2016-08-17,222.797755,1057.331317,286.994884,414.7662,791.348068,218.55344,306.414494,212.263676,868.570239,173.693586
2016-08-18,222.925944,1060.115491,287.271858,413.675441,791.212613,218.163557,305.846449,213.303861,866.938632,173.747008
2016-08-19,222.926492,1062.016638,287.460757,412.687964,791.532986,217.749847,305.224754,214.904143,865.191589,173.784922
2016-08-22,222.807069,1061.811307,287.49958,411.425386,792.526346,217.039395,304.355292,216.042629,863.056186,173.865916
2016-08-23,222.658064,1062.781912,287.646178,410.478448,793.343405,216.543376,303.727591,217.325141,860.279544,173.853851
2016-08-24,222.73914,1062.671762,287.934163,409.938864,794.012094,215.583829,302.935367,218.475057,857.128125,173.952079
2016-08-25,222.58959,1061.305496,288.051213,409.140585,794.072296,214.498654,301.888058,219.35064,854.142587,173.922783
2016-08-26,222.732021,1059.415344,288.177533,408.105814,793.296091,213.736216,301.17334,220.137064,850.889401,173.969311
2016-08-29,223.257371,1055.254422,288.128856,406.900185,792.444635,213.779536,300.317538,221.131525,850.425968,174.045136
2016-08-30,223.844622,1052.148261,288.422632,406.062329,792.332819,214.253894,299.265715,222.238005,850.153519,173.924506
2016-08-31,224.568277,1049.243436,289.010768,405.115393,792.472577,214.942686,298.160507,223.419928,851.663275,174.17783
2016-09-01,224.96489,1046.348624,289.505611,404.454179,792.805847,215.835085,295.848119,224.624712,853.273621,174.484574
2016-09-02,224.933118,1043.658185,289.921071,403.756282,792.601584,216.500054,293.976724,225.623746,853.597379,174.841293
2016-09-05,224.758913,1040.959726,290.332474,402.851817,792.225308,217.195348,292.636743,226.599918,854.065121,175.287627
2016-09-06,224.640587,1037.631223,290.949007,402.110489,792.380112,218.38016,291.497817,227.74069,855.037216,175.802889
2016-09-07,224.793975,1032.926419,291.642602,401.569937,792.726282,220.06099,290.429088,229.354687,856.568787,176.364681
2016-09-08,225.005428,1025.157532,292.351263,400.80351,793.410025,221.518717,289.488487,231.23845,858.956024,176.821352
2016-09-09,225.101293,1017.42467,293.066301,400.281296,793.192868,222.738186,288.387192,232.189475,860.223675,176.966109
2016-09-12,225.218523,1009.824036,293.659656,400.116231,792.481168,223.702064,287.112346,232.62155,859.918359,176.902348
2016-09-13,225.455176,1003.159955,294.269232,400.158702,792.147885,224.553309,286.066759,232.895883,859.201056,176.804121
2016-09-14,225.799749,997.228101,294.66963,400.396159,791.943619,225.586499,284.96118,233.412546,858.94274,176.740361
2016-09-15,226.314141,990.985736,294.98369,400.759099,792.248935,226.35327,283.65634,233.760036,858.600732,176.869607
2016-09-16,226.978633,986.141684,295.571826,401.509117,792.294086,226.935929,282.465056,233.568003,857.990304,177.193583
2016-09-19,227.751593,983.392127,296.033646,402.392342,791.515738,227.774177,281.348764,233.606867,857.61943,177.357297
2016-09-20,228.45005,979.494653,296.462437,402.595055,790.707288,228.722893,279.868228,233.59315,857.584802,177.548584
2016-09-21,229.017032,976.31636,296.82401,402.563199,790.434226,229.652115,278.550528,233.444553,857.544397,177.665766
2016-09-22,229.852439,972.849606,297.384332,403.000467,790.406271,230.888912,277.736343,233.798901,858.851846,177.727805
2016-09-23,230.673055,970.308414,298.028676,403.43098,790.666437,232.013076,277.007861,234.162394,860.866406,177.715742
2016-09-26,231.218124,968.316116,298.701413,403.683882,790.124594,232.535088,276.054405,234.281271,861.045349,177.55203
2016-09-27,231.70129,966.151541,299.042131,403.67133,788.942026,232.69754,275.323785,234.132674,859.912521,177.157398
2016-09-28,232.037098,964.383627,299.089069,403.731178,787.656238,232.816671,274.899548,234.189827,858.265948,176.705896
2016-09-29,232.510953,962.98732,299.01722,403.569977,785.613605,232.357475,275.107382,233.972646,856.260049,176.17857
2016-09-30,233.28172,961.304514,298.875258,403.65106,783.338745,231.961092,274.897411,233.819475,854.184885,175.435832
2016-10-03,234.129179,959.239069,298.899597,403.771719,781.102588,231.737989,274.88884,233.851481,853.193481,174.725837
2016-10-04,234.966779,957.658426,298.773857,403.852803,777.772018,231.109845,274.995969,233.835479,851.252518,173.988271
2016-10-05,235.752883,956.572607,298.766325,403.604724,775.103699,230.126472,275.062389,233.563434,849.396698,173.209345
2016-10-06,236.600891,957.907816,298.679991,403.406844,772.218201,229.039132,274.972398,233.03534,846.943436,172.261537
2016-10-07,237.307017,958.215347,298.56642,402.963782,769.951938,228.021102,274.858843,232.78844,845.190073,171.594625
2016-10-10,237.853183,958.641074,298.61799,402.499484,768.132922,227.237003,274.766712,232.964472,844.809094,171.175866
2016-10-11,238.399349,959.0668,298.66956,402.035187,766.313907,226.452903,274.67458,233.140503,844.428116,170.757107
2016-10-12,238.964688,960.105539,298.842236,401.733055,764.924915,225.528012,274.505315,233.097067,843.697913,170.352133
2016-10-13,238.878682,960.144592,298.646962,401.929013,762.690915,224.252226,273.821825,232.806728,842.778662,169.76794
2016-10-14,238.90169,960.234753,298.229182,401.291933,759.704367,223.143224,273.041916,232.706139,842.826282,169.063116
2016-10-17,238.663392,959.253128,297.621341,400.542882,757.008084,222.586559,272.062747,232.59412,841.907028,168.434116
2016-10-18,238.738991,959.126926,297.266722,400.328586,754.974042,222.510749,271.524959,232.706139,842.262027,168.054992
2016-10-19,238.904429,958.760318,296.865167,400.059277,752.090689,222.300645,270.886466,232.90046,842.80896,167.565577
2016-10-20,238.889091,959.224091,296.269496,399.631661,749.086935,222.391617,270.119412,233.005622,842.915747,167.017571
2016-10-21,238.466185,959.836096,295.782762,399.764594,746.534714,222.658037,269.382359,233.186224,843.315485,166.559176
2016-10-24,237.985208,960.499493,295.404964,399.807364,744.631836,223.611086,268.79529,233.702888,844.093311,166.328255
2016-10-25,237.441234,959.874179,294.851591,399.582634,741.838785,224.878207,268.666728,234.272132,845.470023,166.083546
2016-10-26,237.040237,959.466089,294.203194,399.314818,739.933756,225.642812,268.493179,234.500744,846.231985,165.800926
2016-10-27,236.780025,959.20144,293.908832,399.02644,738.299637,227.113539,268.810281,234.873382,847.320074,165.711315
2016-10-28,236.465036,958.687326,293.748904,398.488748,736.951495,228.183553,269.018109,235.182008,848.692462,165.771629
2016-10-31,236.073354,958.55585,293.422676,397.911481,735.564652,229.080286,269.024536,235.305457,848.981088,165.799201
2016-11-01,235.576491,957.577365,293.077904,396.962843,734.786234,229.823231,268.743855,235.268879,849.385162,165.756119
2016-11-02,234.857218,956.052502,292.614926,395.99895,733.807819,230.535852,268.225346,234.820798,849.23219,165.656166
2016-11-03,233.905675,954.788895,292.302022,395.030187,732.175159,231.337279,267.653272,234.310993,848.934912,165.756117
2016-11-04,232.77226,954.167941,291.87439,394.429088,731.225061,232.16903,267.106906,233.586292,847.862701,166.10422
2016-11-07,231.729233,952.221912,291.469936,393.627692,729.873425,233.407993,266.665535,233.407974,846.36188,166.669459
2016-11-08,230.711952,950.399414,291.121687,392.917026,728.823178,234.841898,266.194165,233.227371,844.837973,167.203677
2016-11-09,229.706722,946.300064,290.738092,391.732202,727.066074,236.199992,265.555675,233.382827,843.119244,167.481128
2016-11-10,229.194522,942.941183,290.921201,389.746149,725.49249,238.428824,265.637094,234.829937,842.360175,167.898164
2016-11-11,228.362949,937.744336,291.083443,387.898296,724.041809,239.929876,265.465688,235.785533,839.876605,168.003284
2016-11-14,227.71763,932.62261,291.52498,386.142142,722.290112,240.694481,265.469974,236.690836,838.169425,168.084277
2016-11-15,226.669123,927.14938,291.489055,384.103578,720.425812,240.668488,265.298563,237.664722,834.765161,167.793041
2016-11-16,225.56474,923.150269,291.32681,382.350466,719.117444,240.718305,265.414262,238.66147,831.431613,167.49836
2016-11-17,224.361752,917.977396,291.033609,380.480187,718.179959,240.287268,264.902185,239.450179,827.603079,167.227804
2016-11-18,223.521411,912.010547,290.346385,378.171848,716.392123,239.732768,264.645073,240.241177,823.550867,166.803875
2016-11-21,222.73476,906.088895,289.594843,375.908391,714.505679,238.721236,264.338678,239.98513,819.373111,166.212787
2016-11-22,222.083964,900.796961,288.989319,373.898601,714.26784,237.57108,264.002294,239.797668,814.9125,165.776796
2016-11-23,221.590389,895.978098,288.357138,372.065393,714.090179,236.98842,263.267383,239.793095,811.303314,165.29083
2016-11-24,220.918227,891.365106,287.35354,370.637073,713.744641,235.905409,262.380347,240.083432,807.676816,164.615302
2016-11-25,220.247161,889.38956,286.545212,370.246819,713.922446,235.179793,261.615445,240.218314,804.502008,164.122442
2016-11-28,219.498853,887.057468,285.680678,369.90047,714.284558,234.246238,261.613303,240.01485,800.930344,163.798466
2016-11-29,218.914889,885.246625,284.741397,369.571681,714.173971,233.384161,261.930405,239.729083,797.73533,163.491721
2016-11-30,218.545666,884.684195,284.201933,369.464365,714.299737,233.109076,262.573184,240.062858,795.833335,163.326286
2016-12-01,218.258613,883.559338,283.533255,369.6351,714.677017,232.64988,262.969566,240.520081,794.221399,163.091919
2016-12-02,218.140286,881.375888,282.900501,369.508269,713.959323,232.203681,263.479509,241.034457,792.548853,162.383649
2016-12-05,218.060304,879.546967,282.285127,369.19021,714.273727,231.430415,264.385823,241.226492,791.340982,161.558196
2016-12-06,218.078929,877.521198,281.59153,368.876059,713.90079,230.468702,265.412125,241.5214,790.329373,160.682766
2016-12-07,218.019217,877.213867,280.784364,369.034113,714.134964,229.483165,266.575548,241.320222,789.271585,159.960706
2016-12-08,218.124943,878.023367,279.86826,369.917052,715.195258,228.190053,267.595425,240.341766,787.968469,159.348941
2016-12-09,218.422951,879.91355,278.970122,371.240001,717.073004,227.845655,268.906696,240.05143,787.200748,159.114574
2016-12-12,218.701786,882.06387,277.911475,372.328799,718.410849,227.345305,270.095839,239.623927,786.512393,158.747514
2016-12-13,219.297801,883.650745,277.117632,373.629314,719.525345,227.113541,271.267839,239.072972,786.66825,158.683753
2016-12-14,220.097055,884.012299,276.322052,374.777621,720.091278,226.868781,271.822774,238.419141,786.218012,158.7613
2016-12-15,220.920959,886.46492,275.700888,375.998131,720.282089,226.550377,272.735518,237.868187,785.80961,158.699261
2016-12-16,221.684057,889.629624,275.363652,377.659627,720.893549,226.160492,273.014056,237.362953,785.525321,158.647562
2016-12-19,222.462492,892.763193,275.10928,379.485031,721.41394,225.982878,273.271168,237.545842,785.440176,158.744066
2016-12-20,223.080968,896.866974,274.922121,381.396284,720.611667,225.502022,273.211174,237.41782,786.189151,158.876759
2016-12-21,223.67534,900.025653,274.867076,382.982654,719.0982,224.995174,273.260452,237.266937,785.749011,158.933627
2016-12-22,224.398447,902.421021,274.955151,384.044139,717.439453,224.720091,272.825505,236.720555,784.738855,159.073212
2016-12-23,225.09526,902.174936,274.919806,384.257803,715.527026,224.362698,272.591957,236.18103,783.779199,158.931903
2016-12-26,225.761395,902.385849,274.81029,384.316338,713.963684,224.052957,271.61922,235.753527,783.220731,158.63205
2016-12-27,226.495458,903.662366,274.88504,384.830493,712.838342,223.970649,270.53721,235.572925,783.311646,158.735448
2016-12-28,227.148994,904.412607,274.736121,385.278305,711.37691,223.372828,269.461626,235.088268,782.364978,158.837122
2016-12-29,227.890729,906.185281,274.828252,385.605139,710.093277,223.024098,268.810275,234.722488,780.946417,158.923286
2016-12-30,228.851038,909.07179,275.026424,386.504665,709.872101,222.842152,268.255339,234.544171,780.578427,159.376511
2017-01-02,229.850791,912.594052,275.035117,387.274434,709.024298,222.4566,267.580423,233.936064,780.678003,159.666023
2017-01-03,230.7733,916.328217,274.98239,387.808102,708.75759,222.170686,266.534837,233.286807,780.823755,160.119248
2017-01-04,231.518321,920.846777,275.027586,388.419821,708.232861,221.84145,265.9242,232.706133,781.481808,160.748248
2017-01-05,232.146658,923.631854,274.873451,388.644215,707.805716,221.603188,265.437831,232.040874,782.213455,161.21181
2017-01-06,232.650644,925.362354,274.81956,388.310553,707.31568,221.156989,264.912894,231.092134,783.043228,161.43756
2017-01-09,233.20393,927.280649,274.944139,388.173968,707.248465,220.890569,264.432951,230.333142,783.496365,161.904572
2017-01-10,233.752287,929.59166,275.269789,387.790544,707.222452,220.708623,264.008716,229.516998,783.836932,162.362965
2017-01-11,234.043174,931.937833,275.945424,387.192488,708.076752,220.888403,264.015143,229.025484,785.349289,162.859273
2017-01-12,234.375694,933.646237,276.622215,387.342735,708.5039,221.237132,264.158696,228.378513,788.019022,163.374536
2017-01-13,234.739988,932.976352,277.203979,386.770039,708.980923,221.776472,264.585072,227.745259,790.274582,164.177588
2017-01-16,234.890088,932.366733,278.025632,385.813922,709.750665,222.30498,265.146436,227.489215,793.098715,164.928943
2017-01-17,234.707667,931.150461,278.681566,384.706586,711.452777,223.032763,265.829924,227.555512,795.7035,165.68719
2017-01-18,234.371313,930.778851,279.40703,383.716324,714.40816,223.691232,266.352719,227.69268,798.891293,166.533325
2017-01-19,234.156025,930.443396,280.13945,383.197287,717.584701,224.416849,267.417592,228.085891,802.781876,167.450115
2017-01-20,233.810906,930.388171,280.720055,382.421661,720.661502,224.919365,268.48889,228.172763,805.0129,168.508214
2017-01-23,233.465241,930.793509,281.527225,381.835309,723.289471,225.326578,269.498053,228.627701,806.627716,169.702451
2017-01-24,233.055481,930.824924,282.481572,380.793336,725.613885,225.482531,270.222252,228.908893,808.480649,170.591667
2017-01-25,232.700503,931.755212,283.685083,379.585509,728.168127,225.837759,270.730048,229.432414,811.361063,171.627363
2017-01-26,232.172963,931.916159,284.674777,378.497684,730.366776,226.221144,271.087862,229.960509,814.55174,172.644103
2017-01-27,231.545174,931.895566,285.667946,377.162054,731.650403,226.944594,271.863484,230.703498,817.1724,173.186938
2017-01-30,231.103638,931.457751,286.686032,376.152281,732.873315,227.761183,273.348302,231.633949,819.573706,173.709095
2017-01-31,230.619376,928.804465,287.807259,374.879085,733.981317,228.391495,275.223073,232.340359,821.85524,174.217464
2017-02-01,230.427642,924.678253,289.200246,373.298566,735.388541,229.686774,276.560054,233.61144,825.135394,175.053259
2017-02-02,230.056229,922.258713,290.503999,372.122937,735.915433,230.923571,277.939883,234.88938,827.565564,176.002792
2017-02-03,229.603737,921.405383,291.864537,371.417557,736.609286,231.937266,279.398991,236.336493,830.155927,177.048829
2017-02-06,229.208768,920.269299,293.242462,370.732663,737.888574,233.306188,280.997368,237.708166,833.133023,178.115544
2017-02-07,228.5629,918.976761,294.317914,370.18046,738.959702,234.514827,282.413626,239.061547,836.388651,179.085755
2017-02-08,227.89567,918.033231,295.148257,369.54435,739.45625,235.428887,283.675618,240.206892,839.116098,180.024947
2017-02-09,227.341835,917.622644,295.874306,368.489696,740.53389,236.15017,285.109016,241.331661,840.309537,181.162317
2017-02-10,226.681725,920.745956,296.698276,368.34335,741.529129,236.737162,286.709537,242.495295,842.133609,181.979155
2017-02-13,226.173357,924.011829,297.42316,368.903358,743.038257,237.272169,288.400046,243.222279,843.788837,182.730506
2017-02-14,226.267033,926.710788,298.264516,369.533611,743.363501,237.976125,290.561925,243.871534,845.141016,183.380185
2017-02-15,226.472462,929.231403,299.186995,370.138499,742.71734,238.508966,292.764514,244.356189,845.936154,184.157388
2017-02-16,226.842782,932.520291,300.24854,371.192178,742.101547,238.903181,294.847119,244.909431,846.536478,184.58821
2017-02-17,227.387303,935.119913,301.8791,372.195125,741.268921,239.750094,296.944723,245.746151,848.361984,185.027648
2017-02-20,228.039195,939.058145,303.784894,373.318073,740.92417,240.824439,299.331578,246.454846,850.933579,185.248227
2017-02-21,228.706426,942.019336,305.500053,374.645905,741.028238,242.02225,301.317767,247.177259,852.766303,185.361963
2017-02-22,230.79029,943.197772,306.758031,375.690805,740.809244,243.157243,303.445367,247.776219,853.551346,185.291308
2017-02-23,232.60299,945.792355,307.959802,377.10059,740.334396,244.220757,305.79794,248.290595,854.614905,185.296477
2017-02-24,234.330232,948.290262,309.146509,378.402077,740.434146,244.762261,307.619147,248.473484,855.96275,185.580818
2017-02-27,236.456826,951.451907,310.405646,379.632344,740.993567,245.110991,308.049811,248.670088,856.628018,185.873776
2017-02-28,238.569724,956.215048,311.604518,381.267497,741.448911,245.43156,308.776152,249.074731,857.290399,186.015086
2017-03-01,240.594975,962.493045,312.600586,383.38266,742.379114,245.349251,309.532489,249.12274,856.883438,185.973728
2017-03-02,242.712257,968.411423,313.543924,385.088057,743.775488,245.039509,309.684614,248.848405,856.809842,185.644579
2017-03-03,245.176299,973.679141,314.308215,386.943701,744.963708,244.796914,309.785318,248.276876,856.511124,185.248221
2017-03-06,248.065441,978.347574,315.080618,388.868617,745.507947,244.209925,310.053142,247.947674,856.563074,184.810505
2017-03-07,251.067983,983.488394,315.996719,390.381813,746.236487,243.685747,310.393817,247.485878,856.161893,184.367622
2017-03-08,253.982873,988.348196,316.999742,391.773058,747.032239,243.191894,310.758058,247.152103,855.280161,184.000562
2017-03-09,256.765742,992.426422,318.118652,393.052107,747.880038,242.69371,310.970174,247.033227,854.881864,183.562847
2017-03-10,259.52122,995.333237,319.236983,394.097006,748.933835,242.21502,311.285136,246.836621,854.583139,183.221636
2017-03-13,262.279984,997.911688,320.278827,394.828728,749.493256,241.734164,311.578671,246.854911,854.336374,182.975207
2017-03-14,264.906178,1001.159952,321.433084,395.747772,752.338049,241.846796,311.242287,247.058376,856.226822,182.847684
2017-03-15,267.685213,1002.864166,322.527078,396.336076,754.525857,242.037405,311.1523,247.442445,858.215414,182.668462
2017-03-16,270.206776,1004.337723,323.563707,396.662914,757.132144,242.28433,310.935895,247.844798,861.124695,182.730501
2017-03-17,272.674106,1006.711722,324.129247,397.447317,759.790469,242.180361,309.965298,248.064264,863.276349,183.182002
2017-03-20,274.924505,1006.264493,324.442151,397.666835,761.698556,241.864122,308.85329,248.258585,864.863754,183.728285
2017-03-21,276.848413,1006.694583,324.736507,398.042451,763.463556,241.311785,308.298357,248.334029,866.761426,184.581313
2017-03-22,277.420326,1008.053308,325.104454,398.775146,765.232876,240.395559,307.321332,248.114563,868.288223,185.146553
2017-03-23,278.412407,1007.621188,325.528607,399.391739,767.130127,239.635287,306.132187,248.025403,869.942014,185.558419
2017-03-24,279.551848,1006.521298,325.876854,399.831743,768.94931,239.212915,305.028749,248.302023,871.806494,186.08747
2017-03-27,279.685516,1004.954083,326.065172,400.152724,770.352191,238.965988,304.300264,248.814114,874.059168,186.673386
2017-03-28,279.769881,1004.22283,326.413997,400.596634,771.965396,238.994148,303.254675,249.403931,876.22525,187.304111
2017-03-29,280.012561,1003.51879,326.842207,400.72737,773.572098,239.12844,302.487624,250.167496,878.545749,187.810757
2017-03-30,280.383975,1002.30108,327.840013,400.770294,775.380456,239.245406,302.245509,251.2534,880.955719,188.431139
2017-03-31,281.067094,1001.047101,328.599666,400.595657,776.880914,239.284396,301.984113,252.549629,883.973224,189.077373
2017-04-03,281.82636,999.822324,329.207503,400.105891,778.942956,239.715433,301.139929,253.614957,889.035614,189.6788
2017-04-04,282.590006,998.047601,329.752184,399.891255,781.05054,240.178961,300.312884,254.774016,894.074905,190.275056
2017-04-05,283.946381,995.812595,330.217477,399.66003,783.828122,240.631661,299.618681,256.029095,900.428848,190.785147
2017-04-06,285.60898,993.401312,330.730864,399.426855,786.618713,240.950066,298.830206,256.925253,906.38306,191.100507
2017-04-07,286.977957,991.120984,331.179935,398.640498,788.756641,241.244643,297.964596,257.720823,911.979373,191.417591
2017-04-10,288.07029,988.703677,331.574538,397.304867,790.957449,241.552218,297.141836,258.511821,917.245236,191.765694
2017-04-11,288.978012,985.718295,331.908295,395.984842,791.388944,241.396265,296.674748,259.419411,921.482169,192.280957
2017-04-12,289.515414,983.602127,332.222356,395.143851,792.397202,241.207822,296.143382,260.004656,925.924014,192.753137
2017-04-13,290.251122,979.729407,332.488321,393.242352,793.162604,241.134179,295.269203,260.564755,929.02666,193.121921
2017-04-14,290.953415,975.75899,332.655781,391.117435,794.086292,241.229485,294.98638,261.360323,932.663257,193.049542
2017-04-17,292.1701,972.432166,332.663895,389.232519,794.762793,241.547889,294.639277,262.091879,936.810706,192.953039
2017-04-18,293.335834,968.848495,332.737486,387.082237,795.166089,242.039576,294.16362,262.912595,940.287125,192.648019
2017-04-19,294.531151,965.226541,332.947247,384.965126,795.322217,242.713207,294.238609,263.669299,944.347995,192.60838
2017-04-20,295.585684,962.510095,333.309404,382.757281,795.916324,242.964465,294.420732,264.414574,948.31073,192.673866
2017-04-21,296.853864,960.165298,334.146701,380.655783,796.185205,242.721872,294.519295,264.675192,952.244601,192.444668
2017-04-24,298.675876,958.474176,335.574458,378.659647,796.434555,242.526929,294.774266,264.976958,957.693722,192.277508
2017-04-25,300.725229,956.08808,336.928625,376.595213,797.340897,242.331986,295.339912,265.157561,963.519495,192.305082
2017-04-26,302.476025,953.38371,338.343053,374.300534,798.589822,242.102388,295.884134,265.066115,969.140356,192.570467
2017-04-27,303.997288,950.596732,339.529758,372.344403,799.808402,241.790481,296.171242,264.654616,975.181149,192.67559
2017-04-28,304.811333,947.400848,340.734425,370.328755,800.814493,241.86196,296.404782,264.487729,980.229095,192.596319
2017-05-01,305.036481,944.609869,342.047449,368.575551,801.434628,241.506734,296.991852,264.332275,982.792023,192.473966
2017-05-02,304.991559,942.156296,343.292097,366.893568,801.757706,241.025878,297.240396,264.110524,984.842654,192.392973
2017-05-03,304.499628,940.868076,344.589474,365.690623,801.699158,240.5017,297.319675,263.76532,985.528131,192.334383
2017-05-04,303.61711,939.458975,345.705488,364.481818,802.655377,241.235981,297.499654,264.048798,986.926483,192.57909
2017-05-05,302.758688,937.272315,346.787314,363.505217,803.930332,242.154375,297.501794,264.348277,988.049216,192.734188
2017-05-08,302.101866,935.664792,347.95374,363.351063,805.183603,243.250379,297.741763,264.807785,989.075235,192.713509
2017-05-09,301.641707,934.320157,349.069174,362.951057,806.413022,243.98466,297.529646,264.899228,990.222494,192.349897
2017-05-10,301.697583,933.09538,350.321936,362.459341,809.56138,244.75793,298.470248,265.095836,991.274509,192.075894
2017-05-11,301.640065,933.51434,351.55152,362.707153,811.942163,245.511706,299.573685,265.395319,992.957156,191.98973
2017-05-12,301.482843,934.158927,352.841946,363.348141,814.385828,246.107362,300.638557,265.685657,994.748038,191.844972
2017-05-15,300.959685,935.17117,354.193211,363.86815,817.386743,246.947779,301.617725,266.211464,996.510055,191.805338
2017-05-16,300.807394,937.595538,355.495225,364.499382,821.187762,247.781694,303.141112,266.997887,998.565018,191.956986
2017-05-17,300.635384,940.74209,356.748569,365.155005,825.5612,249.046649,304.683783,268.076933,1001.01539,192.058663
2017-05-18,300.173032,944.986475,357.848932,365.827217,828.794122,250.571526,305.883638,268.906793,1002.210272,192.003516
2017-05-19,299.256546,948.9418,358.598155,366.495522,833.200073,252.213365,307.167052,270.08643,1003.279605,192.411932
2017-05-22,298.23488,953.03613,359.095898,367.176512,838.145947,253.738245,308.362617,270.463638,1003.835193,193.337341
2017-05-23,296.840706,957.270459,359.467322,367.72189,842.517221,255.191644,309.131813,270.591661,1003.680783,193.987017
2017-05-24,295.539661,962.28233,359.653903,368.513124,846.710702,256.482591,309.594614,270.440775,1001.751361,194.297212
2017-05-25,294.366804,968.767801,360.216547,369.645827,850.880322,258.369196,310.143121,270.808839,1001.811969,194.788349
2017-05-26,293.732442,974.913812,361.137865,371.143417,855.477096,260.234139,310.918745,270.868672,1002.902936,195.860232
2017-05-29,293.312823,980.951053,362.127559,372.43515,861.431219,261.811,311.672943,270.723201,1003.843829,197.16476
2017-05-30,293.190115,986.212759,363.152602,373.871275,867.69758,263.795073,312.662822,270.867786,1004.86842,198.27628
2017-05-31,292.868002,990.428931,364.217624,374.705432,873.465234,266.121378,313.742689,270.918413,1006.037332,199.467072
2017-06-01,292.542599,994.931195,365.304665,375.654518,879.477905,267.087424,314.638295,270.506892,1007.80224,200.604443
2017-06-02,292.504254,999.854471,366.487317,376.684969,885.22388,267.936504,315.859578,270.216371,1009.522409,202.053726
2017-06-05,292.591354,1005.12222,367.6549,377.230263,891.420859,268.664288,316.763757,269.779619,1012.272958,203.759191
2017-06-06,292.399072,1012.040775,368.850879,378.161232,897.470392,269.459218,317.781493,269.477769,1013.15325,205.290589
2017-06-07,292.178851,1017.737579,369.882292,378.793143,902.240634,270.587715,317.783636,269.419591,1014.577588,206.779555
2017-06-08,291.87372,1021.205426,371.022063,379.32018,907.216861,271.454121,317.856486,269.104562,1015.657031,208.152709
2017-06-09,291.712117,1024.153555,372.356525,379.298521,912.21044,272.563121,317.972186,268.796371,1016.742236,209.388416
2017-06-12,291.442046,1026.61318,373.693307,379.826802,917.258224,273.167439,318.017183,268.162064,1016.574838,210.464713
2017-06-13,290.982434,1027.616547,375.049789,380.1679,921.696707,273.695949,317.539384,267.1981,1016.525778,211.381206
2017-06-14,291.030643,1028.472015,376.3715,380.567778,926.219763,274.09883,317.091582,266.243426,1016.785525,212.170699
2017-06-15,291.650763,1026.497043,377.61441,380.664241,931.152609,274.480049,316.858038,265.494421,1017.153513,213.161204
2017-06-16,292.417149,1024.872989,378.866017,380.600084,934.786673,274.88943,316.519507,264.604483,1017.215567,214.037177
2017-06-19,293.349521,1023.413284,380.220761,380.261591,938.128012,275.615047,316.303105,264.474736,1017.326688,214.45697
2017-06-20,294.519641,1022.418878,381.581879,380.275496,941.087729,276.402321,316.075989,264.651843,1017.608093,214.918657
2017-06-21,295.881494,1019.881769,383.111032,380.334222,944.791159,277.096599,316.030995,265.126477,1019.621213,215.39771
2017-06-22,297.307988,1015.792981,384.047996,379.773444,947.411572,277.242311,315.838159,265.449428,1018.684656,215.953861
2017-06-23,298.387721,1011.962628,384.658156,379.032123,950.308862,277.329298,315.521053,265.472496,1016.81153,216.187597
2017-06-26,299.25271,1008.241046,385.199939,378.49666,951.848804,277.704369,315.225372,265.700868,1015.088477,216.188687
2017-06-27,300.105101,1004.573639,385.647269,377.424635,953.119781,277.608148,315.25751,265.276416,1013.187924,216.388683
2017-06-28,300.738368,1001.143564,385.997836,376.679721,954.541727,277.410828,315.499625,264.727399,1011.529804,216.436591
2017-06-29,301.444496,997.23024,386.525137,375.863478,954.651105,277.627869,316.165974,264.035361,1008.956775,216.515556
2017-06-30,302.049828,993.682046,386.858633,375.191861,954.776688,277.780502,316.442369,263.417142,1006.174493,216.844025
2017-07-03,302.616261,989.576382,387.253476,375.056151,955.20423,277.859021,316.855891,262.845059,1002.778891,217.720944
2017-07-04,303.812129,983.478961,387.54767,374.715392,955.478397,277.945781,317.297264,262.185317,1000.129361,218.638118
2017-07-05,304.947736,978.787173,387.766763,374.509348,955.487054,277.944336,317.447241,261.463292,997.436539,219.296244
2017-07-06,306.16223,975.809775,388.049737,374.32213,955.869186,278.181058,318.030026,261.112659,995.224264,220.188914
2017-07-07,307.865367,972.808719,388.182756,374.060616,956.398611,278.1388,318.805644,260.722812,993.094263,221.179604
2017-07-10,309.76517,972.304581,388.399919,373.925894,956.678125,278.457838,320.541147,260.750493,992.965845,222.191301
2017-07-11,311.737285,972.798547,388.572198,374.273589,957.269507,278.729417,321.923123,260.73665,993.026453,223.071719
2017-07-12,313.420154,972.172189,388.818135,374.545992,958.488666,278.948721,323.277246,260.895818,992.307806,224.086913
2017-07-13,315.066319,972.889175,389.170287,375.040289,960.261938,279.534213,324.942807,261.114961,993.717389,225.376913
2017-07-14,316.788001,972.843362,389.423648,375.670299,962.765536,280.147342,326.793048,261.375629,995.205728,226.439369
2017-07-17,318.484407,972.10495,389.430934,376.744089,965.699444,280.834999,328.592026,261.567091,995.856378,226.938217
2017-07-18,319.79512,971.358402,389.525812,377.57717,968.960504,281.384907,330.423122,261.608614,996.951401,226.092805
2017-07-19,321.14422,972.240427,389.581962,378.300292,970.750095,281.920407,332.780556,261.719339,998.088623,225.480189
2017-07-20,322.331914,973.25585,389.863205,378.880771,973.325104,282.448704,335.122839,261.555556,999.930225,224.717043
2017-07-21,324.104073,975.893713,390.277119,379.610828,975.983221,282.938579,337.099957,261.633984,1001.886774,223.943394
2017-07-24,326.210292,979.481427,391.064925,380.547916,978.671979,283.47648,339.452978,261.892343,1003.788538,223.322025
2017-07-25,328.157602,984.286505,392.033289,381.871332,981.1879,284.256918,341.913965,262.651279,1005.983075,222.588637
2017-07-26,330.755861,988.628299,393.107719,383.245267,984.44985,285.217456,344.061966,263.546312,1008.544803,222.074039
2017-07-27,333.109006,991.794611,394.584624,384.05457,988.116547,285.887433,345.546799,264.74123,1011.173868,221.267131
2017-07-28,335.597429,994.421256,396.059779,385.278934,991.365375,286.175594,347.031335,265.915387,1013.361246,220.143413
2017-07-31,338.303499,996.971933,397.527353,386.453764,993.903174,286.778329,348.657896,267.6524,1016.98512,218.139276
2017-08-01,340.433354,999.86134,399.205495,387.31359,997.659555,287.407481,350.320679,269.31329,1020.550659,216.409943
2017-08-02,342.619127,1002.402866,400.872554,388.154594,1000.812112,287.839725,352.060466,270.826546,1023.190668,214.813636
2017-08-03,345.036797,1005.436197,402.293466,388.887625,1004.198779,287.93338,353.944708,271.7285,1025.674457,212.863761
2017-08-04,346.613342,1009.468512,403.72896,389.84552,1008.329279,288.247954,355.490062,272.888815,1028.010178,210.98915
2017-08-07,348.107207,1011.007517,405.037874,390.067418,1012.269443,288.665787,356.038733,274.0722,1029.724637,209.118039
2017-08-08,349.432239,1011.706238,406.175304,389.839583,1015.968951,288.946742,357.041672,274.999532,1030.79736,207.148909
2017-08-09,350.532344,1013.328232,407.145906,389.780153,1018.31861,288.862695,357.898724,275.675423,1031.156696,205.188535
2017-08-10,351.219788,1014.797437,408.043013,389.863359,1019.893796,288.423248,358.461502,276.042203,1030.394189,202.890341
2017-08-11,351.357828,1016.949133,408.84913,390.173413,1020.484491,287.880545,358.78585,275.513944,1029.281384,200.592149
2017-08-14,351.59305,1018.597205,409.722322,390.121904,1020.60481,287.318632,358.790144,274.831134,1028.82955,198.705285
2017-08-15,352.18,1019.982517,410.581514,390.039685,1020.51073,286.737508,358.800883,274.240596,1028.086304,198.239696
2017-08-16,352.546086,1020.996356,411.619197,389.947563,1021.910895,286.386912,358.220918,273.770012,1026.987796,197.810864
2017-08-17,352.967938,1021.973151,412.25499,390.965883,1022.97851,286.029111,358.072702,273.30404,1025.332684,197.478299
2017-08-18,352.861925,1022.577786,412.827785,389.839595,1024.884055,285.601672,358.489418,272.752719,1023.807223,197.231502
2017-08-21,352.300374,1022.538986,412.922278,387.518663,1026.288605,285.143015,358.450757,271.834617,1022.181296,196.823672
2017-08-22,351.835452,1021.028427,413.008023,385.171973,1028.476373,284.653142,358.205888,270.810402,1020.451724,196.526113
2017-08-23,351.385991,1019.669037,413.298502,383.166051,1029.509009,284.088828,358.448614,270.035321,1018.59635,196.137537
2017-08-24,351.090582,1019.973407,412.981772,381.99915,1029.850299,283.63257,359.174643,269.20257,1016.996982,195.88899
2017-08-25,350.799037,1020.224683,412.795117,380.311198,1030.981378,283.707011,360.018811,268.335216,1016.302539,195.535423
2017-08-28,350.26178,1020.132791,412.53672,378.920421,1032.904422,283.625365,360.682545,266.805814,1014.501077,195.437403
2017-08-29,349.472737,1019.503635,411.941177,377.373132,1033.626389,283.476482,361.157256,265.329467,1012.477951,195.171351
2017-08-30,348.753818,1019.723212,411.671695,376.051697,1035.181891,283.402039,361.722179,263.894641,1011.461294,195.050578
2017-08-31,348.139813,1019.864154,411.630863,374.683702,1037.363095,283.5149,361.872537,262.842746,1010.385882,195.080334
2017-09-01,348.006741,1018.508835,411.366628,373.419717,1038.415402,283.613354,361.94342,261.578624,1009.3909,195.180105
2017-09-04,347.973611,1017.543649,410.927406,372.07153,1038.890152,283.466873,361.898315,260.035381,1007.836996,195.293876
2017-09-05,348.305463,1017.161679,410.664337,370.844202,1039.511484,283.567732,361.412865,258.7851,1006.489084,195.598436
2017-09-06,348.820079,1015.960587,410.611255,369.383092,1040.432529,283.79586,360.830756,257.49099,1005.497848,195.698205
2017-09-07,349.392671,1014.911667,410.682417,367.689198,1042.097421,283.983165,360.016663,256.452937,1004.850229,195.603687
2017-09-08,350.359508,1014.391794,411.132721,365.640672,1044.493024,284.225702,359.541954,256.067703,1006.644516,195.633442
2017-09-11,351.052473,1014.086401,411.904422,363.605025,1047.302109,284.177672,359.301376,255.733217,1009.79173,195.715707
2017-09-12,351.874647,1014.475519,412.814366,361.675372,1051.419482,284.148856,359.15746,255.514072,1013.488986,195.939752
2017-09-13,353.331256,1014.411163,413.52132,359.863599,1054.246075,284.007178,358.895407,255.066554,1017.08645,195.670199
2017-09-14,354.663072,1014.437714,414.384601,357.318794,1057.33302,284.033592,358.145757,254.759753,1020.643979,195.390144
2017-09-15,355.857953,1014.279428,415.513861,357.02162,1059.249512,283.959151,357.071754,254.427574,1024.272497,194.95081
2017-09-18,357.257135,1013.671716,416.881689,357.728897,1063.126215,283.935139,356.10515,254.231497,1029.189606,194.439711
2017-09-19,358.550851,1013.686011,418.079779,358.458958,1066.613501,283.968758,354.932335,253.950069,1033.989172,193.912862
2017-09-20,359.79046,1013.769772,418.971057,358.853209,1069.72887,283.582138,353.426581,253.537152,1038.94841,193.527789
2017-09-21,361.056573,1014.347839,419.864667,358.801695,1073.098022,282.969795,352.015338,252.992748,1043.222327,193.111208
2017-09-22,361.793713,1014.490814,420.583287,358.527303,1075.701447,281.980441,350.400037,252.141541,1045.577756,192.65612
2017-09-25,362.639076,1014.969809,421.020755,357.622897,1077.777637,280.952664,348.481863,251.191143,1046.744391,191.948985
2017-09-26,363.832301,1015.047415,421.559138,357.195956,1078.954663,280.148213,346.731235,250.326097,1048.201562,191.325867
2017-09-27,364.209985,1015.260873,421.651883,356.664011,1079.024676,279.000369,344.881802,249.117339,1048.092877,190.503207
2017-09-28,363.971451,1014.854376,421.871788,356.28858,1078.283014,277.938977,342.920674,247.954715,1047.962009,189.778566
2017-09-29,363.438058,1014.435617,422.31626,355.891359,1076.434357,276.896793,341.498694,246.847456,1048.088437,188.892895
2017-10-02,362.868777,1014.021976,422.955553,355.885419,1075.417035,275.912239,340.340915,245.74481,1048.594116,188.024727
2017-10-03,362.472321,1013.288644,423.57968,355.918106,1074.592236,274.990121,339.402237,244.57988,1048.960074,187.273833
2017-10-04,362.387288,1013.065976,424.012488,355.997351,1074.202826,274.065604,338.313196,243.60872,1049.878296,186.983277
2017-10-05,362.520912,1012.442954,424.386382,356.141974,1073.279596,273.064241,337.471179,242.566048,1050.009155,186.802992
2017-10-06,362.965958,1011.953723,424.531622,356.852222,1073.268646,272.101302,336.560423,241.871705,1048.651797,186.585951
2017-10-09,363.24756,1011.946576,424.206729,357.747711,1073.283966,271.186389,335.529385,241.221189,1045.240634,186.389916
2017-10-10,363.677139,1011.350128,423.827588,358.766029,1071.507495,270.15861,334.644408,240.459948,1041.357059,185.989088
2017-10-11,363.481673,1011.577893,423.224461,359.696187,1070.06795,268.986754,334.726032,239.461108,1037.386978,185.775545
2017-10-12,364.119977,1012.829041,422.984141,360.38761,1069.768225,267.730849,334.784024,238.39998,1034.257516,185.60051
2017-10-13,364.885275,1013.902445,423.005724,360.820491,1069.881976,266.755902,336.283331,237.504945,1030.986081,185.483237
2017-10-16,365.575482,1015.645874,422.967227,361.412857,1069.936688,265.855395,338.717021,236.658353,1026.849686,185.500742
2017-10-17,366.36508,1017.613001,422.98531,361.774417,1070.061401,264.858838,341.773636,235.89019,1023.427444,185.479736
2017-10-18,367.852609,1019.513715,423.214546,362.005217,1070.262671,263.5429,344.570342,234.676819,1019.233365,185.437727
2017-10-19,369.366643,1020.718884,423.323039,362.34994,1070.306433,262.24137,347.734358,233.488822,1015.316538,185.441227
2017-10-20,371.40965,1022.359146,423.606522,362.917543,1071.115924,261.31685,351.102434,232.607629,1013.318198,185.483235
2017-10-23,374.02028,1023.935068,424.347894,363.79223,1071.238428,260.502796,355.724944,232.01709,1012.011838,185.651268
2017-10-24,376.541463,1026.054373,425.220503,364.200346,1073.544336,259.724758,360.652472,231.841773,1011.109152,185.810548
2017-10-25,379.650145,1027.52243,425.437488,364.903659,1076.45625,261.13195,366.228694,235.278894,1014.081162,186.186871
2017-10-26,383.204974,1028.938263,425.438072,365.920987,1079.558496,262.250974,371.781291,238.413823,1018.080075,186.426666
2017-10-27,386.494766,1032.112317,425.267166,366.841235,1083.332391,263.430035,375.899022,241.052789,1021.744064,186.813492
2017-10-30,390.063954,1035.939771,425.375659,367.71691,1085.970843,264.58028,380.343248,243.735586,1025.953659,187.053288
2017-10-31,393.21129,1039.671609,425.371573,368.334454,1088.206738,265.622465,385.17841,246.249989,1029.830579,187.203817
2017-11-01,396.164261,1043.095883,425.653891,369.134718,1091.212085,267.413866,392.135805,249.324944,1033.24617,187.289584
2017-11-02,398.868758,1047.256827,425.92804,369.78327,1093.921783,269.567876,399.245705,252.219967,1036.746018,187.303584
2017-11-03,401.259628,1050.945575,426.285014,370.16837,1095.683624,271.678658,406.074216,255.368736,1040.880206,187.277328
2017-11-06,403.509145,1055.41308,426.671156,370.520355,1096.927264,273.808652,412.67289,258.697437,1044.595215,187.168806
2017-11-07,404.911642,1060.68685,426.916139,371.181879,1098.372552,275.857001,418.246967,261.47712,1047.627112,187.1373
2017-11-08,405.964066,1065.632123,427.33378,371.873225,1099.479053,277.677219,422.188559,264.143771,1051.368738,187.1373
2017-11-09,406.576967,1069.628638,427.439356,372.676126,1100.356464,279.778397,426.656413,267.027262,1054.573615,186.894006
2017-11-10,406.74041,1072.846362,427.10338,373.57522,1102.563843,282.045268,429.773174,270.785024,1060.176068,186.745226
2017-11-13,406.706177,1076.56532,426.594745,374.0951,1102.849371,283.966345,431.693491,274.429755,1064.427802,186.423164
2017-11-14,406.978943,1079.168506,426.02428,374.726129,1103.291486,285.897027,433.076805,278.026042,1067.153613,186.04859
2017-11-15,406.298676,1081.743616,425.228081,375.533235,1103.697595,288.411236,434.142216,281.772272,1070.17442,185.451726
2017-11-16,406.165053,1085.22085,424.753276,377.024063,1104.883618,291.345683,434.836021,285.954486,1073.703119,184.942377
2017-11-17,406.209227,1087.89209,424.48671,378.164349,1106.142316,294.575492,435.68448,290.325856,1077.387079,184.534549
2017-11-20,405.791792,1090.402759,424.193314,378.847079,1107.579382,297.264998,435.482571,294.341981,1081.558984,184.259746
2017-11-21,405.754244,1092.48277,423.950078,379.901872,1108.262463,299.827236,435.534123,297.857532,1085.112067,183.867672
2017-11-22,405.55215,1094.956048,424.651784,380.783322,1108.536658,300.461189,434.81884,298.337343,1085.932696,183.479098
2017-11-23,405.543317,1097.872754,425.205914,381.927244,1108.626251,301.431334,434.176587,299.004007,1085.597772,183.12028
2017-11-24,406.012659,1099.997815,425.909953,383.458592,1109.240478,302.202167,434.670627,299.989009,1085.324982,182.819221
2017-11-27,406.208125,1101.424408,426.40634,384.817564,1110.741333,302.992207,434.889723,301.080122,1084.78382,182.612681
2017-11-28,406.263341,1102.679993,427.06955,386.080113,1112.432471,303.621359,434.666331,302.288882,1084.313611,182.308121
2017-11-29,406.118674,1103.812689,427.677344,387.198024,1113.231799,303.690999,432.804012,302.706412,1084.426721,181.895041
2017-11-30,405.565407,1104.034918,428.045985,388.266713,1114.594836,303.253951,430.795625,302.983228,1084.675146,181.558978
2017-12-01,404.787959,1104.236688,428.25014,388.91255,1115.079266,302.742464,428.342606,302.418065,1083.63938,181.201909
2017-12-04,404.105484,1103.556653,428.314304,390.050548,1116.312378,302.173346,426.26978,301.707573,1083.320013,180.858842
2017-12-05,404.260089,1102.030688,428.276389,390.630096,1117.492651,301.827553,425.251625,301.795232,1083.268994,180.458015
2017-12-06,405.118152,1099.947601,428.012155,391.393449,1119.267456,301.539392,424.742546,301.92672,1082.073541,179.974923
2017-12-07,405.803938,1097.507098,427.799837,392.303447,1120.987201,301.275244,425.191478,302.051285,1082.184442,179.740375
2017-12-08,406.624452,1095.310358,428.014485,393.10296,1122.572644,300.903035,426.123711,301.107809,1080.206067,179.75788
2017-12-11,407.527789,1093.306128,428.397711,394.174667,1124.534638,300.768561,427.614429,300.52419,1079.376562,180.036184
2017-12-12,408.166095,1091.207697,428.602448,395.408085,1125.888861,300.456384,428.718507,300.032846,1079.052759,180.211218
2017-12-13,408.849675,1089.632593,428.848598,396.451674,1128.093073,299.853648,430.033086,299.495363,1078.154517,180.410756
2017-12-14,409.239502,1085.764459,429.202661,396.947853,1130.079285,299.152452,431.339073,298.600326,1076.801593,180.731069
2017-12-15,409.412883,1082.452435,429.761461,397.991437,1132.122748,298.098261,432.389453,297.435397,1075.947687,180.962112
2017-12-18,409.416194,1079.934119,430.237425,399.117381,1134.644049,297.634802,433.83291,296.784881,1075.419824,181.102138
2017-12-19,409.270425,1077.933978,430.683647,399.874704,1137.830347,297.337038,435.265633,296.284308,1075.297839,181.397945
2017-12-20,408.992134,1076.055725,430.834137,400.870077,1141.890845,297.188153,436.545845,295.463089,1075.732562,181.578229
2017-12-21,408.240086,1074.303448,431.131035,401.488791,1145.455878,296.996045,437.737987,294.623416,1077.633325,181.749761
2017-12-22,407.562026,1073.457526,431.425601,402.087419,1149.443689,296.967229,439.101971,294.044412,1079.746991,181.832027
2017-12-25,406.878444,1072.656671,431.648421,402.902997,1153.680316,296.948019,440.414404,293.315466,1081.583423,181.966802
2017-12-26,406.579172,1071.922375,431.683418,403.92549,1157.214545,297.185753,442.603224,292.630348,1084.156214,182.2171
2017-12-27,406.087747,1071.13891,431.490346,404.961043,1160.574805,297.087297,444.274373,291.982139,1085.930542,182.360629
2017-12-28,406.146275,1070.933057,431.774413,406.109088,1164.188275,297.459506,445.773682,291.430815,1087.536316,182.563666
2017-12-29,406.388124,1072.392426,432.056729,407.781435,1169.356378,297.879741,447.728366,291.299328,1089.603412,182.845471
2018-01-01,406.568132,1072.663818,432.294711,408.74969,1172.699024,298.170302,449.601427,290.999446,1091.519684,183.097521
2018-01-02,406.511813,1072.574725,432.900174,409.660689,1176.116528,298.384019,450.714093,290.268193,1093.28736,183.339067
2018-01-03,406.250087,1072.684308,433.475886,410.283426,1179.408514,299.128436,452.20696,289.827594,1097.015674,183.673382
2018-01-04,406.001616,1073.500549,434.0621,410.596808,1182.06413,299.555878,452.563533,289.463122,1101.331726,183.960438
2018-01-05,406.051312,1075.296881,434.332751,410.8007,1183.380933,299.659135,453.201489,289.151706,1105.5258,183.984942
2018-01-08,406.325186,1076.388605,434.498408,411.418417,1185.334076,299.788808,452.499091,288.570395,1110.689105,183.962187
2018-01-09,406.885077,1078.37232,435.009377,412.038139,1187.388538,300.028941,451.895499,287.917569,1116.449024,184.277248
2018-01-10,407.496872,1082.022314,435.509262,413.012416,1189.623554,300.463586,451.425085,287.354713,1122.41521,184.641319
2018-01-11,407.855779,1086.788605,435.911737,414.271951,1192.136035,300.710925,451.186658,286.810309,1128.392487,184.835606
2018-01-12,408.501805,1091.514954,435.816656,415.387851,1194.3138,301.409718,450.825789,286.348947,1133.963879,184.938876
2018-01-15,409.123543,1094.906873,436.035979,416.684552,1195.875006,302.389468,449.891408,285.596933,1138.756781,185.092905
2018-01-16,409.057282,1100.550842,436.218553,419.073042,1197.297492,303.369215,448.200925,284.50582,1143.472076,185.003637
2018-01-17,409.197533,1106.695612,436.479288,421.810066,1197.674017,304.687555,446.95508,284.026009,1148.83277,185.099905
2018-01-18,409.346616,1113.301208,437.249239,424.434599,1198.04837,306.16198,445.704942,283.403175,1153.357312,185.462225
2018-01-19,409.58736,1119.702997,438.130597,426.525786,1198.310394,307.938976,444.388214,282.914134,1158.028223,185.863053
2018-01-22,410.715982,1129.473944,439.142032,428.748549,1198.248743,309.615114,442.762177,282.298219,1163.914557,186.232376
2018-01-23,411.896509,1138.893964,440.10972,431.591036,1199.140527,311.735501,440.577654,282.342049,1170.169074,186.66821
2018-01-24,412.837395,1150.409802,441.28681,434.635407,1199.732855,313.654178,437.349199,283.036392,1176.527826,187.34384
2018-01-25,413.758406,1160.681805,442.417236,437.490946,1200.536584,315.839403,433.970383,283.255539,1183.79148,188.022971
2018-01-26,414.748987,1169.432971,443.613574,440.169705,1200.752368,318.087061,430.6646,283.405481,1190.81117,188.653092
2018-01-29,415.958224,1180.920306,445.306888,443.169882,1203.077673,320.361134,426.91418,283.63616,1198.40752,189.120433
2018-01-30,416.825119,1191.758154,446.743548,446.001329,1205.792731,322.452705,423.774158,284.111357,1206.398669,189.62628
2018-01-31,417.852144,1201.611884,448.529018,448.591707,1206.629492,324.275327,420.530821,284.591171,1212.662048,189.985098
2018-02-01,418.372281,1211.626636,450.06017,451.187103,1207.46626,325.788176,417.018579,284.478139,1218.86778,190.466441
2018-02-02,417.954845,1221.292877,451.044774,453.823689,1208.155475,326.854375,412.082031,284.062915,1223.327991,190.902275
2018-02-05,417.371759,1229.407172,451.665982,455.875702,1207.598383,327.601193,408.933305,283.705363,1224.454688,191.380118
2018-02-06,416.292833,1235.45683,452.052122,457.20956,1206.015155,328.470484,406.020567,283.126359,1225.355157,191.483387
2018-02-07,415.233784,1238.640961,452.152447,458.350577,1203.674438,329.457433,402.869067,282.743429,1225.79873,191.684677
2018-02-08,414.50051,1242.548047,452.250436,459.524729,1201.512073,330.626892,399.339392,282.706521,1226.856671,191.835205
2018-02-09,413.370786,1246.693634,452.066116,460.141441,1199.708649,331.061537,395.717468,282.43663,1226.861121,191.968232
2018-02-12,412.627573,1251.368457,451.819966,460.576354,1198.706757,330.915054,392.394646,281.797649,1227.950122,192.046999
2018-02-13,412.463028,1253.897748,451.545816,460.17359,1197.05307,330.538043,389.383284,281.456244,1229.028027,192.332305
2018-02-14,412.66512,1254.507172,451.460072,459.081795,1196.093024,329.370992,386.707761,280.030647,1229.376233,192.348059
2018-02-15,413.017403,1254.805975,450.848778,458.313419,1196.145868,328.530521,383.989792,278.898013,1228.912683,192.162524
2018-02-16,412.796539,1254.410754,449.990166,458.004064,1195.690051,326.967247,380.747282,277.163306,1227.00307,191.878969
2018-02-19,411.81369,1250.452356,448.996809,457.63746,1194.844483,325.442397,377.582756,275.410145,1222.418652,191.544653
2018-02-20,410.44101,1247.223852,447.96904,456.830916,1193.234827,323.278784,374.520235,273.174864,1217.091217,191.077314
2018-02-21,409.623808,1244.507574,446.799535,456.059528,1191.680225,321.667482,372.925232,270.563576,1211.839197,190.613474
2018-02-22,408.706114,1243.052942,445.37921,455.765239,1189.641168,319.628743,371.468861,268.692769,1206.316602,190.118128
2018-02-23,408.007076,1242.123901,444.277948,455.368506,1187.456806,317.801321,370.421097,266.981128,1201.224286,189.691047
2018-02-26,407.437242,1238.692102,443.250177,454.478597,1184.638245,316.3317,369.78938,265.244113,1197.33407,189.372485
2018-02-27,407.43945,1236.423395,442.165826,454.067787,1182.26449,314.838065,369.352666,263.124175,1193.261969,189.064427
2018-02-28,407.290366,1234.83634,440.748416,454.516765,1179.992017,312.931396,368.864067,261.036529,1188.899335,188.842136
2018-03-01,407.39086,1232.764758,439.385835,454.84119,1177.922125,310.950285,368.40357,259.011165,1182.671436,188.446559
2018-03-02,408.363773,1230.384186,438.52664,455.192732,1175.810407,309.502275,368.63706,257.387184,1178.224536,188.049233
2018-03-05,408.848573,1230.438617,438.014507,455.548294,1173.344165,308.236766,367.826331,255.793191,1175.43219,187.384106
2018-03-06,409.262694,1231.373822,437.424795,456.424141,1171.928272,306.524603,366.734549,254.169211,1172.342639,186.788992
2018-03-07,409.159993,1232.860272,436.955829,457.128235,1171.100311,304.322572,365.56494,252.040044,1169.217609,186.255138
2018-03-08,409.312392,1233.471069,436.628021,457.578218,1169.497247,302.550375,364.332631,249.982385,1166.396417,185.721287
2018-03-09,409.649213,1234.752216,436.646106,458.668005,1168.074756,300.915059,363.452719,247.991623,1164.677527,185.297704
2018-03-12,409.976092,1236.494275,436.536444,460.334322,1167.182922,299.685568,363.329486,246.335346,1162.883228,185.306455
2018-03-13,410.337207,1234.841534,436.345123,461.961467,1166.130359,298.633777,363.411638,244.76442,1160.765125,185.292452
2018-03-14,410.235608,1234.33031,436.127551,463.629794,1164.699054,298.014227,362.884125,243.880919,1158.194568,185.346713
2018-03-15,409.708844,1233.177466,436.114719,464.996799,1162.135931,296.707895,362.516597,242.727522,1155.743774,185.257446
2018-03-16,409.239503,1230.973456,435.816074,465.877672,1159.804034,295.605676,362.389046,241.834795,1153.122205,185.049155
2018-03-19,408.543777,1229.072266,435.455014,466.178992,1158.636957,294.395395,361.753435,240.886704,1152.414685,184.87587
2018-03-20,407.852467,1227.431818,435.178534,466.733429,1157.82002,293.182718,360.988104,239.938612,1152.543335,184.734094
2018-03-21,407.135759,1223.622278,435.196031,467.137203,1157.159418,291.74191,360.92541,238.771375,1153.721051,184.413782
2018-03-22,406.777956,1219.129071,435.365773,467.148256,1156.516449,290.056166,360.903793,237.338856,1153.90957,184.105723
2018-03-23,405.886763,1213.839246,434.910805,467.38831,1155.569568,287.789296,360.348177,235.435753,1152.410254,183.648885
2018-03-26,405.056308,1209.431226,434.699652,467.722778,1155.173206,285.608874,360.276831,234.146257,1150.332068,183.353077
2018-03-27,403.93652,1205.434857,434.583579,467.799109,1154.576459,283.771846,359.528802,233.534956,1148.976929,183.090526
2018-03-28,402.349605,1201.618109,434.605745,466.979504,1155.26347,282.095706,358.238121,232.699896,1148.655341,182.756211
2018-03-29,400.89852,1197.746954,434.742819,466.397952,1155.664221,280.818188,356.982033,232.134732,1148.4646,182.458653
2018-03-30,399.447435,1193.8758,434.879894,465.8164,1156.064972,279.540671,355.725944,231.569568,1148.273859,182.161095
2018-04-02,398.759438,1189.847577,435.594431,465.439743,1158.335236,277.547555,354.5866,230.76911,1149.837488,182.091082
2018-04-03,398.509859,1187.14671,436.406964,465.220785,1160.766248,276.346883,354.080707,230.489989,1151.922327,182.161095
2018-04-04,398.623605,1184.753815,436.997842,464.821025,1163.567181,275.479997,353.728308,230.519978,1153.379498,182.115586
2018-04-05,398.551823,1183.809375,437.651717,464.638226,1167.488959,274.601104,353.408343,230.635317,1155.375629,182.14359
2018-04-06,398.50544,1182.088849,438.495743,463.907016,1170.750122,274.022378,352.664636,230.932894,1156.531165,182.1996
2018-04-09,398.189601,1179.455744,439.333357,462.410442,1173.718426,273.071447,350.881036,231.292754,1157.322968,182.049071
2018-04-10,397.862721,1180.498718,440.040311,460.996231,1176.843048,272.324628,349.119055,231.689523,1159.414453,181.952803
2018-04-11,397.902478,1183.111298,440.674355,459.860242,1180.905737,271.292051,347.50625,231.689523,1161.610181,181.851283
2018-04-12,398.27574,1188.645471,441.234319,459.460484,1185.873431,270.586057,345.765886,231.694136,1164.375916,181.725258
2018-04-13,399.132697,1195.371466,442.074266,459.451436,1190.77948,270.112992,344.086055,231.631853,1168.170752,181.73401
2018-04-16,400.050392,1202.693891,443.18078,459.179237,1195.628296,269.779206,343.091562,231.680296,1172.098676,181.919548
2018-04-17,401.253009,1208.889154,444.452367,458.388765,1201.454779,269.767199,342.298131,231.636467,1175.02854,182.213603
2018-04-18,402.160767,1215.096723,445.312143,457.554097,1207.39577,269.808024,340.830171,231.564957,1177.279724,182.784212
2018-04-19,402.915022,1222.483783,446.143339,456.982584,1213.664862,270.112992,339.954584,231.777181,1181.216516,183.451093
2018-04-20,403.665964,1234.480103,447.477338,457.20054,1220.98211,270.429969,339.491928,232.072451,1185.525922,184.158228
2018-04-23,404.436784,1246.627332,447.970804,457.852406,1226.639044,270.321906,338.685526,231.8856,1188.302753,184.767346
2018-04-24,405.988367,1257.672034,448.465436,457.862454,1232.225519,270.331512,338.385014,231.251234,1191.427808,185.365962
2018-04-25,407.927565,1270.42392,448.869661,458.435973,1237.767962,270.357928,339.299516,230.66531,1193.734436,186.017087
2018-04-26,409.973883,1284.592444,449.384712,459.332912,1244.721899,270.381941,339.753525,229.894841,1195.344641,186.813489
2018-04-27,412.482912,1296.968604,449.81985,460.405623,1250.913934,270.840595,340.188075,229.55805,1198.309991,187.65015
2018-04-30,414.036702,1309.7482,449.972676,461.658125,1257.854626,271.913995,340.81288,229.569585,1201.191058,188.462306
2018-05-01,415.444722,1322.494928,450.303987,462.844333,1264.923041,272.593576,341.130685,229.380428,1204.318311,189.265713
2018-05-02,417.163051,1334.584662,451.310173,464.307764,1269.965631,272.989798,341.710086,229.08977,1209.064636,190.268656
2018-05-03,418.342474,1345.340906,451.998462,465.010848,1273.048413,273.145885,342.16409,228.287007,1211.235974,191.156077
2018-05-04,419.291092,1356.231628,452.757915,465.936916,1276.985565,273.251547,342.674307,227.468096,1213.549249,191.726688
2018-05-07,420.505855,1366.436603,453.205302,467.378249,1281.66701,273.681386,343.450444,226.815275,1216.266186,192.30255
2018-05-08,421.611287,1376.776038,453.744269,468.425848,1286.271405,274.665936,344.124968,226.203976,1216.931567,192.862659
2018-05-09,422.623956,1386.531384,454.438974,469.358945,1290.096271,275.734534,344.866512,225.786446,1217.947375,193.463023
2018-05-10,423.782393,1392.937067,455.184425,469.467429,1293.344226,276.699875,346.24583,225.516551,1218.158081,194.100147
2018-05-11,424.895557,1399.171332,456.19644,469.654251,1297.464166,277.790085,346.622006,225.48887,1219.601959,194.901804
2018-05-14,425.989944,1404.219946,457.125632,470.781206,1301.165735,278.870691,346.903056,225.701095,1220.207452,195.614191
2018-05-15,426.756346,1410.703674,458.167398,472.174324,1304.246326,279.663133,346.89873,225.694175,1220.857288,196.113037
2018-05-16,427.157214,1417.577472,459.22608,473.459972,1309.689661,280.008925,346.513905,225.53962,1220.957098,196.48061
2018-05-17,427.224577,1423.75014,460.26143,474.465387,1314.780676,280.316296,345.314027,225.380452,1219.668481,196.536617
2018-05-18,427.355991,1425.795032,460.917638,474.560806,1320.858185,280.506001,343.556368,225.272032,1217.472748,196.750157
2018-05-21,427.25329,1428.835681,461.586096,474.396085,1326.402832,280.981468,341.70358,225.364304,1215.398993,196.989952
2018-05-22,426.296942,1431.366126,462.226558,475.186557,1331.45202,281.279233,339.783774,225.97791,1212.832861,197.086221
2018-05-23,425.0104,1431.876325,462.771939,475.679723,1336.24798,281.910783,337.057565,227.177442,1211.235962,197.063466
2018-05-24,423.696249,1433.199555,463.422313,476.574658,1339.324158,282.816092,335.444759,228.806038,1210.830078,196.944444
2018-05-25,422.028717,1435.94762,464.417415,477.440468,1343.807428,283.188301,334.069763,229.929446,1209.244263,196.885069
2018-05-28,421.081203,1435.330658,465.559506,477.739789,1347.064197,283.911107,332.582344,231.11283,1208.159705,196.861032
2018-05-29,420.068536,1435.154077,466.589607,478.085306,1349.873944,284.184862,331.267882,231.93866,1207.259228,196.79237
2018-05-30,418.818439,1435.4487,467.509465,478.379597,1354.887897,284.569078,329.856136,233.145113,1205.595795,196.44391
2018-05-31,417.929454,1436.048731,469.670169,479.368944,1361.901263,284.756383,328.524382,234.42077,1205.269751,196.165292
2018-06-01,417.412631,1436.315271,471.251843,480.327145,1367.390857,285.066153,327.960115,235.562633,1205.433887,196.100782
2018-06-04,416.746721,1438.298139,472.206924,481.460129,1370.266675,284.919673,326.838068,236.323875,1204.045477,195.820253
2018-06-05,416.317136,1438.92746,473.487032,482.571007,1373.206335,283.709398,325.244716,236.946708,1202.663708,195.473987
2018-06-06,415.824603,1438.741022,474.561354,483.911905,1376.51593,282.609583,324.263193,237.968617,1201.550323,195.24526
2018-06-07,415.608156,1439.74159,475.525793,485.608353,1381.648779,281.843552,322.873067,238.969765,1201.237598,195.115001
2018-06-08,415.499933,1441.103314,476.117134,487.201356,1385.67843,280.753342,322.481755,240.01474,1199.310205,194.749758
2018-06-11,415.412692,1443.053107,476.509042,488.669804,1389.987738,279.615102,322.726057,240.955912,1197.602411,194.392456
2018-06-12,415.814668,1445.295923,476.731911,489.954443,1395.402466,278.613739,322.669847,242.563746,1197.256421,194.174126
2018-06-13,416.83838,1449.087152,476.977771,491.658936,1397.476752,278.301564,322.682817,244.621406,1197.096722,193.730083
2018-06-14,418.221001,1451.408173,477.242155,493.410371,1399.229541,277.761263,323.067642,246.462225,1196.522308,193.50617
2018-06-15,419.995657,1455.69245,477.596953,496.010905,1399.912183,277.588367,323.798378,248.243067,1197.158844,193.066804
2018-06-18,421.855344,1458.396173,478.051883,498.400732,1401.228979,277.766068,324.269681,249.737869,1197.600208,192.627474
2018-06-19,423.385941,1461.895984,478.594634,499.971303,1402.404846,277.886136,324.673965,250.600611,1197.167706,192.367718
2018-06-20,425.749202,1465.594232,479.782027,501.753571,1403.915405,277.94137,325.326874,251.066582,1196.273889,192.211386
2018-06-21,428.313452,1466.934454,480.770622,502.880614,1405.869617,277.953378,325.188509,251.073503,1194.133612,191.902509
2018-06-22,430.338788,1468.246814,481.796724,503.887769,1407.828668,278.193513,325.084738,251.35493,1192.263904,191.647244
2018-06-25,432.195165,1471.669891,482.568202,505.680435,1409.787854,277.734859,325.041502,251.18884,1187.4599,191.193835
2018-06-26,433.553485,1476.008557,483.436995,507.538042,1412.48692,277.64841,325.086903,251.331862,1182.556104,190.863596
2018-06-27,434.794893,1480.788617,484.343942,509.334534,1414.056634,277.367453,325.080415,251.080422,1176.660876,190.536927
2018-06-28,435.45565,1484.997314,484.242975,511.130634,1414.206079,276.675868,325.268503,250.501416,1170.652551,190.138855
2018-06-29,436.524648,1489.771167,484.217728,513.509926,1417.054724,276.008295,325.192834,250.162316,1166.336481,190.004974
2018-07-02,437.102683,1494.205518,484.535309,516.081537,1421.135034,275.559244,325.009068,249.970851,1161.81637,189.796118
2018-07-03,437.768434,1500.517535,484.612794,519.417853,1425.235205,275.021341,325.287959,249.691731,1158.167896,189.72293
2018-07-04,438.703107,1506.330658,485.1552,522.244733,1430.409729,274.509854,324.75396,249.105805,1154.129071,189.50872
2018-07-05,438.694215,1512.323871,485.877824,523.510753,1434.711859,273.580531,324.038353,248.496814,1149.662201,189.560487
2018-07-06,438.688355,1519.19071,486.650346,524.629253,1438.911658,272.706441,323.376799,247.767869,1146.217804,189.730068
2018-07-09,439.154717,1524.709845,487.628911,526.001024,1443.459491,271.976436,322.222318,247.193476,1143.766998,189.91393
2018-07-10,439.936722,1528.605933,488.832889,527.503621,1446.158215,271.304059,321.666699,246.312283,1140.138489,190.156699
2018-07-11,440.891837,1535.056653,490.204175,529.070833,1450.998828,270.247469,321.076489,244.992797,1136.412402,190.438739
2018-07-12,442.694873,1542.666687,491.713408,530.195572,1457.424115,269.649532,320.45601,244.077001,1134.49389,190.793968
2018-07-13,444.747856,1548.506689,493.489738,530.939569,1463.347437,268.941136,319.6215,243.168126,1133.096606,191.004607
2018-07-16,446.246298,1555.139575,495.247282,532.286566,1470.213849,267.320228,318.605388,242.003195,1131.317841,191.256301
2018-07-17,448.534511,1562.661993,497.0465,534.062688,1474.326678,266.05472,317.366595,241.378053,1130.273206,191.391967
2018-07-18,450.31476,1570.190466,498.455933,535.696793,1476.693945,264.589899,315.848912,240.743684,1129.625574,191.563333
2018-07-19,452.087988,1577.065271,499.964577,537.14053,1479.090045,262.824909,314.82415,240.353836,1128.219409,192.007815
2018-07-20,454.81998,1584.966089,501.205534,539.203738,1481.208832,261.151171,313.563736,239.820969,1126.910846,192.323773
2018-07-23,457.544109,1592.851093,501.92757,540.922226,1484.514569,260.471589,312.906502,239.724085,1127.398798,193.09314
2018-07-24,460.623556,1599.10423,502.703023,542.965887,1486.562347,259.811218,311.894713,239.69871,1129.791925,193.837517
2018-07-25,463.943121,1604.382928,503.381035,545.306937,1488.49917,259.599897,310.885089,240.166991,1133.693249,194.672932
2018-07-26,467.627327,1609.598108,504.106,547.028506,1491.480981,260.284277,310.007342,241.583363,1136.842688,195.626162
2018-07-27,471.126991,1613.735046,505.206081,548.391974,1492.27301,261.139156,309.261475,242.847485,1138.455109,196.923911
2018-07-30,475.369276,1617.758185,506.34079,548.727441,1494.280853,262.577561,309.918706,244.626023,1140.202832,198.280568
2018-07-31,480.14296,1620.65893,507.624016,548.961035,1498.192261,264.083207,310.776999,246.286912,1142.456244,199.431941
2018-08-01,484.639824,1625.392755,508.271503,549.143176,1500.779163,265.334309,311.516386,248.023926,1144.164026,200.760035
2018-08-02,489.172264,1628.374908,508.347228,550.576624,1503.463666,266.631037,312.037032,249.75171,1145.403833,201.713267
2018-08-03,493.60576,1631.293396,508.423535,552.219983,1507.222015,268.309579,312.672684,251.691724,1146.455121,202.830724
2018-08-06,497.952548,1635.290149,508.290285,553.491864,1508.925909,270.417959,313.804446,253.857801,1146.563806,203.808944
2018-08-07,501.476671,1639.273773,508.10831,554.861505,1510.836139,272.327032,314.522185,255.717075,1147.038452,204.667566
2018-08-08,505.454362,1639.194183,507.968599,555.732065,1512.566675,274.725974,315.638681,258.005415,1148.080865,205.567244
2018-08-09,508.469324,1639.483106,507.411517,557.493765,1513.092486,277.641209,315.95442,260.526739,1147.413275,206.470491
2018-08-10,510.790575,1640.146234,506.631364,558.894269,1513.538415,280.563647,316.52821,262.681284,1145.916192,207.698621
2018-08-13,513.269688,1640.766473,505.725002,560.456342,1512.544488,283.716612,317.616637,264.644363,1145.292956,208.924966
2018-08-14,515.898885,1640.824561,504.695956,562.111017,1515.319989,286.886388,318.777679,266.298332,1144.512366,210.283406
2018-08-15,518.523634,1640.961475,503.67337,563.875803,1519.779413,290.236265,320.187344,267.929232,1143.496673,211.688259
2018-08-16,520.657007,1642.085779,502.377231,566.198328,1523.770691,293.747029,321.460062,269.428648,1143.021008,212.907464
2018-08-17,522.326796,1642.75578,501.065826,567.891095,1529.490277,297.310626,322.689369,271.301762,1142.383819,214.326597
2018-08-20,524.874834,1642.934168,500.358464,568.473529,1533.366199,300.331519,323.295799,273.207171,1145.109729,215.367293
2018-08-21,527.904243,1643.707904,499.610602,568.613467,1537.120105,303.429254,323.895091,275.059525,1145.794519,216.340157
2018-08-22,530.84027,1645.207666,498.738287,568.617572,1541.537384,306.512582,324.688956,276.681197,1146.62569,217.29517
2018-08-23,534.37106,1648.128363,497.415141,569.114596,1546.101086,308.988373,325.323305,277.361699,1149.43642,218.180566
2018-08-24,537.65394,1652.24596,495.861885,569.214413,1551.512286,310.833817,325.611472,277.993761,1151.592126,218.460823
2018-08-27,540.768948,1656.656061,494.811705,570.539801,1556.109265,312.470033,325.541484,278.482799,1155.05498,218.901736
2018-08-28,543.726096,1662.007916,493.817882,571.7664,1557.864178,314.206891,325.051414,279.029509,1158.187097,219.399772
2018-08-29,545.990652,1665.969916,492.876298,572.919949,1558.82041,316.265907,324.742407,279.703093,1161.328015,219.79963
2018-08-30,548.349701,1671.529199,492.123741,574.207263,1559.900897,318.539438,325.181978,280.381291,1164.936304,220.536863
2018-08-31,549.788257,1675.634351,491.414036,575.791977,1560.659668,320.418772,325.588907,280.858797,1169.240729,221.104515
2018-09-03,550.600912,1678.843378,490.953221,577.306723,1559.275256,321.405393,325.504036,280.759605,1173.230939,221.511513
2018-09-04,551.884936,1684.301056,490.024556,579.495477,1555.776495,322.213101,325.349532,280.406667,1176.839771,221.814974
2018-09-05,552.091714,1688.667572,488.962045,581.492834,1549.322528,322.809737,324.772868,279.846112,1179.810108,222.146997
2018-09-06,553.057785,1692.855713,488.18365,583.023007,1542.861932,322.671347,325.001361,278.879565,1183.341071,222.44332
2018-09-07,554.712012,1696.454749,487.508574,584.672546,1537.805713,323.055432,325.863092,278.289026,1187.779382,222.645034
2018-09-10,556.227267,1699.798615,486.915683,585.762289,1532.54538,323.51109,326.657365,277.859964,1191.54184,222.666456
2018-09-11,556.829806,1701.570123,485.874304,587.003308,1525.72981,323.29781,327.16657,277.292494,1194.974078,222.284449
2018-09-12,557.761414,1703.246204,484.967354,588.598315,1520.520496,322.908446,327.588728,276.849591,1199.421625,222.245175
2018-09-13,558.910919,1704.716919,484.217725,589.755984,1515.615131,322.430232,327.793278,276.508183,1204.839545,222.221969
2018-09-14,560.00929,1706.901227,483.657117,590.518497,1508.717468,321.941184,328.324245,275.979927,1210.172107,221.98634
2018-09-17,559.809186,1709.564728,482.436112,591.910776,1501.105408,321.398738,328.824747,274.948792,1211.117761,221.582915
2018-09-18,559.141049,1711.767718,481.181645,593.027286,1497.220606,320.506625,329.06194,273.41708,1211.358087,221.238397
2018-09-19,558.330609,1714.26734,479.600208,594.170554,1492.543756,319.71582,329.140279,271.779259,1211.823047,220.765353
2018-09-20,557.025458,1716.043011,478.208383,595.036996,1486.96615,319.004259,329.146806,270.351354,1210.962738,220.324438
2018-09-21,555.691403,1718.538489,477.039034,595.701758,1479.882129,318.374707,329.214265,268.974198,1210.369733,220.094163
2018-09-24,554.369583,1724.65993,475.2222,596.136014,1470.92558,316.871986,328.215439,266.960369,1208.673834,219.542574
2018-09-25,552.404077,1729.38949,473.549774,596.706103,1464.697937,315.530875,327.506033,265.370987,1207.031818,219.167708
2018-09-26,551.452448,1732.299847,472.254802,597.232962,1458.259503,314.20182,326.914134,263.255659,1206.182739,218.466175
2018-09-27,550.9922,1736.716168,471.198746,597.920358,1451.481629,312.383116,325.76951,261.260284,1204.536243,217.518303
2018-09-28,551.354614,1741.084814,470.551259,598.311386,1443.862897,310.595769,323.797971,259.225692,1200.158325,216.729301
2018-10-01,551.411313,1749.492236,470.086337,599.526669,1441.342548,309.623701,321.31505,257.726276,1194.996472,216.154507
2018-10-02,551.183411,1755.991217,469.894379,599.917706,1440.947644,308.924199,319.069322,256.685912,1190.000848,215.708241
2018-10-03,550.696487,1759.459582,469.721797,599.860074,1441.264917,307.672334,316.736551,255.539439,1185.393817,215.170937
2018-10-04,547.6026,1759.023968,468.612918,599.038901,1439.727411,307.0862,314.031664,254.381429,1181.386542,214.324811
2018-10-05,542.494295,1759.969861,467.536911,598.701379,1436.168756,305.745087,310.071176,252.845106,1175.991071,213.112746
2018-10-08,539.2381,1759.837097,466.408067,598.026337,1433.90799,304.681358,306.014944,251.963911,1170.534955,211.922102
2018-10-09,535.955226,1761.726855,465.705991,597.345114,1430.438055,303.702054,302.111036,251.057343,1165.656134,210.897472
2018-10-10,532.611206,1761.712341,465.181194,595.597818,1426.03634,303.554921,298.559658,250.75054,1161.091779,209.587231
2018-10-11,528.949237,1759.057153,464.308882,592.735043,1421.565832,303.014619,294.583942,249.682496,1155.413288,208.102053
2018-10-12,526.134381,1752.954358,463.748276,590.475284,1418.916803,302.582858,290.512475,248.441444,1149.860602,206.96139
2018-10-15,524.218904,1747.782953,463.934364,589.357761,1415.40473,301.987073,286.554164,247.421844,1144.094525,206.26521
2018-10-16,523.032707,1743.283661,463.976042,588.376062,1410.135528,302.073907,283.085474,247.260371,1139.456061,205.529759
2018-10-17,521.710887,1737.122791,464.131601,587.783334,1406.359442,301.777222,279.536269,246.782866,1134.020178,205.0585
2018-10-18,520.389067,1730.96192,464.28716,587.190607,1402.583356,301.480536,275.987064,246.30536,1128.584296,204.587241
2018-10-19,517.805455,1723.081409,464.25781,586.295343,1400.679779,301.400938,272.366049,245.867072,1123.029352,204.069569
2018-10-22,514.038982,1710.823993,465.11721,584.718863,1400.433514,302.286168,269.299937,245.682528,1118.009015,203.732192
2018-10-23,510.127991,1696.898077,465.498187,581.895203,1396.936981,302.853006,266.053209,244.978958,1112.6922,203.191314
2018-10-24,505.55553,1684.876849,465.780547,579.094171,1395.836548,303.282356,264.075145,244.60295,1107.582019,202.998525
2018-10-25,500.598418,1671.105273,465.694255,576.254651,1394.080255,303.923968,261.409435,243.874004,1102.714423,202.79324
2018-10-26,495.861421,1655.30647,465.167696,572.568652,1392.249597,304.411206,259.64245,243.07124,1099.360791,202.19167
2018-10-29,492.661922,1639.516028,463.88623,568.663312,1388.675976,306.118954,258.221463,242.796732,1099.953796,201.70613
2018-10-30,488.777611,1624.715064,462.445682,565.37587,1386.894067,307.648209,256.735197,242.764436,1100.993811,201.058146
2018-10-31,485.579219,1615.562219,461.043871,563.950662,1387.431195,310.122998,255.59928,243.211953,1103.332153,200.519053
2018-11-01,484.111763,1610.37746,460.509091,562.582474,1389.333655,311.917583,254.874645,243.883231,1106.42522,200.17275
2018-11-02,484.690962,1602.695294,460.323003,560.312921,1393.293933,314.192169,255.024796,245.128898,1112.301373,200.413737
2018-11-05,484.266287,1595.114868,460.452148,558.617184,1397.290112,316.06394,255.4831,246.476066,1118.357233,200.642226
2018-11-06,484.578677,1588.68313,460.522003,556.80434,1403.005884,318.324056,256.292429,247.560258,1124.772479,200.956398
2018-11-07,484.769891,1584.64397,460.413991,556.080151,1408.578229,320.063162,256.888934,247.924728,1129.952295,201.311627
2018-11-08,485.279054,1583.245483,460.653493,556.471442,1414.219366,322.195438,257.909779,249.05044,1136.246246,201.841793
2018-11-09,484.543106,1583.034814,460.225557,555.972647,1419.213275,324.002084,258.440817,249.950088,1142.236938,201.914981
2018-11-12,483.214609,1581.764606,459.20414,554.846182,1425.311871,325.883504,258.770365,250.630591,1149.011578,201.606165
2018-11-13,481.783838,1580.799017,458.44101,553.928262,1431.277154,327.825224,259.032947,250.988142,1156.489282,201.399097
2018-11-14,480.597644,1578.940851,458.243187,552.074487,1438.522742,330.324135,259.699467,252.023891,1164.252252,201.042082
2018-11-15,479.386993,1576.758405,458.249646,550.353876,1445.346625,332.987067,260.502032,253.142684,1172.635193,200.61545
2018-11-16,479.967307,1575.81969,458.67876,549.29964,1450.686389,335.500447,262.60096,254.51753,1181.305658,200.154901
2018-11-19,481.909465,1575.963123,458.854868,548.428952,1456.286639,337.203374,264.947278,255.800105,1190.766797,200.012096
2018-11-20,483.748232,1577.401605,459.178903,548.049634,1463.014276,338.894237,267.07203,257.082683,1200.308789,199.935337
2018-11-21,485.241258,1575.884155,459.490025,547.063492,1468.05697,340.570628,267.926217,258.529042,1208.538995,199.721128
2018-11-22,486.84323,1574.202478,459.9209,545.898425,1472.677936,342.119179,269.451055,260.058445,1217.910284,199.469433
2018-11-23,488.131702,1574.76167,460.441003,545.363739,1477.892419,343.875169,270.871441,261.654745,1227.465765,199.455151
2018-11-26,488.61974,1573.726459,461.890946,544.394247,1486.420349,344.210449,272.753419,262.508257,1234.685156,199.53191
2018-11-27,490.202812,1573.537286,463.666687,543.532931,1492.679071,344.642212,274.41981,263.257965,1241.888824,199.742549
2018-11-28,492.235021,1575.439337,465.750613,542.700735,1497.610193,344.835178,275.480495,263.40329,1246.646356,199.817523
2018-11-29,494.730809,1576.470386,468.32001,542.465643,1504.78822,345.245233,276.627177,263.426357,1250.94563,200.17989
2018-11-30,496.790805,1578.748669,470.421548,542.68201,1509.944702,345.279005,277.239374,263.394063,1254.283539,200.270927
2018-12-03,498.261601,1582.55484,472.268318,542.863006,1518.224963,345.561218,277.965671,263.018054,1257.758459,200.390528
2018-12-04,499.333284,1585.803876,473.90024,543.645264,1526.065674,345.795189,278.558119,262.838123,1260.276501,200.55297
2018-12-05,500.321591,1588.489606,475.558574,543.89075,1535.180444,345.578101,278.845566,262.542854,1261.572583,200.385172
2018-12-06,500.609525,1590.591211,477.191667,543.599478,1542.215655,345.180107,278.746823,262.039976,1262.181317,200.135262
2018-12-07,501.506673,1594.16662,479.095966,544.568982,1548.985358,344.955783,278.93114,261.677806,1263.587451,200.021017
2018-12-10,501.734575,1596.700592,481.064832,544.777036,1555.299872,344.666331,278.876285,261.504799,1263.612158,199.899632
2018-12-11,501.69233,1599.405011,482.612224,545.143204,1560.824518,343.793161,278.555923,261.652435,1262.277905,199.822873
2018-12-12,501.971369,1605.065418,484.109715,546.195932,1566.34024,342.989941,278.742436,261.72856,1262.978742,199.808591
2018-12-13,502.198158,1609.628241,485.590773,547.916476,1573.011761,342.003401,278.685385,261.894647,1264.234375,199.837151
2018-12-14,501.860198,1613.916693,486.663847,550.213324,1580.662811,341.248422,278.09294,261.816217,1264.789191,199.808588
2018-12-17,501.413287,1617.735327,488.029257,551.990045,1587.325397,341.057867,277.142828,261.878502,1264.375885,199.642576
2018-12-18,501.391054,1622.291907,489.473329,553.454697,1593.874194,341.267718,276.521854,262.307564,1265.067725,199.439078
2018-12-19,501.922452,1628.796265,490.70255,555.358328,1600.784442,341.738074,276.083005,262.937319,1266.534509,199.499771
2018-12-20,502.49165,1634.679077,492.251697,557.284848,1607.886615,342.225313,275.587105,263.46096,1268.360699,199.57653
2018-12-21,502.43273,1638.140149,493.492073,558.343817,1613.616547,342.329033,274.711597,263.88541,1268.803217,199.442651
2018-12-24,501.974707,1641.150165,493.854263,559.490149,1615.430572,342.155362,273.59472,264.192214,1268.030524,199.09813
2018-12-25,501.106462,1642.324664,494.049738,559.910407,1617.722095,342.063702,272.75871,264.36061,1266.826544,198.782171
2018-12-26,499.899146,1638.387531,494.438347,558.980426,1620.372858,341.911742,273.037381,264.803516,1267.691321,198.584026
2018-12-27,498.825235,1636.242255,494.133095,558.803586,1622.443494,341.595758,273.015437,265.068797,1267.808136,198.341256
2018-12-28,497.891402,1633.240552,494.067934,558.366681,1625.480261,341.865907,273.149289,265.537076,1268.118121,198.214515
2018-12-31,497.108756,1629.525848,494.166554,557.892337,1625.214734,342.09023,272.831123,265.956912,1268.569604,198.168101
2019-01-01,496.41283,1625.033728,494.90092,557.051825,1624.92243,342.370032,272.872815,266.743532,1269.557941,198.198448
2019-01-02,495.328915,1621.564307,495.244919,556.537946,1622.088702,343.006821,272.866232,267.377901,1270.937128,198.385883
2019-01-03,494.641879,1617.708252,495.418089,556.564987,1621.504108,343.759387,273.283141,268.090701,1271.633453,198.59295
2019-01-04,493.860347,1612.787891,495.53373,555.659976,1619.603046,344.386526,274.095015,269.117224,1271.101111,198.839288
2019-01-07,494.182742,1609.549231,495.908247,555.763992,1619.118848,345.416484,275.411568,270.136823,1271.822156,199.239144
2019-01-08,494.340607,1605.12359,496.418372,555.578821,1618.045593,347.218303,277.123084,271.246388,1272.75658,199.580094
2019-01-09,494.346165,1599.725104,496.788197,555.478958,1615.631366,348.776503,278.393556,272.17141,1272.116394,200.092413
2019-01-10,494.356169,1595.815009,496.872728,554.727908,1612.536585,350.221339,279.894423,272.934958,1270.595709,200.602946
2019-01-11,494.041556,1589.695209,497.062923,553.789612,1608.468964,351.506978,280.590001,273.560097,1268.717859,201.302695
2019-01-14,493.305606,1582.168121,496.727734,554.101694,1604.595465,352.225778,281.309715,274.062976,1265.38894,201.81858
2019-01-15,493.155527,1577.177106,496.568651,556.182172,1602.32403,352.732313,282.185223,274.473584,1261.45354,202.475488
2019-01-16,493.135516,1573.090314,496.530495,559.175986,1599.099854,353.156837,282.678929,274.586617,1257.293518,202.853924
2019-01-17,493.268922,1570.775031,496.470036,561.934702,1595.40708,353.757445,283.359148,274.741173,1252.587653,203.257352
2019-01-18,495.139929,1571.146033,496.694276,565.461105,1592.756305,354.616144,283.501776,274.881889,1248.000842,203.782166
2019-01-21,498.442815,1570.908685,497.486758,569.455628,1591.071704,355.530324,283.60052,274.854207,1243.946387,204.278419
2019-01-22,501.689005,1570.388025,498.134837,573.464706,1589.534363,356.316658,283.414009,274.725028,1239.289941,204.769315
2019-01-23,504.533867,1569.989764,497.935835,577.109708,1588.445496,356.873845,282.678935,274.379007,1233.845081,204.792521
2019-01-24,507.36317,1569.851569,497.90296,580.406177,1585.97323,357.315256,282.018466,274.189851,1228.018347,204.726474
2019-01-25,510.041275,1571.051715,497.587141,583.627374,1583.061401,357.143999,281.621304,273.756174,1221.102191,204.617587
2019-01-28,512.449236,1573.801471,497.146289,586.664938,1579.640851,356.34319,281.298749,273.096431,1214.943024,204.371247
2019-01-29,514.442537,1577.302057,496.083777,589.446594,1577.659479,355.527908,280.787488,272.219847,1207.582111,204.219515
2019-01-30,516.428047,1579.894141,494.982519,591.97814,1575.372418,355.59062,280.394716,271.922272,1201.694727,204.037436
2019-01-31,519.416324,1584.819379,494.608588,595.495001,1574.250085,355.648512,280.083131,272.039916,1198.069318,204.030299
2019-02-01,522.780354,1591.365344,494.291595,599.662677,1575.035492,355.139563,279.617949,271.428616,1195.218841,204.02673
2019-02-04,526.919252,1597.881952,494.106689,603.339108,1575.823132,354.505185,278.810464,270.858841,1191.786597,203.864289
2019-02-05,531.074822,1604.341931,494.23642,607.040262,1578.081189,353.178545,277.886685,269.906139,1188.300439,203.503703
2019-02-06,535.510545,1612.336627,494.305095,610.84321,1580.087091,352.071402,276.756644,269.156432,1185.081598,203.050292
2019-02-07,539.577182,1620.602295,494.407822,614.525653,1582.445557,351.065562,275.609051,268.319068,1180.74411,202.718268
2019-02-08,543.571556,1629.884619,494.534029,617.920279,1584.58313,349.934299,274.650165,267.546294,1175.898981,202.009595
2019-02-11,547.05009,1640.572558,494.980162,620.628769,1586.408319,348.810269,273.798796,266.628191,1171.972559,201.395529
2019-02-12,549.868272,1648.396802,495.071739,621.792816,1586.615833,347.437799,272.635843,265.417124,1167.747382,200.636872
2019-02-13,552.547492,1656.123358,495.183275,622.53244,1587.595367,345.942313,271.639653,264.136852,1163.466046,199.967467
2019-02-14,554.543008,1662.385431,494.92381,622.980496,1589.09256,344.463712,270.268242,262.738934,1158.144733,199.394456
2019-02-15,555.879285,1667.762164,494.576292,623.607904,1590.373334,343.023702,269.980792,261.262586,1154.784357,198.989243
2019-02-18,555.48797,1670.328644,493.89241,623.613049,1590.596454,341.43414,269.594602,259.763173,1151.637378,198.446579
2019-02-19,555.064413,1670.449463,493.284251,622.902841,1590.049774,340.189511,269.544133,258.501357,1149.712354,197.952112
2019-02-20,555.243402,1672.080603,493.318887,623.448831,1588.545898,339.118552,269.776723,257.627085,1148.593732,197.900348
2019-02-21,555.231165,1672.607642,493.479146,623.509497,1588.331683,338.467288,270.138774,256.702062,1148.088324,197.762897
2019-02-22,554.927673,1672.809711,493.425729,623.701956,1588.856042,338.218843,270.417446,256.035398,1147.859204,197.587958
2019-02-25,554.988815,1674.065875,493.910019,624.829498,1590.067627,338.800156,270.948453,255.507143,1146.754047,197.657577
2019-02-26,555.202258,1676.396966,494.532846,625.440338,1590.76156,338.865283,271.281978,254.849708,1146.205969,197.552257
2019-02-27,555.820371,1679.592566,495.20851,625.831528,1590.902136,337.88357,272.003888,253.936218,1145.76795,197.537977
2019-02-28,555.90708,1678.315564,495.180333,625.193485,1589.536603,337.193714,272.515149,252.801278,1144.808807,197.44515
2019-03-01,555.375687,1676.876105,495.096983,624.559638,1586.651575,337.174416,272.330832,252.273024,1144.087769,197.350541
2019-03-04,553.933798,1674.590857,494.843982,623.973895,1583.619275,337.159944,272.379103,251.76553,1144.139429,197.389812
2019-03-05,552.735379,1672.238946,494.762386,623.038803,1579.297296,337.671304,272.363744,251.387215,1144.193353,197.689704
2019-03-06,551.724835,1669.10581,494.546364,621.750174,1573.489282,338.281561,272.39227,250.88203,1144.310156,197.977103
2019-03-07,551.27681,1666.206,494.654961,620.032712,1567.525067,338.867696,272.23867,250.621362,1146.841669,198.326978
2019-03-08,551.041126,1664.593616,494.72012,618.001456,1562.361877,339.615437,272.038992,250.399912,1150.330078,198.916053
2019-03-11,552.171738,1662.464581,494.588631,615.844699,1558.352258,340.860068,272.986908,250.715944,1154.824805,199.481923
2019-03-12,553.838193,1660.833435,495.073512,614.024732,1555.68811,342.977872,274.766448,251.246507,1161.206372,200.167393
2019-03-13,555.859283,1658.704394,496.210574,612.267517,1553.595172,345.274168,275.929401,252.065419,1167.125201,200.867145
2019-03-14,558.468466,1656.321222,497.55544,610.941248,1551.464301,347.394382,277.75502,253.209587,1173.960492,201.495491
2019-03-15,560.184949,1656.748273,499.344101,609.962241,1548.144159,349.958418,279.207617,254.845103,1180.851947,201.877495
2019-03-18,563.074283,1658.935638,501.358171,608.671527,1545.71875,352.819141,280.440787,256.644402,1186.889825,202.550469
2019-03-19,566.64176,1663.851977,503.51489,608.58577,1544.009607,355.47966,281.891188,258.496756,1191.366571,203.391241
2019-03-20,569.779001,1668.030853,505.753204,608.512555,1541.959064,357.780782,282.988316,260.16226,1195.605212,204.214159
2019-03-21,572.63721,1672.232666,507.902878,608.74267,1538.962469,359.787631,284.045946,261.813922,1199.504681,205.065641
2019-03-22,575.069632,1675.565771,510.071332,609.083652,1534.923846,361.705232,284.822711,263.064204,1204.641815,205.918907
2019-03-25,577.118518,1675.528284,511.901668,608.26153,1530.626416,363.05117,285.250594,264.164542,1209.174725,206.57403
2019-03-26,580.386945,1673.193005,514.257977,607.644415,1526.679285,365.265456,285.792574,265.878488,1213.979419,207.213087
2019-03-27,583.182898,1669.434924,516.690593,607.412207,1524.19364,367.564165,285.895705,267.776976,1217.652014,207.855713
2019-03-28,586.05,1670.136969,519.33513,607.558646,1522.01814,369.995537,286.417938,270.081463,1221.86369,208.710764
2019-03-29,589.028272,1670.341125,521.911568,607.387106,1519.753394,372.22912,287.396576,272.206018,1225.374548,209.489056
2019-04-01,592.7147,1671.851446,524.593663,607.939374,1517.760858,374.351747,288.851366,274.503582,1230.030981,210.169171
2019-04-02,596.095407,1675.651184,526.797931,609.064829,1516.089648,375.987132,290.984177,276.92802,1234.700897,210.717188
2019-04-03,598.550055,1678.971814,529.011003,609.935077,1514.79552,376.959196,292.765909,278.884177,1237.443542,211.088483
2019-04-04,600.391049,1679.021814,530.859538,610.97894,1513.061823,377.825134,294.922859,280.731917,1238.1758,211.256277
2019-04-05,602.320975,1680.088379,532.942293,612.943253,1511.16524,378.78755,297.027147,282.385886,1239.721216,211.347318
2019-04-08,602.880161,1682.419482,534.831911,615.286194,1508.931738,379.33027,297.955318,283.560042,1240.938666,211.340177
2019-04-09,602.949085,1685.713,536.196735,617.530811,1506.508563,379.762029,297.946539,284.844927,1240.323193,211.40444
2019-04-10,602.595557,1687.369165,536.323529,619.382157,1504.123315,379.872984,298.04528,285.66384,1240.006482,211.397298
2019-04-11,602.712283,1688.706573,536.708029,620.819299,1502.922882,379.976701,298.218626,286.724965,1239.927856,211.42943
2019-04-12,603.189203,1687.64624,536.851846,622.040973,1503.960425,379.942934,298.405138,287.502354,1238.328534,211.963169
2019-04-15,602.969083,1691.416803,537.172955,622.76478,1505.05376,379.687256,299.153378,288.270514,1237.340198,212.389801
2019-04-16,602.239792,1695.95816,537.610873,622.842169,1506.789685,380.102133,299.68,288.856438,1238.393683,212.666486
2019-04-17,601.534964,1700.822418,537.681903,622.220865,1509.065582,380.782337,300.327306,289.407759,1238.865393,212.962807
2019-04-18,601.768427,1706.447022,537.619089,621.304608,1511.401733,381.337112,300.895616,289.73071,1238.407153,213.159163
2019-04-19,602.751175,1712.463269,537.824548,620.214725,1514.161835,381.944956,301.571445,290.318942,1236.879712,213.380509
2019-04-22,603.215872,1719.846094,537.676618,619.620618,1517.107123,382.47561,302.554471,291.059422,1236.133966,213.621493
2019-04-23,603.140274,1727.028943,536.90116,619.63945,1519.802496,382.591388,303.296317,291.14016,1235.028815,213.978509
2019-04-24,604.035193,1736.009607,536.669879,619.92186,1523.006604,382.972496,304.653116,291.230124,1234.768256,214.455124
2019-04-25,604.310898,1744.121509,536.207889,619.534857,1525.251263,382.724051,305.874156,290.639584,1233.350885,214.603287
2019-04-26,605.040176,1754.047888,535.951355,619.543228,1528.082758,383.044858,306.94942,290.3397,1232.070532,214.765729
2019-04-29,605.061298,1762.668103,535.589163,618.827792,1530.642041,383.47662,307.548532,289.866808,1229.644604,215.026348
2019-04-30,605.130222,1770.211347,535.854492,618.490994,1533.79035,383.975922,307.214696,288.987921,1226.895209,215.149519
2019-05-01,605.521545,1777.75459,536.14448,618.409402,1537.668292,384.71884,307.163916,288.50119,1225.569928,215.335166
2019-05-02,606.677725,1786.124817,536.988028,617.69397,1540.211938,385.046883,307.001122,287.871437,1225.122949,215.699322
2019-05-03,607.899493,1789.612091,537.720038,616.200342,1541.749292,385.589603,307.191429,287.546179,1224.664703,216.045623
2019-05-06,609.136832,1793.240979,538.178504,614.156537,1541.927789,386.274632,307.551932,287.359329,1223.723535,216.554371
2019-05-07,609.338052,1795.759558,538.590595,612.648273,1542.686426,385.760864,307.653185,286.930266,1223.337176,216.754298
2019-05-08,608.627667,1800.450897,539.411252,611.252966,1542.443213,385.181966,308.241997,286.346646,1222.834015,216.966723
2019-05-09,606.618811,1806.827539,539.803378,610.347165,1542.146466,384.764679,308.119588,285.626926,1221.865887,217.089893
2019-05-10,604.57438,1811.881342,540.17027,609.054358,1540.620264,384.306384,308.603707,285.294745,1221.623291,216.80428
2019-05-13,602.170865,1812.525043,540.15148,608.728015,1539.725525,383.51281,308.574999,284.893364,1219.859991,216.225917
2019-05-14,600.318762,1810.881397,539.950128,608.299173,1537.938281,382.229585,309.358144,284.842615,1218.080981,215.767154
2019-05-15,598.387729,1809.364813,539.734689,607.964465,1534.926068,380.784755,309.885582,284.67422,1215.583166,215.404784
2019-05-16,595.706287,1807.644104,539.934274,608.635962,1532.618921,379.728265,310.20285,284.902591,1214.525195,215.060268
2019-05-17,593.070419,1805.369269,540.737909,608.922549,1532.480579,379.019118,310.675458,285.292439,1214.579108,214.953165
2019-05-20,592.637961,1804.640118,542.659229,608.979037,1533.937598,379.655908,311.597362,286.891048,1218.680725,215.138816
2019-05-21,592.103226,1802.752771,544.518912,608.188287,1535.769488,379.83199,312.273673,288.381236,1223.213635,215.228069
2019-05-22,591.01153,1798.515509,545.998203,607.071207,1536.470117,380.037013,312.7827,289.781461,1227.726318,215.201933
2019-05-23,590.155508,1792.642999,546.804184,605.920651,1537.347009,380.782347,313.274996,291.442351,1233.159967,214.837346
2019-05-24,588.911508,1784.703967,547.889005,604.715707,1537.447418,381.966675,314.601329,293.41927,1241.513721,214.540408
2019-05-27,587.084973,1777.06283,549.384738,603.46474,1538.54519,383.331909,315.750816,295.689154,1252.19682,214.258035
2019-05-28,585.549704,1769.288348,550.54411,602.492001,1539.401996,384.624782,316.96005,298.000558,1262.347552,214.018903
2019-05-29,583.776529,1762.922131,551.711697,601.506711,1540.435083,385.386998,317.84427,299.786014,1271.507696,213.750642
2019-05-30,582.102298,1760.043189,552.694959,601.621762,1543.14386,386.8656,318.919675,301.88058,1280.485876,213.372096
2019-05-31,580.352472,1762.732581,553.368866,602.213772,1547.381042,387.922092,319.74893,303.841353,1289.199011,212.652564
2019-06-03,579.80329,1766.251093,554.879276,603.312033,1555.003088,388.964107,320.671388,305.995897,1298.484936,211.834848
2019-06-04,579.984494,1768.284992,556.404944,603.761792,1560.273358,390.536777,321.983383,308.161974,1307.613635,211.224701
2019-06-05,581.14512,1770.281378,558.107895,604.429111,1565.93634,392.316887,323.316886,310.660228,1317.023114,210.65918
2019-06-06,582.721524,1770.742975,559.662921,605.037857,1571.91615,393.771367,325.149852,312.394934,1324.186359,209.994778
2019-06-07,584.13895,1773.393036,561.437482,605.968762,1578.310999,395.290976,326.727112,313.963553,1331.300189,209.387144
2019-06-10,586.075546,1778.426386,563.233765,607.382898,1585.027136,397.210989,328.868364,315.689034,1340.934289,209.232296
2019-06-11,587.60303,1785.870892,565.118103,609.100363,1591.332721,399.186481,330.142122,317.18614,1349.133032,208.913542
2019-06-12,589.276154,1793.52854,566.765872,610.67767,1599.189038,401.161969,331.511472,318.657872,1357.374463,208.502036
2019-06-13,590.652448,1800.344379,568.339685,611.516153,1606.208643,402.951729,333.354001,320.076549,1365.478888,208.19631
2019-06-14,591.767496,1807.731122,569.196738,612.646194,1610.053125,404.304901,334.541724,321.209181,1372.864508,207.56032
2019-06-17,590.798084,1812.874585,569.075232,613.843228,1612.085828,404.618469,334.728128,320.893152,1374.989453,206.61334
2019-06-18,589.490717,1819.512244,569.234314,615.99567,1613.172449,405.679782,335.421167,321.00849,1377.514203,205.709276
2019-06-19,588.088849,1827.696625,569.499646,618.20354,1615.109198,406.376872,335.70555,320.904683,1379.493134,204.888177
2019-06-20,587.262854,1837.79325,570.783237,620.902692,1617.976215,407.464717,336.171559,321.040782,1383.132025,204.48036
2019-06-21,585.987723,1846.961658,571.439002,623.061447,1619.306866,407.418889,335.722276,320.766275,1382.934357,203.890481
2019-06-24,584.91492,1856.909485,571.72815,625.066806,1619.541272,407.127028,335.511975,320.37412,1380.463495,203.358862
2019-06-25,584.294589,1865.758978,572.05213,626.345712,1619.195197,407.09567,335.655364,320.212642,1378.688971,202.980173
2019-06-26,583.874362,1872.628998,572.830976,627.259549,1618.877356,407.836177,335.977985,320.650934,1378.632819,202.590562
2019-06-27,582.638138,1877.815216,573.277753,627.565802,1619.010089,408.547737,336.071187,321.047702,1378.286914,202.038917
2019-06-28,580.924991,1879.843152,573.672101,627.757855,1619.546478,409.194173,335.968425,321.451392,1378.091498,201.86778
2019-07-01,578.893897,1880.483685,574.187491,627.631519,1617.46543,409.97086,335.765292,321.732819,1377.96795,201.736694
2019-07-02,577.267471,1883.381732,574.870868,628.265515,1616.86438,410.822325,335.822647,322.291063,1377.700647,201.540068
2019-07-03,575.731094,1885.672876,575.491043,628.530371,1616.061072,411.635198,335.860886,322.925432,1378.071283,201.447218
2019-07-04,574.767239,1888.888031,576.381995,628.888745,1614.66933,412.824353,336.28866,324.332576,1380.578076,201.516402
2019-07-05,573.621066,1888.104724,576.852985,628.43031,1613.491089,413.777124,336.656689,325.652061,1382.577222,201.669334
2019-07-08,572.12915,1885.748456,576.669562,627.352423,1609.640967,414.249889,336.319728,326.159554,1380.701611,201.598329
2019-07-09,571.038568,1880.731445,576.030148,626.126868,1605.759772,414.594815,336.274321,326.731639,1380.804944,201.352548
2019-07-10,569.853482,1874.317914,575.754804,625.021582,1600.579694,415.217131,336.209796,327.202226,1380.369183,201.104945
2019-07-11,568.837381,1867.952667,575.489603,624.124194,1596.023877,415.552409,336.066408,327.972694,1379.365106,200.924703
2019-07-12,568.013605,1861.782739,575.180582,623.542914,1591.678784,416.001051,336.200238,328.886185,1376.694336,200.815464
2019-07-15,567.875757,1857.435644,575.0354,625.189169,1587.720886,416.391806,336.515692,329.910399,1374.081952,200.667996
2019-07-16,568.142569,1851.55838,574.904056,626.661466,1585.234595,416.509998,336.783348,331.031502,1372.100781,200.553298
2019-07-17,568.242627,1845.774646,574.716217,628.454105,1583.526563,416.746384,337.029497,332.579358,1369.868024,200.396726
2019-07-18,567.466653,1837.073077,574.545508,630.057932,1580.564484,416.034821,336.740332,333.432872,1364.391711,200.251077
2019-07-19,566.78851,1830.01485,574.090094,631.551444,1578.485626,415.04587,336.556319,333.737369,1358.632367,200.034423
2019-07-22,567.190952,1823.266473,572.664218,633.201941,1574.721216,414.228436,336.434439,333.628952,1352.464209,199.602939
2019-07-23,566.695126,1816.948828,570.712646,634.981848,1571.884985,413.230151,336.195461,332.966905,1346.82616,199.317102
2019-07-24,565.915817,1810.543573,568.50354,636.980261,1570.43092,411.823817,335.87762,332.111084,1340.271478,199.078601
2019-07-25,564.967523,1805.516937,566.421426,639.693619,1568.734131,410.330708,335.416391,331.14915,1333.049963,198.872871
2019-07-26,564.093719,1800.761414,564.455087,642.027234,1566.174347,409.349753,334.854793,330.288716,1326.623883,198.747249
2019-07-29,562.806357,1796.369189,561.605103,644.579361,1563.167322,408.934827,334.188042,329.469804,1319.103113,198.485082
2019-07-30,560.636295,1793.519012,558.737399,646.815381,1560.052435,408.435007,333.812845,327.765085,1311.479578,198.304842
2019-07-31,558.050455,1792.393487,555.925812,649.460852,1557.443195,407.937508,333.067229,326.198775,1303.716394,198.068162
2019-08-01,555.743658,1789.978107,552.889114,650.948001,1554.64295,407.062836,331.210364,323.880449,1294.90744,197.700395
2019-08-02,554.145221,1791.96687,549.898886,653.391922,1552.217993,405.869009,330.194701,321.010802,1287.2534,197.156033
2019-08-05,551.88096,1795.261938,547.234964,655.899496,1551.662878,404.794852,330.256834,318.471025,1281.541632,196.513356
2019-08-06,548.656395,1798.904407,545.047382,658.400702,1551.835925,403.962801,330.55078,315.790533,1275.643866,195.9963
2019-08-07,545.036876,1803.54212,542.686002,660.897662,1554.472119,402.9255,330.911639,312.823999,1270.167242,195.286261
2019-08-08,542.31801,1810.296875,540.689176,663.751032,1557.717358,402.38821,331.456512,309.647549,1264.913342,194.634482
2019-08-09,539.840578,1816.340668,539.427252,666.428314,1563.477448,402.104869,332.175838,306.314236,1261.112805,193.875287
2019-08-12,537.460976,1820.784247,538.155286,666.873822,1569.068994,402.050673,333.15804,303.144705,1258.491547,193.26538
2019-08-13,537.225331,1824.718426,536.19534,666.020996,1572.819904,401.406764,333.201056,299.407701,1252.608112,192.331406
2019-08-14,537.539565,1828.387353,534.269306,665.199988,1576.341583,401.098961,333.915605,295.594577,1247.913592,191.45205
2019-08-15,538.298479,1834.215961,532.172565,664.440506,1580.831891,401.083022,334.809389,292.185139,1244.12879,190.569052
2019-08-16,539.113832,1837.927008,530.483344,663.980136,1585.697528,401.549692,335.841776,289.181695,1241.47699,190.011945
2019-08-19,539.555373,1840.162463,529.473438,663.693738,1591.999268,402.125168,336.723608,286.229001,1239.949164,189.544049
2019-08-20,539.779024,1843.290442,529.025021,663.808298,1598.743738,402.364546,337.414256,283.530055,1237.719379,188.664694
2019-08-21,540.212123,1847.054077,528.433218,664.366245,1604.198163,402.536221,338.17899,280.660406,1234.229089,187.594174
2019-08-22,540.717595,1850.76297,527.167868,664.417154,1610.286383,402.057463,338.836182,277.304025,1230.672803,186.581913
2019-08-23,542.267506,1856.599982,525.870911,665.062076,1616.100409,401.073348,339.863789,274.005313,1225.865094,185.332972
2019-08-26,543.678352,1862.75907,526.070212,665.533035,1623.438178,400.217388,341.11126,271.071075,1224.142694,184.413561
2019-08-27,545.937401,1865.173431,526.22059,665.19148,1629.798322,399.890959,341.233141,269.140292,1223.259876,183.561513
2019-08-28,548.263829,1866.585828,526.230655,665.566983,1634.358313,399.327574,341.625064,266.958066,1221.319055,182.678515
2019-08-29,549.796959,1868.833911,526.291632,667.183548,1638.927277,398.71583,342.561859,264.990374,1220.609168,181.719054
2019-08-30,551.232964,1871.119916,526.452649,668.851025,1645.420038,398.669887,342.717194,263.394073,1218.697925,181.032681
2019-09-02,553.586037,1871.58302,527.029239,670.471826,1651.744238,399.008403,342.196218,262.176087,1217.899292,180.517448
2019-09-03,555.332953,1873.128052,527.287936,672.160513,1656.137921,398.133096,340.685871,260.653603,1214.117761,179.885696
2019-09-04,557.385184,1874.473145,528.042722,674.078326,1659.255072,397.60598,339.710837,259.970793,1211.751453,179.507008
2019-09-05,558.41969,1872.671289,528.0664,676.000375,1660.452936,396.37765,338.542227,258.999633,1209.915295,179.015443
2019-09-06,559.770694,1870.618945,527.638986,678.134573,1659.455096,394.984898,337.495497,258.19687,1208.279358,178.640397
2019-09-09,561.114993,1867.949872,527.25538,679.799927,1659.126984,393.790421,336.792899,257.580955,1207.93352,178.323611
2019-09-10,559.939578,1867.251025,527.601691,682.530252,1659.545001,393.074699,337.022318,257.334127,1209.924408,178.29448
2019-09-11,558.735083,1865.129242,527.860394,684.452298,1658.882025,391.976939,336.730762,257.126516,1211.287292,178.112418
2019-09-12,556.992639,1862.148645,528.350562,686.217355,1657.369525,391.270891,336.078346,257.001949,1212.593304,177.82112
2019-09-13,555.820578,1861.174054,528.702792,688.540359,1656.331226,391.002492,335.194127,257.038859,1213.876575,177.34412
2019-09-16,553.989786,1860.62677,529.144403,690.66395,1656.124451,390.458447,334.381598,256.939666,1213.485236,176.90171
2019-09-17,552.233923,1857.928223,529.034882,692.297476,1655.576074,389.672608,333.511714,256.489842,1212.17467,176.563075
2019-09-18,550.774435,1855.922217,528.583786,693.587329,1654.641156,389.058444,332.589253,256.628249,1212.509131,176.482968
2019-09-19,549.260141,1851.120844,528.915292,694.648059,1651.973474,388.453952,331.865147,256.881996,1212.802643,176.360988
2019-09-20,548.779233,1843.448315,531.715381,694.766864,1656.906537,389.522696,331.865147,258.293755,1218.490881,176.431991
2019-09-23,548.16189,1832.4815,534.77417,693.146069,1664.242059,391.198346,331.260533,259.841611,1227.35769,176.881683
2019-09-24,548.248007,1824.406897,537.706274,693.544907,1672.73949,392.276761,331.27726,260.621306,1233.016345,177.264011
2019-09-25,548.611484,1818.058374,540.451895,693.126974,1682.780872,393.304398,331.078909,260.406773,1237.814929,177.322272
2019-09-26,549.842822,1811.918243,543.507123,692.091693,1691.835663,395.603888,331.105197,260.745872,1244.522485,177.657264
2019-09-27,551.196066,1803.353149,546.590774,690.704254,1697.633948,397.516504,331.215132,261.084971,1251.093518,177.923074
2019-09-30,553.06824,1796.604651,549.277795,690.311783,1702.130994,398.679547,332.183002,260.944256,1257.737366,178.440128
2019-10-01,555.271451,1788.536371,552.671649,689.433496,1708.803528,400.248807,332.856923,260.369866,1265.457428,178.962644
2019-10-02,557.592096,1780.729101,555.6298,688.256082,1715.262567,401.559344,333.107849,259.486365,1272.556335,179.423259
2019-10-03,560.107342,1774.201672,558.13923,686.200382,1721.209198,403.411511,332.974023,258.602863,1278.824762,180.056833
2019-10-04,562.022012,1769.227698,559.71983,684.21893,1726.829938,404.502014,332.508017,257.495602,1283.204694,180.542935
2019-10-07,563.988123,1763.538007,561.19032,682.540857,1731.59444,405.500635,331.795859,256.162278,1285.063599,180.775974
2019-10-08,565.954233,1757.848315,562.660809,680.862784,1736.358942,406.499255,331.083701,254.828954,1286.922504,181.009012
2019-10-09,567.975146,1752.211249,565.087945,679.316239,1741.919006,408.535187,331.289223,253.707852,1289.771185,181.130994
2019-10-10,571.383978,1746.774127,566.630066,677.901218,1749.261267,409.550735,332.708757,252.189983,1292.624396,181.220205
2019-10-11,574.22467,1740.244574,568.289398,677.285996,1758.210437,410.283382,334.613419,250.476037,1295.548138,181.367673
2019-10-14,577.518314,1734.8138,570.238809,675.520929,1767.107904,411.090985,336.9817,249.126564,1299.204529,181.538811
2019-10-15,581.247,1731.220648,573.018182,672.85,1777.589771,412.599798,339.075154,248.411458,1304.599249,181.917499
2019-10-16,584.974567,1727.341223,576.030795,670.372131,1788.458228,414.338315,341.448213,247.288049,1309.431964,182.077711
2019-10-17,589.838419,1726.274616,578.847458,668.199756,1801.542615,416.949722,343.754359,246.891283,1315.058759,182.410884
2019-10-18,593.461978,1727.881036,579.543634,666.623505,1807.704981,417.931416,345.049625,245.412628,1316.710614,182.718569
2019-10-21,597.424405,1731.577667,578.874695,666.772006,1810.72099,417.520363,346.746373,243.378038,1313.038294,182.414528
2019-10-22,600.454105,1733.801532,578.531345,660.386398,1814.17749,418.016048,347.962776,241.897079,1311.274945,182.156001
2019-10-23,602.978293,1734.988495,578.576337,654.706784,1818.350378,419.026759,348.856558,241.675628,1310.442194,182.283443
2019-10-24,606.101935,1736.723468,578.424793,648.800519,1823.296387,419.162164,350.20918,240.782898,1307.821063,182.234286
2019-10-25,608.834146,1741.631293,578.064868,642.999332,1829.829559,420.124515,351.454259,240.799045,1305.652722,182.043122
2019-10-28,611.047428,1744.722522,578.101575,636.203177,1837.663971,421.836438,351.841403,241.295006,1303.411566,181.600715
2019-10-29,614.674347,1752.479242,577.952387,630.487528,1845.805304,424.389813,352.269176,242.434561,1303.277319,181.504223
2019-10-30,618.570795,1762.73045,577.941724,625.199362,1854.362305,426.640942,353.081703,244.000873,1303.741473,181.631665
2019-10-31,621.99975,1773.694354,578.102738,621.322601,1864.457941,428.369791,354.484508,246.688286,1304.424066,181.486015
2019-11-01,625.328058,1780.894782,579.294992,617.211584,1875.536633,430.707967,356.088057,249.622523,1305.538971,181.633486
2019-11-04,628.628412,1789.128449,580.477774,614.172565,1885.84397,433.338719,357.830214,252.630577,1308.012201,181.955735
2019-11-05,631.697257,1797.70221,581.723312,610.579312,1896.783856,435.865498,359.856755,255.8647,1309.921173,182.35627
2019-11-06,634.161048,1806.863214,582.398175,607.932403,1907.696252,437.993311,360.432694,258.475988,1311.140717,182.875144
2019-11-07,636.304987,1816.54754,583.893527,605.646069,1915.814496,440.645822,360.169818,261.428681,1311.593518,183.699882
2019-11-08,638.382944,1824.588025,585.238519,601.4992,1919.97641,443.59091,359.512628,264.263727,1311.379639,184.302506
2019-11-11,639.944205,1829.942548,586.667566,598.408935,1923.478674,446.876929,358.458731,267.161056,1311.063373,184.861434
2019-11-12,641.367911,1834.61084,587.654993,596.073913,1924.726813,450.01787,357.878014,269.919978,1310.369403,185.292919
2019-11-13,643.603558,1842.238519,588.518106,593.044556,1926.114276,452.457602,357.082216,272.26137,1308.949622,185.664324
2019-11-14,645.085413,1849.377637,589.794421,590.697281,1925.033453,455.264862,355.966184,274.132179,1306.951923,185.957442
2019-11-15,646.304453,1854.418268,590.952335,588.359866,1923.304993,458.265562,356.422633,276.542777,1303.759686,186.108553
2019-11-18,647.262909,1858.518359,591.73494,586.078302,1921.508746,461.193726,357.650986,279.101009,1299.969043,186.263305
2019-11-19,649.401251,1860.989172,592.506885,589.399368,1917.957471,463.241745,360.769659,281.864544,1296.474182,186.27787
2019-11-20,652.873831,1862.644275,593.258707,592.080289,1913.134314,465.171281,364.447543,284.325889,1294.153388,186.265125
2019-11-21,655.136319,1864.198224,594.377557,595.427139,1909.307422,467.274913,367.026126,287.502341,1292.353632,186.143144
2019-11-22,657.715308,1861.906055,595.224091,597.822342,1904.032465,468.614467,369.200832,289.705325,1290.24444,186.141322
2019-11-25,660.63093,1860.035736,596.220987,600.428064,1900.295947,470.00238,372.845259,292.222035,1288.235358,186.143143
2019-11-26,662.715595,1853.656378,596.991757,602.144446,1895.69422,471.612749,376.308063,294.752585,1283.771246,185.993853
2019-11-27,664.745456,1845.111841,597.703326,603.654605,1892.253638,473.273894,379.433907,297.227771,1277.457306,185.540522
2019-11-28,667.338986,1836.834174,598.530927,604.352756,1888.26861,475.986857,382.416364,298.930182,1271.853247,185.141808
2019-11-29,669.44714,1830.478491,599.357336,604.715799,1881.760199,478.421751,385.733389,300.235829,1266.444885,184.599265
2019-12-02,672.329205,1823.035944,600.041672,604.015497,1876.566583,480.375467,389.58573,301.352316,1261.03653,184.023952
2019-12-03,675.272784,1816.542511,600.418173,604.112167,1870.073993,482.3582,393.177583,302.138931,1255.275494,183.337582
2019-12-04,677.9077,1811.807526,600.299774,603.963944,1864.134869,484.706044,397.476813,303.260033,1247.632794,182.67488
2019-12-05,679.971121,1809.050433,599.871176,603.738391,1859.580542,487.102249,401.090172,304.092786,1241.587335,181.986688
2019-12-06,682.418137,1808.777112,599.645038,604.036978,1856.853839,488.811751,404.708311,304.277332,1235.571472,181.362219
2019-12-09,685.656973,1807.03374,599.12883,604.589056,1853.546546,490.248024,408.261926,304.205824,1229.155151,180.706799
2019-12-10,688.657593,1803.241406,598.767722,605.025134,1851.016364,491.790688,411.870506,303.982065,1222.875348,179.838366
2019-12-11,690.672919,1797.357056,598.559341,606.301151,1847.376965,494.102266,415.414565,304.258882,1217.018762,179.246668
2019-12-12,693.031586,1789.785327,598.315448,606.16366,1844.58927,495.877057,419.054216,304.990135,1212.434045,178.68774
2019-12-13,695.537881,1785.343018,597.982761,606.481592,1842.262415,497.676027,420.715118,305.481482,1209.141699,178.358207
2019-12-16,697.940167,1784.230304,597.871463,606.859674,1838.582379,499.653928,421.319734,305.792899,1206.343097,177.853896
2019-12-17,699.124539,1786.647302,597.852518,607.583612,1835.130493,501.958252,421.348412,305.908238,1204.167926,177.553495
2019-12-18,699.755304,1789.195605,598.302429,608.419247,1830.704962,504.20213,421.396207,305.822887,1201.371582,177.351408
2019-12-19,701.373608,1793.971533,598.431482,609.1754,1826.297492,506.230804,422.502678,305.675252,1197.687885,177.302253
2019-12-20,702.55015,1800.480035,599.18804,610.823044,1822.445758,508.61492,424.087108,306.069716,1194.634448,177.065575
2019-12-23,702.770471,1806.945483,599.929205,612.451361,1817.385413,510.718553,424.249611,305.899013,1191.467236,176.743324
2019-12-24,702.461795,1814.218048,600.263083,614.290204,1812.327289,512.18868,425.434947,305.712164,1188.645874,176.364636
2019-12-25,701.938394,1821.161304,600.517636,615.907785,1805.692352,513.910275,426.572488,305.153923,1187.07594,176.066054
2019-12-26,700.486737,1826.524762,600.639578,617.072098,1799.267517,514.858113,427.093462,304.256583,1183.863232,175.705572
2019-12-27,700.289902,1832.777136,600.640765,618.816412,1795.408997,516.637741,427.698077,304.044356,1182.45481,175.359656
2019-12-30,699.343756,1839.756995,601.029111,620.543536,1790.621997,518.23602,427.788888,303.8552,1181.041858,175.113873
2019-12-31,697.893219,1844.522156,601.424554,621.95274,1785.857581,519.665041,427.631161,303.739862,1180.359259,174.882652
2020-01-01,696.929175,1848.357544,602.062717,623.155713,1780.822076,520.027741,427.244015,303.398454,1181.490082,174.698769
2020-01-02,696.581354,1849.922272,603.037128,624.008533,1776.331042,520.632233,427.619215,303.541475,1183.451392,174.44024
2020-01-03,696.184332,1853.238904,603.56636,625.336108,1771.876129,521.311685,428.10912,304.173534,1185.465021,174.263641
2020-01-06,694.593991,1859.265308,603.518997,626.264121,1767.687793,521.273,428.290745,304.279645,1187.319385,174.032421
2020-01-07,693.758563,1867.573145,603.781839,626.837686,1762.959552,520.992519,428.199933,304.510324,1189.207874,174.023319
2020-01-08,692.656958,1876.756958,603.984296,626.71525,1759.295331,520.624988,428.969443,304.833275,1190.447906,173.899517
2020-01-09,692.205136,1885.084137,604.169,627.808673,1756.028687,521.15452,429.994661,305.218509,1192.106592,173.799383
2020-01-10,691.416675,1891.209552,604.61535,628.962241,1753.67019,521.309268,431.3903,305.204666,1192.984851,173.668301
2020-01-13,690.904459,1893.947253,605.293762,631.520706,1754.578339,521.277826,433.63909,305.153919,1194.427386,173.75387
2020-01-14,690.159616,1895.75307,605.729465,633.494873,1756.722211,521.106149,435.044286,304.927853,1194.798261,173.833978
2020-01-15,688.9965,1898.299219,605.537659,635.002887,1760.928613,520.825665,436.456651,304.803288,1194.991669,173.733845
2020-01-16,687.384903,1898.718921,605.510428,636.556015,1765.363184,520.678171,437.625258,304.57953,1195.335242,173.60276
2020-01-17,686.980048,1898.555353,605.071173,638.115582,1770.658478,519.998721,439.835814,303.663731,1195.000769,173.559065
2020-01-20,686.106595,1895.91452,603.946405,639.509744,1775.73916,519.686801,442.412007,302.814833,1194.92569,173.668303
2020-01-21,685.825885,1893.996845,602.885571,640.759976,1780.663965,519.200787,445.021657,301.995921,1194.987116,173.657382
2020-01-22,685.532868,1893.622376,601.741852,642.341022,1785.421613,518.318224,447.762743,301.290041,1194.677673,173.631892
2020-01-23,685.788974,1893.363056,601.135663,644.721191,1790.4797,517.783855,451.4,300.983237,1197.08949,173.671947
2020-01-24,685.323728,1892.926495,600.41463,646.68891,1796.073193,517.031862,454.70508,300.374245,1199.801642,173.717462
2020-01-27,684.481583,1892.538019,598.781934,648.630856,1801.680243,516.707851,457.281273,299.534573,1201.908557,173.586377
2020-01-28,683.535431,1893.700641,597.624011,650.643686,1807.89726,516.190402,458.975635,298.674141,1204.113318,173.333313
2020-01-29,682.869989,1893.351642,596.611716,652.914307,1814.116516,515.699553,460.741687,297.843698,1206.650263,173.280517
2020-01-30,680.822229,1892.708307,595.174378,654.890625,1819.540582,515.293333,462.395418,296.524214,1207.78335,173.069328
2020-01-31,678.015085,1887.677197,594.177478,656.177377,1824.365991,514.65499,464.371773,295.820645,1209.341931,172.947345
2020-02-03,675.420435,1883.666382,593.03732,657.40398,1836.271362,514.16414,467.258638,294.856404,1207.972211,171.946009
2020-02-04,673.223929,1879.649609,592.307993,659.979623,1846.884534,514.546175,470.785965,294.295857,1206.663922,171.228687
2020-02-05,671.777857,1875.180347,592.008453,662.830234,1857.319257,515.182102,474.346751,293.889862,1207.50578,170.582368
2020-02-06,669.760288,1871.686456,591.260181,664.71203,1867.320215,514.954813,478.490642,293.509241,1207.571771,169.772196
2020-02-07,667.210379,1868.580774,590.301169,666.39404,1876.625385,514.771045,482.431401,292.96945,1206.40683,168.876454
2020-02-10,664.792435,1867.569604,589.219028,666.379004,1884.055505,514.546179,485.767544,292.404286,1204.15885,167.831422
2020-02-11,663.077951,1865.477106,588.061105,666.288776,1890.554895,514.650153,488.871878,292.235892,1202.375025,166.715385
2020-02-12,661.880167,1863.272266,587.226407,666.868784,1901.339783,515.312677,492.301224,292.04904,1201.178217,165.646684
2020-02-13,660.45423,1861.469812,586.131235,667.953607,1911.919092,515.498859,495.458134,292.240504,1199.947278,164.596192
2020-02-14,658.365088,1860.181018,584.738885,668.752731,1920.718231,516.163803,498.562472,292.305096,1199.535449,163.421896
2020-02-17,657.154996,1861.812579,583.844989,669.654962,1929.291486,516.490228,501.246207,292.314325,1198.197577,162.071
2020-02-18,655.667542,1863.953296,583.108557,671.165124,1937.379034,516.981076,502.990747,292.491948,1197.469476,160.811134
2020-02-19,655.00658,1863.713818,582.785336,672.464764,1948.242981,518.042567,504.372046,292.685721,1196.887,159.66961
2020-02-20,654.091742,1862.240509,582.128232,673.008246,1956.888501,518.975905,505.421165,292.891025,1194.534344,158.560856
2020-02-21,653.29545,1861.092914,581.478226,673.620471,1964.774963,519.611836,506.441605,293.057114,1190.957587,157.442999
2020-02-24,651.917596,1858.767487,581.401266,674.383066,1971.723914,519.253981,507.182437,293.36853,1186.912116,156.292372
2020-02-25,650.67955,1857.576703,580.859015,675.259518,1979.540338,519.386972,509.285449,293.908316,1182.152216,155.238238
2020-02-26,648.714557,1856.23924,579.992349,674.960919,1986.859778,519.246735,511.469717,294.45041,1175.119299,153.85275
2020-02-27,647.428418,1854.843542,579.362476,674.838467,1995.753772,518.43188,513.469971,294.969438,1167.845184,152.523702
2020-02-28,645.571902,1851.439532,578.210467,672.937335,2002.10177,517.058472,514.762846,294.256638,1159.5745,151.154601
2020-03-02,644.020706,1847.073438,577.897897,671.805252,2001.220728,516.601474,515.159549,293.762985,1153.852142,150.70673
2020-03-03,642.151883,1843.986523,576.761291,670.050201,2001.719983,515.825308,515.250363,293.006357,1148.826038,149.912942
2020-03-04,639.718283,1841.253381,574.492804,668.941751,2002.422546,514.338258,514.456953,291.820665,1142.755548,148.858807
2020-03-05,636.438071,1841.111035,572.398361,668.222113,2005.20575,512.544128,513.50582,290.27742,1136.605432,147.930294
2020-03-06,632.799969,1840.243842,569.857562,666.574469,2006.513745,510.121326,512.535565,287.968325,1130.230072,146.777845
2020-03-09,625.609885,1832.063855,566.7082,663.62074,2004.805884,506.43634,510.506636,284.967188,1121.886575,145.563496
2020-03-10,618.036197,1824.252777,563.551739,660.651974,2003.398474,502.470871,508.688008,281.696155,1113.470276,144.274502
2020-03-11,610.951242,1814.888513,560.350287,656.568304,1998.638568,498.425604,506.498964,278.231356,1105.263303,142.912683
2020-03-12,601.754782,1796.67771,555.138452,649.649057,1988.361981,492.847354,502.914281,272.932656,1092.717349,140.869952
2020-03-13,593.20363,1780.373846,551.597206,643.458035,1978.338409,488.07912,499.418019,269.361742,1081.627576,139.215014
2020-03-16,582.857469,1758.506616,546.443387,634.594685,1964.300439,481.371675,494.63605,265.170299,1067.452515,137.119489
2020-03-17,572.58177,1734.44339,540.804138,624.167473,1953.892834,472.959563,490.16476,260.445989,1052.453812,135.127738
2020-03-18,560.608363,1711.061841,532.50925,612.732776,1937.250165,463.783371,484.53203,255.594804,1035.304944,133.088651
2020-03-19,547.897945,1689.123657,524.895145,601.929642,1918.727936,453.702855,479.711826,249.873962,1015.396155,131.428252
2020-03-20,537.429883,1674.186652,516.98031,592.830006,1909.847467,443.968109,475.747165,244.439161,996.470285,130.26488
2020-03-23,524.88387,1655.486133,506.599269,581.255681,1894.239435,432.078955,469.889793,237.91786,972.095102,128.491602
2020-03-24,514.303964,1636.479077,496.355559,572.293521,1884.943298,420.741097,463.618988,231.292756,948.239313,126.594522
2020-03-25,507.37558,1620.925415,488.245368,564.70834,1878.254144,410.740373,458.512009,224.912171,928.45903,124.728393
2020-03-26,500.21681,1607.91922,481.180618,558.91474,1875.540973,401.789053,455.598857,218.951421,912.049002,123.230028
2020-03-27,494.332999,1600.916229,474.711414,555.520636,1873.995764,394.177287,452.035683,214.01258,896.632657,121.979266
2020-03-30,487.94256,1591.864496,466.472173,550.607776,1875.12077,384.858438,447.86311,209.37593,880.65715,120.664784
2020-03-31,482.818135,1583.375708,458.897131,546.075146,1881.077979,375.621797,444.044229,205.085297,864.207828,119.858253
2020-04-01,477.019321,1567.75932,451.33867,539.375009,1881.249664,366.085324,439.484511,200.529385,846.394336,119.089953
2020-04-02,471.859099,1550.33736,443.721011,532.853174,1879.516943,356.735036,434.439667,195.825838,828.316904,118.301628
2020-04-03,467.529837,1530.91579,436.118744,526.26904,1877.944635,347.077667,429.889511,191.442934,811.324969,118.161442
2020-04-06,466.708943,1517.711157,429.170026,521.167139,1879.417554,338.803377,426.433879,187.846646,796.924597,118.186931
2020-04-07,468.765651,1509.765008,424.168936,518.355182,1894.029303,332.436865,425.1888,184.75324,783.77009,118.345322
2020-04-08,469.629039,1499.592261,418.843442,516.017975,1907.848126,325.342548,423.652165,181.888204,770.184476,118.45456
2020-04-09,473.139641,1499.989349,416.5643,516.23494,1922.139081,321.331137,424.787315,180.741728,761.430658,119.526902
2020-04-10,475.704089,1498.813849,413.136705,515.972864,1937.457922,316.277582,424.636757,178.23886,751.08869,120.364384
2020-04-13,479.583762,1502.079968,410.670494,518.30363,1955.736145,312.783617,426.902277,176.400347,746.941763,121.615143
2020-04-14,483.635663,1507.002795,408.782062,521.845961,1971.206335,311.013661,429.650533,174.94015,743.338626,122.796719
2020-04-15,487.692035,1511.033582,408.46002,526.346368,1996.677484,309.674107,433.710782,173.42459,742.789203,124.204053
2020-04-16,493.291782,1514.497229,408.085886,529.710397,2023.687097,309.84095,436.373006,172.725633,746.489615,125.096154
2020-04-17,497.900633,1514.877472,408.735886,531.581456,2038.746161,311.284479,438.275276,171.959778,750.187643,125.554948
2020-04-20,505.9474,1521.350653,412.839523,537.031355,2059.839233,315.022658,442.239935,172.46266,759.487787,126.516232
2020-04-21,512.522374,1522.849963,416.484965,538.895972,2072.921588,316.732163,446.84984,172.534171,766.983728,127.604958
2020-04-22,518.815511,1523.684351,418.18633,540.427612,2086.385718,317.653409,450.305476,172.478809,770.991257,128.875746
2020-04-23,525.630939,1527.478272,419.461467,541.987183,2091.924994,318.751166,451.514709,172.199687,771.11123,129.755101
2020-04-24,533.490935,1527.219678,420.257091,542.214886,2098.365662,318.50937,453.67986,171.452287,771.76416,130.368648
2020-04-27,542.42234,1529.744623,422.578854,543.843194,2104.514893,320.177768,456.690997,171.175471,774.375858,131.120561
2020-04-28,549.454736,1531.176599,424.224573,544.668088,2104.128564,321.92354,458.829857,170.596466,776.620718,131.402755
2020-04-29,557.205129,1539.733594,427.7161,547.836636,2106.482526,324.791255,462.397812,170.760249,781.281171,131.976248
2020-04-30,565.82898,1553.018872,431.792505,552.678607,2107.176074,328.128055,466.84043,170.942484,786.966,132.546099
2020-05-01,574.519933,1568.674817,436.243045,558.255252,2109.024017,332.649658,471.158777,171.634522,792.636987,132.697208
2020-05-04,582.521964,1580.680243,438.82765,562.036029,2105.795795,335.135332,476.347006,171.789077,796.143866,132.55702
2020-05-05,588.215643,1587.527136,439.19113,563.526862,2087.569513,335.365038,479.11199,171.050903,797.770407,132.278467
2020-05-06,594.223599,1596.138464,440.552696,565.000503,2067.208386,336.450703,483.143559,170.501887,799.163928,131.741386
2020-05-07,600.643118,1601.592517,440.551512,566.233554,2050.030316,336.162964,485.024321,169.717578,799.62767,130.858389
2020-05-08,608.289505,1607.122632,440.646231,567.864014,2037.252942,335.921167,487.000679,168.744112,799.773025,129.875258
2020-05-11,616.960327,1614.773517,441.130475,569.818845,2023.768488,335.413394,488.14778,167.911359,797.749649,129.032315
2020-05-12,623.449182,1623.04151,441.277289,571.977756,2008.637158,334.956401,490.425252,167.145503,795.4125,128.429694
2020-05-13,631.519095,1632.363379,442.801059,574.345047,1986.416809,335.473847,492.597568,166.764882,794.616528,127.55762
2020-05-14,637.815839,1640.459698,443.131387,575.818695,1966.986414,334.767799,494.480722,165.81679,792.770807,126.736523
2020-05-15,643.390616,1644.227576,442.606889,576.830478,1951.041791,332.212006,496.949374,164.578043,789.61001,125.882655
2020-05-18,648.101392,1649.744629,440.04478,577.285892,1936.073108,329.175037,499.231624,162.861789,784.891882,125.30188
2020-05-19,652.237277,1658.914398,437.889955,578.806787,1920.62774,327.649297,503.929944,161.387749,781.477295,124.979631
2020-05-20,654.109228,1666.915137,436.196877,579.996869,1902.767426,326.184007,508.358218,159.759154,780.665176,124.742952
2020-05-21,655.988367,1671.823791,433.937862,579.691824,1887.107465,323.83616,513.068489,158.155934,779.737698,125.048816
2020-05-22,656.617337,1680.593726,431.588866,581.167618,1873.769836,321.718018,517.79788,156.82261,778.099612,125.278215
2020-05-25,656.961121,1688.579236,429.43759,582.359854,1858.744684,318.968787,522.536832,155.436229,776.274652,125.514895
2020-05-26,657.171341,1692.227569,427.566919,583.212677,1844.641242,315.721456,526.054604,153.918359,774.816525,125.960946
2020-05-27,657.893872,1696.558221,425.827666,584.454315,1834.084546,313.226109,529.2617,152.46508,773.68602,126.325069
2020-05-28,658.345819,1696.117139,424.488599,584.106317,1825.723657,310.648554,531.577408,150.974892,774.052859,126.638215
2020-05-29,658.620517,1694.287555,423.301079,583.457831,1819.504395,308.31763,533.407986,149.627725,775.654028,127.195324
2020-06-01,660.847473,1699.276611,424.83195,584.977548,1820.674597,308.375662,534.676962,149.221729,779.230118,128.160249
2020-06-02,662.851773,1704.248266,426.95244,586.869601,1823.652057,309.22437,536.113229,149.21481,784.238956,129.010474
2020-06-03,664.988178,1710.704669,428.74852,588.811529,1828.635596,309.971526,536.383279,149.390125,789.960702,130.204797
2020-06-04,666.952615,1719.659241,430.564731,591.06427,1834.443713,310.508315,538.505411,149.542373,794.937237,131.630337
2020-06-05,667.733087,1726.650458,433.034488,592.736697,1834.360144,311.451323,541.10072,150.518146,801.364969,133.150548
2020-06-08,667.90257,1732.845038,435.404796,594.788736,1837.238208,313.368774,543.44032,151.503146,807.813467,134.577909
2020-06-09,669.523569,1738.43559,437.435301,596.49516,1841.52821,314.691402,543.820294,152.312831,814.204285,135.795898
2020-06-10,671.232852,1745.619238,438.955518,597.846103,1847.123969,315.414375,544.35322,152.940278,818.06416,137.021172
2020-06-11,673.530338,1753.06709,440.729102,600.225513,1851.680524,316.084152,544.926767,153.364728,820.777374,138.129925
2020-06-12,676.452148,1759.698657,442.969171,602.338034,1855.075928,317.12388,545.213544,153.952959,823.638244,139.194984
2020-06-15,680.376501,1763.621539,445.649677,603.756216,1858.647546,318.700398,545.818158,154.801858,827.631927,140.012439
2020-06-16,685.091144,1768.104889,449.432462,605.56691,1863.201868,320.762929,543.241971,155.729187,832.186249,140.531315
2020-06-17,689.192746,1772.460278,452.324904,607.443478,1867.150769,322.518373,541.779425,156.631143,834.484173,140.72976
2020-06-18,694.039474,1774.75885,456.123079,609.65256,1871.418176,324.820279,540.1711,157.909104,837.997974,140.64419
2020-06-19,701.442224,1776.07392,460.72872,610.6323,1876.800787,328.338423,539.181729,159.461575,841.804782,140.56044
2020-06-22,708.545792,1776.663269,465.225439,611.531473,1882.549579,332.037915,538.601007,161.161679,846.038412,140.511283
2020-06-23,715.248566,1780.934503,469.722156,613.67576,1891.263495,336.073505,539.53541,163.055555,852.593039,140.298271
2020-06-24,721.622809,1782.799011,472.773244,614.467197,1897.893408,337.488017,539.260584,164.255087,857.424222,140.287347
2020-06-25,727.169507,1783.56936,474.750473,614.580411,1905.93717,338.655896,539.081351,165.503062,859.159201,140.704267
2020-06-26,733.429724,1790.206696,477.232069,617.071365,1910.977264,339.485262,539.454157,166.578027,860.541186,140.625981
2020-06-29,738.00888,1792.926239,479.325331,618.473614,1915.011884,339.671445,539.838916,167.002477,860.931097,140.50582
2020-06-30,741.811301,1794.713293,480.860937,619.686435,1918.964307,339.818944,539.922559,167.380791,860.848044,140.411149
2020-07-01,746.235791,1796.713898,482.337346,621.008124,1921.888135,340.167128,540.328821,167.837536,859.140744,140.636905
2020-07-02,750.474304,1799.573138,484.414027,623.135455,1923.959039,340.892517,539.65968,168.363484,859.629861,140.844456
2020-07-03,755.294513,1806.172107,485.37541,625.711331,1928.519452,341.076282,539.521069,168.220463,859.122287,141.11937
2020-07-06,761.83891,1814.516718,487.437886,627.590436,1931.440564,341.175417,539.112421,168.278133,858.653937,141.586911
2020-07-07,768.471017,1823.140308,490.228506,630.924048,1934.257697,342.505298,539.081348,168.469596,858.206351,141.810603
2020-07-08,773.735849,1827.941339,493.034512,633.486868,1937.9341,343.27663,538.804129,168.663367,857.961789,142.092905
2020-07-09,780.373669,1833.899591,496.736784,636.872742,1941.720337,344.683887,539.607102,169.676049,858.630859,142.517381
2020-07-10,787.077405,1841.869379,499.633957,640.783368,1947.671979,345.464891,540.304916,170.434985,858.896188,142.912405
2020-07-13,794.490857,1850.155164,502.721747,645.551892,1956.546094,346.552977,542.030344,171.311565,860.199732,143.674144
2020-07-14,801.425095,1855.65357,504.342598,649.125015,1964.39198,346.678711,544.154865,171.918252,861.023395,144.452695
2020-07-15,806.757367,1863.764972,506.092503,654.668704,1973.989783,346.864894,544.162033,172.418826,862.287723,145.477023
2020-07-16,811.16044,1872.554712,507.101247,663.252051,1984.748181,346.509453,544.250458,172.723323,863.418228,146.118677
2020-07-17,814.774982,1879.575909,508.642776,671.857172,1995.747656,346.025861,543.975629,172.894024,864.68024,146.860854
2020-07-20,818.874609,1887.635144,511.112537,681.89939,2006.217181,345.805827,543.722318,173.034737,865.240875,147.516652
2020-07-21,824.715363,1896.123187,513.391678,691.310156,2013.588837,345.933978,543.194177,173.124702,863.87735,148.124237
2020-07-22,831.134875,1902.820862,515.613992,700.183102,2018.965753,347.529839,543.758163,173.466107,862.278494,148.6783
2020-07-23,838.998794,1909.793402,518.020999,709.217181,2020.703479,349.524663,544.150085,174.065872,861.053397,149.018333
2020-07-24,848.329474,1911.684619,519.504517,716.822879,2023.209979,351.106012,544.104681,174.40497,858.386322,149.567412
2020-07-27,858.305728,1916.48349,519.586206,726.259778,2024.963648,351.850746,543.741434,174.769443,856.872824,149.919093
2020-07-28,869.199564,1926.629596,520.07874,736.14086,2027.809046,351.882179,543.968463,175.276936,855.481604,150.327087
2020-07-29,877.499451,1934.872052,519.605153,745.819449,2030.579382,351.253509,544.257632,175.572206,855.373166,150.484546
2020-07-30,885.400488,1940.427734,518.687579,754.740292,2033.001202,350.38788,543.982809,175.622957,853.848129,150.406081
2020-07-31,891.730392,1944.213983,517.713176,763.593646,2035.077771,349.701175,542.711444,175.934374,852.426923,150.296404
2020-08-03,895.294363,1944.039923,515.321558,771.994089,2037.458087,348.801691,541.313415,176.128145,850.798068,150.020209
2020-08-04,902.711368,1943.379401,513.817914,778.774539,2039.871234,347.590289,540.445926,176.266553,849.9052,149.997195
2020-08-05,910.157837,1945.369916,511.857262,786.177731,2040.684772,346.780269,540.333606,176.245792,849.562955,149.862933
2020-08-06,917.182626,1950.11767,509.862274,794.414868,2043.14552,346.219301,539.790838,175.869784,848.882419,149.859098
2020-08-07,923.26767,1953.523889,508.411911,801.776694,2042.972754,346.103238,539.222732,175.64141,848.489957,149.924311
2020-08-10,927.458511,1956.484277,507.711008,808.496182,2040.740826,346.584412,537.98276,175.692159,850.348709,149.974181
2020-08-11,932.373703,1961.412335,507.895711,815.690347,2040.074475,347.638646,536.249161,176.107382,852.997253,150.248459
2020-08-12,938.803363,1962.655182,508.145525,821.090326,2036.859979,348.656615,535.583209,177.00703,855.112561,150.459442
2020-08-13,945.120795,1963.515771,508.062648,822.840964,2033.229907,349.788225,534.365488,177.729055,858.720953,150.750982
2020-08-14,949.702716,1965.324298,506.547168,825.037973,2026.344788,350.155754,532.632805,178.111984,861.758606,150.841128
2020-08-17,953.589758,1967.311932,504.172127,826.048294,2020.635339,350.020346,530.124589,178.220405,865.908636,151.073209
2020-08-18,956.922479,1969.264606,502.22923,827.389581,2016.351001,349.573022,528.233788,178.252701,869.381873,151.314882
2020-08-19,959.814237,1972.132501,500.814388,829.192474,2014.280292,349.251431,526.73416,178.485687,873.858243,151.387768
2020-08-20,960.704089,1975.699316,499.123683,831.247949,2013.538593,348.066627,524.833667,178.324212,877.913953,151.199801
2020-08-21,959.246307,1979.683276,498.331609,832.378021,2013.637122,347.551601,523.049364,178.621787,882.455826,151.092393
2020-08-24,957.875809,1981.487433,499.22077,832.3323,2012.831158,348.608253,521.581654,179.281529,886.895056,151.103902
2020-08-25,955.708402,1978.556195,500.003372,831.254483,2010.368658,350.26456,519.954129,180.135041,890.377023,151.103902
2020-08-26,956.629993,1977.57113,501.27851,831.108594,2008.586957,352.116722,517.57139,180.995474,892.936133,151.036771
2020-08-27,956.669666,1976.212543,502.733601,830.481503,2007.47453,354.4017,515.673204,182.338026,896.436929,151.071295
2020-08-28,957.781702,1974.340698,504.668208,829.142398,2004.827118,357.443507,514.262257,183.878963,899.988693,151.124999
2020-08-31,959.407254,1974.476129,507.364105,827.909985,2000.845709,359.926761,512.713316,184.790144,901.709857,151.067459
2020-09-01,957.971008,1974.32981,509.392249,826.355319,1999.194226,361.858719,512.675633,186.012744,903.522821,150.935114
2020-09-02,958.010687,1974.57663,511.916472,825.45387,1996.777496,363.802763,512.368642,187.156911,904.909891,150.879492
2020-09-03,957.511917,1974.200952,514.052356,823.916623,1993.06333,364.963388,511.538808,188.181126,906.72518,150.735639
2020-09-04,955.943048,1973.914819,515.838968,822.533969,1989.139014,365.669437,509.732832,188.916993,907.974936,150.376968
2020-09-07,955.099664,1975.847839,517.256178,821.38865,1987.122034,366.145776,507.651044,189.567509,906.676306,150.002952
2020-09-08,954.494339,1978.83147,518.340689,820.990183,1983.997211,366.549577,505.108771,189.982732,904.572427,149.431381
2020-09-09,955.259503,1981.902454,519.117377,819.805667,1981.125928,366.585844,503.024589,189.592884,902.698953,148.648827
2020-09-10,959.611304,1985.253021,519.863272,819.320111,1978.167871,366.713995,501.201826,189.419876,899.452368,148.013961
2020-09-11,964.280518,1991.017133,520.909901,818.976083,1977.49859,367.154066,499.429431,189.705917,896.408261,147.536375
2020-09-14,969.068753,2001.41394,521.506621,819.88624,1974.184192,367.323326,497.160574,189.95505,891.814175,146.945622
2020-09-15,973.60986,2011.096521,521.838136,820.53511,1970.077148,367.420046,495.2059,190.188036,887.410925,146.303081
2020-09-16,977.985464,2021.860242,522.478662,822.383731,1967.788324,367.432135,492.610866,190.241092,883.347467,145.620264
2020-09-17,982.558325,2030.950885,523.061172,824.815897,1965.161462,367.492584,490.377983,190.273388,879.18393,144.960461
2020-09-18,987.633359,2039.744519,522.389861,827.139194,1960.439966,367.415208,489.145221,190.005801,874.834207,144.281479
2020-09-21,991.26308,2049.232715,520.785583,829.860953,1953.285767,365.981352,486.307947,189.283776,869.737424,143.477827
2020-09-22,994.188852,2061.477393,518.78941,832.8832,1946.328021,364.436272,483.540228,188.280321,863.970374,142.664585
2020-09-23,996.308643,2070.823602,517.103435,835.885849,1940.377618,362.622797,479.66926,187.078484,858.927112,141.803393
2020-09-24,997.909259,2074.486536,515.168834,837.120438,1935.336316,359.890494,475.263455,185.265347,853.113516,140.740807
2020-09-25,999.848813,2082.513495,513.499434,840.438806,1932.005914,356.93815,471.243788,183.297652,848.803357,139.789468
2020-09-28,1002.921942,2089.898279,512.0396,844.001044,1929.536664,355.409996,467.912453,182.155791,846.843771,139.106651
2020-09-29,1006.499518,2100.471985,510.506357,848.131586,1923.668469,353.770615,462.60486,180.631001,844.06265,138.308753
2020-09-30,1008.906104,2110.394849,509.190965,851.800525,1920.315228,351.949886,456.388287,179.207712,841.551495,137.554969
2020-10-01,1011.471387,2120.177887,508.623839,855.375833,1918.298267,351.294617,451.320529,178.153509,838.835538,136.75899
2020-10-02,1014.826779,2130.428333,508.331395,859.665332,1916.943732,351.132611,446.965091,177.401495,836.987665,136.150976
2020-10-05,1017.763879,2146.973688,508.422557,865.050064,1914.588702,351.118105,442.600059,176.517994,835.349246,135.38952
2020-10-06,1020.104715,2162.966449,509.172011,870.121249,1913.38493,351.355066,439.177585,175.943604,834.227487,134.689441
2020-10-07,1022.284586,2180.802679,510.728929,876.165744,1913.709289,352.082874,435.25385,175.75214,833.222095,134.140885
2020-10-08,1020.589889,2202.406671,513.126472,882.856921,1914.938196,352.895313,431.757027,175.445336,831.364911,133.459986
2020-10-09,1018.633328,2221.577423,516.794411,889.872543,1914.042767,354.394455,428.569591,175.242339,830.948319,132.84238
2020-10-12,1017.148337,2236.368866,520.481287,896.565894,1914.723431,356.345755,425.737114,175.251566,831.118207,132.414661
2020-10-13,1016.283426,2251.009613,523.511058,904.202066,1915.351611,357.540233,422.367403,175.046262,830.489835,131.967763
2020-10-14,1015.44346,2264.926483,526.301674,910.091968,1916.020904,359.092569,419.081636,175.131614,830.182629,131.47483
2020-10-15,1013.352005,2277.653204,528.329814,914.327026,1917.133331,360.156476,415.253838,175.011661,829.368073,130.955048
2020-10-16,1010.406964,2291.858453,531.693472,919.785794,1919.502063,361.44042,410.797664,175.166216,829.060867,130.441017
2020-10-19,1008.601169,2303.120673,535.346019,924.83739,1925.8979,364.651483,407.437549,176.005887,830.040659,130.153313
2020-10-20,1007.348563,2313.068732,539.810771,930.498654,1932.581549,367.562717,404.274097,176.783276,832.870654,129.894381
2020-10-21,1004.940851,2322.651117,544.53363,936.098953,1937.634247,370.872913,403.56418,177.703686,835.842618,129.708333
2020-10-22,1003.257483,2337.953149,549.338177,942.79014,1943.045581,374.606258,404.108609,178.947046,839.826956,129.785053
2020-10-23,1001.24765,2350.007971,553.879889,948.151294,1946.005933,377.909204,403.856779,179.897445,842.247345,129.785053
2020-10-26,997.004663,2361.949512,557.59045,953.115817,1950.732001,379.913701,403.396291,180.333429,844.523447,129.602839
2020-10-27,992.231162,2368.631628,561.628972,957.190564,1957.287726,382.471912,403.288364,180.776333,848.549676,129.518447
2020-10-28,987.177667,2374.794592,564.730969,960.668533,1962.318091,384.469153,404.770555,181.009319,852.33154,129.280611
2020-10-29,982.680762,2380.055249,566.631241,963.66232,1964.183722,385.953784,405.655554,180.935501,853.807046,129.012088
2020-10-30,978.809592,2386.728503,568.44509,966.028882,1963.713562,387.085393,405.722707,180.887058,855.049826,128.797269
2020-11-02,971.220288,2382.792798,570.834341,967.558273,1962.542328,389.230132,407.303233,181.22385,856.555588,128.70137
2020-11-03,963.059662,2379.757996,573.293448,968.351495,1960.400061,392.288863,408.639125,181.830535,859.122601,128.709042
2020-11-04,955.253845,2376.635083,575.546539,970.056485,1957.386511,394.919614,410.106927,182.58255,862.387595,128.720551
2020-11-05,948.809454,2371.019495,577.379321,971.021509,1955.337994,397.385942,411.682655,183.835138,866.837341,129.012091
2020-11-06,944.177652,2366.915112,579.133963,971.801181,1953.878662,399.383183,412.867453,184.799377,870.13746,129.24609
2020-11-09,939.952808,2362.90603,582.138886,972.526678,1954.242102,402.219461,415.589603,185.759003,873.805234,129.269106
2020-11-10,935.505774,2355.669617,586.761108,970.130249,1954.800861,406.455743,418.040738,187.419892,881.125174,129.583662
2020-11-11,928.924213,2350.326221,590.986697,970.023923,1954.197614,410.312402,421.175407,188.99543,888.794138,130.254972
2020-11-12,923.789099,2347.275,595.780591,970.960538,1956.652716,414.456801,425.043977,190.56174,898.344308,131.135344
2020-11-13,919.721817,2342.605005,599.556271,971.342755,1958.888818,418.782544,428.598363,192.10729,906.618192,131.956259
2020-11-16,915.645468,2340.205298,603.232498,971.794644,1959.880017,422.092741,432.342218,193.281447,914.482468,132.679354
2020-11-17,911.957935,2337.005017,607.601349,971.71936,1960.729578,425.564944,436.158026,194.995393,923.071426,133.442725
2020-11-18,908.842862,2334.866308,611.437405,970.592783,1959.941614,429.305543,439.007288,197.221447,934.518396,134.071837
2020-11-19,905.809409,2333.363757,614.77738,969.699252,1958.351495,432.490008,440.825253,198.903098,944.754288,134.814114
2020-11-20,900.967899,2332.199023,618.751965,968.856341,1957.900385,435.548741,443.190045,200.746224,954.667255,135.617767
2020-11-23,899.190454,2333.780554,623.101865,970.062378,1956.823804,438.634067,445.262237,202.683929,963.785449,136.473208
2020-11-24,897.593247,2337.812231,627.958502,972.22796,1956.57782,441.934593,447.224106,204.953812,971.955829,137.560726
2020-11-25,896.150201,2341.282349,632.533362,973.948987,1955.267377,445.641342,447.811705,207.378251,979.159088,138.648247
2020-11-26,894.465704,2345.140735,638.203394,975.637006,1956.743335,449.287639,448.655929,209.996459,988.748074,139.835504
2020-11-27,891.638559,2345.790051,644.296097,977.371234,1959.819415,453.192659,450.070968,212.533931,998.738232,140.924943
2020-11-30,892.825412,2349.082519,649.638168,978.590469,1962.863324,455.895947,450.351576,214.757678,1008.737701,141.95684
2020-12-01,895.194586,2353.171228,654.027142,981.904855,1966.419898,457.89077,451.543567,216.755359,1017.572351,142.889001
2020-12-02,896.213675,2357.400342,657.568396,983.971402,1970.063831,459.989567,453.07133,218.598484,1025.823407,143.892127
2020-12-03,896.418854,2358.442261,660.125772,984.959552,1971.231726,462.085945,454.155395,220.335497,1033.749448,144.71496
2020-12-04,894.550717,2359.324036,661.971582,985.923502,1975.372253,464.951237,456.258765,222.379315,1042.705093,145.645204
2020-12-07,892.453595,2359.810998,662.722214,986.229416,1981.055426,467.260399,458.040755,224.69072,1052.377188,146.809444
2020-12-08,890.39502,2366.290674,662.311374,988.971613,1986.729388,468.447621,459.82514,226.54538,1058.910663,147.733932
2020-12-09,891.069498,2371.686682,662.719842,991.29126,1994.134503,469.654188,460.997945,228.21319,1064.67786,148.504977
2020-12-10,891.681635,2376.655029,663.054907,993.492069,2001.415478,471.117058,462.211522,230.185498,1070.236291,149.45248
2020-12-11,891.894751,2382.215613,663.623209,995.20867,2010.124133,472.563005,463.585788,232.16934,1077.011743,150.572607
2020-12-14,891.779126,2388.394726,663.939328,996.984729,2018.648865,474.50947,464.8953,234.233921,1086.413397,151.67739
2020-12-15,891.350635,2392.584314,663.533224,998.344839,2025.198755,476.040045,465.837859,235.638757,1094.258783,152.682436
2020-12-16,891.10918,2400.812219,663.580582,1000.772327,2034.939673,476.755765,467.651027,236.441521,1099.957184,153.831333
2020-12-17,891.391443,2409.643298,665.177759,1003.521127,2043.42533,478.286336,469.883911,237.731018,1106.815668,154.7961
2020-12-18,893.478354,2418.450244,665.360086,1007.326306,2053.228278,480.073215,471.176631,239.055116,1113.897156,155.670718
2020-12-21,893.228961,2422.657434,664.840329,1008.97471,2061.346106,481.342648,471.831387,239.793289,1119.068896,156.134879
2020-12-22,892.608893,2429.257751,663.298801,1012.515802,2068.410962,482.411391,473.080939,240.420736,1125.104163,156.43601
2020-12-23,892.519345,2438.358643,662.655908,1018.563602,2079.193341,483.905696,475.148335,241.343453,1132.164301,156.969221
2020-12-24,893.461356,2446.639184,661.956183,1023.970972,2090.598749,485.755443,477.493942,242.330759,1138.965845,157.498596
2020-12-25,894.920279,2456.716199,660.920209,1029.959357,2102.739825,487.699489,480.086581,243.373428,1145.598944,158.072084
2020-12-28,896.586643,2467.672827,660.257184,1036.134808,2114.267072,489.960289,482.885478,244.801331,1153.522607,158.680097
2020-12-29,897.383554,2476.609216,660.112741,1041.084424,2125.819629,492.073596,484.842548,246.178486,1161.536426,159.337981
2020-12-30,898.230331,2483.617493,660.717755,1045.745724,2138.11015,494.409352,486.341528,247.560254,1169.996252,159.921059
2020-12-31,898.7121,2490.342834,662.117206,1051.4392,2150.416778,496.982073,487.770956,248.420689,1177.704028,160.412072
2021-01-01,899.635968,2499.147632,663.051361,1056.976401,2159.76687,498.212817,488.797459,249.15425,1184.702472,161.012412
2021-01-04,900.376199,2512.385498,664.087335,1063.34772,2167.599609,499.240454,489.188393,249.682504,1191.577569,161.405608
2021-01-05,899.749332,2525.357947,665.280774,1069.529776,2176.361157,500.635619,489.687256,250.136943,1197.978186,161.750852
2021-01-06,897.194248,2535.917541,665.596893,1074.235086,2182.11333,502.337868,490.75453,250.815139,1204.288647,161.750852
2021-01-07,895.021173,2546.819324,666.316745,1078.390195,2182.959363,503.989343,492.678021,251.652506,1211.339294,161.371085
2021-01-08,893.386551,2561.616797,667.473486,1084.944195,2183.715747,505.275704,494.397655,252.277645,1219.837073,160.803349
2021-01-11,891.254294,2578.232727,669.35126,1094.260162,2186.398706,506.189696,496.513017,252.660569,1224.598389,160.289319
2021-01-12,890.862079,2596.364343,671.475299,1103.818231,2188.966699,507.638059,499.465413,253.668638,1229.51153,160.016959
2021-01-13,890.006226,2611.488672,672.894885,1113.56557,2190.272534,509.768289,502.441794,255.394115,1233.508948,159.911468
2021-01-14,889.439435,2629.856616,673.533044,1122.866162,2194.100391,511.842909,505.581258,257.218788,1238.149274,159.953664
2021-01-15,888.212906,2646.461719,674.84252,1129.695258,2194.914282,513.092996,509.994263,258.713588,1241.593927,160.082172
2021-01-18,889.216125,2664.348987,677.457907,1135.626416,2196.139648,514.962088,514.60153,260.54749,1246.395575,160.726629
2021-01-19,891.02305,2681.651672,680.553992,1139.858563,2198.537524,517.193877,519.014532,262.44598,1251.479529,161.319298
2021-01-20,893.536191,2699.478259,683.309085,1143.661548,2197.875403,519.48611,523.281232,264.27065,1257.071173,161.699066
2021-01-21,895.922366,2715.742322,685.148978,1148.223798,2196.28446,521.379384,526.353545,265.562455,1262.247662,161.894705
2021-01-22,897.179498,2733.292065,686.248883,1152.836676,2196.610925,522.358662,529.210007,266.339845,1266.987628,161.975262
2021-01-25,895.767056,2749.44353,687.432852,1156.569226,2197.102918,523.226717,532.047284,266.605128,1270.399084,161.91005
2021-01-26,894.655011,2765.546753,688.27702,1159.861615,2197.806409,523.674042,534.949315,266.745845,1274.026428,161.766198
2021-01-27,892.37652,2781.250378,687.73476,1162.247284,2197.102918,523.364542,537.570729,266.688175,1277.243335,161.747019
2021-01-28,889.910989,2796.161145,686.199152,1163.145196,2192.734778,523.035698,540.506334,267.029578,1279.983404,161.654956
2021-01-29,886.611142,2804.453552,685.381024,1162.203271,2187.049316,523.495116,542.350682,267.154142,1281.772162,161.248336
2021-02-01,884.444876,2809.098291,686.819547,1160.99942,2178.869409,526.981825,545.327063,268.522071,1288.141931,161.346156
2021-02-02,883.531213,2814.211206,689.989035,1160.006854,2168.749158,530.855412,549.42108,270.891148,1298.290869,161.60509
2021-02-03,883.903033,2820.995349,693.64158,1160.119086,2160.268066,534.513798,553.428754,273.239463,1308.470654,162.040482
2021-02-04,884.201169,2828.089966,697.497766,1160.876154,2154.601013,538.730736,556.083752,276.349017,1317.525934,163.081969
2021-02-05,883.975589,2829.978992,701.427356,1159.115509,2149.00752,542.217448,558.043222,281.290165,1324.315613,164.342111
2021-02-08,885.204385,2831.89906,705.069244,1155.917755,2140.15863,546.323158,560.448785,286.575024,1333.890442,165.515942
2021-02-09,885.183978,2832.254211,708.167694,1153.003894,2132.817883,550.45063,562.041299,291.294718,1344.169861,166.380971
2021-02-10,885.988818,2834.906824,710.798474,1149.013837,2126.525513,554.109016,562.614508,295.237025,1353.675903,167.006248
2021-02-11,888.144885,2832.94209,713.251657,1145.587183,2120.292883,557.849614,563.456335,299.061683,1360.978015,167.478082
2021-02-12,890.506128,2831.071826,715.981885,1144.040015,2115.253454,562.908006,562.669665,303.181612,1368.911176,167.462738
2021-02-15,891.609097,2827.472034,719.143085,1143.934375,2109.855353,569.717009,562.993448,308.371893,1378.476514,167.418622
2021-02-16,892.58624,2820.795447,722.050913,1142.778949,2102.174353,575.12842,563.072592,313.158483,1386.998022,167.395606
2021-02-17,893.233514,2810.435522,724.288617,1140.219415,2093.343817,580.271437,562.962268,318.196519,1394.860004,167.399442
2021-02-18,892.514825,2800.919531,726.171127,1138.139661,2083.191406,584.71808,563.331616,323.748966,1402.133642,167.596999
2021-02-19,893.21084,2790.755151,728.433698,1135.958667,2072.696417,589.082515,563.547467,329.093801,1409.094141,167.798391
2021-02-22,894.732101,2776.12511,730.449997,1133.322107,2062.028998,592.554713,563.0462,334.101843,1413.407074,167.965305
2021-02-23,896.601373,2762.451062,732.019946,1130.736176,2051.897229,596.338832,562.31709,339.391312,1419.337958,168.189211
2021-02-24,900.364853,2748.695752,736.681235,1129.56095,2042.128717,602.081508,562.420224,345.416652,1427.249774,168.317548
2021-02-25,906.436298,2739.850073,742.244705,1129.488342,2035.824817,606.905356,562.815958,351.179019,1434.893512,168.613037
2021-02-26,911.964761,2730.3099,745.652167,1130.115564,2029.762311,609.843186,562.945468,356.163997,1440.008325,168.828714
2021-03-01,916.644168,2720.853259,747.59743,1130.384076,2024.925177,610.06322,560.693398,360.05094,1441.147052,168.677094
2021-03-02,920.729581,2712.189954,747.778577,1131.847607,2022.5112,609.731961,557.904097,362.869838,1439.507751,168.55708
2021-03-03,926.883771,2705.994617,748.063913,1134.440161,2020.701886,610.203464,554.903737,366.057822,1438.006049,168.494655
2021-03-04,932.586798,2699.895972,747.423389,1136.684973,2018.462622,609.838352,551.977724,367.92863,1434.817596,167.916045
2021-03-05,938.36691,2693.307288,745.822665,1138.64809,2015.315271,609.61106,549.660896,367.492645,1432.305273,167.123447
2021-03-08,943.800156,2684.202234,743.792157,1140.065411,2012.459894,608.568918,546.226433,367.148936,1430.568707,166.357182
2021-03-09,949.125705,2678.66626,742.623578,1141.826056,2011.643756,608.169956,542.523351,366.816757,1427.809668,165.740335
2021-03-10,953.833456,2672.409424,742.007913,1144.979816,2011.291986,607.853198,539.436647,366.60684,1426.450299,165.128011
2021-03-11,956.69574,2666.47345,741.614841,1148.303033,2009.675775,607.608978,535.971004,366.493808,1426.151379,164.557885
2021-03-12,958.872214,2660.634167,740.904462,1151.166272,2007.983685,605.928491,532.994627,365.937872,1425.802643,164.281907
2021-03-15,960.602054,2657.394751,738.82186,1153.981085,2007.783679,602.52157,529.596137,364.874442,1423.245239,163.971638
2021-03-16,961.533859,2657.449683,736.110571,1158.100977,2009.988446,599.455588,526.495046,363.776407,1419.086499,163.769131
2021-03-17,960.901321,2659.201245,733.952194,1162.753467,2012.857629,596.174405,523.09176,361.764883,1413.834106,163.693895
2021-03-18,959.572769,2658.28479,732.453287,1164.718787,2016.000366,592.980267,520.12498,359.545749,1409.255463,163.853566
2021-03-19,959.611313,2657.333215,731.468225,1167.058228,2022.02149,591.171625,517.659456,358.235492,1404.626996,164.332801
2021-03-22,960.842383,2664.858105,729.601111,1171.706329,2030.555414,589.41134,515.630438,357.197438,1402.152637,165.077643
2021-03-23,962.294498,2671.996191,728.914404,1176.336816,2037.822607,587.965396,513.889224,356.14093,1398.264343,165.616131
2021-03-24,961.983899,2679.600208,725.89173,1179.833887,2044.248346,584.406149,511.524429,354.000227,1390.793787,165.895202
2021-03-25,958.517416,2682.657202,722.504391,1182.441834,2047.639404,581.67626,508.099555,351.598856,1384.37182,165.991499
2021-03-26,956.450903,2690.239233,721.48381,1186.090759,2056.184833,580.747757,506.478255,350.078682,1382.274658,166.268604
2021-03-29,954.023914,2696.507031,719.883081,1189.136658,2064.208392,579.306644,506.012969,348.337054,1378.737488,166.425826
2021-03-30,952.285004,2703.196838,719.539731,1192.693158,2074.360846,578.385397,505.068007,346.796117,1375.791028,166.608598
2021-03-31,947.773361,2708.41637,717.332812,1193.771552,2085.304144,575.967432,503.676953,344.916081,1372.090155,166.944661
2021-04-01,944.281943,2713.484302,715.786548,1196.18584,2094.601367,574.693161,502.775166,343.762685,1371.236121,167.351474
2021-04-02,940.725909,2720.382886,714.762414,1199.20094,2103.705457,573.965353,502.199558,343.16292,1370.337006,167.80349
2021-04-05,936.225604,2730.578003,713.10723,1202.464716,2112.839423,572.18573,502.321875,341.499722,1365.051398,167.98233
2021-04-06,931.538263,2739.973145,710.212424,1205.347766,2122.486078,569.322855,502.823137,339.79039,1359.960315,168.172961
2021-04-07,927.477786,2748.783692,707.642023,1208.078949,2130.642999,567.004031,503.578627,338.445531,1354.264282,168.459892
2021-04-08,923.47399,2759.613916,704.730643,1211.234882,2139.013702,564.639261,504.401268,336.964572,1349.279962,168.725205
2021-04-09,919.947427,2771.230933,701.647586,1214.148761,2151.485858,562.383295,505.410982,335.668155,1344.065527,169.035719
2021-04-12,915.464123,2779.160217,697.820996,1216.44422,2163.033783,559.242352,505.391794,333.128378,1337.489368,169.029824
2021-04-13,911.637161,2778.896509,695.173639,1217.023041,2172.705707,557.581204,505.720366,331.395979,1333.309271,169.063234
2021-04-14,908.83609,2778.505347,692.9241,1217.469812,2183.193805,556.183618,506.35593,330.14339,1330.275018,168.988551
2021-04-15,907.366968,2786.524732,691.482022,1218.510797,2194.479663,556.019195,506.938731,329.017676,1327.738965,168.558155
2021-04-16,903.9685,2792.895825,689.851694,1218.920154,2201.231836,555.066519,507.45678,327.575931,1325.266968,167.968571
2021-04-19,900.32518,2794.30896,688.507883,1218.557013,2205.068896,554.403998,507.382433,325.921959,1321.015698,167.166737
2021-04-20,896.100333,2794.394653,685.932745,1217.667877,2207.834619,553.083786,507.428003,323.92889,1317.55918,166.433688
2021-04-21,892.786884,2795.42533,683.863162,1217.562232,2211.460181,552.677567,507.742192,322.528668,1315.772803,165.946299
2021-04-22,890.858664,2797.796619,682.895859,1218.323706,2216.626074,553.047516,508.850238,321.672849,1314.145374,165.722258
2021-04-23,888.811423,2799.67345,681.068994,1218.218073,2216.159399,552.631631,508.855035,320.71553,1310.567853,165.504113
2021-04-26,887.523672,2801.167883,679.020728,1218.541596,2218.125061,553.238544,509.09727,320.120378,1307.607141,165.284002
2021-04-27,886.602075,2800.000879,676.297598,1216.921796,2217.256042,553.591568,509.711253,319.762827,1305.571655,164.924355
2021-04-28,886.470581,2797.638367,675.898602,1216.391406,2216.10885,555.489673,511.006375,319.721304,1303.531433,164.413382
2021-04-29,886.520459,2795.451636,675.561166,1215.121539,2216.499683,556.797797,511.968126,319.202277,1299.453351,163.794318
2021-04-30,885.900394,2789.766162,673.798236,1213.763641,2214.41449,557.092786,512.733203,318.411047,1294.511725,163.108435
2021-05-03,885.139758,2780.89187,672.965903,1211.21731,2216.0146,558.325949,514.201004,318.274947,1291.603217,162.652489
2021-05-04,883.604889,2771.44397,671.736942,1207.623395,2215.984717,559.566364,515.172343,318.318776,1288.595068,162.139551
2021-05-05,881.728821,2763.721277,670.680838,1203.719171,2215.497302,560.782593,516.052544,318.17345,1285.487286,161.652161
2021-05-06,880.043192,2754.671155,669.925464,1200.274927,2214.5823,562.305914,516.808031,318.171141,1281.727106,161.239452
2021-05-07,878.902814,2746.348499,669.759708,1196.379492,2211.602759,564.283814,517.923274,318.413353,1278.813843,160.934834
2021-05-10,879.244028,2741.906946,671.009979,1192.585291,2210.264758,567.896259,520.326439,319.928914,1281.179071,160.944662
2021-05-11,879.274637,2742.722302,671.085757,1189.658215,2207.86001,570.277957,521.87339,321.020027,1281.648798,160.759925
2021-05-12,878.85181,2741.999243,671.065628,1186.570484,2202.091797,571.929428,523.101363,322.251856,1282.199194,160.545711
2021-05-13,878.145593,2736.225903,670.34104,1185.084931,2196.036206,572.874851,524.175835,323.405251,1282.704511,160.410108
2021-05-14,878.263489,2729.911914,669.351239,1183.44093,2192.26355,574.342551,525.118391,324.353342,1285.378149,160.579122
2021-05-17,879.593173,2725.865955,670.010712,1181.981799,2189.486304,577.430301,526.231232,326.750098,1288.99837,160.854259
2021-05-18,881.561063,2723.415552,672.030566,1181.48222,2188.419543,581.013733,526.526234,329.183763,1293.069336,161.109744
2021-05-19,883.735266,2720.666284,673.612354,1180.850598,2186.686072,584.222379,526.430299,331.71662,1296.483148,161.274827
2021-05-20,885.526321,2718.081812,673.856259,1180.331213,2186.444666,586.127737,525.941031,333.926526,1299.944409,161.318062
2021-05-21,887.75267,2716.807166,675.825208,1181.24234,2188.950586,589.633789,526.341559,336.913821,1304.459003,161.463492
2021-05-24,888.836374,2715.958875,678.315097,1181.440405,2187.84248,592.354004,526.305585,340.039523,1309.55246,161.707187
2021-05-25,888.258249,2715.837232,679.268188,1182.017023,2186.196362,594.846927,525.912248,342.775377,1312.887982,161.923367
2021-05-26,887.640448,2718.02832,679.274106,1183.832666,2183.780103,596.35332,525.022453,345.089088,1317.49035,162.123828
2021-05-27,886.553351,2721.558044,679.514459,1185.853021,2180.046497,597.842786,524.012733,348.124826,1323.38327,162.39307
2021-05-28,888.827307,2726.978784,681.672833,1188.084644,2178.572827,599.900482,523.381962,351.287436,1329.914361,162.797917
2021-05-31,893.38996,2733.026953,684.073923,1190.582111,2175.448474,603.092203,522.233144,354.689954,1335.854736,163.41305
2021-06-01,899.109995,2738.243103,686.994775,1193.785126,2173.179346,605.923648,521.295381,358.429262,1342.357373,164.028183
2021-06-02,905.4841,2740.39939,689.395862,1196.075146,2171.530933,608.126422,519.834772,362.20548,1348.63938,164.326905
2021-06-03,911.801529,2742.384631,692.229099,1197.969843,2170.300964,610.159933,518.554043,366.272772,1356.750464,164.57453
2021-06-04,917.667792,2743.537463,694.270261,1200.08493,2167.121423,611.881528,516.83681,369.9338,1365.995544,164.708168
2021-06-07,924.496463,2745.878918,696.164612,1202.950189,2162.817664,613.571689,515.105188,373.372798,1373.71994,164.94007
2021-06-08,930.877371,2749.975537,698.047119,1207.243842,2160.835901,615.145792,514.069092,376.440561,1381.574817,165.31937
2021-06-09,936.813922,2755.61499,699.960416,1211.802692,2162.079675,617.145453,513.025796,379.099878,1387.932727,165.682945
2021-06-10,942.931845,2761.985437,701.891473,1216.761963,2164.37179,619.353061,512.229532,382.262062,1394.309613,166.158604
2021-06-11,949.360718,2772.460278,704.247577,1223.193298,2163.895898,621.210065,511.291775,385.635342,1398.482593,166.223895
2021-06-14,955.989346,2782.245557,705.175809,1229.715344,2164.14696,621.768616,510.797714,387.998569,1404.603265,166.251165
2021-06-15,962.108273,2790.592822,705.496667,1236.309155,2165.756604,622.353763,511.092709,390.361432,1409.039563,166.368552
2021-06-16,967.147256,2799.751318,706.121805,1243.333099,2168.771655,623.062222,511.502827,392.45981,1413.188818,166.608696
2021-06-17,972.542502,2811.79375,706.910324,1250.909827,2172.957837,623.758603,511.886569,394.285866,1416.880206,166.789347
2021-06-18,977.776437,2822.031836,706.495932,1258.173444,2179.331384,623.175876,512.260713,395.001527,1419.629773,166.844935
2021-06-21,983.657425,2831.15708,705.992746,1265.5875,2188.343201,622.397293,512.874696,395.535565,1420.759015,166.800179
2021-06-22,989.786896,2839.425464,706.107599,1272.918994,2195.894019,621.456708,513.368765,396.004546,1423.04834,166.805295
2021-06-23,995.295825,2843.970447,706.307694,1278.294256,2202.535754,620.112323,513.766891,396.427477,1423.349628,166.775692
2021-06-24,999.487967,2852.521533,706.866522,1285.94314,2210.893506,619.232184,514.196204,396.236096,1424.355518,166.696165
2021-06-25,999.873077,2862.998364,707.142395,1294.136145,2217.545325,619.519919,514.74783,396.730161,1426.526233,166.620648
2021-06-28,998.353455,2870.842761,706.964801,1302.05777,2223.888367,618.91784,514.570351,397.022659,1428.744385,166.341058
2021-06-29,996.67981,2879.139868,706.890231,1309.881512,2230.890466,618.434241,514.189009,396.692398,1430.464331,166.102399
2021-06-30,994.79259,2888.693591,706.899307,1318.875372,2236.885461,617.590369,514.004332,396.038203,1431.864014,166.085136
2021-07-01,992.425998,2897.538403,706.251312,1326.472211,2242.986121,616.6522,513.553435,395.141892,1430.983874,166.07804
2021-07-02,991.201108,2905.563855,705.916418,1334.576251,2250.492285,616.533719,513.184085,394.713524,1428.521368,166.058469
2021-07-05,989.620813,2911.650354,705.965488,1342.998395,2258.669067,616.516794,512.584495,394.732149,1426.156134,165.983326
2021-07-06,987.752847,2914.395459,707.34581,1349.638666,2264.710413,616.898828,511.591568,394.850882,1424.085065,165.775202
2021-07-07,986.447104,2917.694897,708.905405,1356.281183,2271.313464,617.764465,511.092711,395.381688,1423.949835,165.662833
2021-07-08,984.562985,2919.536743,709.994189,1362.351977,2275.288904,617.837002,510.140561,395.018507,1423.04834,165.367607
2021-07-09,981.333536,2916.637073,710.518701,1367.512927,2280.010498,617.974829,509.919903,394.746121,1422.865668,165.102711
2021-07-12,977.675235,2912.96001,710.849875,1371.341382,2283.69469,618.511618,509.454619,394.611093,1422.153961,164.851969
2021-07-13,974.255817,2909.638501,711.27847,1374.50246,2285.7672,619.46188,508.857428,394.592468,1422.286816,164.64167
2021-07-14,971.398343,2906.997205,711.776645,1378.786951,2286.089075,620.634595,508.536052,394.829933,1424.839465,164.490012
2021-07-15,968.365692,2902.235339,713.225388,1382.59093,2285.841321,622.300574,508.382556,395.363065,1430.618524,164.514278
2021-07-16,965.789181,2898.016028,714.388959,1384.911133,2282.807849,623.746518,508.497678,396.159273,1437.391589,164.649759
2021-07-19,962.642779,2894.414038,714.120587,1386.753052,2277.912549,624.938577,508.442517,396.538751,1444.15517,164.783218
2021-07-20,959.640839,2890.509338,713.305917,1388.452612,2275.349121,625.472943,507.931665,396.643515,1448.479981,164.851971
2021-07-21,957.103006,2888.362537,712.450992,1390.539245,2273.237244,626.304718,507.533539,396.738966,1453.751355,164.967231
2021-07-22,956.356784,2881.727026,711.236713,1391.918469,2268.050183,627.363788,508.394553,396.96479,1460.303803,165.118887
2021-07-23,956.385223,2874.618555,709.671362,1392.641449,2263.85658,628.700928,509.027722,396.969449,1464.474402,165.416136
2021-07-26,956.177054,2868.778467,708.070843,1394.069604,2258.692664,629.980035,509.644102,396.80881,1468.419629,165.721474
2021-07-27,955.430832,2862.111023,706.589236,1395.826996,2251.738794,631.786264,510.392393,397.202258,1473.038605,165.937839
2021-07-28,953.763208,2855.884497,704.672415,1396.930365,2246.648987,634.404925,512.419018,397.495598,1478.338196,166.196668
2021-07-29,952.746252,2849.757141,703.043356,1399.448553,2240.014636,637.241833,514.553567,398.480377,1484.115588,166.320016
2021-07-30,950.613385,2843.083801,701.760327,1401.348309,2232.882434,639.381656,516.311574,398.824934,1490.47002,166.423142
2021-08-02,948.845663,2838.906567,700.02901,1403.688538,2225.182898,641.100598,518.28783,398.929697,1496.366187,166.570756
2021-08-03,948.00275,2840.221411,697.650821,1407.826196,2221.216199,643.137573,520.882869,399.709606,1503.357477,166.870026
2021-08-04,947.859421,2840.492786,695.886203,1411.592352,2216.37417,646.171762,523.031802,400.831744,1509.294196,167.06617
2021-08-05,948.806989,2841.933435,695.039572,1415.721118,2212.212927,649.199389,526.552608,401.641919,1516.179749,167.602026
2021-08-06,949.213086,2846.742224,694.817212,1419.605188,2208.510193,652.156213,529.989479,402.196004,1522.299353,168.12373
2021-08-09,949.054968,2852.786792,695.219128,1424.741669,2205.74762,654.992874,533.328009,402.473045,1527.745398,168.637344
2021-08-10,948.789917,2859.572278,695.357062,1430.627832,2203.205029,656.830643,537.748198,402.349657,1532.14989,168.96088
2021-08-11,949.502011,2865.621118,695.257178,1435.105847,2202.074988,658.340948,542.103638,402.209969,1534.831671,169.144892
2021-08-12,950.142438,2872.2078,694.79819,1439.946472,2201.146411,660.079639,546.790054,401.998113,1536.372546,169.252064
2021-08-13,950.898895,2884.0974,694.889749,1446.920441,2200.548938,662.331427,551.390128,402.053984,1539.624323,169.395634
2021-08-16,952.594952,2896.861316,696.30715,1454.159119,2201.370972,664.691724,555.975809,401.911972,1542.720026,169.523025
2021-08-17,954.19773,2912.232434,698.007553,1462.683588,2203.635681,667.658725,560.801328,401.939909,1545.896558,169.620086
2021-08-18,955.991617,2927.93551,699.668719,1470.843237,2206.004614,670.000061,565.463754,401.884036,1548.789984,169.707036
2021-08-19,957.173514,2943.171558,701.197897,1477.216571,2211.001794,671.661945,569.121265,401.774617,1549.225647,169.785898
2021-08-20,958.141556,2958.516101,702.910193,1483.556543,2223.103345,671.954184,572.258334,400.740946,1549.220325,169.644351
2021-08-23,960.086734,2977.986157,705.051752,1489.556158,2236.323377,672.338592,576.028574,400.098393,1549.269794,169.448208
2021-08-24,963.014737,2997.031287,707.88417,1494.81944,2249.781909,673.259036,579.844382,399.523355,1550.015948,169.330926
2021-08-25,966.774277,3017.446399,711.216016,1500.60105,2262.916272,673.647043,581.981326,399.092659,1549.996765,169.221731
2021-08-26,970.805686,3038.518848,714.463431,1505.526208,2278.275964,674.195102,582.928686,397.658557,1549.984778,169.163091
2021-08-27,975.176074,3062.984229,717.364822,1509.899683,2294.237744,675.031747,584.535593,396.757585,1551.743402,169.201511
2021-08-30,979.675,3084.31565,720.827463,1512.858343,2310.674219,676.595908,587.188193,396.189534,1553.957867,169.229821
2021-08-31,983.551703,3106.516907,724.316269,1515.138519,2326.293274,677.985461,591.21026,395.237346,1555.774066,169.286441
2021-09-01,987.268012,3126.037915,727.022647,1516.406512,2342.771399,678.240094,595.623263,393.977847,1558.806671,169.32284
2021-09-02,990.91152,3150.507715,729.49953,1517.988171,2363.304248,679.341068,598.875458,393.41445,1561.628143,169.10041
2021-09-03,997.724191,3174.067908,731.482935,1520.232745,2381.607153,680.633618,601.300204,393.216563,1565.522064,168.952797
2021-09-06,1005.651651,3197.497485,732.952652,1523.218091,2399.951721,681.521188,603.9552,393.107144,1570.164532,168.770807
2021-09-07,1013.679202,3218.83335,734.417621,1524.526123,2418.287036,682.297202,606.274429,393.230533,1574.639056,168.847648
2021-09-08,1020.824026,3237.865198,736.354651,1525.224622,2437.296191,683.626126,608.528894,393.384189,1578.63374,168.952798
2021-09-09,1027.992752,3257.326404,737.952792,1525.313599,2456.671228,684.542795,611.550839,393.623982,1580.869812,169.104455
2021-09-10,1034.361795,3271.84541,738.961148,1524.397083,2475.481262,685.292136,613.906042,393.675202,1580.948987,169.152984
2021-09-13,1038.867563,3288.329749,739.554501,1523.840955,2492.151636,685.522513,616.748111,394.047696,1581.69754,169.284422
2021-09-14,1043.513245,3303.06344,740.360715,1521.371704,2505.061365,685.825647,620.002701,394.583156,1584.466229,169.563471
2021-09-15,1048.191907,3320.504028,741.164539,1520.392889,2518.464319,687.089102,624.921759,395.707622,1588.504095,169.848588
2021-09-16,1054.005823,3335.675964,742.281094,1519.004767,2531.533813,688.975793,629.509842,397.75634,1592.745892,170.730224
2021-09-17,1059.518292,3347.554541,743.883991,1517.151721,2536.297107,690.88916,634.99971,399.963367,1598.628754,171.63006
2021-09-20,1064.796429,3355.792297,744.722299,1514.887134,2543.994336,692.213235,639.906778,401.264769,1604.559589,172.740194
2021-09-21,1069.824316,3366.847546,744.5582,1514.780365,2552.305188,693.057147,645.017703,402.251877,1610.082568,174.185999
2021-09-22,1075.009186,3375.840015,743.994568,1513.950604,2558.765869,693.653711,650.500385,403.304172,1615.701508,175.686401
2021-09-23,1080.911828,3384.577979,744.356052,1514.611292,2564.133557,694.536429,657.211023,405.122409,1624.04834,177.219154
2021-09-24,1086.720056,3391.268701,745.618866,1517.06051,2567.315234,695.661652,664.130325,406.440109,1630.317474,178.535545
2021-09-27,1092.503259,3397.273267,746.970865,1518.088245,2568.324854,696.454636,669.678516,407.552936,1634.132214,179.777116
2021-09-28,1099.098663,3396.950085,747.771124,1517.227326,2568.313269,696.362482,671.845215,408.430626,1637.248792,180.846809
2021-09-29,1105.030884,3400.35625,748.121909,1517.872443,2566.108801,695.858066,673.799008,409.832135,1638.909045,182.003452
2021-09-30,1110.14635,3397.647229,748.263406,1517.254016,2561.512268,694.679492,675.464569,410.914696,1639.712775,183.071123
2021-10-01,1113.222229,3392.696167,748.421558,1515.674585,2558.610767,693.129886,676.910309,411.857571,1639.971893,184.072063
2021-10-04,1116.192309,3389.212524,748.898383,1513.376617,2554.238806,692.113788,678.809494,413.352203,1640.981964,185.176131
2021-10-05,1120.021234,3389.982739,749.521463,1512.760437,2551.040881,691.153464,680.815893,415.009804,1642.661414,186.104276
2021-10-06,1122.944696,3391.60946,750.437067,1511.883978,2545.721851,689.62811,682.568194,416.213426,1644.028967,186.913116
2021-10-07,1126.284479,3396.102368,751.433527,1511.857282,2539.180164,688.752667,683.496445,417.405408,1646.063489,187.734092
2021-10-08,1131.87315,3402.487634,752.243298,1513.292108,2531.279175,687.935428,684.571298,418.602046,1648.791382,188.504514
2021-10-11,1138.268329,3395.416284,754.104233,1513.249847,2524.737463,688.221582,685.075949,420.296892,1650.960266,189.471079
2021-10-12,1145.078717,3385.100256,756.031747,1513.205359,2520.736035,688.277356,685.31752,422.624982,1652.003918,190.490219
2021-10-13,1152.28269,3371.849402,758.233951,1513.105261,2514.775562,688.06395,684.231198,424.387344,1653.685767,191.832896
2021-10-14,1158.475397,3359.237353,761.264951,1513.705902,2509.278223,688.068802,683.275494,425.639856,1656.951093,192.876304
2021-10-15,1165.524664,3349.965112,763.767993,1514.793713,2505.911279,688.415582,681.8617,427.339362,1660.458734,193.903533
2021-10-18,1172.651294,3342.468701,766.394705,1519.434125,2499.133398,690.134946,680.347281,430.156349,1664.494208,195.068265
2021-10-19,1180.094153,3332.649463,769.646881,1524.047839,2486.830359,691.861585,678.775757,432.456503,1670.499432,195.248231
2021-10-20,1186.234527,3321.743603,772.979907,1527.849591,2472.665491,693.922876,678.535974,435.2991,1675.096313,195.3736
2021-10-21,1189.251251,3307.137317,775.507922,1528.343439,2457.07887,695.790164,677.68783,437.773859,1676.826154,195.462573
2021-10-22,1192.543262,3290.947888,777.391446,1526.383618,2443.530029,697.553174,676.159552,440.670001,1677.953778,195.387752
2021-10-25,1194.303027,3276.017322,778.150088,1525.77854,2431.782751,702.970737,674.622653,443.45905,1680.091473,195.173409
2021-10-26,1196.87384,3263.186291,779.046664,1527.188861,2419.184509,708.414969,674.625095,446.608954,1682.927338,195.130946
2021-10-27,1199.13866,3250.107971,780.210788,1529.503394,2406.496057,714.50184,675.028256,449.363086,1685.976733,195.145101
2021-10-28,1200.943921,3234.733142,780.178683,1531.45213,2392.71958,719.247659,675.099115,451.614349,1691.317377,194.698216
2021-10-29,1201.229449,3220.305737,780.182254,1532.225384,2379.001978,724.568219,675.560916,453.965718,1694.664276,194.206844
2021-11-01,1200.811975,3207.458606,780.647195,1533.843365,2366.761145,729.597772,677.080713,456.412541,1698.507806,193.812537
2021-11-02,1198.345819,3192.301526,780.915933,1534.739728,2354.030408,734.634604,677.799072,459.066562,1703.255847,193.444513
2021-11-03,1196.611072,3178.493066,780.120428,1536.69903,2341.994531,739.312524,678.175354,462.34684,1712.586365,193.088624
2021-11-04,1194.937762,3161.782129,779.726837,1538.160248,2331.265637,743.187753,678.595615,465.724898,1722.015259,192.829794
2021-11-05,1191.015564,3143.178833,779.519934,1538.159943,2321.896045,747.004779,678.869272,469.098299,1730.750781,192.621516
2021-11-08,1187.587054,3135.382446,778.722052,1540.916083,2312.71427,750.247073,679.756226,471.612637,1740.714703,192.287869
2021-11-09,1184.26319,3129.166577,777.358163,1544.1547,2302.059521,754.027725,681.068332,473.761466,1751.53034,191.780322
2021-11-10,1180.963208,3121.897595,775.356918,1546.217841,2291.321851,757.468872,683.294272,475.749655,1761.036011,191.03821
2021-11-11,1177.645044,3116.431421,772.048865,1547.68208,2279.338501,759.610187,685.385822,476.634328,1767.868951,189.964473
2021-11-12,1175.203912,3112.643909,768.852582,1551.251434,2268.6948,762.001285,688.205502,477.600484,1776.057452,189.008016
2021-11-15,1172.250885,3108.481641,766.164035,1551.733643,2258.767639,763.352036,690.988531,478.000913,1783.667743,188.019209
2021-11-16,1167.383392,3105.033398,762.817929,1551.112286,2252.961841,764.15715,693.392838,478.322189,1788.91001,187.594568
2021-11-17,1162.005151,3101.177148,759.41593,1551.154163,2249.590039,764.906488,693.959702,478.240708,1795.925305,187.307429
2021-11-18,1158.610761,3098.65802,756.160193,1553.001416,2248.126306,765.265396,694.853986,478.280284,1800.303857,187.016246
2021-11-19,1155.104889,3097.631274,752.798627,1556.354681,2246.275867,765.440003,695.824011,478.319861,1805.3302,187.052647
2021-11-22,1149.689105,3096.098975,749.429925,1559.355273,2243.838806,761.089462,698.316278,477.383969,1809.18573,186.95154
2021-11-23,1143.428137,3095.285144,746.167053,1560.845465,2241.851392,757.328211,701.380301,476.476012,1813.5091,186.745284
2021-11-24,1137.148981,3093.225098,743.200268,1559.366498,2240.83324,753.700342,704.143787,475.265404,1817.249463,186.310529
2021-11-25,1134.745386,3094.300586,741.591428,1560.196869,2238.94137,751.38927,707.828433,474.762535,1818.960089,186.561269
2021-11-26,1131.932263,3096.478186,739.380902,1561.269635,2236.236389,747.516464,710.437985,473.288855,1819.511902,186.593623
2021-11-29,1129.741388,3097.613562,736.906393,1561.10357,2232.615747,743.369632,711.750092,470.932829,1818.16355,186.377257
2021-11-30,1127.570966,3099.607056,734.214282,1561.765631,2227.893091,739.169446,712.448904,468.085576,1815.721149,186.197288
2021-12-01,1127.193317,3103.401196,732.387836,1562.322198,2224.794348,736.344263,713.5802,465.648064,1810.754779,186.175045
2021-12-02,1126.829309,3109.355225,730.765909,1564.097424,2222.951404,733.448755,715.117105,463.159337,1805.008673,186.13056
2021-12-03,1124.768103,3115.200635,728.853848,1565.302606,2219.260852,730.257391,715.960083,460.491345,1799.840784,185.932395
2021-12-06,1121.597803,3116.69303,726.560089,1563.408453,2213.417517,726.833218,715.402991,457.793088,1793.031824,185.451134
2021-12-07,1118.416132,3120.187805,725.453042,1562.023743,2208.312769,724.316019,714.701736,455.350922,1786.050122,185.123555
2021-12-08,1115.417615,3126.512146,725.418561,1562.616223,2205.537878,722.982242,713.709717,453.821367,1780.047296,184.884948
2021-12-09,1113.185779,3131.548144,724.908435,1563.969507,2203.839392,722.184406,712.993799,452.845898,1777.556928,185.103333
2021-12-10,1110.133783,3136.459936,724.184277,1563.029156,2200.477405,721.282288,711.390927,452.070648,1773.4039,185.232748
2021-12-13,1106.30827,3138.959082,723.087933,1561.121533,2194.867078,720.346216,709.707428,451.197618,1769.298846,185.0912
2021-12-14,1103.174371,3141.948291,722.004666,1559.319379,2190.750195,720.084311,707.816235,450.892635,1764.999463,184.814172
2021-12-15,1101.108624,3144.097058,721.272189,1556.929236,2187.479053,719.64538,706.125406,450.271034,1761.539795,184.189342
2021-12-16,1099.52973,3148.793787,720.337561,1556.579132,2183.289954,718.590482,704.515204,449.216409,1760.431366,183.598888
2021-12-17,1096.507318,3153.612476,718.759634,1558.439624,2175.407983,716.912341,702.15488,447.540186,1758.036957,182.808245
2021-12-20,1094.541663,3157.980957,716.626401,1560.212585,2169.841907,714.872876,698.057297,445.808089,1754.910791,182.060067
2021-12-21,1092.84447,3164.369604,714.872485,1563.565521,2164.187305,713.345099,693.56633,443.617358,1752.089325,181.287624
2021-12-22,1093.178894,3172.683044,713.139966,1569.342255,2159.662683,712.016171,689.94277,441.880605,1752.497192,180.652684
2021-12-23,1090.273639,3182.298132,711.193417,1575.410748,2157.407349,711.058279,685.720575,440.541953,1753.867145,180.086495
2021-12-24,1089.36817,3192.234778,709.980542,1583.124286,2155.629626,711.295935,682.705417,439.911043,1757.765863,179.843845
2021-12-27,1087.74718,3200.843176,708.78075,1590.745801,2154.32489,712.149551,679.597415,439.582779,1762.513898,179.684099
2021-12-28,1087.58794,3208.71095,708.001895,1598.616443,2153.93114,713.189892,677.241977,439.613045,1768.979767,179.639614
2021-12-29,1086.120526,3213.895471,706.793774,1606.276129,2152.160437,713.577902,675.023367,438.639906,1774.202844,179.431338
2021-12-30,1083.305133,3217.924719,705.26579,1612.76654,2149.471765,714.222967,672.423587,437.461894,1778.833319,179.049159
2021-12-31,1082.392841,3222.266602,704.453638,1619.598089,2150.240613,715.379715,670.735196,436.870561,1783.375012,178.903566
2022-01-03,1083.331305,3234.744507,704.830579,1628.716522,2152.794141,718.054544,670.427328,437.126651,1790.102387,178.952097
2022-01-04,1085.06604,3248.060693,704.898355,1637.132513,2156.505627,719.907281,670.358911,437.443271,1796.793787,178.935918
2022-01-05,1086.237689,3258.44082,705.161142,1641.230536,2160.009766,721.587839,669.618558,437.482849,1802.722229,178.757971
2022-01-06,1085.328803,3267.563611,705.467926,1643.670062,2162.416516,723.045288,669.445074,437.624863,1804.86712,178.082591
2022-01-07,1084.806671,3277.174292,706.13382,1646.14101,2166.300415,724.754947,669.151868,437.464221,1806.378619,177.366768
2022-01-10,1085.451648,3289.157715,707.275351,1650.903332,2171.085962,727.507379,669.242276,438.202225,1810.773969,176.909772
2022-01-11,1087.167047,3302.112402,708.784311,1655.546716,2175.063037,730.029431,669.821362,439.012404,1815.354059,176.64083
2022-01-12,1090.531854,3314.954004,710.131552,1661.976532,2179.359302,733.49725,672.008206,440.197401,1819.835779,176.588255
2022-01-13,1093.521289,3328.981946,710.795062,1667.596173,2184.238061,737.549509,674.471155,441.603567,1826.769495,176.630718
2022-01-14,1098.038416,3346.003528,712.509735,1672.466229,2190.456518,741.997052,677.136905,443.491647,1836.253565,176.818773
2022-01-17,1104.29256,3366.504419,714.789227,1678.777094,2196.069202,747.300635,680.574771,446.508852,1849.211682,177.312168
2022-01-18,1109.082709,3383.459497,716.868951,1683.676312,2200.572839,752.284106,682.888669,449.339809,1858.551801,177.645815
2022-01-19,1112.620428,3396.355566,718.610977,1685.577216,2202.075598,755.960477,683.814716,452.131186,1865.744629,177.983508
2022-01-20,1115.173053,3403.920593,720.154419,1684.055603,2200.265308,759.789627,685.605731,454.440649,1871.74505,178.042149
2022-01-21,1117.563,3411.430689,722.121176,1680.563513,2201.59104,763.543601,686.495135,456.570851,1876.382721,178.003726
2022-01-24,1117.737048,3415.061926,722.973758,1674.757605,2200.808228,766.572488,687.186615,458.251733,1877.999786,177.771186
2022-01-25,1117.164868,3418.165283,723.621814,1667.313379,2201.653967,769.766284,688.740616,460.740462,1879.237781,177.538644
2022-01-26,1116.499408,3421.794202,724.435156,1659.97912,2202.604541,772.964923,690.450995,463.54581,1880.698907,177.439562
2022-01-27,1116.021649,3418.330994,724.755023,1650.362445,2201.194934,775.824051,691.814414,467.142706,1881.905707,177.382944
2022-01-28,1115.286792,3416.47644,724.370944,1641.315796,2197.625549,777.812592,693.378189,470.076097,1881.984882,177.364745
2022-01-31,1114.894342,3413.153052,723.56355,1634.03316,2193.545935,778.981461,695.235168,473.219017,1881.329901,177.409232
2022-02-01,1113.087939,3409.719385,722.813232,1628.328247,2189.091186,780.797821,696.486191,475.491228,1883.870654,177.712549
2022-02-02,1111.130255,3409.809265,722.01297,1625.745099,2184.995264,782.044296,697.710333,477.698256,1885.506915,178.181676
2022-02-03,1109.679901,3410.867969,721.432696,1622.18794,2180.650061,783.203473,698.260101,479.951843,1885.945966,178.81864
2022-02-04,1107.297913,3409.45332,720.801291,1618.902326,2175.5453,783.775784,699.017557,481.770081,1888.011688,179.461669
2022-02-07,1104.547363,3405.275122,718.637143,1612.809149,2168.581287,782.594785,699.093301,483.148309,1884.719983,179.740721
2022-02-08,1102.283673,3397.918652,716.162637,1606.60152,2162.090259,781.71449,699.359634,484.330975,1880.614941,180.116833
2022-02-09,1099.153192,3393.80553,714.758316,1600.310858,2155.776318,780.698392,698.829416,485.49502,1876.517096,180.416104
2022-02-10,1095.643915,3388.442481,714.689352,1594.601447,2149.669702,779.767172,698.45069,486.854623,1870.88374,180.751775
2022-02-11,1091.944678,3376.613989,714.063891,1585.265314,2144.744336,778.350943,698.184363,487.844061,1862.55849,181.150129
2022-02-14,1087.08288,3364.247412,712.927115,1573.716333,2137.242114,775.169278,696.283398,487.257382,1849.583575,181.155016
2022-02-15,1084.720227,3356.881213,712.654815,1565.524774,2133.542285,772.887308,696.14657,488.095494,1842.570697,181.462625
2022-02-16,1082.248383,3352.36958,712.590607,1559.521362,2132.451904,770.726593,697.031082,488.137402,1834.883636,181.776057
2022-02-17,1081.475983,3350.488037,712.531155,1555.082214,2134.583752,767.821384,697.109271,488.209576,1828.415369,182.150055
2022-02-18,1080.259961,3348.728674,712.311175,1551.54751,2133.984973,765.124735,697.954685,488.796254,1824.914917,182.561747
2022-02-21,1080.760468,3346.42063,713.154242,1551.273712,2134.460242,762.990689,698.934488,489.620398,1823.189886,183.024245
2022-02-22,1081.118787,3338.268079,713.692895,1551.821307,2131.79021,760.548663,698.318753,488.863767,1819.310358,183.255186
2022-02-23,1081.136987,3329.11145,713.998495,1552.750433,2128.675171,757.781677,697.954691,488.121106,1814.272015,183.531682
2022-02-24,1079.263477,3318.11106,712.677417,1552.730231,2122.899402,753.54997,696.178339,485.499678,1806.906445,183.487514
2022-02-25,1078.082727,3310.58938,712.507376,1553.107275,2117.6409,751.071573,694.851575,483.613927,1801.124353,183.547725
2022-02-28,1077.467322,3302.50127,711.093546,1552.182635,2112.90426,748.835684,692.760028,481.048375,1796.68822,183.581471
2022-03-01,1077.031647,3291.551953,709.41098,1549.648852,2106.681171,745.557019,690.973905,478.762195,1788.350977,183.30988
2022-03-02,1077.3729,3277.777026,705.678421,1545.865027,2098.34953,740.760272,688.491409,475.710069,1778.840521,182.837566
2022-03-03,1077.954181,3265.328235,702.245505,1545.070557,2088.696838,735.39364,686.067554,472.325031,1770.138599,182.44203
2022-03-04,1077.82337,3252.419641,698.499853,1544.271606,2075.318677,729.719025,682.817832,469.142534,1758.804736,182.305182
2022-03-07,1076.059064,3239.353284,695.090723,1545.387012,2060.703351,723.285367,681.298038,464.814616,1746.806293,182.31137
2022-03-08,1073.316486,3232.977857,691.902768,1548.12052,2046.008813,717.101489,680.032355,460.575168,1736.388928,182.355851
2022-03-09,1072.647613,3227.293274,688.895554,1551.534033,2032.973132,710.536887,678.671381,456.684934,1726.895258,182.542139
2022-03-10,1072.902417,3220.65575,685.746835,1554.061078,2024.529645,704.285104,677.386154,453.33947,1718.603595,182.757384
2022-03-11,1073.419989,3216.399524,682.84425,1558.578772,2016.906274,698.809345,676.394125,450.580685,1711.761054,183.144691
2022-03-14,1075.246851,3212.367676,682.103448,1567.937353,2009.019641,696.018115,676.917014,449.824056,1709.253882,183.954325
2022-03-15,1074.00694,3202.420227,679.872708,1572.47301,1997.281695,692.201086,676.504077,448.010475,1702.891174,184.569315
2022-03-16,1073.788525,3195.436109,678.265051,1579.479596,1987.293506,689.482608,676.025171,446.89532,1697.876825,185.391372
2022-03-17,1074.657611,3190.484595,677.636023,1585.305701,1977.717676,688.015451,676.313492,446.380812,1693.999713,186.31282
2022-03-18,1075.961224,3185.102136,676.867871,1591.933014,1967.908862,686.618616,676.819278,445.756885,1689.431628,187.265328
2022-03-21,1077.496893,3180.983643,676.021231,1597.424725,1956.557696,684.499124,676.733759,444.767447,1684.266138,188.362782
2022-03-22,1080.730896,3186.072888,675.627646,1604.294434,1943.6758,682.893744,677.711118,444.548608,1680.888061,189.808111
2022-03-23,1084.488153,3192.674927,675.112768,1610.10932,1930.542273,681.61817,677.737994,444.173785,1678.342499,191.301064
2022-03-24,1091.83432,3208.144812,675.665695,1619.470148,1920.96648,681.46297,679.470361,444.846603,1679.023877,193.220577
2022-03-25,1098.930231,3216.439527,675.066394,1627.637024,1910.82218,679.969138,680.481927,445.207457,1677.778692,194.852267
2022-03-28,1104.899994,3223.259229,675.222162,1634.742371,1901.642456,678.400128,682.756732,445.873288,1674.172681,196.5585
2022-03-29,1110.883411,3229.974524,675.829785,1642.390832,1893.019586,677.071201,686.101745,446.422717,1670.80899,198.163269
2022-03-30,1117.12619,3238.211499,678.272183,1651.419507,1886.812781,677.849643,689.779062,447.356281,1670.285956,199.567185
2022-03-31,1122.960571,3246.899426,680.634912,1659.768164,1884.839362,679.401672,693.830221,448.573869,1671.02251,200.861354
2022-04-01,1130.475098,3257.313403,683.952484,1667.858734,1887.572296,681.73942,698.951587,450.727353,1674.782068,202.012647
2022-04-04,1140.124768,3269.995422,691.848065,1674.281811,1896.16955,686.242737,703.466986,454.084459,1683.990228,203.275755
2022-04-05,1149.01001,3279.540833,698.517688,1678.002808,1905.060358,689.967615,707.55235,457.301877,1692.50982,204.623763
2022-04-06,1155.037793,3284.994385,702.791287,1678.698541,1911.777386,693.563962,711.664593,460.200346,1700.276068,205.880659
2022-04-07,1159.146551,3287.802222,705.741425,1678.029748,1914.706049,697.05361,714.82391,462.353828,1704.983325,206.901502
2022-04-08,1164.072058,3291.645251,708.544119,1677.697601,1918.836932,700.759085,718.11029,464.484029,1709.882513,208.203954
2022-04-11,1168.425397,3294.017712,709.818826,1672.125098,1923.671436,703.836468,720.927527,465.869244,1711.549963,209.384237
2022-04-12,1172.920917,3298.336108,711.471668,1667.777954,1928.053943,707.061783,722.811389,467.126412,1711.753894,210.500328
2022-04-13,1176.29483,3298.604883,711.871204,1661.455872,1931.781744,709.692963,724.211456,468.288127,1711.974622,211.616422
2022-04-14,1177.88623,3298.125049,711.512094,1656.695789,1934.11629,711.737286,725.07886,469.023802,1710.674243,212.637264
2022-04-15,1179.47763,3297.645215,711.152985,1651.935706,1936.450836,713.78161,725.946265,469.759477,1709.373865,213.658107
2022-04-18,1181.216913,3293.262427,708.987647,1641.538031,1942.343103,716.063577,726.987152,470.639496,1708.512543,214.718293
2022-04-19,1183.711505,3283.086145,705.37399,1626.932349,1947.913849,718.396469,727.194842,471.482262,1705.235223,215.206971
2022-04-20,1187.789551,3276.17312,702.402445,1614.153504,1956.599628,720.203134,728.8759,472.350638,1701.605225,215.519642
2022-04-21,1192.418164,3270.788416,700.77814,1602.128735,1967.412604,723.023462,730.312625,473.710239,1698.867725,215.749487
2022-04-22,1196.125378,3266.572205,698.987363,1589.062634,1975.518256,725.370911,731.749344,474.1712,1696.144617,216.070441
2022-04-25,1197.787311,3259.485913,697.392789,1575.02251,1981.373242,727.400681,732.057211,474.043159,1692.101947,215.995895
2022-04-26,1201.270422,3252.419641,695.496185,1561.332483,1988.889435,729.265543,732.123181,474.532057,1689.861084,216.176045
2022-04-27,1203.668329,3244.851318,693.013358,1545.571021,1994.909851,729.546844,732.269788,474.669415,1685.228211,216.519777
2022-04-28,1207.879474,3237.936096,690.658951,1531.016968,2003.912512,730.364087,731.898389,475.318954,1682.905774,216.952548
2022-04-29,1210.937158,3228.515124,687.771835,1515.93551,2011.21438,730.706018,730.945462,474.764868,1678.311286,217.211382
2022-05-02,1213.593286,3218.387744,681.752643,1500.586993,2015.969647,730.434412,729.652905,473.768445,1671.262415,217.530264
2022-05-03,1217.105981,3206.285498,676.888062,1486.219214,2020.196033,730.395609,728.418988,472.911709,1663.74809,217.683493
2022-05-04,1218.803168,3194.041125,672.254166,1473.054352,2021.570685,729.554117,725.816769,471.314639,1653.246753,217.689706
2022-05-05,1220.351349,3186.455029,668.358695,1462.917004,2021.654584,728.596225,723.693454,469.687305,1644.194537,217.913336
2022-05-06,1220.4651,3175.2125,663.672476,1450.719421,2020.07724,726.896268,721.159647,468.190344,1634.19942,217.865711
2022-05-09,1218.374316,3164.047717,659.479727,1441.912921,2017.9151,724.507596,718.884842,466.374432,1626.265241,217.677279
2022-05-10,1216.408661,3152.836291,655.854178,1433.409412,2020.158771,721.958875,717.809747,464.621382,1619.55946,217.468141
2022-05-11,1214.080133,3141.731494,653.087158,1423.453851,2020.687665,719.6284,716.939896,462.705363,1610.442468,216.892494
2022-05-12,1210.616363,3130.477869,649.597183,1412.692603,2020.065594,716.405505,715.217301,460.142136,1599.18299,216.202958
2022-05-13,1207.771399,3119.501892,645.825723,1401.733862,2022.020374,712.287769,712.73725,456.740796,1588.324176,215.749481
2022-05-16,1205.117548,3112.782117,644.037906,1395.795532,2023.865649,708.6599,710.963342,454.203175,1578.945673,215.086864
2022-05-17,1202.577453,3111.880261,643.730597,1393.840778,2030.014203,705.929297,710.159464,452.131177,1574.068073,215.217316
2022-05-18,1198.480072,3107.082019,643.133118,1390.317285,2035.906482,703.591544,708.048367,449.742558,1568.353149,215.517564
2022-05-19,1191.603699,3090.790247,641.412848,1381.715027,2039.009876,700.097049,705.042981,446.53911,1560.361383,216.149117
2022-05-20,1188.54715,3076.593213,640.954065,1375.866473,2048.282782,698.249158,702.558042,444.760449,1556.31872,216.931831
2022-05-23,1186.542816,3066.532483,639.846109,1371.705609,2061.285834,696.253342,699.943601,443.184331,1555.685333,217.729039
2022-05-24,1182.907269,3055.056689,638.947995,1365.42168,2068.802002,694.041699,696.127011,441.161221,1552.151306,218.221857
2022-05-25,1179.122705,3038.519958,638.27497,1359.032245,2075.959375,692.909201,692.984799,439.482051,1547.242529,218.85134
2022-05-26,1173.827508,3023.609265,638.542297,1351.911194,2077.746374,692.004654,690.36059,438.02549,1539.819385,219.352553
2022-05-27,1168.932709,3011.905469,639.104385,1347.144379,2082.208081,691.834906,687.692401,437.092787,1535.306476,220.024016
2022-05-30,1166.301599,3005.489441,639.440802,1346.507007,2087.727576,692.198666,685.625284,436.674043,1534.413959,220.540028
2022-05-31,1162.939062,2998.585901,639.474078,1345.543042,2093.447461,692.773401,683.614371,435.947923,1533.216748,221.123914
2022-06-01,1161.570624,2994.056482,640.783698,1343.687421,2099.826666,694.150827,682.258283,435.759737,1533.890918,221.899515
2022-06-02,1163.468024,2991.064563,641.931281,1340.941364,2105.33446,695.166922,681.134317,435.628552,1533.866919,222.649865
2022-06-03,1167.081958,2992.429517,643.804077,1340.715393,2111.986261,696.381867,679.973703,435.060454,1535.287262,223.175773
2022-06-06,1172.752545,2992.827661,645.578857,1339.633838,2119.621283,698.147305,678.578522,434.829349,1536.441278,223.943999
2022-06-07,1179.534497,2990.455261,646.46813,1338.271863,2121.075128,699.308902,676.899909,434.61665,1535.553564,224.806568
2022-06-08,1185.785235,2991.125269,647.293329,1337.784216,2122.63847,700.050967,673.989822,434.714671,1536.213348,225.584392
2022-06-09,1194.870685,2992.970581,649.089285,1338.78266,2125.383063,701.843079,672.570206,435.254198,1539.521851,226.601251
2022-06-10,1201.414905,2991.532568,650.526776,1338.245819,2125.653332,703.911646,671.761441,436.390665,1541.949841,227.352358
2022-06-13,1206.777215,2985.511987,651.044034,1336.023376,2124.705054,704.154147,670.691232,436.288603,1541.429211,228.0565
2022-06-14,1209.028381,2975.763391,650.995917,1333.211591,2121.256818,702.965872,669.469534,435.72023,1538.576556,228.355595
2022-06-15,1210.346771,2965.949145,650.840735,1329.982611,2115.390277,701.991006,668.782935,435.738567,1537.993555,228.480756
2022-06-16,1212.170233,2961.560266,650.702399,1329.302454,2110.781927,701.418695,667.803134,435.78474,1537.007489,228.124865
2022-06-17,1211.386475,2953.416919,649.951779,1326.916443,2101.608404,700.317725,665.640729,435.108772,1531.242188,227.699124
2022-06-20,1209.93385,2945.047327,650.388437,1325.153644,2093.942523,699.100345,663.444116,434.204729,1522.972119,227.535098
2022-06-21,1209.211529,2942.629822,650.811868,1326.24234,2089.973248,698.515903,662.276172,434.006117,1516.926105,227.768285
2022-06-22,1206.790869,2945.103247,650.846753,1328.128473,2086.413153,697.218503,660.060007,433.701108,1512.319623,227.72971
2022-06-23,1204.011877,2948.764197,650.08771,1330.098126,2086.053839,695.795004,658.425375,432.873561,1508.94873,227.678803
2022-06-24,1202.304449,2950.186548,649.167483,1329.874231,2085.757513,694.516998,657.780319,432.178421,1503.8888,227.536684
2022-06-27,1198.387939,2947.478308,648.077637,1328.232166,2085.393524,693.006192,657.042416,431.544754,1497.888391,227.574863
2022-06-28,1196.000256,2945.411865,647.041928,1327.168457,2084.688129,690.942477,656.111478,431.362692,1492.946027,227.625772
2022-06-29,1194.786505,2942.518018,645.817355,1326.474445,2082.112152,688.522278,655.776727,430.92764,1488.142816,227.719103
2022-06-30,1191.859644,2935.545032,644.924792,1324.383319,2080.504266,686.458563,655.239178,430.740851,1484.356873,227.719103
2022-07-01,1183.423724,2929.95188,644.286041,1322.464563,2080.995929,684.499127,654.60145,430.851979,1480.522931,228.213332
2022-07-04,1175.373419,2921.189783,643.737509,1320.557147,2086.385882,683.20657,654.550137,431.31304,1477.715851,228.938766
2022-07-05,1167.649597,2914.641687,643.496924,1319.162305,2096.222772,682.440256,654.508597,431.726813,1476.537836,229.490267
2022-07-06,1160.546851,2908.227771,643.589551,1318.783551,2111.292804,682.268079,656.0064,432.13586,1475.175086,230.398124
2022-07-07,1151.204315,2901.999487,644.025009,1318.044183,2125.136188,682.716715,656.517068,433.07217,1475.942828,231.293253
2022-07-08,1143.859277,2897.774988,645.131692,1319.752014,2140.00058,684.4482,657.582391,434.334769,1480.85401,232.264742
2022-07-11,1138.421881,2893.042822,647.045538,1321.958813,2154.710956,688.401032,657.057062,436.337434,1487.137537,233.552283
2022-07-12,1133.697723,2887.413879,648.965399,1321.870343,2168.698486,692.009509,656.126126,438.080012,1492.372614,234.708314
2022-07-13,1128.721033,2879.9198,650.177945,1322.879626,2185.208032,695.208148,654.239822,439.7422,1496.542438,236.008585
2022-07-14,1125.016095,2873.866626,651.856018,1324.315295,2201.71289,698.792371,653.626529,441.527339,1502.240558,237.287644
2022-07-15,1120.734436,2870.002368,653.595441,1326.26806,2223.245373,701.913406,654.024805,443.329027,1511.592676,238.570945
2022-07-18,1117.986169,2868.176904,654.206525,1329.704132,2240.055786,706.08692,655.10723,445.958263,1523.869421,239.894548
2022-07-19,1114.641827,2862.380896,654.483194,1331.257733,2257.117712,710.187683,656.016177,448.190277,1534.881793,240.9424
2022-07-20,1114.582672,2860.153674,655.320419,1334.798138,2275.998877,714.868027,657.37471,451.072508,1547.415259,242.338123
2022-07-21,1115.068396,2854.647168,655.936316,1338.447418,2292.680005,719.080334,658.261664,453.940552,1561.496429,243.782632
2022-07-22,1115.137787,2849.560327,656.867371,1341.404938,2308.507947,723.280518,658.635501,456.751848,1575.677563,245.254717
2022-07-25,1113.494049,2843.316785,657.838126,1342.72041,2322.749341,727.332773,658.364282,459.428371,1588.608142,246.576199
2022-07-26,1111.077942,2834.638538,658.989313,1341.40495,2333.535571,731.503857,658.508441,461.790428,1599.269098,247.874348
2022-07-27,1107.416235,2830.468457,660.443643,1341.758746,2349.918213,736.24483,657.878049,465.058058,1612.309174,249.151285
2022-07-28,1104.264136,2830.558228,662.100061,1344.276263,2368.228235,741.453833,656.993542,468.205102,1625.076166,250.421859
2022-07-29,1106.556256,2830.357666,664.035559,1347.465112,2384.918774,747.016894,657.213446,471.113341,1637.506653,251.215173
2022-08-01,1110.222522,2833.598474,666.212845,1350.325104,2395.157336,752.027054,657.977582,473.964834,1649.802069,251.876978
2022-08-02,1113.666962,2837.364038,668.080981,1353.39375,2406.145703,756.794702,658.241598,477.272658,1661.851465,252.854831
2022-08-03,1118.091956,2841.280603,669.581021,1356.770831,2412.160522,761.58902,658.353064,480.152522,1674.162775,253.654509
2022-08-04,1122.273511,2844.677881,670.44953,1361.361328,2419.446912,765.384222,658.870383,482.351436,1683.365948,254.399036
2022-08-05,1125.517743,2849.530029,671.170078,1365.997192,2426.430078,769.385553,659.438599,484.361195,1689.262726,255.154168
2022-08-08,1128.776764,2861.586633,672.514941,1372.631183,2433.93977,772.90054,661.732004,485.883882,1698.383575,255.924146
2022-08-09,1132.11427,2874.9448,674.205042,1380.832397,2443.379187,776.881134,663.905682,487.560257,1707.948273,256.791698
2022-08-10,1136.777014,2889.452283,676.814175,1387.999371,2450.197852,781.762433,667.567322,488.893793,1719.064142,257.519254
2022-08-11,1141.189496,2908.455566,680.053635,1396.667792,2455.646191,787.216806,671.051846,491.040688,1730.815967,258.17257
2022-08-12,1146.449432,2926.705457,683.015222,1404.095605,2456.889587,793.446625,674.035452,493.480771,1739.704816,258.808917
2022-08-15,1151.244116,2941.865466,686.325656,1408.82218,2458.838135,798.667621,676.469296,495.391225,1746.539941,259.371023
2022-08-16,1156.117291,2956.146497,690.033057,1413.91618,2462.43667,803.705722,678.146912,496.7153,1753.390979,260.047675
2022-08-17,1159.806299,2966.743469,693.517917,1418.04173,2466.204431,808.820166,680.859738,497.639789,1760.085443,260.656447
2022-08-18,1163.985205,2975.889685,697.149524,1420.312018,2469.711292,813.884222,683.699402,498.599745,1766.374103,261.339458
2022-08-19,1166.698859,2985.520252,699.568597,1424.430762,2469.426904,817.5496,686.470453,498.914212,1774.553259,261.825204
2022-08-22,1171.12851,2993.942236,701.342905,1427.698999,2469.572644,820.288174,689.032794,498.606839,1779.325653,262.389432
2022-08-23,1176.45069,3001.507703,703.076315,1431.838159,2471.718591,823.818286,691.807443,498.970961,1785.439362,262.960025
2022-08-24,1181.664282,3004.489917,704.723111,1434.852386,2472.014746,827.603332,695.088122,498.550095,1790.138843,263.382138
2022-08-25,1185.83988,3002.592932,705.877914,1434.886407,2469.857019,830.658163,698.872632,497.980269,1793.863928,263.759705
2022-08-26,1188.50379,2999.01875,706.621317,1433.609521,2466.761487,833.445801,701.616495,497.765105,1798.595007,264.177571
2022-08-29,1189.215326,2991.563208,706.458923,1429.558813,2465.952942,835.26875,702.90007,496.871352,1801.8414,264.434229
2022-08-30,1190.623743,2987.946436,707.802585,1427.261298,2467.109351,838.900241,704.853662,496.358275,1808.132495,264.881795
2022-08-31,1191.538476,2982.190515,709.065653,1423.94317,2468.684155,842.189804,706.49556,495.904306,1814.581531,265.405721
2022-09-01,1191.466901,2972.178821,710.034003,1417.78772,2467.652307,845.068185,708.495782,495.906668,1821.03786,265.749348
2022-09-02,1191.575116,2961.655798,711.440219,1410.364447,2465.687354,846.980838,710.034604,496.173848,1828.475885,266.271152
2022-09-05,1191.826172,2950.845813,712.234146,1403.192932,2463.348645,849.200876,711.804129,497.048685,1835.216522,266.937201
2022-09-06,1192.694629,2939.751062,712.890939,1395.740179,2459.7172,851.479462,714.597076,497.871501,1841.663141,267.531129
2022-09-07,1192.869202,2930.57345,713.275873,1389.171973,2456.041089,852.818805,716.454947,498.729784,1846.666376,268.163235
2022-09-08,1192.931433,2919.234277,713.562167,1382.637775,2454.3229,854.726572,719.400061,499.670822,1851.878583,269.166542
2022-09-09,1191.672943,2910.987195,713.885751,1378.897784,2454.029089,856.036636,722.151288,500.741902,1856.898828,270.097732
2022-09-12,1191.07066,2903.874695,714.087839,1376.271405,2453.345081,857.637015,725.069403,501.886282,1862.509552,271.045892
2022-09-13,1190.547345,2896.549182,714.351276,1373.935321,2450.623279,859.137372,729.00358,503.401878,1869.432422,272.057686
2022-09-14,1188.99223,2883.961047,714.802371,1367.999884,2445.299524,860.837778,731.96832,505.46365,1874.204816,273.024934
2022-09-15,1186.741705,2871.543347,715.0189,1361.188989,2439.580884,862.423517,734.515842,507.345728,1877.264105,273.807643
2022-09-16,1184.124835,2854.634326,715.011682,1351.207373,2434.579114,864.311764,736.840033,509.305833,1876.484094,274.62641
2022-09-19,1181.747626,2840.025928,715.787564,1342.799768,2432.348535,866.602551,739.547086,512.188063,1877.944476,275.525781
2022-09-20,1178.461987,2829.070178,717.108368,1335.821033,2431.916064,869.181207,742.224686,514.654153,1880.648987,276.378487
2022-09-21,1175.494763,2817.672742,718.203024,1328.551984,2433.577832,871.228033,744.259268,517.037491,1880.760767,277.517543
2022-09-22,1172.163477,2808.219324,718.711865,1321.738806,2439.150732,872.74303,746.374838,519.255319,1881.261328,278.904781
2022-09-23,1168.089246,2797.449683,718.25596,1314.657996,2444.345215,873.299261,748.36279,520.522647,1878.901862,280.325957
2022-09-26,1163.060931,2791.25426,717.949213,1310.961096,2448.329224,873.552979,750.053775,521.868002,1877.441474,281.13412
2022-09-27,1157.544171,2782.567688,716.210996,1306.452252,2449.241199,871.857455,751.722668,522.116266,1873.490405,281.742889
2022-09-28,1150.571191,2774.697302,713.888159,1301.995569,2451.227319,870.013116,753.433286,521.813618,1869.259888,281.931673
2022-09-29,1145.205084,2768.670056,711.727713,1299.022186,2455.672034,868.527402,754.886206,521.267438,1864.523944,282.587109
2022-09-30,1141.718591,2763.026282,710.184366,1297.228168,2460.036792,868.019959,758.071835,520.978978,1860.013989,282.971042
2022-10-03,1137.146777,2756.368958,708.215183,1294.164056,2461.066284,866.356149,761.161749,520.073404,1852.770361,282.782257
2022-10-04,1132.954999,2754.759009,707.340662,1292.998285,2465.525086,865.575476,763.490845,519.832236,1848.360034,283.024068
2022-10-05,1129.107873,2752.137805,706.635751,1291.71684,2470.383472,865.158301,766.219986,519.825145,1844.153821,283.310423
2022-10-06,1125.380572,2749.10177,705.177817,1290.775604,2472.115772,864.506928,767.142786,519.477576,1841.167438,283.596782
2022-10-07,1122.254712,2742.251636,703.546658,1288.033557,2472.632849,863.594516,768.485263,518.382851,1839.942761,283.749504
2022-10-10,1117.866644,2736.672888,701.656873,1284.697284,2473.817505,862.352762,769.624039,517.240833,1837.403479,283.620114
2022-10-11,1111.889954,2729.50658,698.951508,1279.201856,2472.12749,860.430353,769.430155,515.793808,1831.940991,283.276483
2022-10-12,1107.025983,2728.625378,696.092169,1277.083508,2473.065332,858.002948,769.047296,513.999213,1829.868256,283.053761
2022-10-13,1102.919788,2728.578271,693.034351,1276.498358,2473.347376,854.880258,768.252118,511.601691,1825.914752,282.822556
2022-10-14,1099.986798,2732.634582,691.741211,1280.90741,2475.587354,852.984692,767.579648,509.965514,1825.506525,282.856493
2022-10-17,1097.848114,2736.715662,690.392737,1285.4276,2476.118567,852.301608,766.757471,508.613063,1824.170068,282.714374
2022-10-18,1096.670355,2741.7625,688.543851,1290.650873,2476.99762,851.33309,766.315701,508.064516,1823.460529,282.896791
2022-10-19,1096.308575,2747.535425,687.107568,1295.558899,2475.089075,850.203552,766.472775,507.293715,1823.910065,283.12588
2022-10-20,1096.639539,2754.624219,686.212592,1301.5896,2470.771301,849.483868,766.904727,506.73098,1824.685217,283.323148
2022-10-21,1097.372211,2761.955102,686.030948,1307.715552,2469.44801,850.698791,768.185855,507.215691,1825.652332,283.289212
2022-10-24,1099.711755,2769.824707,686.858557,1313.957178,2465.337085,853.882474,770.495313,508.501936,1828.485639,283.9298
2022-10-25,1100.745721,2776.678613,687.749918,1319.978796,2457.164575,857.419894,772.542166,510.490413,1833.729431,284.415546
2022-10-26,1103.235907,2782.716333,689.225897,1325.948254,2447.91792,861.106131,774.547296,513.0298,1839.252673,285.321277
2022-10-27,1106.108398,2790.262524,690.959305,1332.387402,2439.383411,865.033887,777.121814,515.767802,1846.472009,285.862172
2022-10-28,1109.495606,2797.746631,691.857886,1337.664563,2431.288464,867.270999,777.953806,517.666434,1852.661054,286.439125
2022-10-31,1113.606354,2807.454077,693.86676,1344.954211,2427.91322,870.215598,779.360095,520.222372,1862.56546,287.470007
2022-11-01,1116.268878,2815.391089,695.316275,1352.247778,2423.257983,872.213632,780.678034,522.312523,1869.996192,288.176355
2022-11-02,1119.292029,2822.518787,696.788644,1358.637976,2417.017383,874.021378,780.734479,524.258438,1876.885053,289.101181
2022-11-03,1122.328876,2827.590784,698.485959,1362.826068,2414.640356,875.153354,782.209491,526.509367,1881.538367,289.824496
2022-11-04,1125.989978,2834.803125,700.082233,1366.42525,2411.705164,876.263373,783.35318,529.524005,1885.938965,290.651747
2022-11-07,1130.573199,2840.342358,702.33891,1369.204681,2409.081763,878.007684,784.842917,533.467863,1891.187616,291.739899
2022-11-08,1136.249738,2848.079053,704.940823,1373.746374,2409.04154,880.296033,786.924127,537.570134,1897.928247,292.893808
2022-11-09,1141.470917,2853.622998,707.311774,1378.237769,2405.952209,882.352619,789.059332,541.435963,1902.411469,294.191957
2022-11-10,1145.800787,2858.584985,710.467029,1382.70415,2404.262964,885.138648,791.849823,545.42238,1907.344238,295.352229
2022-11-11,1151.760358,2868.692322,714.608679,1387.830322,2401.632556,886.909796,794.841568,548.92645,1912.179797,296.380995
2022-11-14,1156.560419,2878.752466,718.662521,1392.941339,2396.167297,887.385516,797.585431,551.238858,1917.846405,297.015224
2022-11-15,1160.122241,2887.200732,722.876349,1397.827594,2390.137891,888.107632,800.14277,553.054733,1921.658978,297.225218
2022-11-16,1162.369348,2897.699243,727.068518,1403.945221,2385.976428,889.156662,802.979892,555.246552,1926.45567,297.129765
2022-11-17,1164.616449,2906.318359,731.142807,1408.655835,2380.128784,890.676532,805.593683,557.31069,1932.549945,296.875229
2022-11-18,1167.493524,2915.582678,735.360248,1413.659741,2372.911218,891.320584,807.549722,559.289709,1939.727966,296.682202
2022-11-21,1169.115228,2921.058997,738.639404,1416.721051,2370.329639,891.081503,809.959808,560.594867,1944.670441,296.23676
2022-11-22,1171.934094,2927.93136,742.106216,1420.171747,2371.6073,891.015637,812.183368,561.566644,1948.592358,295.980102
2022-11-23,1174.570361,2934.504712,745.672873,1423.535321,2372.489795,891.132742,814.193411,562.94274,1952.280994,295.704353
2022-11-24,1177.490808,2944.519885,749.780847,1428.389215,2374.711169,891.837787,815.727322,564.347205,1956.564966,295.490118
2022-11-25,1179.578137,2954.69917,753.604929,1434.002032,2376.132019,892.93317,817.199881,566.080328,1960.827057,295.256792
2022-11-28,1183.183319,2963.785876,756.096179,1437.934216,2375.729761,894.333502,817.464938,567.725964,1962.836609,294.88983
2022-11-29,1187.345416,2969.974817,758.131522,1440.504474,2379.629272,896.194919,817.479663,569.222641,1964.105035,294.584382
2022-11-30,1191.583984,2976.678601,760.39902,1444.248645,2387.487476,898.546698,819.389078,570.575095,1967.096283,293.962884
2022-12-01,1195.421979,2988.768738,763.092358,1450.042596,2393.000757,900.086087,820.85918,571.672186,1971.739886,293.362598
2022-12-02,1198.375507,2998.73894,765.737579,1455.724194,2397.484729,901.320523,822.442175,572.315308,1975.161237,292.66474
2022-12-05,1200.106775,3007.380542,768.243259,1461.790997,2401.604334,902.106073,823.492596,572.464264,1978.463525,291.954153
2022-12-06,1202.014929,3014.198962,770.705634,1466.626562,2407.366077,902.357355,824.015353,572.218362,1982.149738,291.266899
2022-12-07,1203.076282,3021.5974,773.161999,1470.950824,2416.762354,902.925781,824.749176,571.816409,1988.00589,290.392982
2022-12-08,1204.828088,3028.112341,775.441531,1476.371057,2425.841541,903.960172,825.085409,572.09541,1997.242065,289.646338
2022-12-09,1204.309961,3027.069275,775.920297,1476.334375,2436.215039,905.099466,825.478091,572.814197,2004.189246,289.012108
2022-12-12,1204.174158,3024.863904,776.610773,1474.58725,2448.493359,906.824261,825.797146,573.783606,2012.154547,288.842416
2022-12-13,1204.578156,3024.841418,777.315683,1473.58529,2460.456958,907.861093,825.934585,574.535495,2020.724902,288.857268
2022-12-14,1205.106555,3025.291028,778.021799,1472.512237,2470.243628,908.258746,825.345566,575.753171,2030.048553,288.912416
2022-12-15,1204.634076,3023.3172,778.350195,1470.361572,2479.862317,907.722034,824.373669,576.552347,2037.241156,288.706662
2022-12-16,1203.902533,3018.677161,778.969696,1467.0966,2488.740381,906.826703,823.659482,576.583084,2044.557678,288.454243
2022-12-19,1205.007257,3015.015063,780.110068,1464.306232,2498.995557,906.097263,823.129361,576.883368,2052.943378,288.594241
2022-12-20,1206.30257,3011.82279,781.033914,1460.740906,2506.513025,905.414175,822.213922,577.136362,2059.428857,288.589998
2022-12-21,1206.929114,3010.035584,781.477789,1457.365863,2514.030505,903.696695,820.77818,576.462503,2065.323889,288.392731
2022-12-22,1206.899445,3004.619983,781.162619,1452.424841,2518.583105,901.344922,819.219727,575.708255,2068.130457,288.040619
2022-12-23,1204.265466,2997.3677,780.681451,1446.071436,2522.541797,898.837015,817.344672,574.128818,2068.130457,287.463664
2022-12-26,1200.077106,2990.967444,781.383954,1440.522815,2526.907471,896.680408,816.048825,573.585004,2069.423187,287.232459
2022-12-27,1196.253949,2984.769531,782.183893,1435.286011,2524.969543,894.431097,815.015579,573.270535,2072.997626,286.844286
2022-12-28,1191.987994,2978.758142,782.697546,1429.563135,2520.201611,891.798764,812.809198,573.20433,2075.245313,286.606717
2022-12-29,1187.879535,2969.455615,783.222018,1423.163885,2515.715295,890.2301,811.442175,573.379297,2075.568494,286.428539
2022-12-30,1183.886328,2961.252393,783.728445,1417.216315,2513.15741,888.290619,809.353601,573.67012,2075.583075,286.190967
2023-01-02,1181.45434,2953.858472,784.107367,1411.908435,2510.249304,886.770752,807.851599,573.428952,2075.770166,286.025516
2023-01-03,1178.415216,2950.531311,784.785815,1407.765308,2504.925305,885.731479,807.078506,573.592099,2075.549042,285.762492
2023-01-04,1175.403485,2947.566064,784.77619,1402.689001,2496.821008,884.606824,805.988815,573.504614,2072.95144,285.206746
2023-01-05,1172.317566,2945.792334,784.299835,1396.04212,2491.059253,882.033048,804.737143,573.194873,2069.046545,284.996748
2023-01-06,1170.669611,2942.141418,783.418094,1390.502661,2484.159363,879.115283,802.827725,572.445355,2065.766144,284.727362
2023-01-09,1170.297565,2943.647595,782.305389,1387.625159,2479.748743,876.336578,802.385956,572.192365,2063.725018,284.508881
2023-01-10,1168.777423,2941.592847,780.380719,1382.929468,2476.604041,872.84307,800.167303,571.170935,2060.505365,283.991316
2023-01-11,1166.738019,2939.945007,778.664151,1377.970105,2472.278589,870.137552,797.043027,569.80903,2057.098602,283.414363
2023-01-12,1164.301471,2941.260144,777.884659,1375.223315,2468.814429,867.788217,793.634067,568.813611,2056.233551,283.032553
2023-01-13,1162.064642,2947.298474,776.946384,1374.372681,2466.576001,866.395203,790.765039,568.659921,2055.183832,282.763164
2023-01-16,1158.522229,2956.640759,775.51611,1375.204986,2460.84978,864.384973,786.776868,568.591354,2052.909418,282.326204
2023-01-17,1155.258283,2966.138538,774.926675,1376.681555,2460.518506,862.211288,783.672232,568.047537,2055.332062,281.99106
2023-01-18,1152.752112,2975.063672,775.400629,1378.325519,2461.464978,861.10127,781.83399,567.955325,2061.173602,281.969849
2023-01-19,1150.338379,2983.609607,776.171701,1379.098199,2461.673193,859.905866,779.644791,567.787448,2069.102484,281.957121
2023-01-20,1148.97915,2993.105212,777.694595,1380.40282,2458.249255,859.488693,777.475223,568.648099,2078.200165,282.292264
2023-01-23,1146.839325,3003.878955,778.744748,1382.493878,2457.253064,858.439664,775.595258,568.806516,2085.123041,282.425897
2023-01-24,1143.900635,3015.340027,780.29411,1384.192853,2457.596167,856.980783,773.673575,568.449487,2089.176166,282.671953
2023-01-25,1140.205292,3026.607825,780.74761,1385.699237,2459.430005,854.85101,772.333551,566.919705,2091.781049,282.877704
2023-01-26,1136.536194,3037.351794,780.924442,1386.866278,2461.999707,852.277228,770.161529,564.881574,2094.881647,283.043155
2023-01-27,1131.746411,3047.777685,780.627322,1387.368408,2464.417993,848.683698,768.610434,561.394054,2098.480383,283.656171
2023-01-30,1126.81283,3059.029224,780.277277,1388.047095,2464.879419,844.831561,766.485043,557.894708,2099.620032,284.163129
2023-01-31,1122.174823,3064.590735,779.414783,1388.560687,2466.521582,841.442953,764.163318,555.109418,2101.342847,285.064621
2023-02-01,1118.097168,3072.286951,779.835806,1391.142395,2468.327014,838.947241,762.06738,551.428015,2104.987738,286.523979
2023-02-02,1113.826648,3082.536206,779.923621,1396.120111,2470.747644,837.910406,760.62673,547.786804,2107.784589,288.439389
2023-02-03,1109.08136,3098.26842,781.47298,1403.039838,2474.169177,837.603015,760.474567,545.117371,2111.672473,290.373885
2023-02-06,1102.568292,3108.099097,782.778149,1406.955981,2474.810413,836.644254,758.994647,542.171301,2113.344263,292.297778
2023-02-07,1096.805029,3120.017602,784.84476,1411.204578,2472.792017,836.224643,758.653509,539.899088,2116.194568,293.988342
2023-02-08,1092.828943,3132.220752,786.362845,1416.672955,2472.297485,835.87334,759.122275,537.678894,2116.461853,295.844356
2023-02-09,1090.191541,3145.124036,787.59343,1422.927765,2472.138953,835.880655,759.600854,535.593469,2115.861645,297.727945
2023-02-10,1087.202631,3156.068103,788.951523,1427.738098,2469.938355,834.924332,759.976358,533.368552,2116.369495,299.535173
2023-02-13,1084.446533,3162.889722,790.708987,1429.661774,2469.176404,834.211966,760.440213,530.271158,2119.58186,301.40179
2023-02-14,1082.148071,3168.485925,792.267975,1432.12655,2465.014221,834.219281,760.906521,527.807433,2118.539416,303.701128
2023-02-15,1081.172308,3174.493664,793.061905,1434.495026,2458.4953,834.282709,761.340927,525.48084,2114.095068,305.984071
2023-02-16,1080.213666,3182.998291,793.546686,1437.379388,2452.690955,834.443722,761.952038,523.12824,2109.487903,308.388161
2023-02-17,1080.157745,3189.346313,793.425195,1440.050513,2451.117432,834.068027,762.55824,520.234189,2108.340979,310.724969
2023-02-20,1079.794836,3192.675537,792.63728,1442.088812,2447.097253,833.1117,762.874844,516.673372,2107.952185,312.956168
2023-02-21,1080.209106,3193.351489,791.458417,1443.354449,2443.105432,832.30419,763.041733,513.320622,2109.018921,315.058846
2023-02-22,1080.125793,3192.054761,790.629605,1444.216553,2437.033704,831.521078,762.828216,510.845072,2109.993335,317.217784
2023-02-23,1079.782275,3191.321326,789.537357,1444.569641,2430.801062,830.762366,762.163113,508.589414,2109.237622,319.538417
2023-02-24,1080.840204,3190.833911,788.891385,1446.014123,2424.745899,831.860184,761.309033,507.69566,2107.983765,321.464899
2023-02-27,1081.025079,3186.152808,788.380142,1444.661352,2420.01344,833.465445,760.459857,507.199133,2108.022632,323.317247
2023-02-28,1080.310663,3184.044482,788.286313,1442.542786,2414.519055,834.58522,759.083014,505.74738,2107.281519,324.612146
2023-03-01,1080.401959,3183.002942,787.57659,1440.018408,2409.408008,834.992633,758.155304,506.189528,2105.811414,325.609355
2023-03-02,1080.381415,3176.613525,787.121884,1434.900836,2400.913306,834.802344,756.307245,506.456712,2104.679053,325.741058
2023-03-03,1081.668738,3170.168933,786.08978,1429.393494,2392.501392,835.034113,754.908316,507.260616,2103.974378,326.19111
2023-03-06,1083.888452,3166.117786,785.50155,1426.53205,2385.272595,835.719641,753.796536,508.031416,2103.247815,326.662474
2023-03-07,1086.234839,3161.487256,784.854382,1424.012231,2379.766406,836.451523,752.849188,508.721831,2102.074158,327.564435
2023-03-08,1087.727582,3155.523169,784.290213,1419.527472,2375.14281,837.085819,752.429511,509.433522,2104.015674,328.552077
2023-03-09,1087.800622,3146.142517,783.812656,1413.263483,2369.213074,836.849179,752.760834,509.816563,2106.241492,329.383588
2023-03-10,1087.482214,3136.644641,782.16586,1406.981165,2363.910364,836.30271,752.849185,509.54702,2105.94989,330.359686
2023-03-13,1086.595471,3127.427283,780.00542,1400.912073,2357.952222,835.217087,752.687204,509.192358,2102.574732,331.027315
2023-03-14,1084.26391,3114.315064,777.374631,1392.967462,2351.461707,833.511804,752.520313,508.461752,2100.268738,331.004939
2023-03-15,1079.81535,3099.519849,774.285532,1384.83255,2344.725086,831.321045,751.109113,507.293729,2100.346497,330.884204
2023-03-16,1075.155661,3082.365711,771.582568,1375.766748,2341.518884,829.098566,749.219333,506.55603,2100.118091,330.836775
2023-03-17,1070.200394,3067.56593,769.579706,1368.287573,2338.296094,827.810452,748.25972,506.499281,2098.630957,330.498293
2023-03-20,1065.335278,3051.74762,767.688715,1359.629901,2338.284229,827.046863,747.06449,506.217912,2096.300659,330.271922
2023-03-21,1061.582867,3035.887891,766.075598,1350.972223,2335.750012,826.959036,745.979709,506.142248,2095.280078,330.043391
2023-03-22,1059.247894,3023.437854,765.151758,1343.059705,2334.912378,827.981232,745.221338,506.38815,2096.213159,329.780368
2023-03-23,1056.515771,3010.141736,764.187015,1334.982111,2334.649732,828.747269,745.250787,505.998021,2098.521582,329.480696
2023-03-24,1052.398169,2997.268652,763.506164,1327.186524,2334.488831,829.366928,745.513394,505.255594,2100.081592,329.204739
2023-03-27,1049.424094,2987.6328,762.893875,1321.6677,2335.948792,828.991229,745.947797,504.425679,2102.040125,329.118498
2023-03-28,1047.722507,2978.576331,762.427139,1316.625794,2336.997046,828.986353,746.252127,503.730539,2103.228345,329.250011
2023-03-29,1045.230038,2967.227612,762.180539,1311.46695,2340.054199,828.727753,745.928165,502.775313,2104.790784,329.424638
2023-03-30,1043.144992,2958.833325,762.261136,1307.404077,2343.627173,828.581375,746.099963,501.959586,2106.047058,329.735091
2023-03-31,1041.904465,2952.568091,762.108368,1305.049353,2347.855615,829.005863,745.344052,500.188632,2106.637524,329.672569
2023-04-03,1040.141251,2944.66582,761.705396,1300.619635,2350.280994,829.788971,745.047086,498.535901,2108.046899,329.273723
2023-04-04,1038.378036,2936.76355,761.302423,1296.189917,2352.706372,830.57208,744.750119,496.88317,2109.456274,328.874876
2023-04-05,1036.289566,2929.838464,761.860577,1293.018958,2357.327612,831.181982,744.597955,494.906514,2113.681921,328.616167
2023-04-06,1035.883273,2924.497473,762.718259,1290.336359,2362.242236,832.111472,744.232272,493.428751,2117.62085,328.609699
2023-04-07,1036.311234,2919.425476,764.587595,1288.059576,2366.96521,833.689893,743.849408,492.49717,2123.277747,328.581671
2023-04-10,1037.232211,2918.572449,766.750442,1287.715649,2370.611572,835.644013,744.067838,492.322202,2131.823804,328.792951
2023-04-11,1038.610831,2918.51958,769.131024,1287.080536,2375.594812,838.159247,744.183191,492.639034,2139.468372,329.495783
2023-04-12,1041.112442,2920.4854,772.571374,1287.477185,2381.408606,841.294138,744.892465,493.142654,2144.90415,330.10591
2023-04-13,1044.070538,2920.662451,775.952777,1286.793921,2385.045471,844.95842,745.928162,493.542242,2149.042334,330.716033
2023-04-14,1047.092542,2921.101611,778.834967,1285.349445,2389.247876,848.02012,746.409195,493.691202,2152.104065,331.580554
2023-04-17,1050.886026,2920.926843,781.358694,1278.684222,2391.171643,851.18428,746.64726,494.863954,2153.875476,332.501132
2023-04-18,1052.498612,2922.060352,783.286975,1272.66098,2394.884253,853.353082,746.784698,495.99888,2154.27157,333.430335
2023-04-19,1054.219608,2920.165857,785.449823,1265.459228,2397.498914,854.89979,747.174927,496.885539,2154.546155,334.335822
2023-04-20,1056.462137,2919.253088,788.066174,1258.52804,2397.853845,856.800238,747.604422,498.401135,2155.8146,335.183096
2023-04-21,1059.787717,2921.108521,790.807626,1251.49826,2398.665466,858.422574,747.739407,500.188641,2158.198377,336.457242
2023-04-24,1062.536969,2923.522644,793.711478,1244.03974,2398.700976,861.157367,747.665781,502.290613,2161.838416,337.686118
2023-04-25,1065.459686,2926.286255,795.731186,1237.037476,2399.063025,864.021463,748.851184,504.829999,2167.395679,339.057283
2023-04-26,1068.367572,2929.010754,797.752087,1229.883881,2398.114172,867.141718,750.316379,507.187325,2173.650317,340.329279
2023-04-27,1071.616687,2931.266235,799.994327,1223.587793,2395.18479,870.42786,752.422134,509.468994,2181.336206,341.762967
2023-04-28,1073.658368,2931.880115,801.872082,1215.553754,2390.308032,872.39906,754.891119,512.048578,2191.065649,343.576094
2023-05-01,1075.690918,2932.765308,803.725778,1208.303863,2386.578882,874.050675,756.793173,514.486298,2200.50592,345.587567
2023-05-02,1078.192517,2933.657385,805.571051,1202.186621,2382.584704,875.919412,758.248553,516.78215,2210.920606,347.551613
2023-05-03,1080.343756,2930.902966,806.518955,1195.106396,2378.006042,877.785706,759.026553,519.028349,2215.710022,349.308687
2023-05-04,1082.775745,2930.902966,807.997342,1188.303607,2375.237561,880.064294,760.162875,521.5039,2219.726697,350.914851
2023-05-05,1085.065082,2931.362793,807.018167,1180.83819,2372.185144,882.599039,761.210846,523.813942,2224.744495,352.699954
2023-05-08,1088.421472,2930.774243,806.681345,1173.409466,2371.435034,885.987644,762.388892,526.52357,2227.45144,354.549735
2023-05-09,1091.689984,2933.96781,806.229044,1167.198224,2369.923022,888.549225,763.343594,528.481309,2230.991846,355.748424
2023-05-10,1095.112567,2936.043957,805.439923,1159.629639,2369.627246,890.788776,764.568274,530.562003,2234.682898,357.119588
2023-05-11,1097.961114,2940.334216,804.495633,1153.526166,2372.286865,892.750214,765.626059,532.477185,2233.876147,358.188927
2023-05-12,1100.902093,2944.263476,803.9026,1146.922845,2376.413562,894.940976,766.848282,534.614624,2232.046411,359.260419
2023-05-15,1103.682153,2949.576904,804.122739,1146.925122,2381.638159,897.109781,768.684067,536.406854,2233.642883,360.452643
2023-05-16,1106.271631,2955.435181,804.281311,1147.152118,2388.019836,899.524988,770.038815,538.319668,2234.15802,361.550006
2023-05-17,1108.264233,2960.91178,804.077765,1147.826209,2394.179102,901.84017,771.393567,540.494934,2234.15802,362.793971
2023-05-18,1110.272833,2965.282495,803.884445,1148.862555,2400.565527,904.382236,772.721323,541.885211,2231.992957,363.630467
2023-05-19,1112.394397,2968.133472,803.672412,1150.767883,2407.356567,907.731808,774.711725,543.398437,2230.770703,364.130641
2023-05-22,1114.608404,2973.830835,802.992029,1153.817328,2413.903894,909.956726,776.753671,544.464795,2230.172949,364.822693
2023-05-23,1116.400146,2979.397131,802.795355,1157.263428,2420.427551,911.905966,778.096155,545.401108,2227.72843,365.581577
2023-05-24,1118.183899,2984.234644,801.893887,1160.52381,2425.356384,913.159918,779.468085,546.174277,2223.305957,366.497841
2023-05-25,1119.61958,2989.088208,800.620206,1163.188068,2431.428101,914.208951,781.244968,546.954532,2218.402332,367.582269
2023-05-26,1121.582519,2994.130298,799.338611,1166.154962,2440.658716,915.821527,782.160406,547.318652,2211.309375,368.360558
2023-05-29,1123.867285,2998.779224,798.536398,1168.982007,2449.79231,917.309686,783.237827,548.108371,2204.512866,369.375996
2023-05-30,1125.668164,3003.230444,797.773028,1171.109741,2459.486707,918.668545,784.624481,548.935919,2196.073706,370.909091
2023-05-31,1126.80484,3008.270251,796.237454,1173.36358,2468.078455,919.951779,788.089899,549.910907,2188.752307,372.131784
2023-06-01,1127.152917,3013.020361,793.701569,1175.470685,2477.124512,920.654379,789.996857,550.576456,2181.50625,373.208722
2023-06-02,1127.459906,3016.464539,793.684082,1178.100995,2487.344214,921.200851,792.411847,551.622037,2174.559094,374.269843
2023-06-05,1127.582019,3018.225696,793.163202,1180.688837,2495.838953,921.632663,794.412067,552.331872,2169.840173,375.093306
2023-06-06,1127.57746,3015.882825,792.519443,1181.857758,2504.13728,922.008359,796.171771,553.430139,2165.155261,376.341412
2023-06-07,1127.612836,3015.335608,791.894815,1183.830701,2513.294544,922.210846,798.53768,554.775476,2162.776367,377.573386
2023-06-08,1128.054492,3013.234143,791.268054,1185.845721,2517.435437,922.147415,800.864319,556.027957,2167.546338,378.972502
2023-06-09,1127.999719,3010.245239,790.336273,1187.577515,2518.041187,921.861981,802.903809,556.585751,2174.442468,380.173277
2023-06-12,1127.883319,3009.870459,788.97355,1189.914594,2517.151489,921.38382,804.832858,556.963809,2178.967004,380.990997
2023-06-13,1129.413721,3009.206006,787.907709,1192.578308,2517.151489,921.247205,807.139862,557.02533,2185.148743,382.347261
2023-06-14,1131.982654,3011.15343,787.014642,1195.833136,2518.90249,921.269159,808.892203,557.09408,2191.731433,383.506465
2023-06-15,1134.687384,3013.009814,785.4828,1198.497205,2521.843713,920.298193,810.38194,557.250537,2200.143848,385.165019
2023-06-16,1137.779016,3011.890662,784.408435,1200.336548,2525.355176,919.317477,811.955118,557.591052,2208.733655,387.037538
2023-06-19,1139.988458,3008.928223,783.510498,1201.18913,2528.528992,917.990335,813.246057,557.721289,2216.011292,388.720818
2023-06-20,1142.32915,3006.843079,782.787772,1202.146106,2531.825464,916.631476,814.779971,557.571198,2224.970471,390.181313
2023-06-21,1145.160577,3005.88114,783.269586,1202.979059,2535.777563,915.853244,816.625574,557.318466,2235.142188,391.198537
2023-06-22,1147.341486,3004.459595,784.096954,1202.723413,2539.505737,915.165277,817.612186,556.970404,2245.423254,391.912358
2023-06-23,1147.529785,3000.384094,784.771014,1201.097943,2540.018018,913.838132,819.420975,555.995187,2253.738476,392.392687
2023-06-26,1146.958026,2995.464856,784.772235,1199.860944,2541.128284,912.828134,820.92789,554.712479,2261.174072,392.677748
2023-06-27,1146.421649,2991.093164,785.30394,1198.599573,2541.90697,912.152359,823.207898,553.970087,2269.788196,392.46613
2023-06-28,1147.782013,2988.787683,786.892972,1198.2526,2542.637439,911.581491,824.302496,553.485605,2280.275793,392.635864
2023-06-29,1149.294165,2984.895789,788.648694,1197.850598,2541.931616,911.647363,826.474518,552.861319,2290.658899,393.061302
2023-06-30,1151.463672,2985.871057,790.958014,1199.546851,2541.142407,911.474149,828.548367,552.16954,2302.371167,393.422815
2023-07-03,1154.623773,2986.226831,793.766189,1200.903845,2542.434863,911.26922,830.740021,552.085178,2311.398364,394.41918
2023-07-04,1157.120813,2990.878442,796.900442,1203.978015,2543.897278,911.396079,832.492368,552.273187,2320.335669,395.457425
2023-07-05,1159.091736,2994.085376,798.496774,1206.689709,2546.838892,912.264575,833.591876,552.340677,2327.883032,396.830731
2023-07-06,1162.266669,2999.197021,800.110141,1209.529181,2551.557996,913.313608,835.243594,552.533508,2335.090198,398.197426
2023-07-07,1165.728052,3005.851294,801.321991,1212.515057,2555.530225,913.721021,837.057291,553.251798,2339.286706,399.51783
2023-07-10,1171.454797,3008.122119,802.67619,1214.243842,2557.176978,914.328482,839.46492,553.924286,2344.088257,400.791945
2023-07-11,1177.02063,3010.56095,803.768799,1216.277026,2558.621582,914.396793,842.289777,554.510004,2349.927405,402.015358
2023-07-12,1181.948511,3012.082727,804.528027,1217.805981,2558.467139,914.62124,845.333063,555.122238,2354.78241,403.240974
2023-07-13,1186.295502,3017.838647,805.964963,1221.444794,2557.836841,916.041089,848.04993,556.045407,2359.100415,404.294652
2023-07-14,1190.022791,3033.577722,806.98092,1227.686078,2557.037683,917.302359,850.440381,556.679337,2364.225146,405.167572
2023-07-17,1195.612598,3046.609082,808.799905,1233.678735,2556.963709,919.524835,852.892188,558.234024,2369.204089,405.994202
2023-07-18,1201.623511,3059.0776,810.503305,1241.662744,2557.283362,921.959558,855.064206,559.436795,2373.709168,406.860509
2023-07-19,1207.958545,3068.891663,811.707855,1249.823358,2557.044812,924.338171,856.622659,561.128879,2378.554443,408.262474
2023-07-20,1214.872376,3079.722827,812.806549,1257.628455,2559.377893,927.746295,858.686691,563.399445,2382.124011,410.224342
2023-07-21,1220.254309,3087.167749,813.591327,1260.723535,2557.583948,931.33251,860.218149,566.315988,2391.683362,412.239117
2023-07-24,1224.804633,3097.078052,814.634052,1263.80235,2554.155908,934.482031,861.995038,569.237357,2402.74928,413.369946
2023-07-25,1229.294855,3106.835999,815.558752,1266.379266,2550.186365,937.341248,862.915387,571.334375,2411.149548,414.128241
2023-07-26,1234.029761,3115.251538,815.912811,1268.958508,2546.46731,940.21998,863.759653,573.520581,2422.074536,415.137831
2023-07-27,1238.183539,3124.066516,815.839804,1271.737592,2542.106555,942.796201,864.886157,575.774274,2433.677466,415.829996
2023-07-28,1242.485638,3126.932922,814.430853,1271.969958,2537.643201,945.801794,865.688699,577.856833,2442.13363,416.572859
2023-07-31,1245.823053,3134.254504,812.761517,1272.992358,2530.951721,948.521951,866.216367,579.53204,2453.180103,416.680868
2023-08-01,1248.884113,3141.304163,811.156674,1273.924133,2523.847571,950.954236,867.51712,580.621524,2463.133093,416.612537
2023-08-02,1251.37821,3147.310144,810.358511,1274.367944,2514.930371,952.366766,868.079144,580.999951,2471.93844,415.951231
2023-08-03,1252.375647,3151.289111,809.230618,1275.315991,2505.111475,952.639999,868.17977,580.903537,2478.696643,415.164279
2023-08-04,1254.32276,3156.998938,809.031076,1277.553662,2497.854626,953.815887,869.122211,579.924927,2488.777893,414.57131
2023-08-07,1254.307922,3167.244275,808.904541,1280.520947,2493.687061,955.145471,869.416721,578.73421,2499.81665,414.088558
2023-08-08,1253.240436,3176.84408,808.941046,1282.454211,2488.026147,956.850751,869.097666,577.989404,2508.933716,413.17155
2023-08-09,1252.51261,3186.646716,809.368112,1285.293695,2482.231665,958.62222,868.790878,577.24219,2519.956873,412.569762
2023-08-10,1252.627893,3191.765723,809.24036,1286.409039,2476.601794,959.419278,868.287753,576.663705,2530.815161,411.676999
2023-08-11,1253.060272,3189.130652,808.614969,1283.894867,2468.24762,959.450659,867.701129,576.16958,2540.353674,410.612302
2023-08-14,1252.958795,3187.607532,806.960242,1282.528577,2461.1578,959.389584,867.354233,574.226825,2551.111682,409.59169
2023-08-15,1252.31524,3185.845825,805.339581,1278.734088,2454.015478,958.999164,867.137412,572.705884,2561.582971,408.564465
2023-08-16,1251.131293,3185.722754,803.419605,1276.110705,2448.337878,958.55629,866.653256,570.965594,2572.640088,407.303578
2023-08-17,1249.107233,3184.443152,801.194232,1274.34707,2440.704114,956.794083,865.464673,569.138535,2582.018677,405.048531
2023-08-18,1249.553589,3184.387415,799.125818,1277.00531,2438.354346,954.914374,864.197449,567.106598,2586.186511,402.897087
2023-08-21,1250.579889,3184.707898,796.962497,1280.202643,2437.519397,953.50246,863.598862,564.89147,2590.428748,401.858842
2023-08-22,1251.630853,3183.918311,794.19082,1283.416223,2437.407288,951.801385,863.502234,562.910147,2597.639807,401.503943
2023-08-23,1251.752264,3184.380444,791.657623,1286.162756,2436.965967,950.745447,862.65492,561.066217,2602.610034,400.54285
2023-08-24,1251.402594,3183.955469,789.373849,1289.436755,2437.509863,950.095328,861.589465,559.157208,2605.454797,399.919022
2023-08-25,1250.146844,3185.158423,787.378436,1293.135986,2436.505554,949.226227,860.726175,556.934851,2606.371851,398.812442
2023-08-28,1247.75141,3183.026575,785.591086,1295.922028,2436.262244,948.262042,859.962796,554.652228,2608.542651,397.741132
2023-08-29,1245.666754,3179.501318,783.840237,1298.359528,2435.071838,947.343085,858.366467,552.868558,2612.58783,396.652182
2023-08-30,1244.188989,3177.192957,782.336374,1301.998346,2433.306543,946.359585,857.56098,551.371722,2616.856653,395.889481
2023-08-31,1242.695416,3175.188831,780.944449,1305.304877,2431.099915,946.439691,857.003073,549.966476,2621.997913,395.16866
2023-09-01,1240.509924,3172.200024,779.058539,1308.348834,2429.134241,946.740921,856.034998,549.7857,2625.694128,394.555852
2023-09-04,1237.922418,3169.155505,777.435443,1311.699524,2425.899463,946.724454,854.948975,550.15448,2629.390344,393.788739
2023-09-05,1236.030939,3167.239612,775.610373,1315.821655,2423.094067,946.552277,854.187048,550.149661,2634.342371,393.380934
2023-09-06,1233.856744,3165.725476,774.271988,1319.681207,2421.724756,945.804535,854.21864,549.992987,2638.217969,392.887163
2023-09-07,1231.486249,3166.336231,773.663632,1323.264252,2420.329199,945.880786,854.440536,550.253305,2648.19082,392.629257
2023-09-08,1229.25318,3166.015735,773.775571,1327.806958,2420.901721,946.751514,855.194989,550.701633,2661.122607,392.360326
2023-09-11,1226.93092,3167.44624,774.284155,1331.65954,2421.052002,947.671436,856.366116,552.191238,2672.63883,392.272151
2023-09-12,1223.721484,3173.52832,774.916846,1336.657672,2419.417895,949.193982,857.51752,553.519351,2686.607739,392.358121
2023-09-13,1220.86673,3178.611816,775.83425,1340.368518,2417.220813,950.832126,860.387399,555.018604,2697.209741,392.501404
2023-09-14,1218.986487,3184.385046,776.943893,1344.802008,2415.195508,952.605557,863.259744,556.231018,2710.288989,392.895981
2023-09-15,1216.75426,3195.123352,778.671631,1350.508862,2411.137707,954.661853,867.199667,557.477176,2723.392822,393.191365
2023-09-18,1214.680859,3204.621545,779.634054,1354.524103,2407.602331,956.38363,869.578909,559.031864,2736.054285,393.378732
2023-09-19,1212.622351,3215.02544,780.761954,1358.616028,2403.921423,958.262826,871.677078,560.740817,2747.902283,393.28174
2023-09-20,1209.14682,3224.676929,780.204697,1362.440741,2398.806799,959.261459,873.775244,561.907431,2756.376013,393.391956
2023-09-21,1206.292944,3233.852319,779.573224,1366.072595,2393.658789,958.78674,876.166812,562.447354,2766.756836,393.242058
2023-09-22,1203.478772,3244.17959,778.798178,1369.606842,2389.789416,957.797946,878.035687,563.806802,2780.524206,393.231035
2023-09-25,1200.915247,3253.543079,777.66055,1372.3255,2385.979712,957.099396,880.010584,564.828799,2790.705969,393.283939
2023-09-26,1198.983289,3263.27583,776.379349,1374.323822,2383.727759,956.162259,882.845944,565.771256,2800.221728,393.387543
2023-09-27,1197.763562,3272.488367,775.117618,1375.803967,2382.28689,955.384994,885.927863,566.848688,2812.807007,393.667494
2023-09-28,1195.954456,3280.846313,773.955658,1375.989868,2380.154187,954.590518,889.342624,568.22742,2827.911304,393.713786
2023-09-29,1194.275641,3287.785352,772.777881,1375.599487,2378.283923,953.764062,892.323453,569.625433,2843.711084,393.861475
2023-10-02,1192.645215,3292.89906,771.360406,1374.221558,2376.575867,953.004022,895.336334,570.734204,2859.068506,394.165672
2023-10-03,1190.028326,3296.823767,769.733658,1372.13493,2374.755688,951.62168,898.265387,572.178015,2875.794812,394.017983
2023-10-04,1187.185614,3301.832971,768.128815,1370.59668,2374.009021,950.27131,900.432593,572.93728,2890.407593,393.517597
2023-10-05,1184.259772,3308.061377,766.301309,1370.468884,2374.586316,949.051303,903.073181,573.568799,2902.678308,393.083338
2023-10-06,1181.028686,3316.398425,764.127042,1370.891791,2373.899292,947.804248,905.055472,574.089438,2912.120337,393.061293
2023-10-09,1176.652325,3323.722974,761.315213,1370.845312,2372.708911,945.853723,906.719708,573.771271,2920.992212,392.763707
2023-10-10,1173.415027,3325.957031,758.58855,1370.568805,2373.536682,943.920413,909.577261,573.930356,2927.475305,392.466118
2023-10-11,1170.784497,3327.910083,756.050485,1370.385236,2375.915051,942.115008,911.571878,573.539874,2936.418445,392.234662
2023-10-12,1168.206079,3327.097278,753.786179,1368.458942,2378.596374,940.469479,913.317474,572.997543,2944.437524,392.267728
2023-10-13,1165.512268,3325.822339,750.720056,1364.720209,2383.35553,938.445157,914.207532,571.905649,2953.336438,392.267728
2023-10-16,1163.219238,3322.009143,748.300009,1362.041058,2386.678601,936.536444,915.506867,570.541379,2962.284473,392.131059
2023-10-17,1161.20415,3317.406348,746.162238,1359.747632,2389.899084,934.750714,917.156311,569.215677,2969.482727,392.192781
2023-10-18,1159.76109,3311.88855,745.092749,1357.437939,2393.782752,932.61571,919.234756,567.84418,2977.130725,392.135468
2023-10-19,1158.305609,3306.282117,744.15831,1354.273138,2397.349133,931.457199,920.467523,567.027066,2984.751685,392.263319
2023-10-20,1156.919617,3301.634827,743.99162,1351.071167,2397.955066,930.593851,922.134222,565.337396,2989.364575,392.051703
2023-10-23,1155.002557,3294.288184,743.384482,1348.027203,2398.320044,929.295142,923.559299,563.356076,2992.107227,391.756322
2023-10-24,1153.034631,3286.544434,742.615518,1345.610626,2398.537146,928.37276,924.870963,561.35788,2994.355908,391.467554
2023-10-25,1150.281262,3277.699829,741.876971,1341.929211,2397.37063,927.044531,924.986841,559.740524,2991.949927,390.742323
2023-10-26,1147.611029,3268.811645,740.409613,1339.029132,2398.136401,925.374408,923.993228,557.670016,2984.803284,390.460165
2023-10-27,1145.645575,3260.963208,739.018909,1337.298804,2398.921252,923.448477,923.411362,555.867065,2978.823987,389.990642
2023-10-30,1144.839038,3254.400012,738.016339,1335.413135,2399.555798,922.120248,923.403967,554.259351,2974.04646,389.375632
2023-10-31,1144.088348,3248.065527,737.24859,1333.187653,2400.276245,920.892865,922.866483,552.456396,2966.958789,388.875244
2023-11-01,1143.672674,3238.846851,735.908984,1329.810364,2398.577734,920.105765,922.333926,551.499481,2960.448657,388.522549
2023-11-02,1143.824054,3228.60293,734.473264,1326.298627,2397.8854,919.077622,922.087372,550.532919,2951.702136,388.306525
2023-11-03,1143.866241,3216.442029,733.249249,1322.967889,2399.233398,918.516812,922.319131,549.756781,2942.734424,387.914152
2023-11-06,1144.877508,3204.860559,732.71998,1320.459003,2399.444092,918.853787,923.041534,549.238553,2937.856128,387.689308
2023-11-07,1145.25968,3193.26167,731.805011,1317.081671,2399.375366,918.701285,922.489255,548.664883,2932.218433,387.173494
2023-11-08,1145.032605,3183.062134,730.635748,1313.113104,2398.48927,917.847775,921.559747,548.276813,2927.684192,386.67531
2023-11-09,1144.068494,3174.402808,729.073492,1309.725006,2395.524744,917.0164,920.672156,547.905615,2924.887476,385.956693
2023-11-10,1143.214801,3163.777136,727.996704,1307.653143,2392.439612,916.391644,919.750046,548.067108,2922.117773,385.436467
2023-11-13,1142.48396,3155.23667,727.00387,1305.663116,2389.482727,915.557813,919.180508,548.341888,2919.493079,384.865543
2023-11-14,1141.475177,3147.485803,725.72876,1303.287366,2386.62843,914.600998,918.260861,548.578101,2918.618164,384.096228
2023-11-15,1142.280463,3144.042249,725.355225,1302.739313,2384.547558,914.470633,918.120325,549.159,2919.56925,383.668587
2023-11-16,1143.634192,3146.007361,725.19462,1304.131268,2382.704529,914.482932,918.445776,549.807388,2919.409509,383.150568
2023-11-17,1145.035071,3146.375232,724.763901,1305.474664,2385.194897,913.946719,918.549326,549.804977,2924.159998,383.192448
2023-11-20,1147.172998,3151.471887,724.743213,1307.637726,2387.166919,913.528574,919.639093,550.325616,2930.574292,383.232126
2023-11-21,1150.044238,3156.130823,725.032791,1309.913764,2389.081274,913.339176,921.194845,550.73779,2936.302917,383.247557
2023-11-22,1153.276568,3162.65238,725.423361,1314.044531,2392.091638,913.666315,923.519846,550.870358,2944.471924,383.556166
2023-11-23,1157.470526,3170.638464,726.832321,1318.271802,2395.04884,914.372241,927.028305,551.494644,2953.370813,383.820685
2023-11-24,1160.649493,3175.581494,728.364163,1320.957385,2397.510559,915.191315,929.915448,551.456073,2960.859058,383.999237
2023-11-27,1162.669543,3179.239282,729.507871,1323.798309,2400.122583,915.412686,932.228119,551.222266,2967.145532,384.323276
2023-11-28,1165.312482,3183.961084,730.776904,1327.295923,2402.267798,915.912006,935.704523,551.169238,2973.09043,384.62527
2023-11-29,1167.876007,3192.487341,732.836801,1332.259912,2405.670508,917.168906,939.745535,551.275293,2982.353052,385.026462
2023-11-30,1169.296741,3198.424548,734.833429,1336.26123,2408.494092,917.906812,944.225409,550.920972,2991.745911,385.231465
2023-12-01,1171.148041,3205.910046,736.576981,1339.238684,2411.108581,918.541409,948.365039,550.612442,3005.478857,385.961104
2023-12-04,1173.163122,3212.066089,739.372989,1342.112561,2416.150171,920.79202,952.985446,551.593463,3022.097022,386.78553
2023-12-05,1175.990942,3219.570203,742.693402,1344.449799,2419.360644,924.00683,957.618185,552.967374,3039.504065,387.625384
2023-12-06,1179.097955,3229.933496,746.008948,1348.371094,2421.68197,927.327402,961.942731,554.324414,3058.960742,388.784874
2023-12-07,1182.733551,3242.38761,749.532547,1352.659558,2423.678894,930.360193,965.278598,555.932132,3075.217627,389.829735
2023-12-08,1186.228937,3256.043128,753.467395,1358.416748,2425.397082,933.914432,968.471463,557.602521,3092.184766,390.385229
2023-12-11,1189.8211,3270.54148,757.41441,1363.82793,2426.622644,937.980286,971.71857,559.188547,3108.763611,391.110455
2023-12-12,1192.53725,3286.399548,760.962344,1368.65304,2427.804956,941.977267,974.689539,560.685391,3123.209277,391.86434
2023-12-13,1194.46051,3295.21217,764.040634,1370.465393,2429.030505,945.558566,977.150143,562.379877,3139.6677,392.468329
2023-12-14,1197.027759,3303.100464,767.491238,1373.127435,2430.239258,950.362326,979.894284,564.259964,3158.441162,393.413991
2023-12-15,1200.50329,3319.796741,771.176666,1379.757837,2429.955688,956.046655,982.125595,568.36723,3177.069617,394.249439
2023-12-18,1204.763007,3335.610608,774.838977,1385.771564,2431.351855,960.966019,983.548206,572.452805,3196.867883,394.904129
2023-12-19,1209.210095,3349.859839,778.122888,1391.387524,2434.016821,965.361475,984.416074,576.979477,3217.713086,395.779251
2023-12-20,1212.658319,3361.496741,781.63797,1395.087567,2435.727795,969.488825,984.504831,580.715549,3234.237854,396.277432
2023-12-21,1216.803888,3374.500305,785.662857,1399.171252,2437.328223,973.493189,984.566467,584.755325,3252.841736,396.766801
2023-12-22,1221.051202,3391.585388,789.039242,1405.079071,2440.231116,976.685855,985.375159,588.43837,3273.667285,397.533916
2023-12-25,1225.298517,3408.670471,792.415628,1410.98689,2443.134009,979.878522,986.18385,592.121414,3294.492834,398.30103
2023-12-26,1229.856036,3423.823084,796.15824,1415.753156,2446.700134,983.302399,986.921039,595.669473,3316.122009,399.235672
2023-12-27,1234.475598,3437.674182,799.666028,1420.813629,2450.701196,986.384384,988.193253,599.523651,3338.744043,400.112999
2023-12-28,1240.1362,3452.216748,803.229782,1425.874109,2454.942566,989.874674,989.278085,603.700818,3358.839685,401.36066
2023-12-29,1244.867432,3465.336768,806.973611,1430.139026,2459.763086,992.329434,990.141019,607.089798,3375.322693,401.902928
2024-01-01,1249.087457,3479.243738,809.132062,1434.234491,2462.283887,992.732822,989.162201,609.338669,3385.737915,402.520145
2024-01-02,1253.40426,3490.959766,810.96687,1438.021613,2464.713367,991.197977,988.698679,610.84274,3391.76637,403.340163
2024-01-03,1256.43681,3495.041296,812.064349,1438.760669,2466.582935,990.253458,989.228769,612.529996,3394.128113,403.957379
2024-01-04,1259.90116,3497.458093,813.534143,1440.963733,2470.153858,989.670514,991.590747,614.026831,3399.195642,404.764169
2024-01-05,1263.671997,3502.636243,814.239841,1442.912598,2474.851794,988.826843,993.8763,615.366995,3406.246423,405.857526
2024-01-08,1266.848492,3504.28468,814.542804,1444.527252,2478.437134,987.100147,996.253079,615.981638,3411.913623,406.432863
2024-01-09,1270.731,3505.113574,814.929718,1447.03396,2482.137817,985.331635,999.667844,616.608331,3422.409961,406.937657
2024-01-10,1276.095056,3510.678235,815.539291,1450.371521,2485.285803,984.305945,1002.764548,616.699927,3429.571338,407.274922
2024-01-11,1282.439355,3513.858704,815.511307,1450.030237,2486.239795,982.215216,1005.607303,616.533612,3433.097974,407.387346
2024-01-12,1288.540442,3514.87384,815.137772,1451.647241,2487.253882,980.54755,1009.739533,615.827374,3437.069434,407.762083
2024-01-15,1295.172601,3516.950684,815.553894,1455.778009,2489.065772,979.976901,1015.26973,615.42243,3439.598291,408.465269
2024-01-16,1299.916241,3519.050806,816.19267,1459.22619,2489.469495,979.662061,1020.568158,614.530594,3443.262537,409.17948
2024-01-17,1304.780243,3523.919312,813.284723,1464.112488,2489.729016,978.437137,1026.174786,614.026828,3450.755701,409.867235
2024-01-18,1309.082147,3529.279089,808.40448,1469.130603,2489.479089,977.549188,1031.557047,613.282022,3459.202417,410.486655
2024-01-19,1313.297198,3536.101953,803.532755,1473.663849,2488.988855,977.790237,1038.236179,612.848157,3467.462329,411.205269
2024-01-22,1317.51225,3542.924817,798.661029,1478.197095,2488.498621,978.031287,1044.915311,612.414291,3475.722241,411.923883
2024-01-23,1319.47522,3547.096167,792.453354,1482.819788,2478.444287,979.701413,1052.713797,610.825858,3478.718018,412.04953
2024-01-24,1321.979187,3549.767407,786.433054,1487.917932,2470.434949,979.55137,1061.034973,609.367584,3480.939661,412.336095
2024-01-25,1324.475708,3551.487817,779.854282,1492.92898,2460.558435,979.750604,1067.142105,607.50437,3484.645691,411.963559
2024-01-26,1327.483441,3553.510889,773.178171,1498.869745,2449.232886,980.407343,1073.471136,606.091894,3487.960962,411.679198
2024-01-29,1335.073511,3554.273657,767.253989,1503.82431,2439.123279,981.243634,1080.823358,605.20488,3496.933594,410.874612
2024-01-30,1340.124872,3556.314514,761.053613,1509.334344,2431.666626,982.948196,1087.576459,604.592645,3506.527978,409.450604
2024-01-31,1346.824036,3563.33595,755.934894,1517.37934,2425.659033,985.117639,1094.258057,604.450433,3508.464551,407.876698
2024-02-01,1353.193152,3573.310425,750.471844,1524.174518,2419.9422,986.987,1099.351849,604.686652,3505.481055,406.399788
2024-02-02,1360.829138,3585.232861,744.727737,1531.744055,2411.894409,988.477567,1104.490021,605.057846,3498.312305,404.907443
2024-02-05,1368.043237,3600.258862,739.408261,1539.483057,2404.264758,990.519104,1107.670563,605.826755,3490.479993,403.697256
2024-02-06,1374.870215,3622.373755,734.385666,1548.904962,2396.892224,992.813989,1111.100122,607.024707,3484.006714,402.235777
2024-02-07,1380.682196,3640.944202,728.886114,1557.088818,2389.58938,994.245526,1114.630768,609.603799,3476.594666,400.847041
2024-02-08,1385.160297,3660.844275,722.901096,1566.40481,2383.862927,994.154517,1118.541107,613.429053,3468.270825,399.005376
2024-02-09,1389.628473,3673.86875,717.119272,1569.069202,2378.102832,994.508713,1120.705853,617.84726,3456.265552,397.027684
2024-02-12,1392.518335,3685.30575,710.237534,1570.387286,2369.089014,993.8323,1121.509613,621.11572,3444.297131,394.62314
2024-02-13,1397.008844,3700.072241,703.309558,1572.882227,2360.673559,994.36113,1122.591986,624.805994,3431.910925,392.006911
2024-02-14,1402.954834,3711.437354,699.575467,1574.106152,2352.265308,996.375611,1124.100885,630.465537,3419.035657,389.856825
2024-02-15,1408.049628,3722.109631,697.820969,1575.694904,2342.790124,997.866181,1125.760187,636.896399,3404.501514,387.412824
2024-02-16,1412.671667,3730.796118,696.586005,1577.693207,2333.651367,999.049289,1125.513635,643.016324,3391.75896,384.735631
2024-02-19,1417.960028,3738.333777,695.282904,1579.602075,2325.084521,1001.240866,1126.36178,649.355591,3376.711218,382.266571
2024-02-20,1425.0302,3746.417712,695.938712,1581.630975,2326.456653,1002.209976,1125.668964,656.827734,3367.163525,380.19438
2024-02-21,1431.175964,3753.437244,695.53111,1580.696558,2324.796155,1004.804935,1123.200964,664.213104,3352.771936,377.809524
2024-02-22,1437.562451,3766.416541,695.157577,1581.273218,2322.864111,1007.399899,1121.968195,671.59606,3341.481812,376.271994
2024-02-23,1444.538324,3777.754663,694.809595,1581.638049,2321.220422,1009.925998,1120.252179,678.648795,3331.381152,374.597946
2024-02-26,1446.48764,3787.135132,694.022385,1581.805158,2319.290771,1011.785513,1117.683093,685.202588,3319.69043,373.083334
2024-02-27,1450.360229,3801.382825,693.434714,1582.377112,2316.726746,1013.915595,1116.147064,691.136914,3313.455542,372.174025
2024-02-28,1451.799579,3815.590662,692.141345,1582.864331,2313.843103,1014.803534,1114.078479,696.054065,3312.986133,370.982848
2024-02-29,1453.494537,3826.88894,690.609503,1583.657526,2310.896985,1016.134219,1112.705176,700.89649,3316.896143,369.64263
2024-03-01,1455.203137,3832.89325,690.234753,1581.838104,2308.835181,1019.2285,1111.615411,706.657269,3329.550232,368.569089
2024-03-04,1458.596771,3837.929272,689.93909,1579.484387,2308.955334,1022.615479,1112.599152,712.880838,3344.428418,367.568022
2024-03-05,1462.190173,3832.119568,689.860004,1573.696606,2307.681726,1025.648273,1114.317627,719.326163,3353.686145,366.728091
2024-03-06,1465.210315,3831.223987,690.167834,1570.109558,2306.497034,1029.335336,1117.24668,724.563895,3365.85116,365.946617
2024-03-07,1466.63974,3830.028296,691.215424,1566.548395,2306.6172,1034.18829,1120.084509,728.830243,3382.633984,365.901859
2024-03-08,1467.541821,3828.851355,692.249631,1564.058173,2306.39613,1037.988498,1124.00224,731.857663,3399.955005,365.814577
2024-03-11,1468.24909,3828.928711,693.169467,1560.315759,2306.597998,1042.051889,1127.843536,735.029709,3416.718164,365.928716
2024-03-12,1468.761554,3830.933313,694.753632,1556.945233,2305.83623,1044.858386,1132.103979,737.259299,3431.471021,365.825769
2024-03-13,1466.319629,3833.226245,696.611551,1554.36557,2302.214856,1047.871494,1134.712518,737.444898,3442.753772,366.313651
2024-03-14,1464.377746,3838.121643,697.618988,1553.280511,2301.433874,1051.165006,1138.356573,736.449417,3457.887561,367.018614
2024-03-15,1462.275806,3842.38634,698.415936,1550.095941,2299.148584,1053.973962,1143.28764,735.35029,3465.279968,367.667632
2024-03-18,1460.562244,3844.669934,699.120416,1545.52503,2294.95769,1055.816266,1147.385358,733.986023,3476.159668,368.034662
2024-03-19,1458.290308,3842.168335,698.99996,1539.697235,2288.366138,1057.547882,1151.54718,732.236096,3483.284192,368.189082
2024-03-20,1457.101605,3841.202368,698.802857,1534.961554,2280.428882,1059.149146,1156.078833,730.536789,3493.768237,368.741866
2024-03-21,1455.574158,3835.849805,699.440415,1528.999603,2273.424023,1060.088745,1160.282574,729.495508,3503.414246,369.046233
2024-03-22,1453.658337,3829.228857,699.981851,1521.091138,2266.813269,1061.515356,1165.724005,728.90015,3514.711755,369.816101
2024-03-25,1452.055206,3825.00166,700.481915,1513.968817,2259.714697,1063.291254,1171.939612,728.312018,3521.969006,370.684441
2024-03-26,1449.867645,3814.362231,700.609668,1505.921478,2251.770239,1064.447302,1176.160602,727.839587,3530.012683,371.422977
2024-03-27,1451.715216,3801.324316,701.371332,1497.099756,2243.030359,1066.294531,1180.896899,727.396082,3541.62229,372.304744
2024-03-28,1452.958508,3791.064685,702.454206,1488.821759,2235.919763,1068.316394,1186.086853,727.600964,3555.696851,373.291699
2024-03-29,1452.647064,3780.840222,702.871536,1481.447589,2228.934131,1068.631238,1191.012988,726.79108,3562.106213,374.135423
2024-04-01,1451.524121,3773.152539,703.791376,1474.774817,2222.393042,1068.990356,1195.147687,726.128229,3571.619507,374.923195
2024-04-02,1450.86648,3767.136462,704.747714,1468.954095,2216.954956,1068.653375,1197.088062,725.28219,3581.194226,375.804962
2024-04-03,1449.30802,3761.650268,705.713788,1462.509625,2210.437903,1067.674414,1198.666003,724.662726,3588.087744,376.581543
2024-04-04,1448.513892,3756.712671,707.697037,1456.401745,2203.00769,1067.226752,1199.018573,723.276767,3594.030176,376.993332
2024-04-05,1447.579547,3750.647351,710.214423,1449.936096,2195.673584,1067.002924,1198.589569,722.153537,3597.281555,377.619968
2024-04-08,1448.541174,3743.623169,713.105332,1444.103601,2189.863025,1067.418616,1198.988989,721.893216,3605.502173,378.501733
2024-04-09,1447.956751,3732.102148,715.271088,1438.54414,2184.384082,1068.904266,1198.998847,722.110147,3613.543384,379.48197
2024-04-10,1450.309338,3724.395703,717.119278,1433.620178,2181.899329,1070.15625,1201.989539,723.64314,3624.093774,380.130984
2024-04-11,1452.696674,3713.941455,719.087924,1426.723804,2178.357226,1071.425452,1203.705554,725.475018,3631.220752,380.905327
2024-04-12,1455.124957,3703.726343,720.701285,1419.697967,2173.772229,1072.608557,1203.97923,727.133346,3638.2052,381.397682
2024-04-15,1456.383136,3693.818335,721.885144,1413.366479,2168.68258,1072.468353,1203.942249,728.413251,3640.151599,381.775902
2024-04-16,1458.393256,3688.918274,723.342771,1406.44657,2166.4646,1071.636987,1203.355451,729.758237,3642.203674,382.507724
2024-04-17,1459.485169,3684.318323,725.24571,1399.832642,2165.448132,1070.778558,1202.598529,730.50304,3643.862537,382.964273
2024-04-18,1460.147766,3679.11582,726.436872,1393.456433,2164.124048,1069.482306,1204.815039,730.527145,3643.417712,382.856848
2024-04-19,1460.897223,3675.144189,728.589243,1388.861975,2162.924939,1068.348395,1207.423578,730.707922,3638.52959,382.684521
2024-04-22,1462.129352,3672.973181,730.276828,1385.27962,2162.201636,1068.168842,1210.453723,731.643143,3638.278906,382.536813
2024-04-23,1463.010333,3672.841882,732.277106,1382.914142,2163.295007,1068.491064,1216.827124,733.231574,3635.332251,382.606192
2024-04-24,1460.892267,3672.379993,734.004837,1380.414502,2164.282654,1069.130579,1222.330188,735.150223,3631.815454,382.646474
2024-04-25,1459.60802,3671.249927,735.53425,1377.608868,2162.67262,1070.136584,1227.75929,738.05954,3626.330139,383.058261
2024-04-26,1457.955255,3668.673291,737.040546,1374.41723,2160.668457,1070.85481,1232.562146,740.419293,3618.529785,383.57971
2024-04-29,1456.975012,3666.490515,738.47627,1371.559827,2157.794421,1073.831024,1238.237805,743.707037,3608.517603,384.094447
2024-04-30,1455.984851,3663.52937,739.448422,1368.6271,2155.090991,1077.235223,1243.861688,746.592249,3598.043396,384.53309
2024-05-01,1455.756543,3657.590662,740.368256,1365.797943,2153.420874,1080.836206,1248.625104,749.253296,3588.79552,385.000828
2024-05-02,1455.936462,3651.025989,740.481409,1362.396826,2151.56333,1083.81734,1253.418103,752.663968,3579.046289,385.728174
2024-05-03,1454.641058,3644.655908,739.752594,1359.44057,2149.165112,1086.702551,1257.678546,755.879398,3567.087708,386.126533
2024-05-06,1451.342975,3642.24104,739.169791,1357.049207,2148.552344,1089.61236,1261.559296,757.783588,3550.152502,386.379425
2024-05-07,1448.257062,3643.760315,738.138013,1354.511908,2154.091357,1090.834821,1265.587982,759.601004,3532.580798,387.006059
2024-05-08,1445.228229,3643.399268,736.831259,1350.769507,2157.943445,1091.503857,1268.507172,761.131586,3519.489282,387.187338
2024-05-09,1440.987115,3642.252795,734.669156,1347.60376,2161.055396,1091.813776,1270.777924,763.096036,3496.007104,386.656937
2024-05-10,1438.022803,3637.212061,733.174674,1344.786377,2167.31532,1092.436078,1274.505804,765.557025,3475.963074,386.802406
2024-05-13,1434.93938,3637.521558,732.698261,1342.68216,2175.322253,1094.878546,1277.533478,768.030063,3460.875989,387.068727
2024-05-14,1432.672412,3638.853247,732.00838,1343.164673,2181.512476,1097.510406,1280.879211,771.235852,3452.815124,387.238814
2024-05-15,1430.216846,3639.209619,730.764734,1343.423578,2186.438708,1100.329199,1285.487292,774.542874,3446.319739,387.323857
2024-05-16,1428.28241,3642.365466,730.411652,1345.028815,2192.607312,1104.048242,1289.400098,777.780002,3441.878894,387.887831
2024-05-17,1426.573804,3644.042603,729.2629,1346.584625,2196.872705,1107.159735,1292.134375,781.029175,3438.556226,388.404806
2024-05-20,1424.382526,3643.919116,728.578934,1347.128333,2200.662292,1109.31687,1294.447046,783.523904,3430.596118,388.897163
2024-05-21,1423.231049,3642.66554,727.876175,1346.739972,2202.966809,1110.827112,1294.543213,786.303061,3422.279675,389.147816
2024-05-22,1423.750946,3644.016089,727.083514,1347.872107,2208.092493,1111.533038,1295.110284,789.165625,3413.727307,389.640176
2024-05-23,1425.045123,3647.277234,727.13783,1349.470282,2215.380896,1112.553809,1296.853418,790.773532,3410.439062,389.810265
2024-05-24,1426.419946,3649.909131,727.822058,1351.110816,2222.417017,1113.736914,1299.935339,792.759448,3411.456494,389.640176
2024-05-27,1426.48075,3650.134741,728.285904,1352.833728,2230.029858,1112.24389,1302.494562,793.780521,3412.326477,389.340286
2024-05-28,1425.944714,3652.346069,729.047562,1355.022681,2237.983936,1111.090295,1304.898456,794.688657,3415.467261,389.042635
2024-05-29,1424.643097,3652.845264,729.261621,1356.453735,2244.854236,1108.709326,1307.600677,795.180158,3417.457898,388.832266
2024-05-30,1422.573413,3648.154102,729.34158,1357.065698,2250.866626,1107.44259,1311.205292,795.645319,3419.188037,388.154156
2024-05-31,1422.394733,3641.318933,730.141302,1357.948291,2256.249451,1106.409521,1315.907068,796.263565,3427.519238,387.70656
2024-06-03,1426.901373,3632.349377,731.869501,1358.330957,2261.041113,1107.083472,1321.217822,801.712805,3448.843665,387.509618
2024-06-04,1426.69292,3621.238708,731.802655,1357.416956,2266.659424,1104.109711,1321.88598,801.052359,3447.637,386.726466
2024-06-05,1426.802112,3611.707239,734.001028,1358.895703,2279.236938,1103.403778,1324.635046,800.676047,3443.810535,386.60255
2024-06-06,1428.662097,3606.926257,737.249615,1361.821686,2290.000171,1103.143054,1329.326959,801.199097,3453.989844,387.422794
2024-06-07,1431.765369,3608.255688,740.590701,1368.383075,2300.345251,1103.371802,1335.446417,802.47746,3466.820874,388.044714
2024-06-10,1435.175128,3605.392822,743.206592,1373.38739,2310.183313,1103.165186,1342.354846,804.258673,3479.103858,388.631207
2024-06-11,1436.991687,3604.40332,745.768219,1378.14079,2320.119897,1103.049579,1349.403802,805.770548,3489.880359,389.136154
2024-06-12,1439.326892,3603.423254,749.114242,1382.61123,2329.991589,1102.813452,1355.740228,807.355194,3500.644568,389.694234
2024-06-13,1441.307239,3602.346387,752.086569,1385.929529,2336.924365,1101.647552,1359.717127,809.577646,3512.590869,389.997772
2024-06-14,1443.384369,3602.249573,755.362289,1389.431366,2345.746375,1100.425092,1363.807446,811.285303,3524.242261,390.122972
2024-06-17,1445.461499,3602.152759,758.63801,1392.933203,2354.568384,1099.202631,1367.897766,812.99296,3535.893652,390.248172
2024-06-18,1447.690009,3601.91189,762.31333,1397.359387,2364.169629,1099.2961,1372.042316,814.362949,3548.095532,390.33111
2024-06-19,1447.590747,3600.480786,767.213345,1401.44491,2369.650378,1100.936707,1374.234174,816.022131,3554.441003,389.95329
2024-06-20,1446.977777,3595.464831,771.573163,1404.896387,2375.604309,1102.033722,1374.584277,816.593167,3556.274622,389.494612
2024-06-21,1445.684845,3593.634631,775.237384,1409.522192,2380.219812,1103.347192,1375.942786,816.97059,3553.172583,389.097786
2024-06-24,1444.455188,3592.205884,778.806638,1413.587292,2384.13645,1105.329688,1377.690851,816.921576,3548.61925,389.079993
2024-06-25,1444.353442,3592.137414,783.267587,1418.565442,2387.017505,1108.822436,1379.855591,817.465649,3546.545215,389.1741
2024-06-26,1447.989032,3594.602893,788.03317,1424.241461,2391.632629,1114.5289,1383.918793,818.578305,3546.371826,389.210555
2024-06-27,1453.235211,3603.957043,792.505222,1432.591461,2398.108252,1119.753265,1388.783289,819.467941,3544.293664,389.640019
2024-06-28,1459.93562,3614.971387,796.260709,1440.266833,2406.186975,1123.617426,1392.299133,820.379636,3539.724707,389.921201
2024-07-01,1462.408569,3627.976538,799.541364,1449.145013,2414.53064,1126.168115,1395.400781,817.25733,3522.871692,390.216995
2024-07-02,1470.741888,3642.25929,805.645108,1460.063879,2415.158398,1132.029541,1401.281079,819.754684,3535.248425,390.686519
2024-07-03,1477.277271,3652.593518,810.994058,1469.537463,2411.893042,1136.602087,1405.00404,822.21528,3546.738208,390.595348
2024-07-04,1483.353552,3661.593457,815.124481,1478.103534,2410.483276,1142.633228,1407.590387,823.310782,3552.579346,390.305887
2024-07-05,1489.243713,3667.15968,816.968308,1483.570172,2410.195605,1148.128162,1407.80982,824.771451,3558.632983,390.055173
2024-07-08,1495.671143,3673.512305,818.794867,1491.343976,2412.454736,1153.600958,1408.258545,825.969888,3564.373926,390.360591
2024-07-09,1502.302063,3679.812976,820.563458,1499.09378,2415.29198,1159.99859,1408.667822,827.232043,3569.103235,391.254053
2024-07-10,1508.302655,3683.473401,821.844888,1506.922809,2420.443262,1166.081378,1408.995734,827.7173,3571.484265,392.127004
2024-07-11,1514.030261,3685.624793,822.859915,1514.545361,2427.501831,1172.53067,1409.59732,828.344702,3568.825903,393.41933
2024-07-12,1519.945227,3702.245496,823.496314,1525.245746,2434.417224,1178.790564,1409.885791,829.349527,3568.346057,394.691145
2024-07-15,1525.88501,3718.169544,824.117914,1535.720459,2441.237988,1184.905334,1410.388757,831.415543,3567.977661,396.161255
2024-07-16,1530.611273,3735.331055,824.41268,1546.660938,2451.050562,1190.663452,1412.269965,833.170306,3566.79491,397.838773
2024-07-17,1536.448071,3753.125476,823.472885,1556.970001,2462.282617,1195.358991,1415.926355,834.54765,3570.490442,399.748772
2024-07-18,1542.055328,3778.077771,822.127326,1568.621112,2474.715772,1199.958606,1420.980707,836.988635,3573.549414,401.888976
2024-07-19,1547.065747,3801.771021,820.685568,1581.117297,2488.580518,1204.386035,1423.234204,839.588922,3577.685828,404.393857
2024-07-22,1550.00401,3824.46604,819.949271,1594.739459,2502.804382,1207.881256,1425.48277,841.750516,3583.622949,406.365399
2024-07-23,1551.679108,3846.848596,817.656512,1608.901807,2519.020374,1209.298041,1427.985284,842.811707,3581.158435,409.506189
2024-07-24,1550.769586,3868.593982,815.252756,1622.982538,2532.193591,1209.544006,1427.773242,843.137662,3577.022009,412.70168
2024-07-25,1548.876099,3887.410449,813.29053,1635.058588,2544.085645,1208.461749,1426.459113,843.358234,3579.734216,415.635059
2024-07-26,1546.078058,3910.737598,811.67117,1650.04682,2555.635571,1208.835614,1429.928119,844.019946,3586.245984,419.15876
2024-07-29,1544.090265,3930.247668,809.200815,1663.505725,2565.656824,1208.877429,1431.276764,845.473261,3598.551221,422.21294
2024-07-30,1541.50813,3947.160706,806.362927,1675.802643,2575.665942,1209.80473,1433.811328,847.759845,3606.385657,425.148599
2024-07-31,1539.175391,3967.483667,802.591403,1687.367316,2585.14364,1210.459009,1437.346906,849.350406,3616.325452,428.205058
2024-08-01,1537.253369,3985.732129,800.412109,1697.06416,2595.800623,1209.332471,1441.412573,850.494928,3626.530274,431.152113
2024-08-02,1532.821173,3999.013464,800.684674,1705.406958,2602.864038,1207.519684,1444.573389,849.91164,3628.439966,433.679787
2024-08-05,1525.19884,4007.113648,800.201208,1709.740417,2609.112146,1204.447534,1446.079828,847.725537,3623.288013,435.612581
2024-08-06,1518.536896,4016.34209,799.330478,1714.251526,2616.871973,1200.44317,1446.474316,844.608136,3618.834534,437.148787
2024-08-07,1512.610754,4030.561365,799.266342,1721.137036,2623.355444,1196.96272,1446.707782,842.63035,3618.249988,439.026878
2024-08-08,1506.082818,4042.77262,799.779407,1725.480096,2629.390027,1193.329767,1447.789697,840.245731,3614.903687,440.67249
2024-08-09,1500.006543,4045.352454,800.457736,1728.313049,2635.453735,1190.314191,1449.713257,838.510571,3612.065149,442.35229
2024-08-12,1493.226721,4047.061951,801.395065,1732.651306,2641.684863,1187.999457,1451.149603,835.140735,3608.119446,443.774536
2024-08-13,1487.636847,4048.396118,800.986828,1736.079645,2644.254468,1184.974445,1451.215411,831.065073,3603.921106,444.889085
2024-08-14,1481.958868,4054.383887,800.692062,1740.746808,2645.885046,1181.616998,1451.876245,827.256546,3599.395801,446.10392
2024-08-15,1475.763464,4053.896277,800.519397,1743.87746,2645.091589,1177.747931,1451.691394,822.818167,3593.897082,447.104506
2024-08-16,1471.944232,4059.276599,801.131128,1747.046521,2646.122839,1175.230237,1453.174042,819.031696,3591.412756,448.38544
2024-08-19,1471.585712,4068.870239,800.859796,1749.636999,2646.474683,1172.518335,1453.787475,815.9388,3586.637305,449.976347
2024-08-20,1472.23725,4079.330237,801.335861,1751.33197,2645.73219,1170.690967,1453.369611,813.801712,3588.353796,450.277206
2024-08-21,1472.637366,4090.940625,801.87236,1753.192584,2649.330615,1168.819836,1454.178583,812.015088,3592.148413,450.794595
2024-08-22,1473.173871,4099.438342,802.234961,1755.852679,2653.484705,1168.989746,1456.421381,810.632843,3591.521753,451.460133
2024-08-23,1472.977368,4103.038611,802.405161,1755.046002,2658.558423,1169.317413,1456.458209,808.324197,3587.491846,451.624237
2024-08-26,1472.85993,4108.783484,803.266022,1755.288489,2663.87478,1169.86076,1458.461938,805.552356,3580.900818,452.064127
2024-08-27,1472.482349,4115.02301,803.81362,1756.390454,2667.538721,1171.211493,1461.46427,802.763361,3576.841174,452.551881
2024-08-28,1472.381116,4120.737073,804.340253,1759.792401,2670.387402,1172.170074,1465.08728,799.675366,3570.601868,452.640772
2024-08-29,1472.916498,4126.167053,804.334085,1763.669702,2673.769873,1173.268036,1468.495953,797.315253,3565.85365,453.160437
2024-08-30,1473.682019,4138.982288,803.785257,1769.551672,2677.916687,1175.394769,1473.629462,795.734494,3567.783154,453.743921
2024-09-02,1477.358368,4156.309094,804.06152,1779.759888,2681.466602,1178.736908,1479.270935,796.249158,3575.466504,454.840234
2024-09-03,1480.246838,4172.459485,804.95322,1788.890155,2683.614014,1183.242615,1485.4716,797.577484,3581.111352,455.893245
2024-09-04,1482.969958,4185.658179,805.40462,1795.170654,2688.331055,1186.909686,1491.429297,797.962256,3581.733057,456.517757
2024-09-05,1485.397846,4200.021448,805.472452,1804.293713,2693.438745,1190.943079,1496.159747,798.486725,3585.230432,457.267626
2024-09-06,1485.174323,4210.81521,805.145621,1810.588623,2697.891284,1193.252759,1499.886102,796.437866,3584.373425,457.532016
2024-09-09,1485.511255,4222.83512,804.810156,1815.258185,2706.291675,1196.33894,1504.053766,795.04827,3584.688,458.313796
2024-09-10,1485.653223,4237.553467,805.973187,1820.772839,2713.920459,1199.760046,1509.912292,794.317935,3586.884997,459.389595
2024-09-11,1485.384039,4246.26897,806.863651,1824.945428,2722.757605,1203.466449,1515.173315,792.631793,3586.476318,460.399298
2024-09-12,1486.524225,4256.8,808.314044,1831.05307,2734.130383,1207.956805,1523.853253,791.884302,3590.280847,461.643762
2024-09-13,1486.495587,4261.844189,809.149005,1835.141644,2743.093713,1211.087646,1531.3357,790.842718,3592.492712,462.154311
2024-09-16,1485.646478,4262.944922,810.120865,1839.244623,2749.138013,1215.401855,1539.556964,789.462924,3597.803174,462.594205
2024-09-17,1484.468689,4262.109375,810.887994,1843.102716,2755.080383,1219.800415,1550.098834,787.629736,3603.87157,463.00219
2024-09-18,1482.714441,4252.387891,812.589984,1844.036639,2759.188379,1225.431964,1559.591974,786.512177,3610.529468,463.091078
2024-09-19,1481.297601,4242.642712,814.494241,1844.706458,2764.960913,1230.438336,1568.442981,785.024548,3614.353808,463.259743
2024-09-20,1480.5979,4234.168689,817.359262,1846.802368,2772.822607,1237.134168,1578.608002,783.375171,3624.031055,463.651773
2024-09-23,1479.640472,4223.093225,820.315555,1847.777087,2782.887537,1242.522589,1590.354797,782.728162,3631.253686,464.164603
2024-09-24,1479.088922,4212.401257,823.529611,1847.705066,2791.799915,1247.099768,1601.952838,781.863031,3635.657629,464.832422
2024-09-25,1478.872278,4201.451257,827.032263,1845.601959,2800.758362,1252.061481,1612.070758,781.064072,3640.849219,465.755515
2024-09-26,1477.728094,4191.06936,830.606451,1844.012628,2810.505432,1257.37796,1622.245691,780.444022,3644.747852,466.560085
2024-09-27,1478.552301,4179.468445,833.461606,1842.23844,2819.641028,1261.218329,1629.462854,779.809268,3644.797388,467.508247
2024-09-30,1476.57644,4167.512463,836.054068,1837.969812,2827.854578,1263.354352,1636.31557,778.130478,3644.423376,467.877484
2024-10-01,1474.370245,4156.886768,838.245691,1836.198016,2834.136658,1264.679132,1643.163318,776.765387,3642.607825,468.187459
2024-10-02,1471.893878,4147.828064,840.327548,1835.328931,2838.140308,1266.567066,1649.946607,775.807129,3642.741577,468.636469
2024-10-03,1467.610986,4136.314746,841.229114,1833.420288,2840.804565,1267.579254,1656.206769,774.598889,3636.475024,468.707126
2024-10-04,1463.711566,4126.633533,841.739716,1834.202954,2841.280151,1269.147156,1661.247131,775.292462,3632.472351,468.791458
2024-10-07,1459.143561,4118.268372,841.031784,1836.106793,2836.990173,1269.092578,1667.167633,774.625848,3627.025647,468.720799
2024-10-08,1455.947571,4106.21532,841.049054,1837.847376,2833.117542,1269.057843,1671.114636,774.567029,3623.867603,468.463245
2024-10-09,1452.117865,4095.497302,840.783887,1839.892865,2826.556409,1269.444855,1676.088055,775.978683,3621.398132,467.43075
2024-10-10,1446.701996,4081.754187,840.680286,1838.382764,2816.768103,1269.015662,1677.64256,776.436981,3613.39032,466.179448
2024-10-11,1441.69574,4064.077039,840.31152,1837.950617,2809.500867,1267.658637,1680.268115,776.873221,3606.928101,465.010199
2024-10-14,1436.774146,4046.248377,840.734555,1838.365949,2805.715601,1266.115546,1683.250684,777.833932,3601.617639,464.365173
2024-10-15,1430.385907,4027.839795,841.111954,1838.690064,2801.248511,1265.490369,1686.002673,778.900024,3594.518848,463.945793
2024-10-16,1424.938916,4015.947742,841.23529,1840.032117,2796.657654,1263.247675,1689.9224,779.522525,3584.717761,463.300769
2024-10-17,1419.298944,4007.087891,840.363327,1843.580512,2788.257263,1260.233435,1691.722357,780.556756,3579.100159,462.418703
2024-10-18,1412.992877,3999.901916,838.899368,1842.324884,2775.615442,1256.564252,1691.528973,782.453668,3568.395008,461.156004
2024-10-21,1406.808826,3991.442248,838.132233,1840.226587,2759.358215,1253.445819,1688.657977,783.046762,3558.383386,459.638033
2024-10-22,1399.536621,3979.796179,836.81257,1837.96983,2746.31117,1250.910388,1685.464673,782.66199,3544.5276,458.11322
2024-10-23,1391.796289,3970.395215,835.744513,1836.91828,2732.254724,1247.325549,1681.765594,782.31398,3527.76145,456.417465
2024-10-24,1383.920252,3959.283118,834.910782,1835.146485,2708.912232,1243.539758,1677.171503,781.956165,3511.93407,454.090364
2024-10-25,1374.043445,3947.862036,834.682617,1833.000165,2687.64679,1241.001843,1673.76994,780.892523,3493.14679,452.248741
2024-10-28,1366.96048,3939.92439,834.735648,1832.508002,2669.084412,1241.986743,1671.479089,781.095938,3476.563953,450.698859
2024-10-29,1360.744061,3930.327978,835.368347,1830.390131,2650.832617,1244.837244,1668.424628,782.848254,3463.059888,449.411089
2024-10-30,1354.721869,3921.177649,835.575546,1826.465723,2632.935095,1246.710291,1665.184222,784.098157,3450.91565,448.287424
2024-10-31,1350.990521,3909.123706,836.900144,1820.889056,2615.217114,1248.491547,1662.166949,785.377469,3457.090564,447.195668
2024-11-01,1348.606293,3896.894067,838.864835,1814.298804,2600.112439,1251.074121,1660.954578,786.580808,3463.649402,446.591669
2024-11-04,1345.191187,3882.737707,841.240225,1807.069074,2585.136377,1253.22254,1657.443927,789.482541,3468.905371,445.424699
2024-11-05,1340.607001,3869.850928,843.874612,1798.696192,2570.701416,1256.204529,1653.5242,792.80336,3471.005786,444.159724
2024-11-06,1338.154297,3864.965283,846.886401,1793.496765,2559.095557,1259.092249,1649.592078,795.616864,3478.850122,443.676527
2024-11-07,1334.897308,3861.823096,848.962097,1788.915057,2546.944067,1260.83877,1644.519488,798.68035,3488.074097,443.031502
2024-11-08,1330.497382,3862.197888,851.513852,1784.866632,2534.99032,1262.617542,1638.693195,800.807639,3496.879468,442.568816
2024-11-11,1325.525983,3865.620325,853.44278,1781.139587,2521.932837,1264.48067,1631.99668,802.890808,3500.535376,441.65712
2024-11-12,1322.051111,3869.920776,854.283911,1777.815826,2507.795886,1265.229889,1623.983673,803.971607,3502.489661,440.485593
2024-11-13,1316.970154,3873.022803,853.828809,1776.354877,2493.838013,1265.753345,1614.884741,804.128458,3503.250061,439.528311
2024-11-14,1312.54657,3875.248498,854.312274,1772.402191,2478.228626,1267.028497,1607.414685,803.795151,3501.067908,438.48214
2024-11-15,1307.97981,3876.332873,854.58114,1772.698932,2463.665039,1266.653882,1599.612408,803.003543,3498.514221,437.536255
2024-11-18,1302.578882,3873.468872,853.999008,1771.706213,2451.898755,1266.376019,1591.899384,803.020697,3496.361792,436.756757
2024-11-19,1297.514111,3874.610205,854.682272,1771.414606,2440.091443,1265.463062,1583.631006,803.638293,3496.064563,436.098056
2024-11-20,1292.68963,3873.343103,854.84137,1770.076239,2429.371179,1265.33902,1575.682452,804.471561,3498.566235,435.505454
2024-11-21,1286.872858,3874.527136,854.632935,1769.672076,2424.781555,1265.229865,1568.081,803.795145,3500.589868,434.842195
2024-11-22,1283.762781,3883.403894,854.687198,1772.64231,2422.144092,1266.351215,1563.28609,805.515598,3514.316846,434.493471
2024-11-25,1281.4047,3894.04602,855.95506,1774.844629,2418.475623,1266.753113,1559.091162,808.084024,3534.736401,434.158423
2024-11-26,1279.198511,3907.212878,856.786325,1778.965179,2416.553735,1265.418414,1556.123474,808.41243,3550.672778,433.65927
2024-11-27,1276.67359,3918.977356,858.70292,1784.909265,2414.655591,1264.850293,1553.361566,808.983463,3565.056128,432.993732
2024-11-28,1273.623273,3932.096728,860.120013,1789.736401,2412.840564,1264.55755,1550.773206,809.897604,3567.223425,432.360103
2024-11-29,1271.31001,3945.700122,861.569177,1794.446997,2412.243372,1264.969373,1551.303778,810.767633,3572.10044,431.74243
2024-12-02,1271.658618,3960.53031,863.80397,1800.087573,2411.427893,1266.331366,1553.899573,811.088687,3578.520569,431.405104
2024-12-03,1272.555035,3976.257397,865.492398,1806.784387,2410.961511,1266.91189,1555.9896,811.321512,3589.03501,431.056378
2024-12-04,1271.738293,3986.448706,868.07869,1809.967676,2409.184314,1267.591644,1555.260687,811.561691,3596.190771,430.41819
2024-12-05,1272.555029,4001.309692,871.018945,1816.36825,2410.122022,1270.459522,1557.22179,811.848438,3605.355298,429.94411
2024-12-06,1273.939502,4015.475452,873.520139,1820.857886,2408.948682,1273.927765,1558.607703,812.853259,3615.579932,429.629575
2024-12-09,1275.057544,4027.503308,876.078064,1823.944055,2404.515515,1276.557471,1560.690289,813.363022,3631.355298,429.082558
2024-12-10,1275.585431,4038.662732,879.775583,1827.816943,2401.366162,1279.527057,1561.830756,815.362863,3647.791992,428.745229
2024-12-11,1276.887726,4051.812939,884.258734,1832.95246,2398.243799,1283.188806,1563.593518,817.958246,3666.061609,428.428417
2024-12-12,1276.653662,4066.479382,888.36572,1838.898975,2396.071411,1286.776129,1566.57113,820.382077,3682.589954,428.184538
2024-12-13,1276.915118,4082.045142,892.781036,1845.462238,2396.115601,1291.139966,1573.079224,823.19068,3700.460779,428.369158
2024-12-16,1277.291119,4100.823694,896.730157,1853.649933,2393.329529,1295.736993,1579.304681,825.477267,3717.090686,428.530982
2024-12-17,1277.472894,4114.536243,898.974817,1861.0242,2391.017212,1299.937085,1583.757458,827.807968,3732.016479,428.63127
2024-12-18,1278.050586,4129.167127,900.663245,1868.522302,2388.506055,1303.164685,1587.545795,829.530875,3744.512439,428.774864
2024-12-19,1278.4216,4138.613342,901.953308,1873.968622,2387.37937,1304.968268,1591.272144,832.082144,3756.047363,429.203362
2024-12-20,1275.428558,4135.087305,902.592175,1874.935022,2381.912781,1305.481805,1591.70849,831.88363,3757.352698,428.747514
2024-12-23,1272.206433,4127.646106,902.972043,1876.615295,2375.405408,1305.275897,1592.11261,830.741565,3751.779675,428.631274
2024-12-24,1268.573444,4119.426599,903.281607,1875.882001,2368.353088,1304.893848,1592.442352,829.400983,3748.666211,428.697372
2024-12-25,1265.06496,4112.163391,902.931342,1875.131708,2360.922754,1304.722675,1592.752258,828.320187,3745.745947,428.76575
2024-12-26,1262.363251,4108.566187,902.872144,1877.596277,2354.567566,1305.268463,1594.691052,827.026175,3743.935327,428.859198
2024-12-27,1258.81991,4103.535828,902.92641,1880.456628,2346.962952,1305.638116,1593.337366,825.099857,3738.154248,428.943529
2024-12-30,1253.916986,4097.943054,902.265347,1881.728967,2340.303394,1305.141949,1590.525873,822.742197,3731.957043,428.93441
2024-12-31,1248.545935,4088.074475,900.946918,1881.141357,2332.644763,1303.814691,1588.899469,819.850266,3723.069922,429.440402
2025-01-01,1244.178381,4076.592359,899.038959,1880.813562,2325.653821,1302.207098,1589.474664,816.590717,3717.006482,430.208507
2025-01-02,1240.181842,4062.910657,897.262964,1881.930512,2319.536719,1299.929669,1589.194507,813.441452,3711.15852,431.190859
2025-01-03,1237.173859,4046.509668,894.632272,1882.724512,2315.729492,1296.769055,1589.244092,809.998093,3700.914062,431.667221
2025-01-06,1233.331702,4029.560571,890.697949,1883.414105,2314.524231,1293.881335,1588.544934,805.995956,3683.86803,431.4278
2025-01-07,1231.140454,4010.376257,886.882028,1882.554541,2314.202661,1291.340942,1589.149872,801.645807,3670.004834,431.09221
2025-01-08,1230.507983,3995.23523,882.718314,1880.563464,2314.185474,1288.17785,1589.804401,797.212332,3654.132873,431.165762
2025-01-09,1230.1021,3975.488587,877.995898,1877.178644,2318.625989,1284.86095,1589.630853,792.641611,3637.686255,431.477323
2025-01-10,1228.560754,3965.605774,872.692584,1875.588208,2321.176416,1280.144836,1586.365656,786.843045,3620.305847,431.114214
2025-01-13,1227.143909,3959.716419,866.911972,1874.721356,2325.342041,1274.371887,1583.125244,780.399921,3599.819409,430.469606
2025-01-14,1226.817712,3955.186694,862.307953,1872.946387,2325.572778,1269.735168,1582.371546,775.380707,3582.748633,429.734084
2025-01-15,1226.765417,3950.524048,858.172601,1871.513782,2326.250293,1265.96922,1582.646741,771.241324,3570.029749,428.990762
2025-01-16,1228.558258,3947.410901,854.683517,1870.651788,2325.52124,1264.093689,1584.129346,767.981775,3559.70354,428.21447
2025-01-17,1233.391449,3948.829346,851.359695,1865.470136,2326.508032,1260.970282,1586.57887,765.633917,3556.671802,427.872742
2025-01-20,1237.532404,3948.569958,847.665875,1860.079669,2326.817322,1257.802222,1589.268884,763.580154,3554.318738,426.975047
2025-01-21,1240.069769,3945.277026,843.82529,1854.817883,2327.060339,1252.785925,1591.363873,760.982315,3549.431824,425.878795
2025-01-22,1242.776459,3947.81991,840.568069,1852.263477,2327.423633,1247.982977,1593.736536,758.109988,3543.410474,424.756506
2025-01-23,1245.122089,3950.31748,837.463782,1850.226257,2326.88114,1243.239581,1595.546405,754.847986,3537.156299,423.854086
2025-01-24,1246.379565,3953.350244,833.802029,1848.220612,2328.199316,1238.359729,1597.775275,752.127609,3529.730542,422.942726
2025-01-27,1247.308356,3952.455749,830.148907,1844.141339,2330.622095,1235.050262,1598.553766,750.211093,3523.721582,422.03329
2025-01-28,1248.252094,3953.397485,827.62182,1841.701062,2333.665906,1233.326068,1600.071075,748.125473,3514.123596,420.600584
2025-01-29,1248.961761,3956.377209,825.020728,1841.640356,2336.702344,1231.738318,1600.306604,746.422174,3503.334216,419.054787
2025-01-30,1249.522028,3956.365027,822.498572,1836.886047,2338.604736,1230.001715,1601.846234,744.530164,3488.84187,417.411427
2025-01-31,1250.216748,3960.549304,821.254144,1834.023273,2341.675561,1229.393909,1603.207355,743.525342,3484.259607,416.642619
2025-02-03,1251.606201,3962.851672,820.452481,1830.402917,2344.903479,1228.843158,1606.375867,742.768048,3468.704675,417.196503
2025-02-04,1253.81488,3970.175268,820.637485,1828.846484,2347.223144,1228.294885,1609.876599,742.790106,3458.59148,417.861633
2025-02-05,1254.447351,3972.926745,821.71048,1827.093365,2346.734668,1228.490869,1612.913709,742.540125,3448.032446,417.795355
2025-02-06,1255.782025,3978.575268,823.586371,1827.013232,2343.656494,1228.987036,1613.543439,742.138193,3439.355872,417.369292
2025-02-07,1257.01709,3970.882226,825.461032,1823.939209,2339.817358,1229.336841,1616.560712,741.841647,3429.485425,416.70416
2025-02-10,1257.704346,3962.346326,827.555222,1819.96192,2335.421008,1230.96676,1621.313483,742.19946,3422.765588,416.143178
2025-02-11,1257.51012,3953.017895,828.906949,1816.834473,2332.833777,1231.584491,1626.10592,741.363739,3411.721082,415.276851
2025-02-12,1255.734717,3942.256421,830.47944,1812.633795,2330.845459,1232.256805,1631.267773,740.356464,3401.231409,414.28365
2025-02-13,1253.227234,3931.616638,831.605466,1808.496252,2329.69176,1232.246881,1635.452783,738.462006,3389.131763,413.493863
2025-02-14,1248.98916,3922.460571,833.038593,1810.484906,2327.941565,1233.966119,1639.893164,736.405795,3372.734692,412.382571
2025-02-17,1244.977686,3914.085034,834.669052,1811.893219,2327.165881,1234.869153,1641.598901,733.879031,3354.348682,411.310287
2025-02-18,1242.572296,3906.224207,836.658411,1814.382068,2324.981213,1237.196198,1643.718677,732.249258,3338.449451,410.084013
2025-02-19,1240.09967,3888.221387,838.166769,1812.165179,2320.437585,1240.232776,1644.385602,730.967496,3326.446399,408.939075
2025-02-20,1238.573267,3870.530273,838.714365,1810.208106,2316.821838,1242.624322,1644.757489,730.173441,3315.178992,407.433464
2025-02-21,1237.669373,3852.824634,839.767624,1807.272485,2310.613928,1243.802728,1644.482288,729.087738,3308.090112,405.806279
2025-02-24,1236.932318,3833.99779,840.934351,1804.460693,2303.181128,1243.326404,1644.417828,727.48002,3298.184998,404.298192
2025-02-25,1235.418359,3814.146326,841.229114,1801.447369,2296.821033,1242.197613,1645.560779,725.445865,3288.871851,403.152095
2025-02-26,1233.849622,3791.419263,841.35368,1795.933063,2290.701501,1240.833142,1647.591309,723.115164,3277.785242,402.105414
2025-02-27,1231.561255,3767.858508,841.580612,1791.288037,2282.659936,1239.188336,1648.069812,720.23794,3267.310437,400.767529
2025-02-28,1228.324182,3737.451855,842.410645,1781.959113,2268.984875,1236.771979,1645.288068,716.11571,3247.319397,398.577319
2025-03-03,1224.606525,3709.633264,842.991544,1774.446442,2255.970129,1234.449896,1642.484015,712.897821,3242.76687,396.180641
2025-03-04,1218.466052,3681.843664,842.722675,1764.223969,2242.189526,1231.582025,1638.21471,709.802472,3231.563855,393.621065
2025-03-05,1213.356464,3655.549854,841.54361,1755.213141,2231.359448,1229.001935,1636.122205,708.052606,3224.452673,391.883363
2025-03-06,1209.773273,3632.295972,840.244913,1745.510291,2223.811291,1226.305249,1636.476746,707.062488,3219.853064,390.510669
2025-03-07,1208.931641,3612.084473,839.171915,1734.940594,2215.990662,1224.203961,1634.193335,706.844366,3215.285669,389.536656
2025-03-10,1208.172174,3590.466553,838.475085,1726.255127,2210.408704,1221.834741,1631.114075,706.457144,3207.807922,388.78833
2025-03-11,1208.7922,3571.702515,838.082889,1715.860248,2205.582776,1221.470056,1629.43808,706.395874,3205.618347,388.519042
2025-03-12,1210.809143,3550.246521,838.190189,1702.636584,2198.729297,1221.08056,1626.031549,705.900815,3200.862708,388.639259
2025-03-13,1212.392822,3530.958105,838.409723,1689.845129,2191.527246,1221.137622,1621.960583,705.910617,3197.080481,388.752266
2025-03-14,1213.919232,3510.475952,838.699558,1676.415076,2184.479846,1220.638971,1617.768127,706.190006,3194.586243,388.838825
2025-03-17,1214.613953,3490.815393,838.528125,1664.165112,2176.715674,1221.52464,1615.96322,705.966983,3192.188586,388.807567
2025-03-18,1215.283771,3472.667566,838.216092,1651.446515,2170.591223,1222.812207,1614.488055,705.837091,3189.875159,388.992705
2025-03-19,1216.264856,3458.796912,838.632959,1640.556305,2168.11936,1225.365002,1614.088892,706.70957,3192.0375,388.831612
2025-03-20,1218.065167,3448.345593,840.646988,1630.377545,2167.84198,1228.92503,1617.150793,707.682532,3195.765234,388.92298
2025-03-21,1220.465576,3438.297852,842.567282,1619.57475,2168.065356,1234.390363,1621.442419,709.211826,3200.761133,389.146587
2025-03-24,1224.825659,3436.043237,845.598807,1611.253516,2168.78949,1241.326843,1627.268713,712.368442,3211.865076,389.579375
2025-03-25,1228.881958,3437.406128,849.029929,1604.491138,2169.378626,1247.258569,1631.686774,715.404968,3223.9375,389.817407
2025-03-26,1232.320728,3437.708179,852.093521,1596.320447,2168.723218,1252.803284,1636.504004,718.007706,3234.781372,389.937627
2025-03-27,1235.861584,3439.576135,855.16821,1588.513977,2168.708496,1258.469562,1640.188196,721.360382,3249.251428,390.315112
2025-03-28,1239.596667,3445.515857,857.531268,1582.829706,2172.076318,1265.626831,1648.280548,725.413986,3265.52218,391.024405
2025-03-31,1244.768512,3450.981934,860.655292,1576.130469,2176.102002,1272.679907,1655.10351,729.14899,3280.135889,391.615883
2025-04-01,1249.285467,3451.88811,862.082254,1568.272998,2179.857678,1278.04104,1662.48183,731.876721,3291.222498,392.183316
2025-04-02,1253.047943,3451.738306,864.719113,1560.43739,2183.169043,1283.774304,1669.24281,734.111844,3300.151721,392.375668
2025-04-03,1254.995166,3442.147241,867.275806,1549.785132,2184.425842,1289.306616,1675.148438,736.42294,3308.090186,392.55359
2025-04-04,1252.749127,3427.078015,870.434363,1538.404437,2186.389587,1295.297888,1680.739197,738.123788,3308.855542,392.832498
2025-04-07,1249.128583,3411.825159,872.165955,1523.607355,2186.470581,1298.90506,1683.501111,739.006073,3303.445984,392.88299
2025-04-08,1245.88653,3398.179236,874.229315,1512.301941,2190.020068,1301.609192,1686.349799,740.905435,3301.74436,393.188342
2025-04-09,1242.31579,3385.632825,875.557611,1503.213409,2197.73269,1304.429932,1689.954669,741.844089,3294.833813,393.375885
2025-04-10,1239.200726,3372.852014,876.998139,1494.65907,2206.333899,1306.948004,1694.072748,742.547467,3288.23783,393.580257
2025-04-11,1237.758978,3359.341431,879.468497,1486.383972,2215.727966,1310.004419,1700.226306,743.821875,3284.703296,394.037088
2025-04-14,1236.767938,3346.47605,881.845123,1477.613525,2225.296326,1312.120587,1706.050116,745.326657,3281.854871,394.69108
2025-04-15,1236.830194,3334.417773,885.65611,1469.64679,2234.636414,1316.149493,1713.966437,747.304443,3286.023498,395.234468
2025-04-16,1236.439258,3323.625732,888.958963,1461.223566,2242.812976,1318.297919,1723.162061,748.610718,3281.473425,396.263545
2025-04-17,1236.705695,3310.854602,892.361713,1451.702814,2249.322815,1322.515375,1732.278351,750.958576,3276.33385,397.383986
2025-04-18,1236.613568,3297.360913,895.724997,1443.299011,2255.646094,1325.67102,1740.375653,753.127524,3267.979272,398.427487
2025-04-21,1236.284882,3282.506775,898.86012,1436.415234,2260.300183,1328.233746,1748.537421,754.887192,3258.004797,399.002136
2025-04-22,1236.57124,3265.912768,902.319608,1426.428302,2266.554724,1331.84588,1754.571973,757.315927,3247.512646,400.146622
2025-04-23,1237.913379,3255.14491,905.21423,1420.379797,2275.28606,1336.237,1761.665167,759.739758,3240.389087,401.27668
2025-04-24,1239.078729,3243.081811,907.469989,1413.962219,2279.245471,1339.514209,1767.660052,761.754309,3230.431946,402.267285
2025-04-25,1240.338702,3235.438464,909.517313,1409.569708,2282.846497,1342.3151,1771.815308,763.085089,3219.523682,403.135266
2025-04-28,1245.005072,3227.577624,911.786636,1405.269464,2285.779858,1346.306805,1776.198663,765.332462,3211.349902,404.051335
2025-04-29,1252.330817,3223.793408,915.263394,1403.861151,2290.092725,1351.831677,1781.139856,767.334753,3205.677808,404.981831
2025-04-30,1259.992712,3219.431628,918.423181,1401.430579,2295.208301,1356.58252,1786.5893,767.957254,3201.769263,405.787299
2025-05-01,1267.776624,3221.874719,921.633536,1401.605408,2299.9974,1361.417706,1792.465179,768.420453,3197.84834,406.575937
2025-05-02,1278.488849,3228.234924,924.21366,1404.288507,2303.6328,1366.121405,1797.659259,769.854166,3201.551306,407.528072
2025-05-05,1291.716028,3236.94635,928.631448,1409.720258,2308.502905,1373.159595,1806.552411,771.966745,3214.515405,409.01398
2025-05-06,1303.603552,3245.019849,932.640997,1413.736395,2313.046521,1379.694171,1815.50755,772.236331,3223.080518,410.119997
2025-05-07,1314.592163,3254.613306,937.095779,1418.81607,2314.067688,1386.372638,1824.494916,773.897964,3236.319544,410.834097
2025-05-08,1325.630579,3264.390405,941.128766,1424.046295,2314.308252,1393.056067,1832.396356,775.211585,3249.68241,411.52175
2025-05-09,1333.511603,3274.481665,943.174857,1428.812732,2312.675891,1396.888995,1836.948303,776.456589,3265.928381,411.617924
2025-05-12,1344.345831,3293.2771,946.885941,1439.372717,2313.478589,1403.679102,1842.610968,778.799548,3289.273157,412.288747
2025-05-13,1353.0909,3306.171484,948.309204,1446.297772,2313.404944,1407.668323,1843.691925,780.674402,3304.600208,412.649403
2025-05-14,1362.309082,3319.457349,949.113336,1455.005084,2312.614526,1411.131598,1844.26712,782.093408,3321.710645,412.873009
2025-05-15,1371.258337,3333.038001,949.781805,1464.40199,2311.642456,1413.31972,1843.181195,782.59827,3340.08429,413.132681
2025-05-16,1380.317157,3345.719727,950.472473,1472.6771,2311.956641,1415.666614,1839.457324,783.115631,3357.789172,413.539023
2025-05-19,1387.553259,3355.250366,950.758606,1477.96073,2313.512915,1417.611603,1836.229309,782.834439,3373.626465,414.140117
2025-05-20,1394.196722,3364.138196,949.604211,1484.652679,2310.68512,1418.688287,1834.082263,781.806357,3388.98324,414.202632
2025-05-21,1400.631018,3369.589783,949.675745,1489.198163,2307.744385,1419.695514,1831.151764,781.289465,3403.250183,414.306021
2025-05-22,1405.999579,3373.233838,949.752213,1492.893787,2308.009497,1421.650433,1830.447656,780.682526,3415.674304,414.116075
2025-05-23,1412.29444,3376.4526,950.304742,1497.002203,2309.335022,1423.883209,1831.166644,781.061069,3431.912842,414.52482
2025-05-26,1415.581311,3380.985938,950.798074,1501.780786,2313.041589,1425.461029,1832.436029,780.718021,3447.834351,415.202855
2025-05-27,1416.696857,3382.252173,951.229739,1505.306445,2315.913586,1426.284674,1833.42774,780.575247,3463.572571,415.582745
2025-05-28,1417.090289,3384.378687,951.192743,1508.788403,2316.890552,1427.614416,1833.011218,781.746448,3478.696521,415.68576
2025-05-29,1417.727746,3386.524536,951.25441,1512.940527,2318.098254,1429.078119,1832.966589,782.957648,3494.266309,415.717763
2025-05-30,1417.782526,3388.090418,951.821744,1516.718097,2319.556335,1429.857117,1833.363269,784.521771,3511.119141,415.537559
2025-06-02,1416.906024,3387.872949,951.705811,1519.974823,2320.685498,1430.90404,1832.7732,786.481802,3528.427722,415.060319
2025-06-03,1416.139087,3385.224475,951.530679,1522.558862,2319.237244,1431.216632,1829.812946,789.028684,3545.508057,414.535316
2025-06-04,1417.010608,3383.574048,951.42215,1525.702112,2318.927942,1430.998315,1828.751813,791.312534,3562.297571,414.224347
2025-06-05,1418.773566,3381.262134,951.942615,1528.847479,2319.983459,1431.955926,1828.945197,793.919397,3579.76825,414.04267
2025-06-06,1422.075378,3380.004578,954.137939,1532.645233,2322.776904,1435.468817,1830.02616,796.376346,3591.97937,414.295509
2025-06-09,1422.687939,3371.881079,954.673206,1531.097577,2323.302197,1434.789069,1829.743518,798.085339,3598.22168,414.071649
2025-06-10,1423.823407,3370.850659,955.726471,1533.518726,2325.030298,1434.407019,1831.553387,799.639435,3605.509668,414.406701
2025-06-11,1425.04353,3368.630359,956.708203,1536.51261,2326.301831,1434.645184,1832.842609,801.144995,3612.745459,414.642419
2025-06-12,1424.416034,3363.063953,956.945001,1537.398065,2325.197229,1433.374982,1831.702142,801.849997,3613.702088,414.455212
2025-06-13,1422.996704,3358.957214,956.523203,1539.080292,2322.133789,1431.494495,1833.0112,801.862497,3614.502478,413.773624
2025-06-16,1422.847302,3359.371704,956.441803,1543.297833,2319.418896,1430.397955,1835.143378,801.737497,3617.590796,413.319455
2025-06-17,1423.175989,3361.703394,956.804401,1548.269385,2318.805212,1429.653699,1837.419348,802.069995,3621.964148,412.847745
2025-06-18,1423.220813,3359.590283,956.979532,1552.512567,2315.535583,1428.060986,1839.571362,802.309998,3624.24729,412.393941
2025-06-19,1424.41106,3358.499658,957.359396,1557.061505,2313.743652,1426.532782,1841.832458,802.302496,3629.373071,412.27684
2025-06-20,1426.373218,3356.162317,958.126529,1560.991907,2311.141699,1425.40647,1847.038934,802.584998,3634.14126,411.794127
2025-06-23,1427.468842,3350.675134,958.328793,1562.244202,2306.474133,1423.396979,1851.447082,802.374997,3632.57699,410.766309
2025-06-24,1428.898132,3346.897437,959.182254,1563.88335,2301.893652,1422.290515,1855.899853,802.459998,3632.498694,410.19332
2025-06-25,1431.607312,3345.820581,960.580847,1567.07984,2298.980578,1420.901233,1861.329462,802.634998,3632.858313,410.00477
2025-06-26,1435.466895,3344.578113,962.906909,1569.660333,2295.940954,1420.037897,1868.801996,802.619998,3634.762097,410.080678
2025-06-27,1440.173096,3344.978577,965.180328,1571.89118,2295.099463,1420.851611,1877.276154,802.275,3636.665015,410.110062
2025-06-30,1444.500812,3347.055371,967.435315,1574.254993,2292.503894,1420.618414,1884.986694,802.609998,3637.875012,409.970488
2025-07-01,1450.621368,3349.712769,970.139642,1577.396899,2290.900476,1420.325671,1893.817865,803.134998,3638.970007,409.879886
2025-07-02,1455.367419,3351.780164,971.783624,1580.3172,2289.273608,1420.166901,1901.647412,803.454999,3637.48501,409.681543
2025-07-03,1459.122424,3353.22832,973.247836,1583.488647,2287.375061,1418.732965,1908.614172,803.509998,3634.5,409.399945
2025-07-04,1463.295764,3354.96416,974.049121,1587.275665,2286.103552,1417.89444,1915.903235,803.449997,3631.415002,408.983668
2025-07-07,1467.912323,3354.466821,974.798086,1589.93988,2288.192407,1417.939087,1924.273267,802.789996,3626.540002,408.64575
2025-07-08,1472.847614,3351.702161,976.231647,1592.042682,2289.304968,1418.886774,1932.846594,802.569998,3622.869995,408.16581
2025-07-09,1476.338672,3347.40647,978.277127,1592.170722,2292.863513,1418.931433,1940.755475,802.364999,3617.61499,407.837688
2025-07-10,1480.103638,3344.861231,980.370587,1592.525299,2297.823315,1418.876855,1946.720612,802.467499,3616.154993,407.634448
2025-07-11,1483.455249,3336.09917,982.539343,1592.175653,2308.972339,1419.164636,1950.761829,803.282501,3613.815002,407.776472
2025-07-14,1485.741113,3322.758606,984.251578,1589.540985,2319.560156,1418.97113,1953.71712,804.1,3607.175,407.83524
2025-07-15,1488.440338,3309.9349,986.418603,1586.866919,2330.600024,1419.34823,1957.654205,805.307501,3600.759998,408.065417
2025-07-16,1491.204297,3299.825745,988.499512,1585.635767,2342.715161,1420.032953,1961.159894,807.297501,3595.875,408.491489
2025-07-17,1493.35072,3289.883276,990.311468,1583.917078,2354.595532,1420.400116,1963.782965,809.492502,3588.519995,408.880829
2025-07-18,1493.83877,3278.426074,990.662561,1582.104816,2364.884644,1420.335614,1962.800787,810.852499,3578.659998,409.086519
2025-07-21,1492.434375,3267.470715,992.490546,1582.119592,2374.300623,1422.603119,1962.248438,812.552499,3574.615002,409.390156
2025-07-22,1490.541937,3256.739905,994.174786,1581.592664,2385.046143,1425.059167,1961.709973,813.532498,3567.605005,409.470962
2025-07-23,1488.415424,3244.310608,995.811896,1579.603119,2393.564185,1428.175122,1961.434778,814.5625,3560.859998,409.4024
2025-07-24,1483.8138,3230.50603,996.170996,1576.475995,2401.352954,1430.373163,1958.35976,815.495001,3551.754993,408.895524
2025-07-25,1477.6534,3216.138684,996.038538,1571.930579,2406.735645,1431.112457,1954.740057,815.552499,3539.93999,408.442518
2025-07-28,1472.025873,3197.988025,996.337747,1567.705261,2414.02832,1433.226147,1949.608099,814.392502,3527.559985,408.121741
2025-07-29,1466.483008,3180.272339,996.700116,1563.120441,2421.87168,1435.915399,1945.390204,813.337503,3519.004993,407.796066
2025-07-30,1461.069623,3162.751306,997.818365,1558.614423,2428.335852,1438.624493,1941.198065,812.775003,3522.419995,407.534057
2025-07-31,1454.714996,3145.50542,998.719183,1553.212128,2438.644812,1441.378247,1936.785126,812.247504,3525.1,407.465495
2025-08-01,1448.06156,3125.679443,999.415134,1544.786121,2449.281201,1442.807214,1930.981317,811.355005,3524.734998,407.656494
2025-08-04,1441.587415,3109.741638,999.65347,1537.571564,2455.894214,1444.171686,1925.859424,810.797507,3527.220007,407.690776
2025-08-05,1434.321429,3093.558313,999.182672,1528.786066,2462.938843,1444.290765,1921.790924,810.195004,3529.530017,407.541405
2025-08-06,1428.036536,3076.921167,998.659988,1519.084583,2468.505103,1444.871283,1918.128149,809.905005,3531.965015,407.17655
2025-08-07,1421.671954,3061.091003,998.514493,1510.274451,2473.917554,1445.675085,1916.847492,809.762506,3535.310022,407.017386
2025-08-08,1415.327295,3050.398303,998.3926,1501.813971,2472.875745,1446.369726,1914.479175,809.545004,3538.660022,406.904747
2025-08-11,1410.471692,3042.032165,998.830661,1494.816095,2472.965027,1447.044519,1912.100446,810.275006,3547.285022,406.779864
2025-08-12,1405.242578,3031.958533,998.314499,1486.862854,2470.826843,1447.152295,1908.707233,810.482504,3556.890027,406.498265
2025-08-13,1400.113068,3022.325232,998.038388,1477.934534,2469.71062,1447.41839,1906.050012,809.990002,3566.385022,405.984042
2025-08-14,1395.276727,3013.181189,998.266693,1471.246906,2468.262012,1448.391541,1904.045013,809.867502,3576.535022,405.371872
2025-08-15,1390.460309,3004.981396,999.230667,1464.431244,2467.815527,1449.012409,1902.685016,810.027502,3587.14502,404.818471
2025-08-18,1388.399457,2997.789453,999.432315,1457.118195,2472.93529,1448.013586,1901.840021,810.200003,3593.760022,404.142633
2025-08-19,1389.045459,2990.773633,999.156873,1450.671881,2479.141504,1446.712756,1901.985016,810.970004,3601.180017,403.804715
2025-08-20,1388.748816,2986.835181,998.379996,1446.815912,2490.025952,1444.382666,1901.215015,811.385004,3606.550024,403.368848
2025-08-21,1390.122858,2984.614001,997.929996,1444.053204,2500.453979,1443.080585,1900.905017,811.885004,3613.305029,403.153363
2025-08-22,1391.27467,2980.611951,996.929996,1442.664465,2511.095325,1441.611096,1900.675018,812.370004,3620.950037,402.609755
2025-08-25,1392.800665,2983.611047,995.819995,1443.457324,2520.521228,1439.420923,1902.695013,813.335004,3629.995044,402.093083
2025-08-26,1391.472528,2988.562244,993.949997,1444.240338,2532.378015,1436.509912,1902.015009,813.767502,3632.280042,401.843318
2025-08-27,1390.492999,2993.630859,991.974997,1444.762341,2545.038501,1433.787445,1900.620007,814.077499,3626.090039,401.635181
2025-08-28,1390.554517,2996.414673,989.409998,1444.324048,2551.646557,1430.239594,1898.960004,814.347501,3622.270044,401.094022
2025-08-29,1389.006726,3000.411829,986.684998,1444.324048,2556.910181,1427.113001,1899.180005,814.772501,3622.955042,400.765898
2025-09-01,1386.407477,3002.280762,984.414996,1445.254803,2562.158923,1425.06319,1898.480005,815.289999,3621.320032,400.227188
2025-09-02,1385.424292,3004.609583,982.199997,1447.14585,2569.218432,1423.106177,1896.25,815.455002,3617.435022,399.864784
2025-09-03,1384.691315,3007.799475,980.289996,1449.233887,2575.623071,1421.328858,1893.960004,815.805002,3616.055029,399.852541
2025-09-04,1383.462671,3010.182117,978.467496,1450.519214,2583.019934,1420.140271,1891.850006,816.017502,3613.605029,399.965179
2025-09-05,1384.094727,3010.764331,977.289996,1451.578003,2589.707349,1419.035004,1893.68501,816.132501,3610.905029,399.615018
2025-09-08,1383.985443,3009.697766,975.699997,1451.809466,2594.941211,1417.890003,1895.200006,815.4,3603.965039,399.159563
2025-09-09,1384.05,3010.382715,974.709998,1455.759003,2602.789514,1416.975,1897.370001,814.8125,3595.910034,398.851028
2025-09-10,1384.045001,3013.993372,973.497498,1460.979089,2610.151636,1416.129999,1898.570001,814.630002,3588.725037,398.799605
2025-09-11,1384.520001,3018.978809,972.109998,1464.032349,2617.166492,1414.844995,1900.529999,814.485004,3581.860034,398.975909
2025-09-12,1385.579999,3024.414356,970.697498,1467.868622,2622.122522,1414.36499,1901.969995,814.335004,3577.000037,399.088548
2025-09-15,1386.460004,3029.341077,968.959998,1471.44389,2622.762476,1413.604993,1902.579993,814.190002,3574.555029,399.399532
2025-09-16,1385.720007,3035.676843,967.524997,1474.955139,2621.576794,1412.869989,1904.069995,814.247501,3577.295032,399.595425
2025-09-17,1385.76001,3039.307068,966.144998,1476.245392,2616.610815,1412.299988,1904.714996,815.657501,3581.955029,399.75459
2025-09-18,1385.270007,3042.932385,965.210001,1478.42207,2613.574683,1411.084985,1905.274994,817.089999,3585.625024,400.048431
2025-09-19,1385.180011,3048.568518,964.440002,1481.01734,2610.087109,1409.374982,1906.729993,819.394998,3589.605017,400.653256
2025-09-22,1384.080011,3045.300342,963.547504,1479.41192,2607.140271,1407.789984,1908.004993,821.334998,3591.675012,401.025456
2025-09-23,1384.325012,3040.662256,962.737503,1477.831122,2598.686719,1406.674988,1909.704993,824.472498,3597.490015,401.018111
2025-09-24,1384.230011,3034.703198,961.620001,1476.107507,2591.587524,1404.979987,1911.024994,827.389999,3604.115015,400.903021
2025-09-25,1383.555011,3028.034741,961.222501,1475.354047,2585.827808,1403.81499,1913.749994,830.35,3608.330005,400.863843
2025-09-26,1384.575012,3018.954309,960.895001,1474.334656,2578.485522,1401.904987,1915.13999,833.072501,3614.755005,400.636114
2025-09-29,1385.520014,3008.362085,960.880002,1471.498077,2570.964636,1398.759985,1915.219989,836.307501,3619.255005,400.704677
2025-09-30,1385.395014,2997.44696,961.205002,1468.695978,2562.898035,1396.449988,1914.779993,839.735001,3623.46001,400.450012
2025-10-01,1385.200012,2988.479053,961.745001,1467.056085,2556.523157,1395.199988,1913.96499,842.332498,3626.93501,400.148825
2025-10-02,1385.670007,2979.599194,961.945001,1466.209052,2550.054004,1393.524988,1913.324988,845.067496,3630.820007,399.644397
2025-10-03,1385.090009,2972.436597,962.032501,1466.307544,2545.663525,1391.644983,1913.394983,848.102496,3639.795007,399.495027
2025-10-06,1384.915009,2970.93949,962.405002,1468.430048,2541.590552,1389.679987,1914.164984,851.364996,3650.165002,399.162006
2025-10-07,1385.345013,2967.235876,963.272501,1466.174573,2535.399219,1388.28999,1915.929987,854.157498,3660.4,398.660027
2025-10-08,1384.865015,2963.184888,963.9125,1464.322919,2528.285144,1386.609991,1918.534985,856.159998,3669.390002,398.008678
2025-10-09,1384.590015,2960.127087,964.377499,1464.303229,2523.105859,1385.33999,1919.984985,858.082495,3680.865002,397.266727
2025-10-10,1383.925012,2954.985083,965.057501,1463.7763,2520.545984,1383.469995,1921.849988,860.937497,3691.075,396.730466
2025-10-13,1382.71001,2949.862671,965.555002,1463.027753,2516.170386,1381.469995,1924.369989,863.847498,3700.240002,396.074219
2025-10-14,1381.240008,2940.792004,966.070004,1461.973883,2512.271045,1379.594995,1924.724988,866.117499,3704.065002,395.275948
2025-10-15,1379.265008,2931.402185,966.657504,1459.610071,2509.755823,1378.554999,1926.084985,867.564996,3711.225,394.815596
2025-10-16,1378.430011,2921.865747,967.530002,1456.207166,2508.500684,1378.335004,1927.399988,869.194998,3720.015002,394.502165
2025-10-17,1378.900012,2912.278833,969.3125,1451.32688,2510.688477,1380.055005,1929.879987,870.535001,3728.215002,394.575626
2025-10-20,1382.710016,2909.962024,971.25,1449.425983,2511.789807,1379.495007,1934.644989,873.147501,3739.625,394.874364
2025-10-21,1386.480011,2907.785559,973.775,1448.189911,2515.237708,1378.880005,1939.884992,875.010001,3751.154993,395.346959
2025-10-22,1390.590008,2906.930066,976.607501,1447.096655,2517.33125,1378.845007,1945.504993,877.092499,3761.874988,395.927298
2025-10-23,1394.390008,2913.156348,979.555002,1449.248706,2520.471558,1378.240002,1949.119995,879.612497,3775.58999,396.703529
2025-10-24,1398.090008,2921.743848,982.040002,1453.016034,2520.699756,1379.145001,1954.754999,881.989996,3784.359985,397.276521
2025-10-27,1403.655005,2931.543762,984.672504,1457.238007,2521.389343,1380.620001,1963.650006,884.589996,3796.129993,397.932768
2025-10-28,1409.800006,2940.394507,987.300003,1461.244977,2520.531104,1381.375,1974.240002,887.479996,3811.819995,398.733489
2025-10-29,1416.575006,2947.968262,989.430002,1465.564966,2518.144861,1381.295001,1985.890009,891.262497,3826.209998,399.517067
2025-10-30,1422.565008,2954.446912,991.075003,1469.054956,2514.840833,1380.815002,1995.825012,894.774997,3842.069995,400.16107
2025-10-31,1428.715008,2962.642078,992.182501,1471.930554,2510.901795,1379.820007,2003.715015,898.259998,3856.959985,400.947098
2025-11-03,1434.200006,2964.582031,993.142502,1473.518311,2506.843689,1378.970007,2012.260016,902.042499,3869.134985,401.593552
2025-11-04,1438.615002,2965.934937,993.280002,1475.087878,2503.29657,1377.020007,2021.475018,906.687497,3878.869983,402.039211
2025-11-05,1443.9,2964.670361,993.607501,1474.859961,2500.597778,1375.350006,2029.965021,911.654996,3888.599976,402.487318
2025-11-06,1449.814996,2962.734387,993.985004,1473.867816,2496.549597,1372.56001,2037.610016,916.587497,3894.219983,402.859518
2025-11-07,1454.629999,2961.494568,994.055002,1473.104901,2491.790833,1370.695007,2040.675012,920.347495,3899.144983,402.920735
2025-11-10,1460.345001,2962.927222,994.430002,1475.24563,2488.562988,1369.125006,2043.920013,923.757495,3906.594983,403.229269
2025-11-11,1466.220001,2967.725,995.157501,1478.388867,2485.79884,1367.83501,2048.705017,927.574994,3917.12998,403.721455
2025-11-12,1473.079999,2975.680371,995.720001,1483.365411,2482.056214,1365.86001,2053.97002,931.127496,3923.424988,404.069168
2025-11-13,1478.709998,2982.309851,995.335004,1487.989777,2475.360169,1364.290008,2060.190021,934.479996,3930.459985,404.096104
2025-11-14,1483.814996,2989.371484,994.687503,1492.161224,2467.575574,1361.11001,2064.625018,938.414993,3938.709985,403.900211
2025-11-17,1486.389996,2993.643823,994.367502,1495.597595,2460.117358,1360.545007,2067.660016,941.707492,3946.459985,403.608818
2025-11-18,1489.1,2997.592053,993.605002,1497.407635,2451.743079,1360.115008,2072.945013,944.937494,3952.029993,403.266002
2025-11-19,1491.785004,3004.516174,992.95,1501.952673,2445.248804,1360.170007,2078.760016,948.682495,3958.6,402.810545
2025-11-20,1496.820001,3008.032263,992.952499,1503.505011,2437.603381,1361.13501,2086.280017,952.182495,3964.534998,402.296323
2025-11-21,1501.570001,3012.324243,993.117499,1505.63501,2434.449744,1360.725012,2092.950012,955.587494,3970.534998,401.858009
2025-11-24,1504.160004,3015.088989,992.927499,1507.81001,2431.049304,1360.265015,2096.550012,957.979993,3975.009998,401.02056
2025-11-25,1506.8,3018.099268,992.239999,1509.330011,2427.873132,1360.000018,2100.12002,960.647492,3976.204993,400.18311
2025-11-26,1510.085004,3023.270252,992.042502,1511.705011,2425.69845,1360.230017,2101.430017,962.854993,3981.399988,399.237918
2025-11-27,1513.830005,3028.244824,992.610001,1515.33501,2425.766553,1361.720013,2103.89502,964.779993,3986.08999,398.530249
2025-11-28,1517.885004,3032.148853,993.625,1519.225006,2426.783069,1363.895013,2106.250024,966.879993,3988.025,397.741772
2025-12-01,1521.955005,3037.874756,994.097498,1523.150006,2427.967432,1366.080011,2107.035022,968.049991,3992.659998,397.266727
2025-12-02,1525.615009,3045.019861,994.324997,1527.805005,2430.526221,1367.88501,2106.57002,968.534992,3997.965002,396.877388
2025-12-03,1528.900012,3054.340418,995.087497,1533.345001,2431.595007,1370.615009,2105.205017,968.207492,4001.145007,396.466011
2025-12-04,1530.875012,3065.060535,995.714996,1539.890002,2433.855005,1373.930005,2105.650024,967.574991,4006.245007,396.248077
2025-12-05,1534.005011,3077.160559,996.764996,1546.859998,2430.08501,1376.405005,2111.030029,968.357492,4014.030005,396.292154
2025-12-08,1536.690009,3087.536926,997.694995,1551.725,2425.345007,1378.485004,2114.350024,968.619992,4017.940002,396.13299
2025-12-09,1538.490008,3095.457935,997.964993,1555.159998,2419.295007,1379.329999,2116.72002,968.922492,4020.065002,395.848943
2025-12-10,1539.76001,3098.276697,997.979993,1556.815002,2413.155005,1379.564996,2116.380017,969.05249,4021.9,395.660394
2025-12-11,1541.465008,3102.509741,998.662491,1559.625,2408.055005,1378.269995,2114.450012,969.51499,4021.969995,395.523267
2025-12-12,1543.345007,3108.13252,999.257492,1564.394995,2399.700012,1377.919995,2113.58501,969.279993,4025.455005,395.12903
2025-12-15,1545.240002,3114.41825,999.234992,1569.354999,2393.125012,1377.229993,2111.46001,968.974994,4028.68501,394.893956
2025-12-16,1546.385004,3120.212915,999.32749,1574.679999,2386.980017,1376.859992,2109.100012,968.409995,4031.895007,394.690715
2025-12-17,1547.660004,3123.655347,998.797492,1577.725,2378.680017,1375.324994,2106.51001,968.064993,4034.034998,394.507065
2025-12-18,1547.425006,3130.333936,997.339993,1582.240002,2370.535022,1374.014996,2103.195007,967.864993,4033.720007,394.259747
2025-12-19,1548.350006,3136.786633,996.712494,1586.925,2362.850024,1373.244995,2099.945007,968.249994,4036.150012,393.926726
2025-12-22,1550.325006,3145.807642,996.139993,1594.004999,2356.115027,1373.249994,2099.720007,968.434995,4039.105005,393.8851
2025-12-23,1551.875006,3155.177307,996.479993,1600.890002,2350.540027,1373.509992,2097.784998,967.849997,4042.21001,394.205878
2025-12-24,1551.290002,3162.842957,996.144992,1606.165002,2343.390027,1372.749994,2097.629993,967.102496,4041.790015,394.416466
2025-12-25,1551.029999,3171.800122,995.529993,1611.015002,2334.915027,1371.129999,2098.034985,966.907498,4040.405017,394.529106
2025-12-26,1550.614996,3178.797913,994.754993,1615.815002,2325.855017,1369.209998,2098.224976,966.272498,4039.290015,394.52421
2025-12-29,1549.589996,3184.597485,994.234995,1619.85,2317.29502,1366.870001,2097.819983,965.869998,4037.565015,394.443404
2025-12-30,1549.264996,3190.053308,994.289996,1622.879999,2307.915015,1365.345001,2097.609985,966.177499,4038.640015,394.426262
2025-12-31,1550.844995,3191.339917,993.824997,1624.715002,2301.31001,1362.915002,2098.58999,967.735001,4043.415015,394.548695
2026-01-01,1552.844995,3191.251526,993.522498,1626.325006,2294.350012,1360.480005,2098.919983,969.567502,4051.255005,392.628931
2026-01-02,1555.429999,3191.865369,993.437497,1627.53501,2294.820007,1358.625006,2098.794983,970.940002,4057.515002,389.940277
2026-01-05,1557.184998,3190.863586,992.157498,1627.315009,2298.325012,1357.720007,2099.734985,973.397501,4065.2,387.364265
2026-01-06,1556.094995,3193.196179,990.4125,1627.975006,2304.23501,1359.520007,2100.51499,976.375003,4072.355005,384.494412
2026-01-07,1554.459991,3198.421191,988.375,1630.685004,2309.120007,1362.725006,2101.374988,978.745004,4080.640002,381.462946
2026-01-08,1550.73999,3199.010474,985.695001,1631.450006,2313.175,1366.475006,2102.029993,980.482504,4081.865002,378.426581
2026-01-09,1546.679993,3198.386816,982.570001,1632.245007,2318.775,1368.390008,2099.214996,982.350003,4079.419995,375.343691
2026-01-12,1543.029993,3198.848437,979.612503,1631.700006,2324.409998,1370.78501,2097.929999,984.745004,4075.754993,372.214276
2026-01-13,1538.554993,3201.93728,976.765002,1632.005005,2329.829993,1374.33501,2094.175,988.110001,4066.934985,368.933044
2026-01-14,1534.274994,3200.694861,973.837503,1631.895007,2333.724988,1377.63501,2089.9,990.735001,4057.104993,365.74731
2026-01-15,1529.994995,3196.358679,971.125003,1630.545007,2338.124988,1380.715008,2086.425,993.275,4048.83999,362.532191
2026-01-16,1524.634998,3195.523572,968.405002,1633.100012,2342.144983,1383.550012,2082.360004,996.375003,4037.984985,359.013437
2026-01-19,1516.544995,3190.42677,965.415002,1632.680011,2348.364978,1384.155011,2075.479999,999.580005,4027.854993,355.609769
2026-01-20,1507.709998,3182.996667,962.145004,1632.21001,2352.189978,1384.795013,2069.135004,1002.805005,4015.43999,351.640456
2026-01-21,1500.029999,3176.1396,958.302502,1631.76001,2356.47998,1384.255011,2062.755005,1005.790005,4001.084985,347.631963
2026-01-22,1492.245001,3170.672522,954.377502,1631.765008,2361.899988,1383.540008,2056.680005,1009.760004,3988.094983,343.628368
2026-01-23,1483.590003,3167.725635,950.577502,1632.500012,2368.104993,1383.190008,2050.645007,1012.920004,3972.919983,339.673746
2026-01-26,1475.615003,3166.178308,946.797501,1633.805017,2373.91499,1383.195007,2045.8,1016.142505,3958.174988,335.795033
2026-01-27,1467.65,3164.63678,943.572501,1636.860016,2379.449988,1384.140008,2039.479999,1020.127505,3944.96499,331.781644
2026-01-28,1458.964996,3167.194019,940.647501,1639.415015,2382.574988,1385.380005,2032.084991,1024.192505,3930.48999,327.773152
2026-01-29,1449.734998,3165.925171,937.864999,1640.900012,2384.054993,1387.660004,2024.959998,1028.265002,3920.11499,325.557095
2026-01-30,1439.889996,3162.487122,934.247501,1640.930011,2385.304993,1387.640002,2018.079993,1032.175003,3908.559998,324.190732
2026-02-02,1430.504999,3163.033191,931.777499,1642.080011,2383.96499,1386.705005,2011.099994,1033.332501,3897.105005,322.476654
2026-02-03,1426.979999,3164.414697,931.102499,1644.270013,2381.159998,1385.630005,2005.699994,1035.597497,3892.015002,321.213133
2026-02-04,1424.610004,3152.531738,931.304999,1639.110016,2379.740002,1384.665008,2002.779999,1038.649994,3888.520007,320.193382
2026-02-05,1423.250006,3144.771924,931.454999,1634.455011,2378.125,1382.740008,1999.084997,1042.424994,3890.265015,319.008273
2026-02-06,1422.025006,3134.325586,931.559998,1629.105011,2380.704993,1382.830005,1999.65,1045.719995,3892.410022,318.786813
2026-02-09,1420.945007,3122.64762,931.574997,1624.170007,2382.144995,1381.990008,1999.359997,1052.262494,3897.140027,318.354137
2026-02-10,1421.230005,3111.39502,931.327499,1619.11001,2385.35,1380.465008,1998.579999,1058.044995,3911.220032,318.032661
2026-02-11,1421.725,3100.110022,931.409998,1612.715008,2390.819995,1379.850006,1998.059997,1065.772497,3926.450025,317.551239
2026-02-12,1421.229999,3080.840027,931.167496,1602.025006,2393.629993,1380.430005,1997.659997,1073.975,3942.455017,317.029817
2026-02-13,1419.314996,3055.115027,929.807498,1585.990002,2390.869995,1380.620001,1997.074994,1081.789996,3958.330017,316.595198
