Date,RELIANCE,TCS,HDFCBANK,INFY,HINDUNILVR,ICICIBANK,BHARTIARTL,SBIN,LT,ITC
2016-02-16,,,,,,,,,,
2016-02-17,,,,,,,,,,
2016-02-18,,,,,,,,,,
2016-02-19,,,,,,,,,,
2016-02-22,,,,,,,,,,
2016-02-23,,,,,,,,,,
2016-02-24,,,,,,,,,,
2016-02-25,,,,,,,,,,
2016-02-26,,,,,,,,,,
2016-02-29,,,,,,,,,,
2016-03-01,,,,,,,,,,
2016-03-02,,,,,,,,,,
2016-03-03,,,,,,,,,,
2016-03-04,,,,,,,,,,
2016-03-07,,,,,,,,,,
2016-03-08,,,,,,,,,,
2016-03-09,,,,,,,,,,
2016-03-10,,,,,,,,,,
2016-03-11,,,,,,,,,,
2016-03-14,,,,,,,,,,
2016-03-15,,,,,,,,,,
2016-03-16,,,,,,,,,,
2016-03-17,,,,,,,,,,
2016-03-18,,,,,,,,,,
2016-03-21,,,,,,,,,,
2016-03-22,,,,,,,,,,
2016-03-23,,,,,,,,,,
2016-03-24,,,,,,,,,,
2016-03-25,,,,,,,,,,
2016-03-28,,,,,,,,,,
2016-03-29,,,,,,,,,,
2016-03-30,,,,,,,,,,
2016-03-31,,,,,,,,,,
2016-04-01,,,,,,,,,,
2016-04-04,,,,,,,,,,
2016-04-05,,,,,,,,,,
2016-04-06,,,,,,,,,,
2016-04-07,,,,,,,,,,
2016-04-08,,,,,,,,,,
2016-04-11,,,,,,,,,,
2016-04-12,,,,,,,,,,
2016-04-13,,,,,,,,,,
2016-04-14,,,,,,,,,,
2016-04-15,,,,,,,,,,
2016-04-18,,,,,,,,,,
2016-04-19,,,,,,,,,,
2016-04-20,,,,,,,,,,
2016-04-21,,,,,,,,,,
2016-04-22,,,,,,,,,,
2016-04-25,221.471976,948.616054,237.988684,447.55619,730.995475,188.429827,290.214392,164.766285,681.416547,143.028171
2016-04-26,221.896026,950.389988,238.634219,448.724087,732.399929,189.405255,290.984406,165.570495,683.435148,143.314156
2016-04-27,222.235255,952.253314,239.320675,449.810309,733.75505,190.319558,291.897838,166.242024,685.191445,143.616279
2016-04-28,222.529174,953.929557,239.893104,450.464865,734.586153,191.065773,292.777123,166.824195,686.444803,143.772719
2016-04-29,222.74332,955.637045,240.550823,451.08202,735.271791,191.713511,293.418234,167.262855,687.632013,143.955606
2016-05-02,222.898302,957.304591,241.143484,451.649938,735.310923,192.194008,293.908243,167.642846,688.783868,144.146562
2016-05-03,223.05924,958.998226,241.823734,452.061374,735.551669,192.688089,294.711551,168.10407,690.166664,144.346035
2016-05-04,223.217257,961.110734,242.640997,452.54609,735.834939,193.154156,295.351808,168.530995,691.69373,144.570609
2016-05-05,223.399836,963.147304,243.512976,453.173167,735.959984,193.691533,295.895597,169.046375,693.830941,144.85256
2016-05-06,223.527722,965.22698,244.242421,453.633838,736.019532,194.265414,296.598171,169.559951,695.539338,145.092375
2016-05-09,223.646979,967.882942,245.021983,454.511669,736.276433,194.863913,297.47404,170.100603,698.031794,145.353707
2016-05-10,223.700339,969.830908,245.761083,455.17844,736.928046,195.212826,298.296128,170.596125,700.268223,145.337122
2016-05-11,223.634823,971.408661,246.366158,455.528429,737.154322,195.279891,298.851871,170.665625,702.433371,145.323226
2016-05-12,223.596376,972.935785,246.97882,455.839105,737.224078,195.514197,299.34188,170.769423,703.67647,145.323674
2016-05-13,223.521677,974.247749,247.532168,456.118486,736.935698,195.61607,299.779813,170.705338,704.740513,145.360879
2016-05-16,223.437337,975.779224,248.186209,456.457022,736.893165,195.67125,300.192991,170.495937,705.767488,145.488183
2016-05-17,223.233922,977.487107,248.826686,456.844793,737.025865,195.825756,300.529338,170.3786,706.949567,145.580075
2016-05-18,222.972938,979.020573,249.359345,457.084097,736.785127,195.99724,300.813612,170.316321,708.055808,145.694828
2016-05-19,222.756946,980.671107,249.902118,457.566905,736.403177,196.167877,300.958738,170.175517,708.967601,145.773271
2016-05-20,222.454534,981.968823,250.417995,458.014217,735.736252,196.273994,301.038983,170.017563,709.759643,145.854405
2016-05-23,222.110964,983.048215,250.920077,458.371456,735.097402,196.264656,301.126058,169.776571,710.4097,146.049843
2016-05-24,221.809942,984.13829,251.440782,458.778695,734.796263,196.318988,301.164474,169.491352,711.109939,146.332691
2016-05-25,221.550614,985.71564,252.097583,459.207689,734.727358,196.465005,301.388991,169.309028,712.346189,146.637503
2016-05-26,221.247566,987.271248,252.855534,459.760339,734.739268,196.69252,301.59558,169.269314,715.549719,146.985347
2016-05-27,221.017486,988.432512,253.58383,460.173302,734.957892,196.912394,301.714242,169.353255,718.692805,147.29509
2016-05-30,220.716848,989.936704,254.200628,460.728243,734.527454,197.076239,301.752656,169.390261,721.646007,147.600164
2016-05-31,220.322425,990.698488,254.789381,461.17632,734.154008,197.263853,301.761194,169.524748,724.340327,147.929557
2016-06-01,219.99111,991.962199,255.367789,461.56104,733.84011,197.363179,301.847416,169.554533,726.877837,148.344214
2016-06-02,219.671408,993.357221,255.945276,461.971332,733.748236,197.484577,301.984003,169.625838,729.554478,148.727623
2016-06-03,219.366606,994.589284,256.508051,462.422462,733.939637,197.646724,301.98315,169.672453,732.041237,149.073348
2016-06-06,219.079117,995.904037,257.076343,462.894584,734.206747,197.95319,301.965223,169.910962,735.027511,149.450836
2016-06-07,218.72326,997.3995,257.627621,463.353727,734.817528,198.474437,301.87388,170.33356,738.379874,149.916002
2016-06-08,218.315909,998.591691,258.0766,463.59914,735.422353,198.816558,301.854246,170.620899,741.609066,150.315735
2016-06-09,217.991387,999.253702,258.482358,463.454133,735.540596,199.120478,301.86193,170.954093,744.742458,150.62744
2016-06-10,217.7383,1000.269136,258.927888,463.369379,735.657139,199.363274,302.129131,171.18886,747.591307,150.837968
2016-06-13,217.501865,1001.077394,259.313415,462.994963,735.691167,199.448168,302.024982,171.364875,750.217769,151.089106
2016-06-14,217.279674,1001.855772,259.747451,462.757426,735.643524,199.776705,302.232425,171.835632,753.244534,151.409593
2016-06-15,217.064275,1002.658499,260.244246,462.781132,735.693716,200.207965,302.529505,172.468127,756.68813,151.792454
2016-06-16,216.797164,1003.560623,260.734605,462.920894,736.024626,200.609848,302.789876,173.134007,760.238358,152.190403
2016-06-17,216.52786,1005.123359,261.243355,463.130683,736.551194,200.985203,303.172322,173.73249,763.522865,152.618158
2016-06-20,216.308298,1006.549147,261.708195,463.427804,736.808096,201.295917,303.449766,174.282813,766.872372,152.975132
2016-06-21,216.044034,1007.81922,262.184761,463.717438,736.769817,201.533535,303.656354,174.806512,769.978964,153.379721
2016-06-22,215.669113,1009.157092,262.597415,464.028618,736.277,201.589033,303.85782,175.23608,772.905934,153.670044
2016-06-23,215.293974,1010.316737,263.09559,464.433238,735.95791,201.677455,304.089165,175.750692,775.913307,154.011376
2016-06-24,214.791743,1010.905708,263.464106,464.706195,735.462512,201.593463,304.167702,176.150084,778.145171,154.296185
2016-06-27,214.313615,1010.921481,263.795839,464.25643,734.938146,201.599219,304.026847,176.750347,780.582888,154.588364
2016-06-28,213.844909,1010.68229,264.159757,463.752223,734.910894,201.612774,303.987577,177.327748,783.10386,154.968316
2016-06-29,213.536383,1011.303384,264.527764,463.347299,734.731477,201.671696,303.979895,177.918997,785.581497,155.327152
2016-06-30,213.220845,1012.531001,264.964355,463.02771,734.806631,201.543518,304.142946,178.412243,788.370475,155.755045
2016-07-01,212.933793,1013.399144,265.387311,462.835356,735.203159,201.429701,304.403316,178.81542,791.535801,156.3132
2016-07-04,212.801442,1013.943606,265.797327,462.697081,735.522268,201.434914,304.649175,179.336738,794.986809,156.812127
2016-07-05,212.69692,1014.111964,266.079252,462.368745,735.765136,201.368599,304.74308,179.7968,798.352284,157.234618
2016-07-06,212.581663,1014.11183,266.313589,461.979341,735.898264,201.462733,304.621005,180.34351,801.769648,157.601975
2016-07-07,212.543096,1013.5364,266.687996,461.686027,736.786111,201.62894,304.461367,180.901136,805.133413,158.112372
2016-07-08,212.524253,1012.874087,266.927739,461.408064,737.857304,201.798377,304.315388,181.481815,808.304441,158.588536
2016-07-11,212.548576,1012.581504,267.350495,461.314037,739.145347,202.277891,304.350389,182.233698,811.829011,159.144263
2016-07-12,212.669532,1012.679781,267.782768,461.409066,740.583189,203.058673,304.264167,183.057361,815.439687,159.735372
2016-07-13,212.803854,1013.003829,268.151655,461.552956,742.017181,203.942832,304.302583,183.973325,818.913505,160.339039
2016-07-14,212.933795,1013.618975,268.509836,461.533841,743.601073,204.95269,304.516855,184.96071,822.22766,160.91994
2016-07-15,213.123336,1013.597773,269.034418,460.797518,745.276743,205.846097,304.854911,185.866743,825.938693,161.502461
2016-07-18,213.22479,1013.171761,269.476382,459.999818,746.750536,206.585027,304.784057,186.643957,829.130253,162.022018
2016-07-19,213.379272,1012.925634,269.86007,459.135772,747.474962,207.420197,304.706372,187.422274,832.012748,162.555298
2016-07-20,213.587878,1012.94568,270.336006,458.325579,748.399801,208.253093,304.783201,188.310172,834.785188,163.15443
2016-07-21,213.64726,1012.675518,270.747897,457.428463,749.541298,208.855669,304.881374,189.0343,837.53881,163.756594
2016-07-22,213.808096,1012.816268,271.20769,456.494808,750.925657,209.575089,305.09394,189.784997,840.817606,164.338108
2016-07-25,214.013195,1013.140968,271.641654,455.566863,752.128674,210.431308,305.4098,190.798059,844.269187,164.855717
2016-07-26,214.253793,1013.264087,272.080828,454.705264,753.466148,211.128876,305.728221,191.751694,847.708793,165.363464
2016-07-27,214.440267,1013.738219,272.570278,453.851381,754.968866,211.973043,306.091884,192.696006,851.042334,165.791519
2016-07-28,214.769609,1014.500236,273.119245,452.968174,756.743992,212.856748,306.554576,193.803199,854.590854,166.385074
2016-07-29,215.123275,1015.48139,273.650425,452.088459,758.791249,213.675302,306.897753,194.9055,858.054982,166.903817
2016-08-01,215.471682,1017.47474,274.182608,451.400592,760.758149,214.24468,307.207638,196.022647,860.934626,167.249132
2016-08-02,215.788753,1019.583446,274.704713,450.703436,762.706791,214.682703,307.423618,197.133654,863.913489,167.724308
2016-08-03,215.976104,1020.883639,275.060268,449.855237,764.132269,214.887849,307.546547,198.117965,866.046135,168.016095
2016-08-04,216.178355,1021.973354,275.372626,448.71123,765.456464,214.958252,307.775333,198.920619,865.989114,168.242234
2016-08-05,216.360447,1022.850377,275.706904,447.435972,766.72421,215.091734,307.993019,199.641015,866.414503,168.502818
2016-08-08,216.625807,1023.226305,276.075221,446.089913,768.177304,215.190166,307.91875,200.317303,866.643164,168.672159
2016-08-09,216.945069,1024.137845,276.422524,444.924796,769.816738,215.287783,307.885455,200.918223,866.955652,168.859883
2016-08-10,217.164412,1024.743866,276.706761,443.678676,771.177955,215.359534,307.598621,201.573336,867.162643,168.936626
2016-08-11,217.417939,1025.49503,276.998178,442.36837,772.501201,215.467262,307.283017,202.107373,867.133563,169.115619
2016-08-12,217.751665,1026.637943,277.306392,440.902941,773.529989,215.590557,307.129708,202.961467,867.490521,169.36607
2016-08-15,218.106645,1027.701327,277.617595,439.438655,774.652354,215.718097,307.13689,203.773497,867.760807,169.600896
2016-08-16,218.41276,1028.241027,277.910355,437.962728,775.32221,215.710715,307.045538,204.442872,867.971216,169.783793
2016-08-17,218.672202,1028.386896,278.28938,436.491262,775.765901,215.626598,306.949281,205.093044,867.871997,169.946931
2016-08-18,218.877741,1028.931486,278.764704,435.239493,776.454253,215.686953,307.005482,205.796253,867.973198,170.16866
2016-08-19,219.045151,1029.367047,279.206031,434.009345,777.237732,215.797745,307.034249,206.757336,868.258588,170.405096
2016-08-22,219.179912,1029.433406,279.701044,432.731708,778.362567,216.030208,307.190986,207.72665,868.77012,170.69231
2016-08-23,219.329793,1030.016381,280.206214,431.686508,779.488392,216.206773,307.404305,208.587144,869.166571,170.911053
2016-08-24,219.487123,1030.19114,280.677981,430.66293,780.422378,216.302079,307.439982,209.288524,868.913593,171.056499
2016-08-25,219.646646,1030.186021,281.168707,429.505759,781.126771,216.438971,307.454726,209.913092,868.666526,171.288799
2016-08-26,219.878918,1029.617675,281.616617,428.276,781.690471,216.557668,307.255059,210.51937,868.261648,171.480428
2016-08-29,220.17364,1028.400627,281.967026,426.840056,782.299393,216.772538,306.904203,211.125649,867.924026,171.674814
2016-08-30,220.521171,1027.597709,282.483879,425.560489,783.401124,217.091375,306.408351,211.8252,867.912556,171.927103
2016-08-31,220.869577,1026.400073,283.082966,424.296752,784.395352,217.42061,305.89456,212.549442,868.36877,172.25223
2016-09-01,221.083222,1025.350215,283.561766,422.952703,785.36636,217.768039,304.994361,213.179496,868.677045,172.539445
2016-09-02,221.354497,1024.929535,284.176714,421.696301,786.426812,218.293949,304.384953,213.972321,869.737159,172.909377
2016-09-05,221.607366,1025.133075,284.800628,420.658823,787.491563,218.789535,303.855789,214.657242,870.384999,173.234734
2016-09-06,221.879518,1025.345168,285.463282,419.777334,788.353337,219.474863,303.269606,215.465613,871.080619,173.468182
2016-09-07,222.101929,1024.897377,286.012364,418.831364,789.199635,220.193981,302.675649,216.372744,871.693247,173.724607
2016-09-08,222.383503,1023.099172,286.535951,417.803152,790.111294,220.814328,301.973561,217.278961,872.399524,173.990682
2016-09-09,222.695096,1021.96178,287.073212,416.745984,790.667751,221.399153,301.205585,218.092819,872.327803,174.072711
2016-09-12,222.957168,1020.930428,287.569682,415.742483,791.104659,221.746583,300.282822,218.636915,871.336649,174.17404
2016-09-13,223.191191,1019.970219,288.099528,414.804622,791.59059,222.146863,299.487255,219.171866,870.25426,174.29398
2016-09-14,223.417545,1018.764804,288.580932,413.801895,791.904511,222.603461,298.722542,219.794604,869.311561,174.408407
2016-09-15,223.755434,1017.990956,289.016443,412.913456,791.830544,223.049661,298.050218,220.452091,868.556899,174.531105
2016-09-16,224.18119,1017.521143,289.586619,412.156293,791.675735,223.489796,297.535031,221.110493,868.085486,174.731006
2016-09-19,224.575175,1017.149874,290.005676,411.27712,791.375575,223.866682,296.947318,221.676536,867.380632,174.864733
2016-09-20,224.885454,1016.732539,290.405724,410.301035,790.990271,224.046895,296.215854,222.184054,866.537815,174.982607
2016-09-21,225.163741,1016.145515,290.847263,409.234984,790.742574,224.198517,295.522984,222.612929,865.839863,175.072907
2016-09-22,225.532088,1015.044627,291.341182,408.32801,790.350388,224.318081,294.862902,223.086612,865.314607,175.163208
2016-09-23,225.92914,1014.716639,291.753748,408.096345,789.818009,224.413386,293.997933,223.508173,864.511235,175.226624
2016-09-26,226.371551,1014.507795,292.072211,407.740739,789.313154,224.398657,293.297279,223.926989,863.477095,175.214906
2016-09-27,226.777805,1014.317673,292.441668,407.376252,789.350137,224.240104,292.473326,224.281794,862.122938,175.170791
2016-09-28,227.07428,1013.793191,292.733941,407.035316,789.010413,224.123139,291.783864,224.695125,861.016144,175.125295
2016-09-29,227.363962,1013.298189,292.960621,406.643801,788.464277,223.922998,290.914725,225.090166,859.849762,175.057742
2016-09-30,227.665695,1012.67475,293.155546,406.362714,787.856213,223.72719,290.024982,225.597683,858.444404,174.940559
2016-10-03,227.963484,1011.494796,293.342127,406.03259,787.199125,223.510588,289.137263,226.062223,857.336835,174.810278
2016-10-04,228.280336,1010.313232,293.577383,405.727563,786.471517,223.450806,288.376244,226.666673,855.902924,174.664833
2016-10-05,228.614719,1008.78109,293.805221,405.388945,785.905602,223.188284,287.529704,227.244603,854.416658,174.565571
2016-10-06,228.984819,1006.934022,293.960513,405.002064,785.476431,222.828725,286.704544,227.716458,853.220712,174.332583
2016-10-07,229.397209,1004.918678,294.119977,404.528694,784.697216,222.615589,285.998709,228.252325,852.262891,174.146467
2016-10-10,229.777826,1002.290719,294.314902,404.101655,783.856938,222.625986,285.198729,228.78819,851.967842,174.001711
2016-10-11,230.143982,999.735282,294.505192,403.685814,782.975378,222.70916,284.504605,229.310339,851.56274,173.716335
2016-10-12,230.592747,997.523617,294.708694,403.261478,782.327754,222.847785,283.792554,229.858093,851.439902,173.542627
2016-10-13,230.873882,994.934517,294.809515,403.111282,781.364489,222.861647,282.797321,230.297028,851.290917,173.361337
2016-10-14,231.142966,992.66756,294.867692,402.795829,779.932494,222.788868,281.817362,230.650919,851.071771,173.18694
2016-10-17,231.280575,990.367346,294.812528,402.361069,778.552101,223.022799,280.979692,231.015783,850.599664,173.058039
2016-10-18,231.501452,988.364023,294.861898,402.018589,777.199229,223.456003,280.269581,231.413567,850.663519,173.034602
2016-10-19,231.868265,986.117897,295.007686,401.705456,775.841194,223.901336,279.615831,231.850673,850.962129,172.937408
2016-10-20,232.190157,983.643794,295.134005,401.391163,774.201061,224.506088,278.977336,232.455123,851.503145,172.767837
2016-10-21,232.31462,981.161271,295.328699,401.289892,772.759603,225.051058,278.325129,232.733114,851.931125,172.575518
2016-10-24,232.435137,978.723337,295.490249,401.101203,771.269124,225.719925,277.619788,233.092492,852.14899,172.399743
2016-10-25,232.592687,976.425012,295.596866,400.918259,769.65479,226.42518,277.094423,233.36134,852.103353,172.174337
2016-10-26,232.771272,974.6471,295.617265,400.854763,768.444688,226.958887,276.615338,233.589951,852.080842,171.968232
2016-10-27,232.905595,972.932568,295.61541,400.784201,767.299087,227.502991,276.100258,233.717974,852.002339,171.843465
2016-10-28,233.081113,971.343025,295.670804,400.683027,766.023617,227.900673,275.542324,233.708829,851.844753,171.735242
2016-10-31,233.269998,970.192614,295.711365,400.627028,764.414447,228.326945,275.00496,233.767354,851.706796,171.583592
2016-11-01,233.447707,968.231414,295.750073,400.321321,763.048649,228.762748,274.38275,233.844168,851.545171,171.42574
2016-11-02,233.46195,966.133386,295.677526,399.812979,761.823892,229.169093,273.645696,233.7829,851.258284,171.247206
2016-11-03,233.511252,964.327382,295.660837,399.357904,760.717576,229.564175,273.010629,233.700599,851.137642,171.065916
2016-11-04,233.413304,962.819717,295.59872,399.058004,759.868804,229.988715,272.372135,233.632016,851.052211,171.000431
2016-11-07,233.166571,961.077715,295.651334,398.792658,758.828455,230.477368,271.737927,233.69877,850.342207,171.05144
2016-11-08,232.890914,959.035743,295.584814,398.427692,757.571522,230.944362,271.275985,233.706086,849.436522,171.028003
2016-11-09,232.648125,956.346268,295.399623,397.908202,756.165153,231.350707,270.750621,233.843253,848.02229,170.863946
2016-11-10,232.565735,953.571541,295.375751,397.22807,754.439146,231.899142,270.712911,234.379117,846.925538,170.726773
2016-11-11,232.514898,950.30202,295.332641,396.452634,752.508584,232.160797,270.412947,234.715634,845.583462,170.451736
2016-11-14,232.464061,947.0325,295.289531,395.677199,750.578022,232.422452,270.112984,235.05215,844.241386,170.176699
2016-11-15,232.312866,944.171287,295.077917,394.815825,748.417509,232.371334,269.78988,235.38318,842.554697,169.830663
2016-11-16,232.176571,942.207437,294.881369,394.017667,746.397659,232.164262,269.609901,235.573386,840.90726,169.39088
2016-11-17,231.932686,940.77174,294.606943,393.261834,744.109034,232.013508,269.142815,235.739814,838.961967,168.930417
2016-11-18,231.682667,938.995621,294.240733,392.446113,742.039305,231.848891,268.828282,235.953795,837.262002,168.510624
2016-11-21,231.441632,937.229281,293.864324,391.418067,740.078928,231.727594,268.51032,236.037924,835.930891,168.123919
2016-11-22,231.244202,935.479814,293.484901,390.414219,738.502772,231.632289,268.268637,236.122054,834.387931,167.763407
2016-11-23,231.087528,934.147098,293.092268,389.522457,737.303312,231.519656,267.937819,236.142171,833.025072,167.388419
2016-11-24,230.747229,933.084316,292.56335,388.735391,735.897369,231.323847,267.589861,236.247332,831.632772,166.941743
2016-11-25,230.388524,932.642175,292.060159,388.178108,734.674961,231.198218,267.20248,236.368954,830.449435,166.506785
2016-11-28,229.968902,931.65875,291.570178,387.630279,733.521975,230.915769,267.110776,236.330547,829.031161,166.16006
2016-11-29,229.633643,930.532202,291.061657,387.111971,732.435322,230.627256,267.20762,236.298541,827.605382,165.802994
2016-11-30,229.273404,929.48052,290.628696,386.573445,731.370096,230.551878,267.254758,236.430222,826.573859,165.511414
2016-12-01,228.873722,928.611274,290.120406,386.011757,730.425874,230.268563,267.103919,236.389072,825.285463,165.211562
2016-12-02,228.400197,927.246707,289.54745,385.488919,729.185958,230.064957,266.960794,236.380841,823.725189,164.867593
2016-12-05,227.903443,925.570055,289.08482,384.995189,728.488108,230.035499,267.070494,236.476858,822.46046,164.653906
2016-12-06,227.441969,923.583606,288.604574,384.509584,727.555028,230.052827,267.31132,236.661576,821.603263,164.43815
2016-12-07,227.040973,921.478364,288.077742,384.029376,726.756643,230.017304,267.421021,236.695411,820.424545,164.16587
2016-12-08,226.811331,919.58596,287.716168,383.7669,726.271807,230.232173,267.708128,236.926766,819.608906,163.994921
2016-12-09,226.57139,917.745635,287.370587,383.48821,726.002288,230.514622,268.016661,237.208416,818.789807,163.923232
2016-12-12,226.293104,916.162421,286.894282,383.100031,725.501327,230.665378,268.195784,237.361129,817.56895,163.78537
2016-12-13,226.045275,914.568214,286.415427,382.726429,725.118839,230.772812,268.298628,237.478178,816.72099,163.708855
2016-12-14,225.91424,913.183313,285.90366,382.486826,724.39269,230.861186,268.314055,237.515669,815.635785,163.611661
2016-12-15,225.660714,912.194581,285.415302,382.298348,723.33459,231.018006,268.248063,237.672953,814.508436,163.505507
2016-12-16,225.433483,911.561332,284.959626,382.324451,722.41595,231.104647,268.090367,237.7836,813.396101,163.331799
2016-12-19,225.285355,910.878129,284.46084,382.212286,721.391335,231.225944,267.912103,237.870472,812.183324,163.151199
2016-12-20,225.116849,910.599884,283.985925,382.158658,720.221876,231.251936,267.683274,237.83298,811.092345,163.011267
2016-12-21,224.971789,910.115144,283.502204,382.022296,718.972626,231.306521,267.439874,237.810119,809.845512,162.821016
2016-12-22,224.955136,909.994888,283.086626,381.581441,717.796785,231.510993,267.191333,237.812863,808.416849,162.663852
2016-12-23,224.865952,909.418248,282.736408,381.364456,717.004025,231.686008,267.022496,237.75891,806.830602,162.4543
2016-12-26,224.808103,908.911838,282.445758,381.139661,716.304215,231.502329,266.933365,237.59431,805.556642,162.239234
2016-12-27,224.73623,908.346378,282.108984,380.912734,715.581042,231.211216,266.812521,237.445255,804.02523,162.075177
2016-12-28,224.57123,907.741436,281.777077,380.661057,715.084585,230.980751,266.684822,237.305345,802.396266,162.020032
2016-12-29,224.474377,907.395751,281.543908,380.401149,714.828411,230.521555,266.580264,237.075818,800.497731,161.973848
2016-12-30,224.554138,906.940984,281.244915,380.184948,714.520913,230.138603,266.509986,236.92402,798.630366,161.994528
2017-01-02,224.649676,906.407878,280.936881,379.982017,714.245093,229.573705,266.584548,236.570128,797.094337,161.989013
2017-01-03,224.774796,906.165221,280.656893,379.799771,714.32255,228.969819,266.458564,236.267446,795.744756,162.052431
2017-01-04,224.832206,906.03064,280.407499,379.671377,714.076285,228.49676,266.393429,235.977567,794.524474,162.144799
2017-01-05,224.957984,905.358125,280.102015,379.61401,714.074238,228.028033,266.359148,235.793763,793.566259,162.195119
2017-01-06,225.045634,904.415646,279.798849,379.416932,714.147961,227.703997,266.374575,235.572466,792.530114,162.189605
2017-01-09,225.145335,903.65234,279.502867,379.205026,714.174852,227.389491,266.35915,235.372203,791.375061,162.227518
2017-01-10,225.315594,903.373932,279.292181,379.05751,714.093326,227.126969,266.404572,235.177425,790.501698,162.351594
2017-01-11,225.588622,903.537445,279.235859,378.964241,714.100264,227.002206,266.629973,235.197543,790.082625,162.492904
2017-01-12,225.848721,903.737518,279.14338,379.223368,713.866086,226.977947,266.850233,235.299961,790.14208,162.552875
2017-01-13,226.220574,903.084696,279.091462,379.260831,713.518295,226.947623,267.081634,235.447187,790.360853,162.561147
2017-01-16,226.549697,902.936057,279.083118,379.086778,713.342231,226.784739,267.304463,235.502969,790.878058,162.454992
2017-01-17,226.715136,902.900303,279.009877,378.874482,713.273716,226.528282,267.537578,235.564237,791.438556,162.404673
2017-01-18,226.837625,903.906659,278.969779,378.815945,713.90946,226.303017,267.758692,235.53406,792.154331,162.441895
2017-01-19,226.939737,904.995773,278.773926,378.961896,714.633669,225.906203,267.903532,235.115245,792.58553,162.484633
2017-01-20,227.045135,906.475783,278.591053,379.173802,715.651902,225.681803,268.231777,234.713802,792.88512,162.656272
2017-01-23,227.107148,908.180198,278.446656,379.416928,716.703959,225.355168,268.544597,234.369056,792.939958,162.886503
2017-01-24,227.290773,909.816596,278.505991,379.588638,717.656272,225.136833,268.781996,233.942923,793.511425,163.194627
2017-01-25,227.425535,911.183413,278.720386,379.555074,718.704858,225.028532,268.811136,233.613723,794.368046,163.671633
2017-01-26,227.598862,912.971256,279.000375,379.608148,719.703137,224.895106,269.054534,233.27995,795.277195,164.140368
2017-01-27,227.763643,914.894992,279.373539,379.78103,720.624225,225.023333,269.39735,233.108949,796.07898,164.547753
2017-01-30,227.997228,916.555421,279.773357,380.079573,721.592147,225.189684,270.188397,233.229656,797.174575,164.987537
2017-01-31,228.188961,917.368223,280.184069,380.191965,722.207941,225.297985,270.946876,233.284523,798.521852,165.428698
2017-02-01,228.367108,917.510702,280.744742,380.164646,722.59563,225.576101,271.710497,233.504904,800.057306,166.049771
2017-02-02,228.613184,917.715568,281.362199,380.208356,722.942555,226.035298,272.582963,233.716142,801.521758,166.750115
2017-02-03,228.788264,917.221975,281.926579,379.885228,723.222698,226.406986,273.487994,234.019738,802.791681,167.36016
2017-02-06,229.029301,916.937073,282.527581,379.537903,723.616459,227.013471,274.112776,234.449529,804.256133,167.954349
2017-02-07,229.174798,916.865986,283.122787,379.301021,724.007618,227.579235,274.597861,234.910411,805.963026,168.589208
2017-02-08,229.328623,916.877059,283.614388,378.996235,724.162869,227.930131,275.070947,235.255157,807.39573,169.172368
2017-02-09,229.48201,917.362841,284.0798,378.765206,724.208835,228.378063,275.706013,235.624593,808.577335,169.781034
2017-02-10,229.63715,918.832723,284.610572,378.794864,724.546217,228.761016,276.373645,236.031522,810.194756,170.399349
2017-02-13,229.794919,920.722002,285.138331,378.972037,724.848043,229.121441,276.910153,236.301284,811.8572,170.923916
2017-02-14,229.990377,922.576139,285.679071,379.137502,725.0588,229.531252,277.597498,236.50429,813.363213,171.48364
2017-02-15,230.218923,924.713673,286.330831,379.2577,725.342411,229.913337,278.234279,236.748447,814.820159,172.120568
2017-02-16,230.426872,926.794542,286.926038,379.471947,725.396185,230.191454,278.80421,236.942311,816.012733,172.58034
2017-02-17,230.630876,928.558328,287.754644,379.555852,725.330269,230.443579,279.446988,236.991691,817.349614,173.021502
2017-02-20,230.842111,930.977908,288.796024,379.812637,725.709287,230.746821,280.238892,237.101424,818.708433,173.486789
2017-02-21,231.054223,933.164032,289.85896,379.995274,726.257429,231.100316,280.801968,237.184638,819.950646,173.865912
2017-02-22,231.702829,934.857603,290.894778,379.920347,726.992045,231.543917,281.460174,237.356554,821.301379,174.283637
2017-02-23,232.271674,936.70223,291.903941,380.049131,727.72406,231.963258,282.279503,237.448914,822.799313,174.779254
2017-02-24,232.822113,938.359247,292.886682,380.07801,728.440464,232.464041,283.239387,237.553161,824.253951,175.321055
2017-02-27,233.594961,940.030907,293.891903,380.138499,729.423998,232.840929,284.099854,237.679355,825.649712,175.839421
2017-02-28,234.384463,941.107452,294.857028,380.14045,730.542838,233.2698,285.172867,237.947287,826.962351,176.284029
2017-03-01,235.134962,942.497659,295.838146,380.324648,731.907996,233.717732,286.219312,238.247226,828.511077,176.865811
2017-03-02,235.938708,944.111729,296.797708,380.625923,733.476969,234.163065,287.326606,238.567282,830.350153,177.378662
2017-03-03,236.82068,945.823657,297.681943,380.959587,734.997371,234.580673,288.365338,238.858076,831.884451,177.886687
2017-03-06,237.950919,947.321763,298.635712,381.358815,736.234164,235.076258,289.486345,239.327188,833.59307,178.425731
2017-03-07,239.003808,948.796398,299.567459,381.521549,737.366876,235.465275,290.540504,239.675592,835.103125,178.842077
2017-03-08,240.062175,950.451295,300.519837,381.594136,738.425,235.857757,291.58952,240.080692,836.561803,179.237745
2017-03-09,241.032016,951.859297,301.39596,381.743994,739.32354,236.245908,292.569972,240.548889,838.151514,179.636858
2017-03-10,241.905222,953.337302,302.294796,381.831801,740.170911,236.510163,293.585564,240.948502,839.796641,179.937399
2017-03-13,242.766596,954.849056,303.235815,381.993755,741.035626,236.832466,294.509452,241.468822,841.320548,180.24759
2017-03-14,243.643528,956.508833,304.259349,382.31337,742.490984,237.401696,295.480477,242.012918,843.52444,180.575015
2017-03-15,244.68568,957.520629,305.330628,382.424202,743.859609,237.991719,296.325518,242.642972,845.513601,180.888653
2017-03-16,245.650919,959.07689,306.40214,382.679426,745.126757,238.463911,297.003435,243.26388,847.577229,181.187817
2017-03-17,246.640261,961.098075,307.478519,383.210558,746.320184,238.852928,297.46795,243.780543,849.442863,181.719279
2017-03-20,247.530341,962.571445,308.595228,383.609784,747.489324,239.136243,298.007028,244.271601,851.255388,182.216274
2017-03-21,248.292673,964.005201,309.645647,384.096037,748.753871,239.341581,298.517824,244.71145,853.120443,182.753251
2017-03-22,249.05369,965.303793,310.55839,384.553411,749.854495,239.346779,298.78265,244.992185,854.476953,183.198549
2017-03-23,249.886359,966.292211,311.466498,384.868733,751.174551,239.32252,299.0689,245.307669,855.56851,183.652807
2017-03-24,250.746857,967.777225,312.355831,385.302692,752.427819,239.438618,299.416857,245.775866,856.866716,184.085008
2017-03-27,251.513133,969.065847,313.107719,385.874019,753.664608,239.505332,299.761385,246.209314,858.033893,184.537198
2017-03-28,252.409349,970.3364,313.950001,386.496469,754.747886,239.654354,300.142767,246.686655,859.171051,184.930797
2017-03-29,253.391461,971.593634,314.812217,387.129067,755.573571,239.892615,300.673274,247.237152,860.372859,185.376784
2017-03-30,254.429888,972.854802,315.877933,387.655126,756.595271,240.094488,301.257773,247.834286,861.61969,185.771072
2017-03-31,255.723155,974.087229,316.833787,388.229185,757.485135,240.326685,301.763427,248.608823,863.46858,186.11435
2017-04-03,257.295366,974.933289,317.707823,388.667048,758.495558,240.8318,302.143095,249.32209,866.556229,186.416271
2017-04-04,258.817618,975.685469,318.475704,389.160717,759.541538,241.343847,302.576757,250.021641,869.340828,186.715433
2017-04-05,260.560526,976.074248,319.132795,389.623945,760.688998,241.775319,303.144973,250.719364,872.188917,186.900858
2017-04-06,262.406422,976.453358,319.818395,390.115662,761.824315,242.137477,303.66691,251.334786,874.884042,187.01942
2017-04-07,264.078336,977.02747,320.499591,390.423178,763.013406,242.230182,304.026009,251.755432,877.71943,187.22966
2017-04-10,265.553257,977.747427,321.191218,390.454789,764.26928,242.34888,304.026866,252.219971,880.38916,187.47023
2017-04-11,266.986983,979.274365,321.899763,390.755673,765.454034,242.603604,304.061147,252.844539,883.375211,187.800412
2017-04-12,268.320789,981.090178,322.539472,391.162316,766.663074,242.600138,304.158849,253.200258,885.829049,187.968605
2017-04-13,269.728877,982.065167,323.195869,391.127192,768.025625,242.548154,303.935163,253.53403,888.161667,188.035468
2017-04-14,271.180132,982.839518,323.795016,391.090509,769.310986,242.569815,303.702906,253.790075,890.445795,188.119564
2017-04-17,272.714874,983.436592,324.363801,391.009727,770.239011,242.432923,303.463791,254.025086,892.726461,188.151272
2017-04-18,274.201847,983.953895,325.013476,390.856748,771.236426,242.351481,303.217822,254.25187,894.679833,188.178156
2017-04-19,275.707882,984.181117,325.677986,390.721721,772.200881,242.260508,303.007846,254.377148,896.569712,188.231922
2017-04-20,277.183899,984.247191,326.440537,390.575767,773.327524,242.048238,302.793586,254.540835,898.768987,188.257426
2017-04-21,278.815713,983.544962,327.335201,390.227665,774.290249,241.832502,302.54076,254.647825,900.911113,188.271213
2017-04-24,280.51414,982.850786,328.368239,389.776534,775.023127,241.607236,302.311074,254.911186,903.595847,188.355999
2017-04-25,282.192627,982.087317,329.415645,389.32111,776.338844,241.396698,302.053962,255.201065,906.522443,188.500756
2017-04-26,283.792887,981.254557,330.47464,388.793881,777.922563,241.329984,301.921122,255.521122,909.65454,188.742016
2017-04-27,285.291691,980.085378,331.590421,388.116016,779.678013,241.249408,301.787422,255.73236,913.077559,189.006024
2017-04-28,286.692767,978.999603,332.375917,387.482637,781.303364,241.171431,301.54745,256.105454,916.215425,189.141819
2017-05-01,288.094281,977.153978,333.012845,386.770039,782.699741,241.104718,301.207205,256.473062,919.299607,189.306566
2017-05-02,289.331671,975.740253,333.592521,386.059782,783.833325,240.945298,300.945808,256.794947,922.171368,189.527837
2017-05-03,290.044261,975.142369,334.265372,385.623872,785.044963,240.713101,300.694696,257.115004,924.979631,189.718088
2017-05-04,290.81207,973.920006,334.916669,385.068153,786.752708,240.943566,300.347595,257.638067,927.808673,189.932465
2017-05-05,291.449718,972.620291,335.555913,384.464434,788.41188,241.187028,299.979068,258.105349,930.554016,190.091008
2017-05-08,291.811273,971.432581,336.210455,383.942277,789.945294,241.604636,299.903647,258.67505,933.368047,190.206124
2017-05-09,292.215776,970.516409,336.885626,383.429097,791.439679,242.024844,299.562545,259.174337,936.548049,190.334337
2017-05-10,292.761832,969.331112,337.628012,382.792988,793.53598,242.36361,299.733953,259.589496,939.585477,190.409471
2017-05-11,293.3,968.106334,338.398907,382.174831,795.292295,242.737033,299.890791,260.152796,942.620593,190.573529
2017-05-12,293.70275,967.031432,339.208509,381.652285,797.079834,243.093994,300.044202,260.753587,945.74056,190.758264
2017-05-15,293.872571,966.16603,340.008838,381.00954,798.99053,243.528065,300.089625,261.330602,948.705254,190.949205
2017-05-16,294.097611,965.596753,340.812878,380.503776,801.216936,243.989859,300.316739,262.056673,951.641083,191.213902
2017-05-17,294.368886,965.138674,341.577516,380.0745,803.612466,244.602409,300.578136,262.74708,954.863804,191.455162
2017-05-18,294.546815,965.271212,342.332649,379.685811,805.693158,245.199364,300.758971,263.290261,957.70035,191.633694
2017-05-19,294.709843,964.988388,343.07967,379.187071,807.996744,245.831841,300.893527,263.947749,960.3897,191.947332
2017-05-22,294.896099,964.900563,343.895067,378.715648,810.484204,246.408868,301.024652,264.354677,963.395375,192.500852
2017-05-23,294.966438,964.53152,344.62934,378.110757,812.410513,246.734637,301.209773,264.614379,965.504027,192.956489
2017-05-24,294.934666,965.021823,345.32537,377.6647,814.796501,247.108059,301.298047,264.720454,967.068918,193.393516
2017-05-25,294.955702,965.85741,346.251556,377.309181,817.177284,247.683354,301.470313,264.917976,969.352468,193.829163
2017-05-26,295.116101,966.280439,347.179365,376.961077,819.578015,248.392943,301.928829,265.227217,972.06606,194.213111
2017-05-29,295.449608,967.028602,348.087008,376.677365,822.592806,249.083469,302.335066,265.458908,974.891637,194.681156
2017-05-30,295.868352,967.547523,348.958959,376.391312,825.526935,249.938614,302.691594,265.80845,977.414166,195.005824
2017-05-31,296.223332,968.092618,349.91064,375.995986,828.337906,251.003429,303.263239,266.236544,980.079275,195.446296
2017-06-01,296.464147,968.844009,350.827092,375.573265,831.691819,251.924421,303.750038,266.630663,982.952764,195.950875
2017-06-02,296.630681,969.95356,351.800098,375.205724,834.921708,252.676463,304.311399,266.871089,985.640382,196.477511
2017-06-05,296.973608,971.499835,352.846346,374.773293,838.372761,253.483956,304.889044,267.061252,988.653563,197.040446
2017-06-06,297.267452,973.643586,353.860378,374.454936,841.641677,254.210872,305.373272,267.203873,991.319249,197.528928
2017-06-07,297.628348,975.018628,354.844046,374.019297,845.003395,254.94732,305.852358,267.290334,993.998213,197.996991
2017-06-08,297.895898,975.668073,355.671727,373.594785,848.026857,255.620519,306.135182,267.293261,996.501118,198.462157
2017-06-09,297.960759,976.274014,356.711252,373.133431,851.211644,256.405484,306.439431,267.252284,998.848165,198.882682
2017-06-12,297.718846,976.882373,357.80316,372.897904,854.316637,256.908867,306.840526,267.149445,999.720944,199.26357
2017-06-13,297.454582,977.424331,358.931921,372.614434,857.475403,257.396654,307.207339,267.026307,1000.621432,199.656362
2017-06-14,297.202591,978.202443,360.039125,372.437599,860.569122,257.989277,307.567296,266.832812,1001.406475,200.009383
2017-06-15,296.963528,978.509504,361.086067,372.180765,863.506716,258.611357,307.970104,266.717928,1002.008531,200.457973
2017-06-16,296.88552,978.48919,362.154103,371.970905,866.408757,259.289755,308.315491,266.701213,1002.484177,200.995166
2017-06-19,297.007791,978.784406,363.353556,371.898337,869.352429,260.033999,308.68916,266.739843,1003.427955,201.577362
2017-06-20,297.18309,979.211753,364.498773,371.827019,872.290027,260.737059,308.970269,266.707352,1003.954397,202.011569
2017-06-21,297.481097,979.533679,365.68084,371.740848,875.754084,261.463569,309.253093,266.769183,1004.547798,202.451345
2017-06-22,297.778448,980.282839,366.875427,371.921617,878.876871,262.126607,309.697896,266.871845,1005.215666,202.961939
2017-06-23,298.089824,980.761895,367.980314,372.126952,882.067043,262.832868,310.142698,266.872086,1005.725369,203.468333
2017-06-26,298.282652,981.352155,369.101426,372.383021,885.427211,263.546061,310.569504,266.902504,1006.202745,203.975415
2017-06-27,298.576059,981.837581,370.122872,372.528271,888.708412,264.166042,311.12915,266.753978,1006.574486,204.50209
2017-06-28,298.706219,982.459428,371.130876,372.681824,892.02571,264.882477,311.767645,266.659784,1006.951998,204.97758
2017-06-29,298.807672,982.732067,372.113386,372.815743,895.185731,265.789782,312.448135,266.478978,1007.211182,205.487551
2017-06-30,298.709066,983.360259,372.884871,373.020156,898.358301,266.699915,313.080629,266.367869,1007.212339,206.237254
2017-07-03,298.549762,983.940718,373.517953,373.331895,901.880631,267.616793,313.721694,266.208492,1006.687631,207.21782
2017-07-04,298.502213,984.599939,374.107996,373.703008,904.896677,268.45639,314.156213,266.014975,1005.963196,208.062142
2017-07-05,298.617032,985.180013,374.61353,374.102823,907.762288,269.284099,314.477601,265.849205,1005.316686,208.687301
2017-07-06,298.761874,985.75329,375.079719,374.385876,910.451171,270.17675,314.878696,265.876478,1004.518364,209.467486
2017-07-07,299.182372,986.437162,375.690585,374.626175,913.445292,270.91622,315.399776,265.746317,1003.994232,210.315996
2017-07-10,299.610322,987.960258,376.344148,375.038041,916.414036,271.689309,316.260244,265.716732,1003.790472,211.150504
2017-07-11,300.152873,989.681232,377.043961,375.566442,919.680123,272.47807,317.08043,265.676757,1003.894951,211.92786
2017-07-12,300.770801,990.724088,377.73059,375.979747,923.284925,273.368085,317.950325,265.685012,1004.118345,212.710395
2017-07-13,301.543212,991.881584,378.471987,376.404154,926.549341,273.93065,318.947366,265.544394,1004.724894,213.577102
2017-07-14,302.497245,992.717609,379.208637,376.836938,929.942839,274.486942,320.031992,265.512153,1005.346782,214.477238
2017-07-17,303.560808,993.360469,379.944434,377.255548,933.558766,275.067847,321.029265,265.443565,1006.140413,215.267246
2017-07-18,304.444455,994.027051,380.681428,377.677464,937.30902,275.697158,322.127659,265.391107,1006.645959,215.508732
2017-07-19,305.259752,995.191698,381.384851,378.077228,940.22957,276.32856,322.977216,265.418584,1007.273444,215.813062
2017-07-20,306.055188,996.179443,382.200101,378.391064,943.430048,276.901406,323.917557,265.33594,1008.004894,216.052864
2017-07-21,307.138315,997.455809,382.954384,378.632027,946.706001,277.565355,324.727258,265.251417,1008.580863,216.307701
2017-07-24,308.382895,999.076257,383.850111,379.054927,949.941305,278.157541,325.703605,265.174855,1009.114138,216.58209
2017-07-25,309.516142,1000.513967,384.738097,379.477051,952.708467,278.756132,326.638292,265.015335,1009.541709,216.75475
2017-07-26,310.75441,1001.613911,385.674536,379.917929,955.581171,279.3508,327.518918,264.847535,1009.963763,216.983731
2017-07-27,311.982062,1001.455321,386.807662,380.106685,958.914701,279.916145,328.3134,264.812753,1010.79662,217.192997
2017-07-28,313.245419,1001.552041,387.869521,380.533521,961.624421,280.284806,329.026343,264.699451,1011.244995,217.329846
2017-07-31,314.57721,1001.515039,388.890535,381.042795,964.183522,280.832826,329.839806,265.083997,1011.947601,217.138594
2017-08-01,315.939272,1001.636292,390.003265,381.539688,966.953611,281.342725,330.631759,265.503627,1012.711146,217.031313
2017-08-02,317.448819,1001.228228,391.100991,381.959411,969.402852,281.826952,331.463942,266.003514,1013.892408,216.893871
2017-08-03,319.029871,1000.420648,391.910486,382.082595,971.778553,282.002424,332.39933,266.244342,1014.063359,216.697651
2017-08-04,320.334733,1000.259042,392.727023,382.107016,974.586164,282.121746,333.228303,266.554374,1014.037129,216.367563
2017-08-07,321.528075,999.982843,393.508274,382.090948,976.749325,282.431224,334.00656,267.056332,1014.142795,215.931816
2017-08-08,322.649722,999.878623,394.253042,381.953765,978.988672,282.538738,334.83197,267.329456,1014.266527,215.476912
2017-08-09,323.836538,999.883809,394.901902,382.009635,981.226276,282.464612,335.612739,267.587816,1014.16609,214.99898
2017-08-10,325.014087,999.828081,395.567326,382.08769,982.715697,282.46498,336.476649,267.758518,1013.761674,214.491461
2017-08-11,326.038674,999.555474,396.153362,382.232316,984.047084,282.464559,337.202501,267.631182,1013.250372,213.892608
2017-08-14,327.161486,998.750463,396.771403,382.412204,985.232346,282.529585,337.839819,267.464171,1012.763049,213.245683
2017-08-15,328.356826,997.203748,397.373682,382.428845,986.525155,282.608474,338.535416,267.296237,1012.619181,212.688375
2017-08-16,329.406646,996.495209,398.079613,382.538997,988.097675,282.648239,339.152128,267.158752,1012.237527,212.225586
2017-08-17,330.492875,996.486533,398.693271,383.049346,989.734707,282.731402,340.004044,267.015731,1011.875155,211.7831
2017-08-18,331.598239,996.825502,399.142888,382.848456,991.775447,282.780775,340.934151,266.833956,1011.406858,211.444935
2017-08-21,332.726226,997.44658,399.541699,382.131672,993.553457,282.947772,341.877035,266.643877,1011.356721,211.125674
2017-08-22,333.857349,997.87872,399.921391,381.47868,995.420333,283.139009,342.904893,266.460256,1011.112087,210.812713
2017-08-23,334.896549,998.09272,400.445337,380.957238,996.896869,283.346799,344.061732,266.364293,1010.688093,210.570466
2017-08-24,335.75799,998.845867,400.954607,380.640648,998.393777,283.577153,345.240041,266.296012,1010.734008,210.284112
2017-08-25,336.598174,999.692719,401.441161,380.417966,1000.102303,283.811839,346.426064,266.191744,1010.879784,209.929144
2017-08-28,337.342113,1000.202842,401.816919,380.506328,1002.094086,284.036954,347.591582,266.016428,1010.817357,209.530767
2017-08-29,337.92051,1000.470194,402.146985,380.378742,1003.969075,284.17239,348.664266,265.774676,1010.659089,209.13239
2017-08-30,338.597748,1001.164805,402.525256,380.246401,1005.559144,284.349128,349.740416,265.510779,1010.628441,208.755018
2017-08-31,339.362601,1002.049118,402.943633,380.046699,1007.759163,284.511459,350.813082,265.201669,1010.74385,208.34824
2017-09-01,340.182341,1002.877524,403.410411,379.862054,1009.82878,284.635369,351.79725,264.996826,1011.068877,207.964566
2017-09-04,341.016436,1003.703884,403.799262,379.520897,1011.565864,284.736226,352.675737,264.790137,1011.242203,207.573891
2017-09-05,341.929867,1004.913839,404.259869,379.321591,1013.545353,284.922571,353.294112,264.732929,1011.586991,207.160813
2017-09-06,343.069222,1005.810618,404.74727,379.090983,1015.582596,285.018625,353.745191,264.693252,1011.753308,206.703625
2017-09-07,344.193357,1006.900652,405.230238,378.817979,1017.694224,285.007098,354.016924,264.725548,1012.119055,206.126714
2017-09-08,345.362546,1007.839373,405.862997,378.41184,1019.933618,285.042639,354.442335,264.691407,1013.438381,205.408374
2017-09-11,346.53597,1008.55447,406.631782,377.831754,1022.071498,285.057045,354.818013,264.619434,1015.568185,204.443588
2017-09-12,347.581833,1009.602371,407.480361,377.212838,1024.901589,285.089704,355.279494,264.627739,1017.963031,203.609028
2017-09-13,348.760054,1010.744805,408.381436,376.680697,1027.601283,285.073376,355.731395,264.600057,1020.097491,202.775168
2017-09-14,349.893212,1011.937709,409.227217,376.248011,1030.32024,285.072416,356.050336,264.474569,1022.043041,201.863593
2017-09-15,350.795273,1013.413785,410.07533,376.032858,1032.915807,285.108915,356.240595,264.315861,1023.878152,200.953418
2017-09-18,351.723012,1013.993434,410.934407,375.652873,1036.132693,285.138692,356.102636,264.036278,1025.846226,200.025038
2017-09-19,352.582776,1014.233705,411.724423,375.152828,1039.157931,285.234745,356.108578,263.745623,1027.497175,199.14917
2017-09-20,353.444672,1014.731753,412.506506,374.680125,1041.39295,285.200165,356.121465,263.420827,1029.344335,198.346816
2017-09-21,354.154091,1015.429332,413.232359,374.145211,1043.52821,284.951386,356.069054,263.047127,1030.535983,197.37783
2017-09-22,354.60046,1016.351699,413.905017,373.560768,1045.276667,284.545079,355.86886,262.498109,1031.028595,196.415844
2017-09-25,355.003981,1017.348785,414.452847,372.857851,1046.925363,284.08402,355.547517,261.866049,1031.172562,195.535074
2017-09-26,355.535383,1017.9458,414.960316,372.226257,1047.966738,283.677712,355.187511,261.26167,1031.159154,195.225615
2017-09-27,355.824055,1018.372983,415.353224,371.591888,1048.868977,283.181113,354.580914,260.469979,1030.630143,194.764225
2017-09-28,356.018416,1018.688528,415.747066,371.009822,1049.742327,282.707568,353.932216,259.761333,1029.956564,194.372849
2017-09-29,355.915935,1018.294286,416.226068,370.374266,1050.009235,282.218654,353.556744,259.082214,1029.549542,193.944367
2017-10-02,355.67983,1017.520104,416.555513,369.655898,1050.263887,281.710529,353.030912,258.331124,1029.164435,193.454972
2017-10-03,355.655754,1016.514695,416.878426,368.940301,1050.907087,281.215853,352.289421,257.50437,1028.77779,193.034891
2017-10-04,355.721793,1015.585689,417.109177,368.191817,1051.483787,280.557884,351.445683,256.718215,1028.286705,192.66732
2017-10-05,355.958119,1015.159989,417.150941,367.65294,1051.759443,279.877822,350.786676,255.855475,1027.65317,192.341058
2017-10-06,356.309958,1014.85236,417.251735,367.041155,1052.694927,279.412922,350.25397,255.073934,1027.554602,191.98539
2017-10-09,356.513595,1014.544327,417.303532,366.349332,1053.823815,278.820269,349.566609,254.04695,1026.870391,191.743844
2017-10-10,356.879348,1014.197886,417.329198,365.793813,1054.440765,278.190156,349.008986,253.086402,1026.285591,191.440686
2017-10-11,357.105073,1014.414816,417.322198,365.297334,1055.303618,277.532187,348.797621,252.053882,1025.776016,191.159932
2017-10-12,357.526484,1014.894846,417.503487,364.848005,1056.548019,276.991403,348.386062,251.143161,1025.476265,190.958292
2017-10-13,358.104046,1015.187358,417.786035,364.422847,1057.536886,276.512095,348.557903,250.162313,1025.068513,190.751053
2017-10-16,358.710322,1015.848777,418.106149,364.191049,1059.199591,276.014535,349.173951,249.070739,1024.696245,190.578119
2017-10-17,359.355912,1016.59641,418.448426,363.926761,1060.794911,275.599584,350.001364,248.101887,1024.549209,190.481501
2017-10-18,360.372778,1017.205946,418.933962,363.570151,1062.170575,275.072247,350.790112,247.021386,1024.575002,190.446494
2017-10-19,361.412833,1017.797911,419.34437,363.139843,1063.693265,274.478635,351.778196,246.025775,1024.504922,190.398184
2017-10-20,362.621188,1018.515704,419.807973,362.65842,1065.529241,273.919601,352.795493,245.335584,1024.64332,190.372278
2017-10-23,363.974873,1019.483931,420.303076,362.325981,1067.17881,273.357685,354.321437,244.740431,1024.445477,190.313468
2017-10-24,365.279968,1020.374542,420.815911,361.890521,1069.180181,272.872612,355.928146,244.302141,1024.368293,190.253956
2017-10-25,366.665678,1020.983413,420.88054,361.574327,1070.687119,273.079128,357.784025,245.073532,1025.467489,190.114628
2017-10-26,368.113231,1021.474573,421.020299,360.991864,1072.374321,273.196314,359.415651,245.805246,1027.05552,189.952196
2017-10-27,369.369072,1022.108098,421.20182,361.174923,1073.388569,273.349999,360.520586,246.402242,1028.724279,189.777163
2017-10-30,370.785262,1022.880418,421.536865,361.735197,1074.136782,273.485435,361.787908,247.091512,1030.67338,189.546819
2017-10-31,372.206089,1023.971968,421.823846,362.205294,1074.799233,273.603582,363.07843,247.680204,1032.529332,189.305973
2017-11-01,373.633101,1024.956427,422.051333,362.579284,1076.165017,273.8879,364.920559,248.434064,1034.146633,189.128139
2017-11-02,375.06939,1026.073357,422.329448,362.766588,1077.388037,274.251944,366.815101,249.062434,1035.552784,188.906896
2017-11-03,376.494194,1027.140717,422.647693,362.984024,1078.575825,274.60158,368.676132,249.887342,1037.385669,188.682152
2017-11-06,377.812541,1028.656443,422.957307,362.989306,1079.432952,274.893584,370.362747,250.803599,1038.908046,188.436405
2017-11-07,379.05491,1030.671172,423.319183,363.317312,1080.339231,275.142364,371.84487,251.545464,1040.345255,188.227065
2017-11-08,379.989172,1032.77838,423.587032,363.625945,1081.022483,275.24226,372.984173,252.153534,1041.738993,187.994621
2017-11-09,380.901346,1034.80064,423.826884,364.044975,1081.745366,275.496802,374.299612,252.816967,1043.151357,187.683761
2017-11-10,381.597513,1036.922369,424.080736,364.485048,1083.196262,275.88486,375.689804,253.844873,1045.382581,187.377101
2017-11-13,382.203348,1039.457445,424.373084,365.000477,1084.783279,276.214324,377.092022,254.828489,1047.332567,187.029834
2017-11-14,382.825305,1041.399141,424.592403,365.479532,1086.306912,276.531302,378.66694,255.798264,1048.815021,186.661562
2017-11-15,383.364216,1043.519158,424.780692,366.030208,1087.476602,276.918398,380.114697,256.733898,1050.445631,186.347902
2017-11-16,384.121786,1045.921584,424.972713,366.873789,1088.807744,277.423642,381.70594,257.826394,1052.046078,186.13366
2017-11-17,384.961076,1047.915823,425.149569,367.667891,1090.188957,278.059517,383.252504,259.038845,1052.940345,185.932721
2017-11-20,385.870601,1050.010474,425.218633,368.422803,1091.289719,278.592616,384.793915,260.183937,1053.152379,185.731083
2017-11-21,386.831806,1051.577443,425.270196,369.181121,1091.917373,279.143964,386.478812,261.239525,1053.017526,185.425124
2017-11-22,387.554036,1053.201367,425.332726,369.942216,1092.403352,279.660733,388.153398,262.381848,1053.005988,185.238188
2017-11-23,388.465328,1054.848589,425.348824,370.835244,1092.891614,280.15541,389.827983,263.502948,1053.037037,185.04425
2017-11-24,389.430954,1056.395453,425.360257,371.749711,1093.384956,280.647206,391.560135,264.626816,1053.145272,184.924527
2017-11-27,390.365658,1057.981494,425.346726,372.570663,1093.18283,281.108263,393.301738,265.830962,1052.911066,184.816006
2017-11-28,391.291085,1059.569561,425.419754,373.253755,1093.126821,281.464623,394.972028,267.01573,1052.659108,184.664077
2017-11-29,392.164387,1060.973594,425.533848,373.91721,1093.566189,281.931444,396.671531,268.101768,1052.337958,184.47504
2017-11-30,392.872923,1061.948188,425.601976,374.552595,1093.986763,282.365606,398.327216,269.058626,1052.133912,184.286003
2017-12-01,393.691893,1063.039066,425.714435,375.138123,1094.326953,282.90639,399.85316,269.997951,1052.610319,184.100468
2017-12-04,394.399104,1064.09118,425.874726,375.960366,1094.846848,283.381857,401.477913,271.010171,1053.538295,184.000348
2017-12-05,395.226025,1065.464481,426.006083,376.690968,1095.754426,283.814099,403.253026,272.133117,1054.372228,183.879925
2017-12-06,396.352438,1066.653071,426.131141,377.517721,1097.119595,284.257869,404.92847,273.277286,1055.331259,183.783307
2017-12-07,397.634341,1067.861728,426.198104,378.450922,1098.827041,284.831309,407.207934,274.455595,1056.840331,183.668484
2017-12-08,398.872071,1069.272266,426.360026,379.369688,1101.651577,285.487357,409.539811,275.549014,1058.229633,183.723095
2017-12-11,400.066953,1071.171106,426.549948,380.316176,1104.43032,286.156853,412.001427,276.74024,1059.645546,183.834417
2017-12-12,401.102814,1072.566761,426.60151,381.275524,1106.825562,286.717807,414.393448,277.97945,1060.852095,183.836516
2017-12-13,401.949171,1074.145804,426.715136,382.211937,1109.0327,287.233616,416.802653,279.088555,1061.756119,183.718893
2017-12-14,402.809222,1075.250187,426.899225,383.196141,1111.52762,287.858926,419.253098,280.240106,1062.763053,183.70489
2017-12-15,403.539846,1076.115308,427.241504,384.123577,1113.730598,288.458301,421.584116,281.264322,1063.858701,183.683186
2017-12-18,404.338054,1077.205491,427.630911,384.970671,1115.833752,289.171981,424.115325,282.409414,1065.224055,183.615972
2017-12-19,405.069121,1078.210983,428.01262,385.624591,1118.446514,290.015335,426.727302,283.569268,1066.593838,183.588667
2017-12-20,405.75822,1078.9925,428.376596,386.411772,1121.13251,290.941292,428.881323,284.78264,1068.344221,183.559261
2017-12-21,406.113372,1079.438352,428.607582,387.275716,1123.166675,291.861489,431.009568,285.992322,1070.387361,183.503951
2017-12-22,406.501654,1080.217485,428.728208,388.256482,1125.209641,292.731736,432.687591,287.242603,1072.649636,183.464043
2017-12-25,406.886843,1080.785813,428.819203,389.166719,1126.680281,293.545312,433.980691,288.493807,1074.804561,183.402431
2017-12-26,407.376722,1081.293311,428.898997,390.114184,1127.988079,294.395389,435.303864,289.711793,1076.950615,183.359022
2017-12-27,407.458442,1081.623672,428.844168,391.09954,1129.691042,295.349203,436.553144,291.023896,1079.016829,183.2442
2017-12-28,407.584776,1082.033857,428.982525,392.056254,1131.5395,296.452861,437.542945,292.235423,1081.021824,183.134979
2017-12-29,407.683283,1083.052378,429.094518,393.08368,1133.623135,297.531546,438.503533,293.474631,1083.124404,183.045362
2018-01-01,407.418245,1083.582681,429.053453,393.94335,1135.431086,298.448859,439.028506,294.603114,1085.341433,182.978849
2018-01-02,407.214165,1084.072622,429.077951,394.875105,1136.783303,299.277804,439.277675,295.503685,1087.243511,182.891333
2018-01-03,406.992415,1084.717822,429.346501,395.669628,1138.3005,299.456464,439.319777,295.096766,1088.505064,182.777911
2018-01-04,406.752997,1085.686643,429.647715,396.32125,1139.829294,299.75327,439.520831,294.875315,1090.140991,182.681993
2018-01-05,406.694689,1086.546091,429.98626,396.953474,1141.670994,299.978997,440.460798,294.788581,1091.742327,182.591675
2018-01-08,406.571446,1087.35064,430.199047,397.796779,1144.175613,300.240264,440.863764,294.674164,1093.539724,182.597976
2018-01-09,406.572329,1088.047046,430.456631,398.756998,1146.498281,300.480397,441.080283,294.646482,1095.499473,182.665889
2018-01-10,406.482216,1089.716377,430.657285,399.763016,1148.397288,300.453504,440.518365,294.300463,1097.423735,182.659587
2018-01-11,406.40403,1091.062898,430.892704,400.991613,1150.81332,300.316146,440.029479,294.076243,1099.421641,182.717699
2018-01-12,406.436717,1092.343059,431.054161,402.211369,1153.182668,300.350725,439.484745,293.656406,1101.09217,182.747805
2018-01-15,406.583814,1093.003008,431.37684,403.43635,1155.412849,300.604307,439.002732,293.169212,1102.888682,182.785612
2018-01-16,406.727376,1094.15658,431.733585,404.781056,1158.016489,301.02022,438.708885,292.780748,1104.931824,182.735202
2018-01-17,407.051607,1095.417895,432.034799,406.386509,1160.410496,301.745427,438.787932,292.735535,1107.329834,182.744303
2018-01-18,407.221232,1096.90738,432.531535,407.979106,1162.243438,302.414922,438.62898,292.542687,1109.90084,182.931239
2018-01-19,407.640434,1098.960139,433.139095,409.436709,1163.508262,303.089219,438.533607,292.094247,1111.790498,183.111174
2018-01-22,408.490765,1101.949263,433.838118,411.028099,1164.840029,303.80482,438.408165,291.641193,1114.599263,183.326116
2018-01-23,409.343748,1105.183494,434.533173,412.860147,1166.327695,304.730778,438.304203,291.438196,1118.156799,183.60687
2018-01-24,410.073929,1109.090146,435.267659,414.740409,1168.105146,305.44638,437.835937,291.529545,1121.558191,184.001046
2018-01-25,410.622117,1112.21824,436.048109,416.243007,1169.800686,306.250349,437.196689,291.155844,1125.057168,184.367217
2018-01-26,411.099186,1115.66873,436.745264,417.885822,1171.467156,306.936173,436.49558,290.706481,1128.494041,184.69278
2018-01-29,411.484818,1119.7897,437.498882,419.672471,1173.630403,307.687314,435.60115,290.320785,1132.080847,184.923124
2018-01-30,411.642515,1123.782776,438.195339,421.314888,1175.79541,308.327992,434.573688,290.005215,1135.758152,185.194776
2018-01-31,411.912413,1127.380156,438.897394,422.792982,1177.537634,308.982119,433.604569,289.598298,1139.196804,185.380311
2018-02-01,411.884583,1131.188196,439.589417,424.025194,1179.365298,309.496007,432.657628,289.064968,1143.448994,185.620458
2018-02-02,411.471564,1135.064116,440.040188,425.099513,1181.236992,309.83988,431.425359,288.418143,1146.94353,185.824897
2018-02-05,411.036899,1138.543745,440.302904,426.220034,1182.918433,310.083858,430.481197,287.72426,1149.408071,186.104951
2018-02-06,410.584126,1141.157781,440.449661,427.208777,1183.931355,310.420047,429.621978,286.981473,1151.916091,186.335995
2018-02-07,410.12826,1143.647686,440.447326,428.224038,1184.574343,310.760077,428.544387,286.31527,1153.972539,186.575442
2018-02-08,409.978071,1146.468149,440.574484,429.494819,1185.580215,311.265322,427.446985,285.96556,1156.294251,186.82819
2018-02-09,409.869847,1149.325837,440.580551,430.702925,1187.034421,311.678354,426.43469,285.663832,1158.380867,187.054334
2018-02-12,409.992649,1152.127729,440.779105,431.646672,1188.370601,312.100991,425.452678,285.205242,1160.740725,187.260874
2018-02-13,410.008552,1154.903403,441.041356,432.598454,1189.840657,312.504417,424.361548,284.645153,1163.235437,187.484918
2018-02-14,410.070394,1157.241724,441.413966,433.461847,1191.140723,312.878066,423.574017,283.977106,1166.250911,187.693557
2018-02-15,410.106617,1159.826931,441.751111,434.383095,1192.306904,313.317033,422.148306,283.281379,1168.592136,187.900098
2018-02-16,410.109269,1162.600298,441.929367,435.39715,1192.755225,313.514904,420.383036,282.516446,1170.509299,187.959609
2018-02-19,410.205125,1164.807754,442.077757,436.413216,1192.963967,313.674354,418.395496,281.595575,1171.816099,187.929504
2018-02-20,410.253714,1167.589956,442.27981,437.429279,1193.266082,313.859738,416.624894,280.695003,1173.372183,187.953308
2018-02-21,410.383583,1171.040139,442.448034,438.583551,1193.540007,314.171914,414.992795,279.95683,1175.032063,188.082134
2018-02-22,410.408762,1175.133633,442.518729,439.769962,1193.62544,314.440866,413.248605,279.192821,1176.863171,188.122041
2018-02-23,410.536863,1179.537317,442.551858,440.83665,1193.600779,314.817398,411.708238,278.524774,1178.60468,188.184353
2018-02-26,410.693237,1183.292893,442.703983,441.816958,1193.628081,315.166073,409.983738,277.704478,1180.846545,188.231263
2018-02-27,410.910125,1187.178542,442.788211,442.992121,1193.569067,315.328403,408.208502,276.741162,1182.943804,188.261369
2018-02-28,411.231705,1190.892402,442.863106,444.251657,1192.778103,315.279416,406.531858,275.827674,1184.463513,188.285874
2018-03-01,411.544893,1194.57272,442.891337,445.366153,1192.351797,315.077703,404.923861,274.820067,1185.464238,188.299177
2018-03-02,411.792263,1197.83478,442.880604,446.341638,1191.783679,314.853899,403.239395,273.755252,1186.334548,188.31178
2018-03-05,411.824951,1201.656523,442.849338,447.278153,1190.783972,314.599357,401.445967,272.71535,1186.947578,188.271873
2018-03-06,411.657535,1204.938359,442.746211,448.208237,1189.816846,314.155587,399.274507,271.597018,1187.190662,188.164752
2018-03-07,411.357158,1208.33623,442.633519,449.090914,1188.784546,313.654187,397.060614,270.338432,1187.287366,188.133246
2018-03-08,411.244518,1211.483354,442.515928,450.082471,1187.703804,313.30167,394.870565,269.386188,1187.838291,188.091238
2018-03-09,411.174283,1214.269753,442.416302,451.057554,1186.521772,312.892481,392.724431,268.34075,1188.410513,188.035227
2018-03-12,411.355833,1217.659912,442.475798,452.280525,1186.16416,312.707097,390.943902,267.339602,1189.286143,188.144448
2018-03-13,411.538709,1219.810127,442.419336,453.518765,1185.846189,312.604319,389.440566,266.443644,1190.226543,188.266272
2018-03-14,411.664603,1221.900124,442.474632,454.800394,1185.256939,312.432383,387.844883,265.598436,1190.722468,188.36289
2018-03-15,411.589509,1223.697698,442.572159,456.143091,1184.335625,312.177839,386.129531,264.587139,1190.356956,188.418901
2018-03-16,411.384545,1224.870928,442.522696,457.427939,1183.324465,311.893521,384.058058,263.589681,1189.547861,188.385294
2018-03-19,411.092562,1225.881218,442.460399,458.317446,1182.28512,311.516989,382.097234,262.522099,1188.506331,188.294977
2018-03-20,410.64067,1227.213755,442.347473,459.307395,1181.438674,311.121249,380.261936,261.50342,1187.809907,188.136046
2018-03-21,410.239138,1227.680124,442.322742,460.233465,1180.554353,310.683243,378.792925,260.523495,1187.554399,187.991119
2018-03-22,409.977633,1228.069819,442.300343,460.920483,1179.377605,310.178962,377.135459,259.40424,1187.070005,187.830088
2018-03-23,409.490847,1228.467034,442.189518,461.636834,1178.103086,309.369229,375.517193,258.159496,1185.98323,187.668357
2018-03-26,409.066343,1229.102634,442.169452,462.232248,1177.347361,308.453835,374.137907,257.124208,1185.47666,187.535332
2018-03-27,408.861821,1229.132148,442.134221,462.482548,1176.480654,307.489455,372.739653,256.352817,1185.145745,187.496125
2018-03-28,408.492534,1228.861401,442.113689,462.319432,1175.813884,306.242676,371.045074,255.297229,1184.392541,187.348397
2018-03-29,408.165654,1228.351018,441.888769,462.151494,1175.398137,304.940187,369.434697,254.31269,1183.507153,187.097748
2018-03-30,407.736293,1227.503901,441.580323,462.057884,1174.88551,303.494577,367.774487,253.217425,1182.432803,186.830997
2018-04-02,407.042333,1225.805977,441.430298,461.954631,1174.818569,301.772333,366.175737,252.103706,1181.31675,186.615355
2018-04-03,406.302875,1224.239458,441.265109,461.660137,1174.467134,300.00014,364.675729,250.856194,1179.891963,186.361906
2018-04-04,405.671642,1222.073835,440.917932,461.165162,1174.318276,298.384514,363.612258,249.331866,1178.028035,186.041944
2018-04-05,405.161885,1220.734382,440.60972,460.941384,1174.484753,296.80635,362.645749,248.3381,1176.471951,185.739486
2018-04-06,404.676864,1219.332104,440.369169,460.552478,1174.520874,295.266608,361.524446,247.351715,1174.698511,185.45383
2018-04-09,404.248384,1217.074087,440.086386,459.976749,1174.420461,293.791222,360.530645,246.40224,1172.852322,185.315903
2018-04-10,403.95375,1215.306353,439.738041,459.516726,1174.266316,292.553089,359.578525,245.47491,1171.432856,185.196881
2018-04-11,403.684736,1214.49989,439.332767,459.307808,1174.967436,291.239073,358.635055,244.437777,1170.301721,185.109364
2018-04-12,403.550892,1214.505232,439.041818,459.452443,1175.698494,290.096992,357.628454,243.473538,1168.56021,184.922428
2018-04-13,403.855686,1214.502363,438.934493,459.679037,1176.374067,289.196967,356.859668,242.617257,1167.484966,184.717988
2018-04-16,404.164015,1215.195906,439.066318,459.63886,1177.497085,288.388194,355.760536,241.712072,1167.563926,184.510749
2018-04-17,404.624741,1216.586685,439.307571,459.779077,1179.614524,287.639935,354.772961,240.907463,1167.67926,184.428133
2018-04-18,405.00993,1218.262429,439.58662,459.914873,1182.042886,286.823479,353.977367,240.052106,1168.146797,184.430933
2018-04-19,405.343438,1220.044114,439.857504,459.903626,1184.238721,285.973402,353.381536,239.032504,1168.813943,184.476443
2018-04-20,405.608918,1223.581621,440.354006,460.460473,1186.612471,285.116601,353.026977,238.013824,1169.44915,184.544356
2018-04-23,405.790027,1227.206184,440.629788,461.142669,1188.520276,284.216576,352.654259,237.159388,1169.617712,184.623471
2018-04-24,406.271956,1230.641863,440.902069,461.558093,1190.549634,283.406842,352.340345,236.270813,1170.105657,184.709587
2018-04-25,406.597512,1235.228101,441.077524,462.061103,1192.48386,282.637451,352.081777,235.551094,1170.135823,184.816008
2018-04-26,406.948246,1240.265606,441.303143,462.559291,1194.82855,281.680755,351.74019,234.711421,1170.079937,184.958134
2018-04-27,407.610842,1244.527041,441.512197,463.018508,1196.975063,281.043916,351.550804,234.175323,1170.955571,185.139469
2018-04-30,407.931538,1249.524314,441.820644,463.562897,1200.022627,280.360973,351.467786,233.767482,1172.825713,185.382416
2018-05-01,408.30436,1254.347888,442.199088,464.065504,1203.142419,279.726057,351.319909,233.338419,1174.7828,185.637265
2018-05-02,408.687339,1258.10467,442.722187,464.464456,1205.632439,278.913441,351.126199,232.742344,1176.91821,185.904017
2018-05-03,409.016429,1261.649568,443.257421,464.639627,1207.847651,278.213207,350.923841,232.175795,1178.4397,186.154665
2018-05-04,409.190471,1264.975195,443.761156,464.779842,1210.332378,277.446698,350.42573,231.546503,1179.628496,186.268087
2018-05-07,409.475829,1268.171887,444.068436,465.13661,1213.231968,276.731097,349.99507,231.030704,1180.425168,186.487929
2018-05-08,409.622485,1271.44741,444.369418,465.259951,1215.869082,276.484237,349.487446,230.706831,1180.900696,186.716173
2018-05-09,409.818173,1275.177908,444.80899,465.24468,1219.009138,276.360328,349.036033,230.337744,1181.920938,186.957719
2018-05-10,410.107506,1278.574155,445.361254,465.302939,1221.867334,276.396828,348.765358,230.075692,1182.754868,187.183863
2018-05-11,410.4684,1282.017222,446.002413,465.463645,1225.035571,276.512091,348.053646,229.857932,1184.035935,187.459017
2018-05-14,411.020563,1284.708438,446.710768,465.732025,1228.625713,276.641764,347.391227,229.675234,1185.474031,187.802783
2018-05-15,411.622202,1288.318626,447.604612,466.07915,1232.541746,276.895347,346.838634,229.517449,1187.08512,188.157751
2018-05-16,412.208819,1292.149309,448.49472,466.447568,1237.478625,277.09802,346.356953,229.451936,1188.842593,188.521122
2018-05-17,412.508312,1296.155742,449.310868,466.658493,1242.352092,277.07977,345.774094,229.19173,1190.122769,188.802575
2018-05-18,412.691629,1299.998748,450.062619,466.817593,1247.725842,276.952978,345.068436,228.925988,1190.567239,189.125337
2018-05-21,412.700906,1304.142747,450.649648,466.767374,1252.20824,276.734936,344.003896,228.770972,1190.624019,189.296869
2018-05-22,412.65585,1309.251699,451.254643,466.848129,1256.678298,276.465025,342.889199,228.756208,1190.932751,189.427095
2018-05-23,412.507429,1314.246506,451.73528,466.881074,1261.10343,276.196073,341.751153,228.869703,1191.35238,189.502709
2018-05-24,412.543209,1320.274441,452.226181,467.190435,1265.70384,276.124034,340.911455,229.142827,1192.114458,189.632934
2018-05-25,412.726527,1326.516707,452.952733,467.643626,1270.576421,276.076966,340.223091,229.413184,1193.404395,189.873835
2018-05-28,412.946508,1332.027671,453.862441,468.187216,1275.393523,276.167257,339.79935,229.857933,1195.123721,190.176481
2018-05-29,413.190787,1337.436792,454.763517,468.606255,1279.963989,276.126914,339.43182,230.138438,1196.669158,190.460576
2018-05-30,413.360411,1342.835239,455.647561,468.961414,1284.72383,276.044308,338.698489,230.491839,1197.668108,190.716068
2018-05-31,413.477028,1348.417432,456.979179,469.527902,1290.001577,276.093294,337.972076,231.008561,1198.983772,190.978493
2018-06-01,413.800818,1353.965606,458.297571,469.955376,1295.060893,276.357441,337.470505,231.597255,1200.837949,191.248845
2018-06-04,414.151994,1359.718652,459.071345,470.63155,1299.269355,276.455416,336.619565,231.901751,1201.910532,191.4748
2018-06-05,414.574731,1364.844451,459.930799,471.16871,1303.321033,276.459258,335.773812,232.071531,1202.375408,191.669558
2018-06-06,415.208172,1370.027073,460.791233,472.01764,1307.510122,276.565878,335.446061,232.445232,1203.078931,191.953339
2018-06-07,415.99136,1375.372009,461.674444,472.987099,1312.261157,276.806973,335.121771,232.809705,1203.864067,192.246402
2018-06-08,416.889399,1380.908228,462.497309,474.017628,1316.880955,276.99716,334.75597,233.236,1204.450474,192.494482
2018-06-11,417.681865,1385.99065,463.076613,475.024049,1321.286714,277.468783,334.64701,233.749955,1204.58,192.723333
2018-06-12,418.544125,1391.578311,463.73459,475.972614,1326.396233,277.802089,334.27429,234.346952,1205.218757,192.962964
2018-06-13,419.494729,1397.882644,464.486692,477.182732,1331.042454,278.226647,333.938757,235.092507,1206.329482,193.166921
2018-06-14,420.375983,1403.195261,465.147043,478.167351,1335.048325,278.343834,333.637814,235.522494,1206.58144,193.347607
2018-06-15,421.287716,1409.440188,465.703103,479.659149,1339.390666,278.379374,333.521933,235.850057,1206.818311,193.472219
2018-06-18,422.167203,1415.718919,466.137059,481.163491,1343.212461,278.612784,333.359354,236.149018,1206.734915,193.528231
2018-06-19,422.865138,1421.810606,466.676372,482.438158,1346.903018,278.689628,333.111163,236.320644,1206.034053,193.593061
2018-06-20,423.646119,1427.23968,467.378348,483.638406,1350.307297,278.855801,332.879402,236.620527,1205.217864,193.64675
2018-06-21,424.558293,1431.590034,468.040702,484.558487,1353.702314,279.070962,332.680504,236.894574,1204.017537,193.703834
2018-06-22,425.208964,1435.666846,468.841716,485.418159,1357.396096,279.309175,332.622565,237.302414,1203.041655,193.839128
2018-06-25,425.804417,1439.618071,469.61741,486.787695,1361.057346,279.349518,332.579326,237.66135,1201.26821,193.886196
2018-06-26,426.110978,1444.284553,470.357369,488.265966,1364.376846,279.279399,332.547329,238.016596,1199.680183,193.920573
2018-06-27,426.414062,1449.111997,471.260281,489.673589,1367.388176,279.06808,332.398587,238.298025,1197.420569,193.817154
2018-06-28,426.49328,1453.422844,472.219033,491.187122,1370.218064,278.718444,332.097644,238.498255,1194.758186,193.653597
2018-06-29,426.944291,1456.082031,472.993727,492.47913,1373.489939,278.588771,331.750868,238.833201,1193.162173,193.587544
2018-07-02,427.218353,1458.749927,473.697147,493.923202,1377.067751,278.550351,331.148982,239.135852,1191.315979,193.486309
2018-07-03,427.286758,1461.982651,474.389742,495.790869,1380.524907,278.33519,330.53499,239.44773,1189.071443,193.412345
2018-07-04,427.518389,1464.389768,475.305449,497.541144,1384.566829,278.226649,329.627839,239.82143,1187.236785,193.349992
2018-07-05,427.479493,1466.46458,476.271689,498.658235,1388.257141,278.086409,328.835703,240.250494,1185.591091,193.345201
2018-07-06,427.371576,1469.79707,477.229507,499.707079,1392.080044,277.743498,328.03146,240.519928,1183.613599,193.326449
2018-07-09,427.729071,1471.975308,478.139107,500.761208,1395.52866,277.493759,327.210785,240.799511,1181.610376,193.303982
2018-07-10,428.340925,1474.022712,479.146151,501.836329,1398.890303,277.286282,326.488696,241.119694,1179.546829,193.319358
2018-07-11,428.986243,1478.07144,480.044293,503.08796,1403.455732,277.129716,325.685318,241.453718,1177.268589,193.234954
2018-07-12,430.116943,1482.125574,481.033022,504.241241,1408.798606,276.945292,324.954582,241.838491,1175.884607,193.202763
2018-07-13,431.470422,1486.350212,481.995832,505.660211,1413.935415,276.655209,324.30081,242.130069,1174.637253,193.183386
2018-07-16,432.463381,1491.200107,482.953851,507.126818,1418.631196,276.068321,323.421332,242.224186,1172.755576,193.109731
2018-07-17,433.634428,1496.164988,483.997264,508.692894,1422.125127,275.245141,322.407814,242.390275,1171.370708,193.004784
2018-07-18,434.72244,1500.703313,484.985132,510.173545,1424.946367,274.397947,321.272363,242.603422,1169.889143,192.886874
2018-07-19,435.880532,1505.241316,485.952763,511.627728,1428.000642,273.520976,320.111832,242.829488,1168.042068,192.866901
2018-07-20,437.178733,1509.984749,486.845354,513.237954,1430.893962,272.653609,319.399257,243.035254,1165.96521,192.807916
2018-07-23,438.426083,1515.07053,487.538185,514.844103,1434.39688,271.989878,318.980704,243.270546,1164.144749,192.877776
2018-07-24,439.657862,1519.644775,488.171619,516.582591,1437.303254,271.338633,318.545722,243.61841,1163.254038,193.010365
2018-07-25,441.128425,1523.83418,488.922263,518.412375,1438.91198,270.904469,318.147061,244.148973,1162.515029,193.094083
2018-07-26,442.654379,1527.762031,489.756861,520.21237,1440.898186,270.705636,317.97497,244.979419,1161.627869,193.289415
2018-07-27,444.452692,1531.258037,490.709105,522.011597,1442.055869,270.842033,318.032911,245.863382,1161.555117,193.657046
2018-07-30,446.464748,1534.318928,491.599025,523.655745,1444.21896,271.188788,318.435032,246.840539,1161.237515,194.002555
2018-07-31,448.825165,1537.699773,492.548726,525.30066,1447.221003,271.45678,318.93228,247.571331,1160.920796,194.350633
2018-08-01,451.370158,1541.79634,493.505275,526.926526,1450.379302,271.596059,319.411367,248.160024,1160.40801,194.82862
2018-08-02,453.669899,1544.534722,494.241655,528.259022,1453.912944,271.612387,319.472612,248.628763,1159.420593,195.25273
2018-08-03,456.002393,1547.935381,494.831956,529.618885,1457.445879,271.792009,319.472628,249.224839,1158.497942,195.704711
2018-08-06,458.477609,1551.959104,495.231418,531.062039,1460.273345,272.0965,319.699626,249.897499,1156.972017,196.083147
2018-08-07,460.904179,1555.670591,495.753632,532.546808,1463.275181,272.54315,319.790417,250.63106,1155.458518,196.469437
2018-08-08,463.640613,1559.569634,496.227946,534.028946,1466.527244,273.192474,319.998336,251.397839,1154.262617,196.884287
2018-08-09,466.332891,1563.499324,496.129561,535.491169,1469.275095,274.099223,319.926597,252.280879,1152.742017,197.324843
2018-08-10,468.821599,1567.882598,496.147641,537.08706,1472.394438,274.854207,319.728048,252.977529,1150.830176,197.822521
2018-08-13,471.072568,1572.187441,496.361082,538.725303,1475.542322,275.587097,319.732759,253.552381,1149.254568,198.351616
2018-08-14,473.467127,1576.923828,496.480834,540.508898,1478.970588,276.515937,319.821,254.130924,1148.110171,198.928552
2018-08-15,475.802053,1581.591494,496.629938,542.159104,1482.25176,277.44862,319.642023,254.587668,1146.667683,199.464073
2018-08-16,477.900072,1586.178992,496.693338,543.863718,1484.849407,278.282367,319.54663,255.013041,1144.755432,199.983886
2018-08-17,479.909478,1590.645735,496.824831,545.513849,1488.418701,279.276523,319.482302,255.550063,1143.194656,200.638651
2018-08-20,482.210939,1595.022954,497.077954,546.765593,1491.748264,280.276444,319.208601,256.17105,1143.147676,201.26771
2018-08-21,484.493692,1599.009568,497.323095,548.046201,1493.99031,281.264839,319.03582,256.616722,1142.669277,201.876777
2018-08-22,486.72918,1602.282385,497.626469,549.195829,1496.536233,282.188876,318.949516,256.972889,1142.326616,202.520118
2018-08-23,489.114403,1606.450107,497.826055,550.49406,1499.646804,283.19648,318.877235,257.339208,1142.793513,203.159174
2018-08-24,491.516005,1609.879441,498.015077,551.293,1502.695911,284.140213,318.758148,257.763659,1143.32843,203.814653
2018-08-27,494.03019,1613.622883,498.302953,552.511372,1506.171074,285.070375,318.943754,258.338511,1144.219424,204.51226
2018-08-28,496.961227,1617.744546,498.638025,554.018699,1509.404736,285.985082,319.083259,258.94289,1145.328552,205.163455
2018-08-29,499.466738,1621.946614,498.742983,555.393077,1512.341304,286.925874,319.177581,259.614628,1146.429661,205.863918
2018-08-30,501.684398,1626.37262,498.782902,556.789681,1515.525457,287.846811,319.469999,260.351879,1147.74167,206.706472
2018-08-31,503.782181,1630.890396,498.678881,558.380569,1518.578279,288.682112,319.674296,261.026386,1149.288672,207.48762
2018-09-03,505.839908,1634.828499,498.585426,559.712554,1520.068306,289.564714,319.884639,261.725806,1151.280432,208.210218
2018-09-04,508.23676,1638.98759,498.388657,561.329783,1520.591011,290.369027,319.895468,262.260982,1153.171985,208.849988
2018-09-05,510.559341,1642.721216,498.075187,562.892267,1520.633601,291.369388,319.875317,262.904115,1155.52231,209.528315
2018-09-06,513.373744,1646.642683,497.705831,564.248119,1520.737437,292.497414,319.819741,263.632138,1157.817424,210.246629
2018-09-07,516.096545,1650.55603,497.463979,565.552108,1520.694834,293.673062,319.996151,264.228213,1159.407336,210.878545
2018-09-10,518.722402,1654.42468,497.313231,566.597604,1520.10646,294.767835,320.392078,264.708026,1161.144756,211.499751
2018-09-11,521.091676,1657.344863,496.985438,567.54308,1519.16843,295.826525,320.572444,265.17123,1162.832644,211.953159
2018-09-12,523.425375,1660.357712,496.5548,568.700537,1518.296067,296.808056,320.775931,265.685183,1164.784705,212.558655
2018-09-13,525.986754,1663.136211,496.029298,570.36181,1517.210715,297.822247,321.0486,266.217589,1166.82637,213.048479
2018-09-14,528.437852,1665.729941,495.627539,571.869547,1516.341025,298.97042,321.461281,266.834886,1168.776377,213.54116
2018-09-17,530.472727,1668.964907,495.000834,573.129493,1514.806631,300.045365,321.849573,267.273176,1170.087981,213.935304
2018-09-18,532.175423,1672.274282,494.262598,574.255666,1514.415266,300.945865,321.993916,267.45864,1171.157117,214.309456
2018-09-19,533.704689,1673.96666,493.384882,575.235718,1513.154204,301.976217,322.175032,267.687474,1172.490874,214.650763
2018-09-20,534.846637,1675.800637,492.424045,576.43063,1511.463618,302.938371,322.353553,267.84895,1173.381052,214.971362
2018-09-21,535.893423,1677.892161,491.434796,577.197876,1509.309788,303.913642,322.595255,268.086088,1174.237681,215.450476
2018-09-24,537.279504,1681.431025,490.292921,578.051151,1506.455767,304.891078,322.787774,268.321381,1175.161821,215.826769
2018-09-25,538.509053,1684.435544,489.239335,579.076066,1505.55324,305.775544,323.139034,268.540064,1176.031997,216.273752
2018-09-26,539.921813,1686.790366,488.262531,580.007545,1504.967527,306.770642,323.603669,268.619418,1177.052527,216.625054
2018-09-27,541.246083,1690.232978,487.27657,581.101613,1504.48209,307.670094,323.848143,268.714458,1178.268403,216.910667
2018-09-28,542.396035,1693.337886,486.41717,582.023628,1503.639905,308.459951,323.76799,268.788275,1178.587664,217.249831
2018-10-01,543.38679,1697.484956,485.848933,583.154331,1502.799497,309.225559,323.248058,268.926682,1178.319502,217.434765
2018-10-02,544.460701,1701.742385,485.265199,584.11051,1502.345129,310.014219,322.765312,269.055863,1177.255554,217.598278
2018-10-03,545.260688,1704.751877,484.611492,584.713522,1501.7399,310.598362,322.215902,269.053094,1176.202537,217.727517
2018-10-04,545.363854,1706.413027,483.508599,585.052277,1500.036008,311.218184,321.429469,268.751365,1175.634966,217.726089
2018-10-05,544.643466,1709.049956,482.396312,585.67587,1498.253132,311.515434,320.320032,268.227262,1174.421721,217.354079
2018-10-08,544.269931,1711.256245,481.340142,586.317162,1495.957314,311.609354,318.830574,267.643182,1173.277605,216.956365
2018-10-09,543.416583,1713.772034,480.218228,586.896711,1492.066748,311.674064,317.106059,267.079402,1172.1126,216.539371
2018-10-10,542.613928,1714.885547,479.318676,587.282394,1488.398938,312.096301,315.593239,266.775828,1171.555806,216.089534
2018-10-11,541.897543,1715.409109,478.41396,587.225178,1484.451582,312.37568,314.067365,266.189903,1170.830151,215.603994
2018-10-12,541.449301,1714.394326,477.757435,587.171667,1481.01894,312.679732,312.597197,265.534774,1170.138569,215.193426
2018-10-15,540.979269,1713.962029,477.258466,587.475852,1477.398159,312.673011,310.94946,264.698793,1169.100269,214.917811
2018-10-16,540.797838,1713.878237,476.609691,587.661489,1474.135022,312.844615,309.419232,264.075959,1168.12416,214.654334
2018-10-17,540.207299,1713.138103,475.850083,588.056226,1470.671311,312.796716,307.734067,263.198455,1166.866599,214.447265
2018-10-18,539.614534,1712.392163,475.174302,588.309366,1467.259966,312.474102,306.366611,262.160398,1165.849461,214.218062
2018-10-19,538.699376,1711.06623,474.485374,588.158306,1464.166333,312.248558,304.93039,261.360403,1165.082944,213.998855
2018-10-22,537.587221,1709.454033,474.049804,587.75616,1461.611377,312.3189,303.461094,260.736647,1164.248245,213.749659
2018-10-23,536.200696,1706.864951,473.560227,586.98974,1458.200037,312.162191,302.049246,260.012314,1163.303931,213.436915
2018-10-24,534.734572,1704.356516,473.105402,586.094893,1455.390381,311.989079,301.15879,259.288905,1162.686665,213.149161
2018-10-25,533.222647,1701.840776,472.60338,585.124142,1452.605916,311.74087,299.827892,258.4926,1162.145769,212.864977
2018-10-26,531.809885,1698.358162,472.057918,583.894651,1448.743633,311.300183,298.549222,257.496066,1161.378452,212.39586
2018-10-29,530.501625,1696.1177,471.26004,583.230244,1444.923408,311.540533,297.218324,256.762506,1160.257129,211.970299
2018-10-30,528.810048,1694.145249,470.399231,582.815471,1442.254714,311.701801,295.901354,256.137827,1159.335271,211.485473
2018-10-31,527.156268,1692.893699,469.533726,582.846758,1440.097424,312.042529,294.580032,255.665397,1158.885122,211.01707
2018-11-01,525.260135,1691.312666,468.746179,582.439428,1437.329036,312.389868,293.250005,255.359977,1158.430486,210.522962
2018-11-02,523.458275,1689.22969,468.180759,582.115273,1434.965791,312.858775,292.085362,255.081317,1158.70542,210.135245
2018-11-05,521.668867,1686.639768,467.59632,581.548115,1432.429653,313.046917,290.80722,254.840488,1158.598506,209.652561
2018-11-06,519.757615,1684.442119,466.899877,580.911887,1430.12343,313.32093,289.602464,254.491702,1158.746753,209.162022
2018-11-07,518.125624,1682.355168,466.333753,580.546475,1428.302065,313.615203,288.45185,254.064482,1159.005518,208.694333
2018-11-08,516.669284,1680.095623,465.825861,580.13085,1426.17897,313.83808,287.158485,253.657563,1159.354128,208.125966
2018-11-09,515.35124,1677.354512,465.282044,579.243936,1424.440383,314.113057,285.737961,253.171291,1159.337053,207.517613
2018-11-12,514.024748,1675.13052,464.558834,578.491636,1423.812805,314.464255,284.255992,252.647188,1159.412524,206.955671
2018-11-13,512.757398,1672.477422,463.976272,577.434603,1424.335286,315.089465,282.892598,252.308549,1159.983965,206.487983
2018-11-14,511.609671,1669.247415,463.56254,576.288887,1426.351396,315.802475,281.704706,252.069566,1160.643457,206.005299
2018-11-15,510.146218,1665.95324,463.200701,575.241714,1428.253843,316.60039,280.566879,251.865646,1161.567109,205.486913
2018-11-16,508.801494,1662.812207,462.953448,574.009143,1429.318603,317.226564,279.625537,251.851805,1162.493455,205.002802
2018-11-19,507.8601,1659.919836,462.825478,572.822825,1431.107881,317.795814,278.777059,251.912703,1163.938228,204.687915
2018-11-20,506.968066,1657.197544,462.882067,571.40827,1433.113823,318.400761,278.01143,251.92839,1165.437815,204.49727
2018-11-21,505.726509,1653.411697,462.91447,569.480963,1434.404971,319.053952,277.293785,251.960685,1166.333613,204.139542
2018-11-22,504.395571,1649.635,462.88465,567.581118,1435.431038,319.616448,276.491003,251.912704,1167.374065,203.763963
2018-11-23,503.05885,1645.502339,462.771473,565.832748,1436.413613,320.073777,275.5681,251.765993,1168.295916,203.383384
2018-11-26,502.025847,1641.782393,463.041973,564.223633,1439.049385,320.665217,274.789793,251.786293,1169.684087,203.149897
2018-11-27,501.234753,1638.853076,463.393248,563.017729,1440.438101,321.356036,274.044502,252.074181,1171.547566,202.887134
2018-11-28,500.718032,1637.362498,463.993888,562.258831,1442.123999,322.090272,273.116118,252.315009,1172.814446,202.637939
2018-11-29,500.342275,1635.483616,464.79083,561.410886,1444.457864,322.886257,272.242154,252.589978,1174.423643,202.465143
2018-11-30,499.898036,1633.313762,465.533765,560.907374,1446.99082,323.620494,271.295405,252.849262,1176.270942,202.20595
2018-12-03,499.225674,1629.797732,466.414767,560.238912,1451.349407,324.52261,270.707313,253.263562,1178.232356,201.991742
2018-12-04,498.529298,1627.007874,467.040063,559.687551,1454.670525,325.426655,270.023299,253.478556,1180.044626,201.716126
2018-12-05,497.673281,1624.831072,467.655262,559.20959,1459.070442,326.165715,269.224423,253.779361,1181.161455,201.461931
2018-12-06,496.516214,1621.64564,468.223029,558.402498,1462.47258,326.956876,268.34941,253.96944,1182.412158,201.172749
2018-12-07,495.412064,1618.587234,468.699926,557.746974,1466.489368,327.857063,267.791229,254.152137,1184.708704,200.8343
2018-12-10,494.154053,1614.013862,468.950231,556.591782,1469.395735,328.481307,267.280486,254.158597,1186.858799,200.453721
2018-12-11,492.960966,1609.842939,469.06341,555.524802,1472.286035,329.03705,266.687238,254.295158,1188.894788,200.133835
2018-12-12,492.119623,1607.489749,469.317707,554.82323,1476.381526,329.929518,266.50706,254.545215,1191.677427,199.860361
2018-12-13,491.984441,1606.194949,469.991843,554.792744,1481.567583,330.56727,266.428368,254.870933,1194.706243,199.69185
2018-12-14,492.547855,1604.39094,470.604222,554.613921,1487.116226,331.427899,266.834243,255.440249,1198.012703,199.681139
2018-12-17,492.730175,1603.079128,471.473954,554.408308,1492.474844,332.346417,267.228213,255.87854,1201.4746,199.776105
2018-12-18,493.142397,1601.423564,472.389002,553.852103,1498.488279,333.427027,267.775757,256.428478,1205.202451,199.913912
2018-12-19,493.451008,1600.245266,473.123013,553.385167,1504.304211,334.327213,268.303124,256.835397,1208.510706,200.104558
2018-12-20,493.812537,1599.88377,474.061776,553.40104,1509.959351,335.300726,268.892268,257.42409,1212.55303,200.353754
2018-12-21,493.578189,1599.576655,474.668992,552.980161,1514.293511,335.972247,269.247749,257.943579,1215.872961,200.375889
2018-12-24,493.128168,1599.129277,475.009933,552.276588,1519.059722,336.732533,269.606015,258.49444,1219.258486,200.283065
2018-12-25,492.464255,1598.469478,475.422726,551.631467,1523.472727,337.351954,269.913797,258.914277,1222.495759,200.188099
2018-12-26,491.993336,1597.868394,476.116586,550.737667,1527.729365,338.14408,270.516563,259.523269,1226.282903,200.048149
2018-12-27,491.716743,1597.59575,476.729204,550.056078,1532.401919,338.932346,271.053503,260.095353,1230.113179,199.966749
2018-12-28,491.932415,1597.377419,477.457814,549.735909,1536.911013,339.806482,271.608701,260.717264,1234.30645,199.863929
2018-12-31,492.453583,1597.278474,478.034504,549.508302,1541.261895,340.444235,272.119788,261.373316,1238.456592,199.766106
2019-01-01,493.043234,1598.262134,478.801156,549.7502,1545.864705,341.233466,272.751141,262.184385,1242.790923,199.71898
2019-01-02,493.582636,1599.506055,479.441011,550.1871,1549.571304,342.055501,272.740858,262.889341,1246.503498,199.616874
2019-01-03,494.133599,1600.286831,480.112563,550.526632,1553.442122,342.891044,273.098893,263.656119,1249.97977,199.492633
2019-01-04,494.611634,1601.579802,480.84634,550.983503,1557.430747,343.847191,273.572255,264.57053,1253.404832,199.493347
2019-01-07,494.762381,1602.027144,481.759038,551.432054,1561.572883,344.200319,274.156527,265.094633,1255.606143,199.466927
2019-01-08,495.186164,1602.00635,482.652486,551.605983,1564.746646,344.865087,274.842393,265.687939,1257.599895,199.542615
2019-01-09,495.626402,1601.154902,483.615438,551.434548,1567.661594,345.39092,275.624771,266.128997,1259.191123,199.689705
2019-01-10,496.082203,1600.369968,484.537297,551.650918,1570.848755,345.888773,276.436279,266.491624,1260.374438,199.863928
2019-01-11,496.288092,1599.190906,485.30019,552.004597,1573.186238,346.353822,277.060325,266.812729,1260.579297,200.036722
2019-01-14,496.345903,1597.90043,485.984188,552.602112,1575.396985,346.811152,277.558859,266.913304,1260.287283,200.246646
2019-01-15,496.573137,1596.821155,486.807661,553.603236,1578.215537,347.19033,278.132875,267.193809,1259.874875,200.521548
2019-01-16,496.797258,1595.623804,487.569614,554.623501,1580.512861,347.564683,278.619122,267.500152,1259.447195,200.721477
2019-01-17,497.008484,1594.895588,488.388393,555.586344,1582.434436,347.925529,279.072016,267.700383,1259.089592,200.919978
2019-01-18,497.816918,1594.821143,489.25648,556.775544,1583.710723,348.217871,279.272133,267.9163,1258.178523,201.122763
2019-01-21,499.219451,1594.786909,490.32298,558.120366,1585.363655,348.591261,279.538077,268.183887,1257.23241,201.351967
2019-01-22,500.426322,1594.305081,491.300257,559.446045,1586.77561,348.748527,279.666221,268.409031,1255.616023,201.536186
2019-01-23,501.567825,1594.287959,491.993646,560.751755,1587.698467,348.763964,279.708351,268.465316,1254.120034,201.548325
2019-01-24,502.907213,1594.833015,492.590529,562.076998,1588.652561,348.663622,279.660077,268.51422,1252.26644,201.611159
2019-01-25,503.962002,1595.470229,493.021167,563.467003,1589.861018,348.463903,279.216838,268.412722,1250.225063,201.649003
2019-01-28,504.669492,1596.413813,493.351073,564.802697,1590.603579,348.100161,278.660376,268.291846,1248.127082,201.509766
2019-01-29,505.320956,1598.222314,493.563105,566.308984,1591.722786,347.886934,278.237324,268.239251,1245.700251,201.432651
2019-01-30,506.057351,1601.110049,493.638008,568.152959,1592.497483,348.063498,277.728257,268.246633,1243.765791,201.343397
2019-01-31,507.162836,1604.533591,493.987638,570.365262,1594.070981,348.302777,277.351723,268.448707,1242.043384,201.31698
2019-02-01,508.471095,1608.221272,494.386577,572.703079,1596.287976,348.352949,277.070858,268.480079,1240.506062,201.321978
2019-02-04,510.082186,1611.689341,494.645336,575.009999,1597.333997,348.318213,276.579346,268.434866,1238.446719,201.199879
2019-02-05,511.534968,1614.328208,494.880379,577.008915,1598.907493,348.27962,276.229143,268.347209,1236.164541,201.047076
2019-02-06,512.936612,1615.913818,495.03723,578.691538,1600.652354,348.28541,276.13523,268.430254,1234.56522,200.982813
2019-02-07,514.020753,1618.022732,494.972422,580.474922,1601.911689,348.216905,276.029028,268.448709,1232.293831,200.879279
2019-02-08,515.000392,1619.645286,494.945182,582.099905,1603.041609,348.215939,276.024641,268.473621,1229.225474,200.732189
2019-02-11,515.861298,1621.107517,495.068926,583.708417,1602.670327,348.110773,275.892109,268.357358,1225.972922,200.648647
2019-02-12,516.787132,1621.858325,495.276261,584.862257,1602.435601,347.847374,275.763965,268.225409,1222.863228,200.555109
2019-02-13,517.687618,1622.677305,495.419495,586.080177,1601.478831,347.710368,275.736757,268.137751,1220.20458,200.554395
2019-02-14,518.581877,1623.613276,495.48125,587.338751,1601.185198,347.63897,275.680584,267.979967,1217.474958,200.623656
2019-02-15,519.565963,1624.25936,495.44861,588.391113,1600.265913,347.445038,275.691993,267.750212,1214.657285,200.710053
2019-02-18,520.720809,1624.23813,495.454012,589.654772,1599.482288,347.298384,275.825404,267.487236,1212.442498,200.770745
2019-02-19,521.775156,1622.722861,495.569068,590.5499,1598.465713,347.307067,276.061505,267.148599,1210.589802,200.787882
2019-02-20,522.876638,1621.094033,495.677314,591.652915,1596.58073,347.215408,276.122065,266.824726,1208.36603,200.785027
2019-02-21,524.120416,1620.024775,495.745878,592.314207,1594.78053,347.249177,276.241433,266.437186,1205.80802,200.781457
2019-02-22,525.188992,1619.027436,495.72592,592.862456,1593.138311,347.252071,276.146641,266.100394,1203.453069,200.760751
2019-02-25,526.099703,1618.946033,495.703378,593.938478,1591.700471,347.197076,276.182626,265.743303,1201.078347,200.715767
2019-02-26,526.845438,1619.864338,495.586912,595.103241,1590.477732,346.92596,276.141374,265.256109,1198.155549,200.677923
2019-02-27,527.616519,1621.428569,495.440392,596.342239,1588.544561,346.521696,276.096611,264.646193,1195.459167,200.55868
2019-02-28,528.529008,1621.988186,495.159092,597.528717,1586.730977,346.290137,276.122941,264.184834,1192.622627,200.464427
2019-03-01,529.648278,1623.715654,495.028541,599.189407,1585.501987,346.291102,276.118552,263.835125,1190.619883,200.485134
2019-03-04,530.865822,1625.065618,495.041223,600.803497,1584.609478,346.320046,276.093099,263.464193,1188.890281,200.516551
2019-03-05,532.186534,1626.293921,495.165438,602.260273,1583.537573,346.522661,276.071157,263.157851,1187.111265,200.61009
2019-03-06,533.666888,1628.20113,495.080437,603.799437,1581.898923,346.833337,275.877186,262.86166,1185.212754,200.740044
2019-03-07,535.001382,1630.00823,495.181168,604.966572,1579.944319,347.12568,275.718322,262.669735,1183.907244,200.873568
2019-03-08,536.260282,1632.186511,495.206057,605.953815,1577.794255,347.315751,275.580522,262.418756,1182.110256,201.012804
2019-03-11,537.886491,1634.28301,495.237756,606.889362,1575.925337,347.618708,275.954423,262.260971,1180.475002,201.174176
2019-03-12,539.757277,1636.178208,495.345298,607.65142,1574.741873,348.09051,276.521418,262.026599,1179.5226,201.342687
2019-03-13,541.899765,1637.53334,495.805757,608.372006,1574.081418,348.617307,276.962024,262.012758,1178.67981,201.5469
2019-03-14,544.112512,1639.058464,496.33619,609.089255,1573.169275,349.092968,277.469335,262.027521,1178.405774,201.784672
2019-03-15,546.095804,1641.843513,496.972759,610.112019,1571.682358,349.673795,277.737034,262.041363,1178.55762,201.925336
2019-03-18,548.277425,1643.992693,497.633981,610.817786,1570.122249,350.259447,277.837092,262.090268,1178.469565,202.095276
2019-03-19,550.695617,1646.214216,498.407675,611.752679,1568.851318,350.61161,277.968747,262.048746,1178.033799,202.312341
2019-03-20,553.049772,1648.416333,499.263317,612.866354,1567.111809,350.817119,277.959969,262.021066,1177.761558,202.433726
2019-03-21,555.432832,1650.591838,500.157938,613.920111,1565.350884,351.075693,277.902042,261.988771,1177.371609,202.566535
2019-03-22,557.600223,1653.375662,500.929283,614.980072,1563.720264,351.331373,277.839725,261.902037,1177.822651,202.607236
2019-03-25,559.624868,1656.290098,501.772951,615.602412,1562.112852,351.527233,277.758977,261.783929,1178.592661,202.617947
2019-03-26,561.738005,1658.270698,502.662643,615.688138,1560.219834,351.939217,277.584314,261.81807,1179.165901,202.572963
2019-03-27,563.635471,1659.966413,503.504432,615.636727,1558.582075,352.284627,277.383321,261.922337,1179.602566,202.559396
2019-03-28,565.641439,1661.732961,504.30513,615.778295,1557.3754,352.785374,277.346457,262.32095,1180.333042,202.645792
2019-03-29,567.203615,1663.393691,505.115457,615.959807,1556.300823,353.336292,277.676472,262.764776,1181.569365,202.76789
2019-04-01,568.574576,1665.442722,505.883985,616.196996,1555.285139,353.848616,278.193437,263.323943,1183.324119,202.872852
2019-04-02,569.949096,1668.399184,506.630676,616.500322,1554.159687,354.390851,279.099224,264.039048,1185.275647,202.989239
2019-04-03,571.273363,1671.79395,507.510504,616.929585,1552.438933,354.867478,279.911975,264.663727,1186.652139,203.258428
2019-04-04,572.212534,1673.676328,508.363799,617.195678,1550.779756,355.329631,280.880079,265.286561,1187.970225,203.485489
2019-04-05,573.172162,1675.801177,509.348118,617.680166,1549.035791,355.973172,281.74286,265.87064,1189.557866,203.704697
2019-04-08,574.058861,1677.730215,510.312005,618.337864,1547.641692,356.81354,282.61705,266.446415,1190.873259,203.961748
2019-04-09,575.159896,1679.542585,511.390481,618.885106,1546.281506,357.784158,283.385038,267.076631,1192.619033,204.216657
2019-04-10,576.366769,1680.52335,512.342161,619.333612,1545.581777,358.330253,284.02225,267.509385,1194.004512,204.490844
2019-04-11,577.430896,1680.613342,513.175967,619.218975,1544.638394,358.824244,284.723533,267.901541,1195.149189,204.744325
2019-04-12,578.259343,1680.355872,513.996859,619.063337,1543.252332,359.595144,285.25191,268.470858,1195.801497,205.099911
2019-04-15,578.697357,1681.406633,514.860488,618.588054,1541.8145,360.332275,285.974257,269.054937,1196.691006,205.50548
2019-04-16,579.161605,1682.860708,515.757457,618.073442,1540.334717,361.381046,286.686073,269.628866,1198.071096,205.977454
2019-04-17,579.45954,1683.810649,516.614041,617.417416,1538.703206,362.301493,287.388234,270.121597,1199.275076,206.398732
2019-04-18,580.30933,1684.929729,517.442445,616.631693,1536.933354,363.184313,288.016668,270.553428,1200.436826,206.742893
2019-04-19,581.27207,1686.407122,518.245491,615.89785,1535.551746,364.135635,288.608237,271.011096,1202.214944,207.155602
2019-04-22,582.09118,1687.999512,518.851533,615.199152,1534.392373,364.99337,289.261247,271.556422,1204.257224,207.508332
2019-04-23,583.046805,1689.723555,519.394411,614.826792,1533.494499,366.000653,289.848503,272.107284,1206.078474,207.909617
2019-04-24,584.230552,1691.920913,520.099074,614.592495,1532.74657,367.0967,290.588706,272.759645,1208.12345,208.354458
2019-04-25,585.548595,1694.427393,520.818762,614.400039,1531.838882,368.08951,291.588823,273.48121,1210.415503,208.729324
2019-04-26,586.867971,1697.907981,521.665482,614.333937,1531.384592,369.344755,292.463923,274.395622,1212.483835,209.078484
2019-04-29,588.403908,1702.378506,522.562686,614.282893,1531.303374,370.665608,293.375009,275.365397,1214.527009,209.50476
2019-04-30,589.975419,1708.303938,523.658772,614.735584,1531.655918,371.905415,294.167449,276.233674,1216.148789,209.868201
2019-05-01,591.38462,1714.063545,524.640741,614.913814,1532.087891,373.107593,294.866852,277.01337,1217.442617,210.232356
2019-05-02,592.791159,1719.083198,525.767352,614.869467,1531.531858,373.961469,295.625018,277.754311,1218.784075,210.660059
2019-05-03,594.36089,1722.522129,527.065841,614.67952,1530.193091,374.921476,296.452453,278.474953,1220.280066,211.087762
2019-05-06,595.718068,1725.400256,528.019399,614.068679,1528.385757,375.803331,297.258442,279.18729,1221.661055,211.520465
2019-05-07,596.814214,1727.287622,529.01358,613.76828,1527.051453,376.542391,297.933521,279.908854,1223.471516,211.897473
2019-05-08,597.489688,1728.866682,530.023257,613.502188,1526.198208,377.249611,298.517493,280.473557,1224.830937,212.262343
2019-05-09,597.715588,1732.018132,531.025185,613.280447,1525.682339,377.85263,298.965309,281.0318,1225.972021,212.602222
2019-05-10,597.938821,1734.357966,532.026174,612.861226,1524.839807,378.447931,299.76106,281.679547,1226.815706,212.881407
2019-05-13,597.992184,1736.580308,532.983487,612.489702,1524.257,378.873422,300.452615,282.306071,1226.979231,213.039922
2019-05-14,598.194959,1738.317688,533.832554,612.17759,1523.791111,379.204358,301.483833,283.011026,1227.626147,213.208434
2019-05-15,598.124697,1739.91425,534.689371,611.903132,1523.27792,379.30277,302.385559,283.638473,1227.78428,213.369804
2019-05-16,598.081121,1741.504971,535.554171,612.072993,1522.970896,379.528541,303.20234,284.26592,1227.510237,213.436209
2019-05-17,598.083788,1742.717383,536.652607,612.266288,1523.599226,379.897108,304.062823,284.968107,1227.914556,213.570447
2019-05-20,598.27767,1744.869727,538.079772,612.452887,1524.626509,380.511706,304.705429,286.026463,1229.799592,213.771089
2019-05-21,598.352819,1746.491289,539.172571,612.492214,1525.527051,380.7423,304.851394,286.961176,1230.881379,213.933888
2019-05-22,598.29145,1747.845359,540.014125,612.513971,1525.896548,381.001838,305.330026,287.846062,1232.363896,214.088374
2019-05-23,598.223412,1748.956104,540.518259,612.391801,1526.191965,381.444696,305.796813,288.774315,1234.095293,214.066066
2019-05-24,598.358595,1749.090259,541.083444,612.235323,1527.105896,382.148057,306.621408,289.825289,1236.748545,214.14365
2019-05-27,598.008184,1749.629382,541.773313,612.200178,1528.43395,382.870715,307.499021,290.983298,1240.649807,214.187786
2019-05-28,597.538596,1750.478486,542.47046,612.298076,1529.812874,383.563464,308.194993,292.035195,1244.541182,214.119266
2019-05-29,596.983632,1752.020056,543.024138,612.111476,1531.478298,384.15008,308.809234,292.862871,1247.803611,214.046949
2019-05-30,596.577194,1754.207407,543.684185,612.021104,1533.204414,384.792657,309.574509,293.780974,1251.176553,213.982641
2019-05-31,596.474026,1757.388853,544.384855,611.931569,1535.175969,385.40822,310.422941,294.785812,1254.102944,213.781225
2019-06-03,596.791976,1761.68938,545.210442,612.088881,1538.136426,386.168505,311.42676,295.919832,1257.385139,213.624792
2019-06-04,596.653234,1765.324417,545.872367,612.215231,1540.489082,386.650919,312.409845,296.822249,1260.925203,213.502119
2019-06-05,596.674576,1769.205264,546.590178,612.308949,1542.895288,387.1507,313.485966,297.626857,1264.579377,213.38373
2019-06-06,596.384198,1772.260535,547.156301,612.272131,1545.641543,387.362962,314.458074,297.957189,1266.901089,213.115827
2019-06-07,595.983092,1775.57873,547.836539,612.293888,1548.262849,387.672673,315.493274,298.38256,1269.185962,212.840642
2019-06-10,595.336522,1779.210283,548.439528,612.267112,1551.163511,388.017118,316.459415,298.780252,1271.340554,212.665172
2019-06-11,594.798008,1782.405571,549.160623,612.191804,1553.88834,388.484097,317.147011,299.114274,1273.399001,212.486975
2019-06-12,594.415137,1785.736941,549.791318,612.20017,1557.035327,388.983879,317.883784,299.547951,1275.756648,212.335225
2019-06-13,594.18568,1790.033997,550.546229,612.287878,1560.229624,389.579179,318.574796,300.003773,1278.431472,212.212222
2019-06-14,593.862396,1793.77448,551.154385,612.147465,1563.15438,390.104048,319.068654,300.497426,1281.171872,212.055647
2019-06-17,593.444839,1797.051768,551.777101,611.875701,1565.888145,390.626985,319.414553,300.959707,1283.419907,211.880355
2019-06-18,592.969471,1800.010986,552.387603,611.878158,1568.192605,391.109401,319.841245,301.426602,1285.757783,211.655822
2019-06-19,592.488767,1803.976343,553.284572,612.042524,1570.290901,391.603393,320.394133,301.942399,1288.158557,211.484725
2019-06-20,592.04364,1808.590774,554.148342,612.425157,1572.213298,392.439902,320.977986,302.500642,1291.37696,211.286438
2019-06-21,591.478003,1812.816426,554.918306,612.643513,1573.244473,393.138439,321.548264,303.130857,1294.590874,210.914575
2019-06-24,590.786519,1815.826455,555.595391,613.120989,1574.228955,393.846624,322.04246,303.82474,1297.899126,210.57541
2019-06-25,590.360515,1818.398814,556.246963,613.699493,1574.775078,394.360878,322.585139,304.577676,1300.659297,210.244741
2019-06-26,589.919391,1820.742688,557.083767,614.126949,1575.403008,394.971616,323.069506,305.360141,1303.710581,209.898051
2019-06-27,588.925078,1822.754685,557.94765,614.525581,1576.247756,395.676907,323.644738,306.307771,1307.128457,209.534543
2019-06-28,587.743552,1824.340806,558.723876,614.948821,1577.329827,396.307906,324.181733,307.238792,1310.587659,209.176133
2019-07-01,587.063186,1825.944417,559.814791,615.293241,1578.279749,397.166605,324.711088,308.189191,1314.118733,208.870873
2019-07-02,586.304113,1827.865532,561.06025,615.665657,1579.313835,397.943294,325.420377,309.28261,1317.993936,208.526743
2019-07-03,585.352937,1829.070571,562.118644,615.752353,1580.117075,398.615781,325.969074,310.30498,1321.900588,208.180567
2019-07-04,584.566735,1830.167144,563.225944,616.013687,1581.40877,399.403083,326.623876,311.434385,1325.791965,207.881073
2019-07-05,583.415448,1829.201465,564.197191,615.848721,1582.426182,399.96558,327.376182,312.507505,1329.388638,207.602084
2019-07-08,582.163663,1828.442424,564.871687,615.676964,1582.763081,400.326426,327.967893,313.29735,1331.763357,207.293965
2019-07-09,581.161346,1826.613611,565.230885,615.246154,1582.676108,400.731655,328.770861,314.211761,1334.962895,206.968187
2019-07-10,580.147911,1824.362271,565.635448,614.845041,1582.199888,401.183196,329.502136,315.028366,1337.67635,206.643137
2019-07-11,579.049542,1822.765137,565.946859,614.859968,1582.554399,401.78139,330.200911,316.044276,1340.128335,206.302374
2019-07-12,577.908041,1822.642739,566.138602,615.084493,1583.126177,402.268627,330.672177,317.033428,1341.983726,205.963584
2019-07-15,576.940409,1822.729634,566.51986,616.288754,1584.205383,402.673855,331.000057,317.980135,1343.563274,205.525804
2019-07-16,576.491278,1822.330515,566.912987,617.483435,1585.211873,403.409055,331.49331,319.067096,1345.263225,205.175422
2019-07-17,576.334751,1822.105842,567.406558,618.92298,1586.724241,404.229161,331.909133,320.435484,1346.972161,204.856726
2019-07-18,576.382777,1820.688989,568.045194,620.309464,1587.580505,404.947959,332.426284,321.623021,1348.38729,204.550912
2019-07-19,576.363655,1820.069829,568.486235,621.642347,1588.390618,405.434233,332.729309,322.507907,1349.394504,204.206632
2019-07-22,576.794553,1820.123027,568.600486,622.910559,1588.227232,406.132875,333.186236,323.318975,1350.940813,203.926219
2019-07-23,576.911061,1820.825786,568.55197,624.372563,1588.35376,406.761105,333.320065,323.827393,1352.157368,203.66472
2019-07-24,576.930626,1821.214192,568.591307,625.733268,1589.604949,407.387241,333.466321,324.334886,1353.585906,203.367578
2019-07-25,576.629573,1821.903818,568.542511,626.948644,1590.69384,407.917884,333.730154,324.806395,1354.538364,203.059584
2019-07-26,576.152872,1822.497664,568.210747,628.190695,1590.807334,408.440161,333.853467,325.237303,1355.405569,202.693767
2019-07-29,575.130544,1822.636045,567.393141,629.53337,1589.971638,408.878173,333.74736,325.220693,1354.287688,202.209379
2019-07-30,573.71734,1824.172029,566.747645,631.116494,1589.027014,409.384501,334.036046,325.036149,1353.300312,201.757452
2019-07-31,572.168507,1826.621763,566.089688,632.708212,1588.506306,409.775978,334.082885,324.871906,1352.296619,201.327058
2019-08-01,570.801995,1829.101187,565.659916,634.024626,1588.327146,409.915278,333.798023,324.409625,1350.490955,201.026293
2019-08-02,569.508933,1832.106626,565.001144,635.319207,1588.334412,409.526514,333.61353,323.544117,1347.684509,200.648334
2019-08-05,568.082058,1835.722068,564.011777,636.650867,1588.010156,408.911603,333.7703,322.410098,1343.501282,200.196093
2019-08-06,566.404023,1838.460034,563.032194,637.609634,1587.64968,408.466862,334.207153,321.327751,1340.281421,199.759146
2019-08-07,564.65205,1840.610266,562.02517,638.601422,1587.814702,408.198597,334.729084,320.24356,1337.140168,199.257384
2019-08-08,563.135827,1842.866611,561.144546,639.711676,1588.383799,407.990433,335.215646,319.151063,1333.899321,198.807329
2019-08-09,561.703283,1844.085974,560.561957,640.77031,1589.564739,407.941738,335.64294,318.022581,1330.749243,198.452673
2019-08-12,560.003483,1844.542896,559.830264,641.713469,1589.831746,407.908482,335.994717,316.839658,1327.565918,198.098017
2019-08-13,559.387613,1844.903889,558.829146,642.387117,1590.230491,407.75705,335.980379,315.565387,1323.261016,197.618104
2019-08-14,558.892529,1845.348232,557.871122,643.231331,1590.886338,407.74199,336.148621,314.409224,1319.328352,197.173874
2019-08-15,558.613559,1846.078184,557.049052,644.070524,1591.146802,407.872621,336.290098,313.539103,1316.364263,196.780622
2019-08-16,558.353608,1845.883418,556.10458,644.846897,1591.34523,407.93772,336.375174,312.595164,1313.465225,196.456552
2019-08-19,558.186484,1844.817458,555.096355,645.434895,1591.016084,408.098546,336.328334,311.534962,1310.546763,196.05092
2019-08-20,557.781458,1843.793606,554.114738,646.255737,1591.318167,408.032331,336.228919,310.364958,1307.591907,195.565181
2019-08-21,557.305014,1842.624407,553.258246,647.208698,1591.608599,407.936942,336.133328,309.1359,1304.327756,195.004433
2019-08-22,556.655632,1842.071255,552.073784,648.109044,1592.324937,407.560178,335.923026,307.697385,1300.61593,194.413826
2019-08-23,556.352877,1842.045208,550.880416,649.157047,1593.226248,407.147539,335.982293,306.355756,1296.605803,193.802827
2019-08-26,556.282652,1842.589839,550.191133,650.209293,1594.512578,407.11774,336.300613,305.291863,1293.948984,193.329468
2019-08-27,556.296014,1842.436504,549.542156,650.794818,1595.677363,407.068972,336.360836,304.28887,1291.598582,192.898347
2019-08-28,556.238499,1842.177444,548.782091,651.653589,1596.205952,406.956259,336.450691,303.293259,1289.026987,192.443194
2019-08-29,555.815637,1841.517451,547.863274,652.536969,1596.707571,406.415723,336.354143,301.989461,1285.481811,191.921771
2019-08-30,555.607029,1841.769929,547.006603,653.635038,1598.77968,406.026913,336.411497,300.595236,1281.989936,191.505214
2019-09-02,555.550505,1841.591482,546.132213,654.812875,1600.891343,405.664153,336.443997,299.130885,1278.475601,191.059528
2019-09-03,554.819368,1841.407664,545.126516,655.935554,1602.42677,404.881833,336.219356,297.504136,1274.452937,190.521355
2019-09-04,554.056379,1841.347925,544.109868,657.328933,1603.965789,404.106518,336.222225,295.971503,1270.387622,190.023963
2019-09-05,553.448448,1840.809041,543.060005,659.085505,1604.960938,403.122399,336.204062,294.331836,1266.550674,189.597939
2019-09-06,553.241564,1840.396292,542.148711,660.920997,1605.528186,402.258029,336.253769,292.720772,1262.824387,189.16172
2019-09-09,552.891922,1839.52937,541.057419,662.580833,1606.496367,401.436306,336.40576,291.178913,1259.552146,188.732784
2019-09-10,552.456456,1838.451606,539.921475,664.093011,1607.302739,400.657999,336.460247,289.582613,1256.15052,188.319869
2019-09-11,552.094124,1837.130779,538.818862,665.600101,1608.014719,399.878687,336.496572,288.089657,1252.614756,187.839955
2019-09-12,551.503719,1835.382429,537.836478,667.001968,1608.22688,399.251236,336.205973,286.606852,1249.170354,187.302509
2019-09-13,551.233413,1835.11115,536.844503,668.890917,1608.481284,398.827867,335.790149,285.149882,1245.984966,186.726467
2019-09-16,550.930738,1834.768784,536.086292,670.759506,1609.609478,398.58197,335.553082,283.847007,1243.660212,186.172273
2019-09-17,550.2596,1834.672317,535.316631,672.723981,1611.244688,398.063448,335.123876,282.268239,1240.139797,185.649392
2019-09-18,549.673395,1835.266128,534.389839,674.634996,1613.233184,397.473467,334.685111,280.906309,1237.183735,185.155642
2019-09-19,548.824736,1835.338525,533.44406,676.31859,1614.704775,396.720795,334.242522,279.261106,1233.990945,184.58834
2019-09-20,548.659128,1834.711438,533.494336,677.646627,1619.317349,396.556197,334.248257,278.118784,1233.324421,184.049438
2019-09-23,548.397105,1832.608181,534.086641,677.392053,1625.121047,397.040356,334.198549,277.264347,1235.25928,183.814943
2019-09-24,548.338189,1831.575911,534.663043,677.548195,1630.679321,397.375677,334.1584,276.124792,1235.964807,183.582632
2019-09-25,548.386042,1831.090935,535.076362,677.522737,1635.907676,397.579465,334.070456,274.424225,1236.205749,183.213412
2019-09-26,548.766104,1831.455518,535.44792,677.350474,1641.216042,398.24335,334.100089,272.914661,1237.534121,182.884245
2019-09-27,549.370052,1831.105249,536.006875,677.296162,1646.439009,399.015167,334.275023,271.534277,1238.974397,182.660674
2019-09-30,549.90142,1830.926753,536.777644,677.656812,1651.855254,399.444597,334.743422,270.057007,1240.584863,182.594404
2019-10-01,550.249898,1830.042681,537.910117,677.716213,1657.194187,399.689295,334.883941,268.46532,1241.905444,182.379572
2019-10-02,550.72689,1829.422136,538.960372,677.839262,1661.898447,400.000729,335.114316,266.921616,1243.301565,182.161826
2019-10-03,551.504376,1828.282935,539.747126,677.68821,1665.950964,400.35472,335.227115,265.313321,1244.860593,182.071524
2019-10-04,552.412881,1827.782805,540.254608,677.797676,1669.790422,400.318933,335.315059,263.603527,1245.456711,181.879994
2019-10-07,553.364628,1826.396897,540.891506,677.765431,1673.867214,400.062629,335.448887,261.855902,1245.93634,181.649141
2019-10-08,554.583631,1824.183328,541.490839,677.711973,1677.825342,399.883699,335.36859,260.40816,1246.32769,181.401537
2019-10-09,556.064001,1821.057883,542.483716,677.542256,1681.805044,400.117759,335.785369,259.093288,1247.036672,181.065087
2019-10-10,557.759847,1818.100837,543.332859,677.783254,1686.074207,400.246396,336.80533,257.930666,1248.257136,180.710433
2019-10-11,559.265192,1814.422231,544.200708,678.448546,1690.878262,400.593616,337.557636,256.935977,1249.302861,180.411123
2019-10-14,561.185679,1810.589529,545.28783,678.608079,1695.787488,401.100423,338.243028,256.109223,1250.725371,180.182455
2019-10-15,563.295842,1807.598813,546.504951,678.5037,1701.546226,401.518247,338.533626,255.316609,1251.721951,180.017872
2019-10-16,565.648472,1804.785769,547.727756,678.424784,1706.827627,402.038593,338.899741,254.69193,1252.889624,179.872222
2019-10-17,567.832899,1801.729622,548.707373,678.09808,1712.234878,402.5454,339.161661,254.158599,1254.049111,179.6989
2019-10-18,570.107688,1799.327585,549.540889,677.724703,1717.008362,402.886816,339.397772,253.75814,1255.563545,179.586751
2019-10-21,572.382477,1796.925549,550.374404,677.351327,1721.781846,403.228232,339.633882,253.357681,1257.077979,179.474602
2019-10-22,573.629699,1795.209153,551.597445,675.294356,1727.222356,404.01939,340.063088,253.120543,1259.431541,179.51247
2019-10-23,574.561533,1793.731392,552.799175,673.325455,1732.711194,404.750584,340.046837,252.856646,1261.21719,179.545969
2019-10-24,575.887487,1792.458521,553.948811,671.094479,1738.201841,405.475007,340.260006,252.353765,1263.01103,179.550339
2019-10-25,577.258178,1792.586963,555.039485,668.90384,1744.091821,406.445096,340.520016,252.181217,1264.64469,179.473145
2019-10-28,578.498242,1792.750776,556.228899,666.660587,1750.121135,407.329105,340.79054,252.083409,1265.969824,179.41707
2019-10-29,580.208027,1793.718201,557.481063,664.387905,1756.018813,408.499402,340.825909,252.027123,1268.128621,179.515383
2019-10-30,582.070359,1795.692686,558.763774,662.172509,1761.964104,409.642617,341.075402,252.257802,1271.106519,179.776822
2019-10-31,584.017238,1797.455488,560.121074,660.450389,1767.619587,410.879651,341.486445,253.067025,1274.361099,180.033165
2019-11-01,585.637102,1797.500725,561.624241,658.657479,1773.564912,412.172781,341.804766,253.850411,1277.326262,180.4002
2019-11-04,587.344652,1796.944648,562.654531,657.221243,1778.829531,413.311162,342.136469,254.479703,1279.484143,180.66601
2019-11-05,588.887573,1797.194839,563.691927,655.867106,1784.619556,414.273514,342.818035,255.097923,1280.992209,180.919439
2019-11-06,590.422888,1797.168838,564.950724,654.488424,1791.14022,415.584053,343.308421,255.700457,1282.965337,181.143739
2019-11-07,592.363058,1797.186289,566.373617,653.168263,1796.829094,417.018393,343.848514,256.505988,1284.650876,181.502764
2019-11-08,594.125184,1795.809475,567.715056,651.507816,1800.700811,418.562025,344.27581,257.283838,1286.375547,181.719053
2019-11-11,595.728947,1793.93334,569.14316,649.782922,1804.481262,420.247833,344.748033,258.10321,1287.991003,181.920049
2019-11-12,597.709826,1792.191929,570.651774,648.06906,1808.981782,422.272156,345.410483,259.023159,1290.222607,182.180761
2019-11-13,600.135822,1791.891919,571.91791,646.011276,1813.571309,423.979242,345.848292,259.60816,1291.768892,182.335149
2019-11-14,602.499188,1792.412161,573.398582,643.976842,1818.067085,426.100284,346.131243,260.211618,1292.863762,182.4757
2019-11-15,604.721191,1792.847314,574.866228,641.814821,1822.54832,428.199081,346.968626,261.096503,1293.755676,182.574013
2019-11-18,606.841643,1793.152944,576.166228,639.862677,1826.734551,430.189554,347.977117,261.965702,1293.892188,182.650479
2019-11-19,609.414368,1792.704412,577.559523,638.042002,1830.587344,432.086208,349.562025,262.93271,1294.05145,182.705826
2019-11-20,612.217032,1792.737405,578.9585,636.376652,1834.412109,434.028321,351.13355,263.736395,1294.363628,182.807052
2019-11-21,615.144959,1793.278352,580.359609,634.778392,1838.977,435.876616,352.639117,264.553921,1294.915161,182.879148
2019-11-22,618.016069,1792.879763,581.648004,632.616633,1843.172317,437.489886,354.122698,265.247804,1295.191836,182.992026
2019-11-25,621.1547,1792.514363,583.059532,630.566233,1847.789734,439.146678,356.176005,266.196356,1295.869873,183.113643
2019-11-26,624.400696,1792.009463,584.663814,628.326693,1852.066072,441.275458,357.944448,267.33222,1296.767251,183.287694
2019-11-27,627.658767,1791.368535,586.411591,626.199419,1857.009097,443.328797,359.813263,268.497611,1297.085789,183.399844
2019-11-28,631.248776,1791.74082,587.967328,624.332268,1862.137642,445.892813,361.706932,269.886299,1297.98134,183.545493
2019-11-29,633.904265,1792.312795,588.681023,622.637053,1863.506377,447.732403,363.352062,270.627241,1296.507864,183.66711
2019-12-02,637.011578,1793.166426,588.761532,621.569014,1863.759341,448.98201,365.466547,271.083985,1292.955679,183.522918
2019-12-03,639.697484,1794.049084,588.776687,620.09401,1863.553357,450.30609,367.578165,271.704973,1289.895869,183.348868
2019-12-04,642.141375,1794.668499,588.889876,618.823212,1863.681819,452.144712,369.867582,272.841761,1286.892483,183.284782
2019-12-05,644.414378,1796.039165,588.919238,617.826942,1863.927046,453.617737,371.842504,273.844754,1283.476816,183.234534
2019-12-06,646.614013,1797.97906,588.936762,616.840906,1864.388767,455.080124,373.673082,274.560782,1280.166729,183.094711
2019-12-09,648.76444,1798.104976,589.083574,615.493832,1865.047483,456.875224,375.179603,275.407838,1276.558118,182.826717
2019-12-10,651.064282,1798.073943,589.090203,614.305715,1865.866917,458.888909,377.015917,276.468038,1273.189775,182.53105
2019-12-11,653.368151,1798.543101,589.089727,613.229303,1866.417068,460.99641,378.770978,277.517167,1269.553862,182.264512
2019-12-12,655.668886,1798.645623,589.469069,611.962153,1867.419114,463.086503,380.56332,278.766526,1266.307476,181.928063
2019-12-13,658.127539,1799.293442,590.1714,610.719885,1868.721311,465.468687,382.251467,280.290855,1264.130479,181.700122
2019-12-16,660.422461,1801.429863,590.838685,609.590204,1869.529727,467.850871,383.786667,281.81795,1262.403987,181.481649
2019-12-17,662.68249,1804.224006,591.636206,608.730333,1870.095964,470.269807,385.66791,283.364424,1260.949619,181.323619
2019-12-18,664.929096,1807.531147,592.244293,608.017855,1869.926492,472.295098,387.176343,284.582409,1259.003787,181.295218
2019-12-19,667.140811,1812.157314,593.080176,607.288065,1869.791489,474.548644,388.556686,285.948029,1256.940557,181.311967
2019-12-20,669.346261,1816.973948,594.007461,606.031453,1868.866445,476.822501,389.912173,287.485275,1254.82636,181.271186
2019-12-23,671.255563,1821.367036,594.935691,605.338406,1867.900737,478.997706,391.083169,288.905336,1252.774956,181.195449
2019-12-24,672.886614,1825.208423,595.561774,604.902775,1865.961079,481.111011,392.488365,290.252503,1250.385901,181.066549
2019-12-25,674.444298,1828.896567,596.206327,604.41368,1863.902747,483.157581,393.862973,291.64396,1248.143379,180.995181
2019-12-26,675.508103,1831.840879,596.684176,603.881205,1861.227603,485.056169,395.042573,292.832419,1245.50313,180.863368
2019-12-27,676.635435,1834.271235,597.119876,603.514216,1858.587983,487.214933,396.411443,294.079932,1242.805542,180.723545
2019-12-30,677.779319,1836.438157,597.623298,603.077626,1855.719744,489.268273,397.883553,295.27485,1240.157105,180.602656
2019-12-31,678.67313,1838.337334,597.933971,604.720547,1852.225393,490.965687,399.445519,296.442086,1237.529595,180.439529
2020-01-01,679.721727,1840.016118,598.284428,606.202783,1848.670498,492.545104,401.222565,297.530891,1235.311638,180.250913
2020-01-02,680.606145,1841.318687,598.764172,607.910148,1845.140908,494.205765,402.806518,298.948185,1233.728948,180.116915
2020-01-03,681.554087,1842.622104,599.137358,609.775616,1841.207395,495.554992,404.335026,299.910578,1232.091648,179.982918
2020-01-06,682.183065,1843.92209,599.250543,611.518209,1837.057012,496.649849,405.75934,300.601693,1230.121245,179.7994
2020-01-07,682.697969,1844.111504,599.421984,612.845779,1832.728616,497.529991,407.38822,301.298343,1227.561997,179.538688
2020-01-08,683.002616,1844.153704,599.506755,613.835658,1828.390278,498.590029,409.126074,301.850128,1224.236436,179.171653
2020-01-09,683.75104,1843.201536,599.895574,614.556582,1824.047412,500.200394,410.767382,302.178616,1221.380486,178.85341
2020-01-10,684.562986,1843.419351,600.299543,615.420148,1819.974734,501.709207,412.372364,302.523712,1219.108831,178.514048
2020-01-13,685.33288,1843.357385,600.765081,616.52946,1817.023474,503.026514,414.110218,302.827287,1216.970061,178.200903
2020-01-14,686.067434,1843.444351,601.238667,617.896558,1814.071306,504.366067,415.742922,302.989685,1214.900454,177.914703
2020-01-15,686.863276,1844.105549,601.500087,618.846049,1811.219436,505.42804,417.585926,303.113329,1212.544168,177.638698
2020-01-16,687.572777,1845.025867,601.726936,619.652043,1809.610964,506.561583,419.538862,303.208369,1210.437246,177.273118
2020-01-17,688.785103,1846.560879,601.940522,620.678005,1809.139272,507.385626,422.041448,303.245277,1208.274812,176.97381
2020-01-20,689.720519,1847.755825,601.847227,621.778729,1808.804932,508.121655,424.664479,303.166847,1206.319883,176.718196
2020-01-21,690.669804,1848.962825,601.654005,622.7772,1808.33594,508.784178,427.345823,303.08288,1204.232986,176.412334
2020-01-22,691.216022,1849.45011,601.495825,624.132267,1807.625681,509.50183,430.135184,303.255428,1202.4346,176.182208
2020-01-23,691.789528,1849.435046,601.220673,625.490769,1807.406101,510.063766,433.216099,303.572842,1201.558157,175.94917
2020-01-24,692.243145,1849.674526,600.904794,626.845834,1807.695264,510.721453,435.724422,303.612519,1201.222324,175.767109
2020-01-27,692.666788,1850.046021,600.442096,628.098647,1807.788342,511.473923,437.735668,303.448276,1200.93291,175.531885
2020-01-28,692.326802,1851.421921,599.980822,629.218274,1808.201309,512.14515,438.727909,303.165925,1200.585249,175.261706
2020-01-29,691.72019,1852.299065,599.625631,630.53639,1809.063379,512.756413,439.740223,302.938015,1200.310388,175.057069
2020-01-30,690.880509,1852.72272,599.0829,631.695542,1809.234172,513.413133,440.954235,302.556934,1199.900835,174.887389
2020-01-31,689.673998,1852.930562,598.718713,633.117631,1809.340806,513.971201,442.403403,302.356706,1199.730645,174.705328
2020-02-03,688.098867,1853.374348,597.977076,634.308575,1811.447178,514.314553,443.524692,301.655441,1198.015986,174.120546
2020-02-04,686.901303,1854.508796,597.548478,635.97985,1813.204741,514.703361,445.17938,301.115652,1196.719067,173.632622
2020-02-05,685.815576,1856.181106,597.228806,637.505909,1814.416526,515.353312,447.091212,300.514965,1196.255825,173.188392
2020-02-06,684.719561,1857.142449,596.987275,638.700292,1815.668054,515.787576,449.197093,300.010239,1195.667896,172.705565
2020-02-07,683.668281,1858.660264,596.677076,640.091444,1817.920808,516.248925,451.051569,299.617161,1195.093608,172.224923
2020-02-10,682.318171,1861.17085,596.436023,641.474863,1820.019043,516.694799,452.582944,299.248075,1194.218989,171.723891
2020-02-11,681.189501,1863.018188,596.29584,642.767201,1822.263667,517.282849,454.02064,299.028469,1193.740266,171.265823
2020-02-12,680.452263,1864.691445,596.27074,644.007985,1826.101401,517.670693,455.515691,298.628932,1193.962336,170.827419
2020-02-13,679.766021,1865.993618,596.230959,645.33813,1830.546384,517.920227,457.286047,298.467456,1193.781223,170.31692
2020-02-14,679.163883,1867.122441,595.978062,646.564307,1834.685029,518.326447,459.583112,298.456383,1193.860403,169.797681
2020-02-17,678.319728,1869.667361,595.73369,647.805092,1839.102908,518.618536,461.858191,298.410247,1193.936853,169.263877
2020-02-18,677.473783,1873.247581,595.390339,649.233196,1842.881008,518.860333,463.793919,298.486834,1194.070637,168.801441
2020-02-19,676.949486,1875.992815,595.186223,650.597712,1847.972087,519.07795,465.718176,298.626164,1194.381895,168.351385
2020-02-20,676.21359,1878.417119,594.745786,652.228604,1852.325794,519.303306,467.762879,298.733198,1194.398276,167.898416
2020-02-21,675.346172,1879.974485,594.30298,653.701386,1856.700283,519.495776,470.015016,298.642772,1193.948679,167.401025
2020-02-24,674.25776,1879.860894,593.854017,655.108004,1861.044956,519.313944,472.080749,298.478528,1193.160518,166.907275
2020-02-25,672.948806,1879.793682,593.18342,656.288636,1865.965247,519.116638,473.902724,298.365956,1191.778965,166.335603
2020-02-26,671.303892,1879.116519,592.301599,657.153059,1871.525305,518.774255,475.769627,298.389025,1189.809475,165.657607
2020-02-27,669.302433,1877.071523,591.455298,657.960769,1877.016685,518.293563,477.341152,298.274609,1187.963755,164.975969
2020-02-28,666.882699,1873.31436,590.327684,657.963347,1881.20321,517.348622,478.673698,297.631475,1185.706665,164.340938
2020-03-02,664.598961,1869.42553,589.164553,658.050132,1884.981304,516.667721,479.888667,296.80103,1182.969949,163.705909
2020-03-03,662.777338,1866.416187,588.147761,658.283849,1888.961819,516.158013,481.105547,296.033329,1180.791133,163.051944
2020-03-04,660.927532,1864.217937,586.818873,658.719496,1893.108604,515.524505,482.244998,295.181661,1178.527668,162.305493
2020-03-05,659.100094,1862.976958,585.690789,659.160298,1898.043347,514.861982,483.762036,294.418574,1176.764775,161.595454
2020-03-06,656.672308,1861.646946,584.363795,659.194667,1902.362708,513.642358,484.986564,293.186748,1174.203713,160.792199
2020-03-09,652.824623,1858.093594,582.707659,658.705745,1905.692598,511.974927,485.670043,291.69287,1170.556876,159.90374
2020-03-10,649.246692,1854.910437,581.146714,658.246895,1909.280024,510.405181,486.443378,290.210987,1166.984673,159.022563
2020-03-11,646.06109,1851.303833,579.585768,657.373021,1913.227998,509.029839,487.21767,288.562093,1163.471625,158.112985
2020-03-12,641.835392,1844.695793,577.071489,655.59434,1915.35876,506.806276,487.404073,286.223928,1157.487606,156.888805
2020-03-13,637.971602,1837.976418,575.1904,653.813077,1917.269941,505.03342,488.106672,284.531666,1152.325425,155.77823
2020-03-16,633.625119,1829.363884,572.903446,651.137317,1917.747966,502.658007,488.396313,282.766509,1145.990105,154.498704
2020-03-17,629.003066,1819.995679,570.199259,648.16511,1919.254321,499.647151,488.57985,280.8611,1139.369012,153.243209
2020-03-18,624.130048,1809.714768,566.596205,645.004723,1919.154021,496.341304,487.943211,278.930776,1132.32471,152.027039
2020-03-19,618.490714,1800.032927,563.036244,641.876991,1917.405493,492.32264,487.649745,276.595379,1123.714102,150.949964
2020-03-20,613.751455,1793.165325,559.248964,639.248492,1919.171194,488.559313,487.757762,274.336569,1115.342853,150.039657
2020-03-23,607.849525,1784.476445,554.37622,635.001994,1916.909395,483.634396,486.581031,271.584105,1104.227604,148.802368
2020-03-24,602.606545,1776.084084,549.433858,631.808096,1917.253682,478.970617,485.332605,268.911917,1093.155386,147.439821
2020-03-25,598.655524,1768.166997,545.384683,629.03524,1918.455518,474.740138,484.59177,266.432578,1083.19642,146.055426
2020-03-26,594.435196,1760.751643,541.723374,626.904259,1921.0878,470.737916,484.530591,264.023365,1074.649259,144.826876
2020-03-27,589.823879,1754.258711,538.183781,624.925369,1922.538125,467.020048,483.553646,261.771014,1066.35942,143.709019
2020-03-30,585.333347,1747.80552,534.17486,622.489344,1924.733948,462.736376,482.069108,259.425468,1057.262533,142.504501
2020-03-31,581.574238,1742.167732,530.552385,620.409917,1929.127424,458.726417,480.714576,257.26908,1048.479418,141.532293
2020-04-01,577.522113,1733.872715,526.657601,617.533091,1931.439824,454.631345,478.933705,254.877399,1039.214333,140.488717
2020-04-02,573.528144,1725.76668,522.724928,614.413091,1933.658245,450.442455,476.977903,252.355615,1029.255741,139.447326
2020-04-03,569.554752,1716.842664,518.645441,611.026719,1935.111284,445.660681,475.060336,249.614224,1018.813044,138.569791
2020-04-06,565.715567,1708.162849,514.862896,607.720258,1936.787522,440.813137,473.331085,247.017699,1008.563292,137.743961
2020-04-07,563.33878,1701.336184,511.764684,605.331493,1943.732842,436.903766,472.928644,244.642626,998.847382,137.027367
2020-04-08,560.76471,1693.800081,508.478458,602.614488,1950.720642,432.887037,472.381862,242.179895,988.88531,136.182602
2020-04-09,558.762357,1687.60821,505.627458,600.132065,1956.398159,429.221397,472.360832,239.910934,978.94653,135.471835
2020-04-10,557.047204,1682.431079,502.774091,597.731272,1962.506714,425.682457,472.212665,237.498952,969.024128,134.745046
2020-04-13,555.29045,1676.729319,499.956716,595.497178,1965.533879,422.105797,472.253769,235.384086,961.577926,134.366357
2020-04-14,553.167759,1670.936953,496.788887,592.911645,1968.983042,418.234146,472.125677,233.118817,954.038894,133.870421
2020-04-15,550.49572,1664.056062,493.176832,590.411177,1974.897312,414.138106,471.688823,230.744667,946.438079,133.475712
2020-04-16,547.903311,1657.157236,489.766526,587.876338,1979.952246,410.277095,470.80269,228.281936,939.281239,133.079547
2020-04-17,546.027557,1651.684004,486.62285,585.323458,1984.019504,407.164686,470.095312,225.9327,932.855178,132.711055
2020-04-20,544.311511,1645.988865,483.824418,583.262934,1987.222886,403.824987,469.169987,223.607455,926.359178,132.276292
2020-04-21,542.384315,1639.033228,480.803402,580.850974,1990.200359,399.803421,468.52379,221.031229,918.998867,131.79565
2020-04-22,541.429661,1632.331831,477.768652,578.458772,1992.473892,395.676431,467.793471,218.604485,911.121636,131.347051
2020-04-23,540.50588,1627.155027,475.055467,576.517689,1993.090161,392.038839,466.953221,216.007038,903.11484,130.89044
2020-04-24,539.874218,1621.074175,472.391063,574.310231,1993.597097,387.958275,465.600601,213.42989,895.250904,130.48772
2020-04-27,539.440285,1614.978337,469.668406,572.164637,1994.823311,384.211392,464.247025,210.969927,887.733845,130.124325
2020-04-28,539.089116,1609.057053,466.998792,569.811102,1995.827236,380.703402,463.05022,208.510887,880.139915,129.768941
2020-04-29,538.401533,1604.280625,464.629906,567.68184,1994.735642,377.33082,462.144012,206.10721,872.972002,129.411373
2020-04-30,538.223039,1602.078025,462.590637,566.281235,1993.773274,374.103315,461.545609,203.576199,866.228403,129.041424
2020-05-01,538.044545,1599.875425,460.551368,564.880631,1992.810906,370.875809,460.947205,201.045187,859.484805,128.671475
2020-05-04,537.957314,1596.927952,457.833449,562.781443,1990.416274,367.165678,460.996913,198.385918,852.255992,128.24982
2020-05-05,538.353217,1593.316357,455.09753,560.63843,1986.944512,363.294992,460.859261,195.499661,845.094658,127.843459
2020-05-06,538.968327,1589.75977,452.702597,558.630322,1982.860085,359.768624,461.051398,192.600486,838.503162,127.338057
2020-05-07,540.048237,1586.3078,450.103073,556.6901,1978.108777,356.313831,460.982572,189.81019,831.659524,126.805709
2020-05-08,542.134245,1584.704319,447.748396,555.701943,1976.567183,353.227535,461.107798,187.293942,825.103539,126.233308
2020-05-11,544.466298,1583.809351,445.249747,554.702615,1974.552983,349.630565,461.449061,185.043436,819.136929,125.696591
2020-05-12,545.686679,1582.558948,442.595286,553.682667,1971.749912,345.886583,462.195632,182.774475,812.673479,125.277122
2020-05-13,547.216044,1580.500061,440.500134,552.572495,1968.495017,342.592341,462.945069,180.722354,807.182471,124.955237
2020-05-14,548.454418,1576.896702,438.059736,550.914971,1964.664512,339.166563,463.192651,178.497684,801.747389,124.602039
2020-05-15,550.263815,1573.277498,435.722581,549.425862,1961.830723,336.000958,463.860836,176.576588,796.607153,124.352979
2020-05-18,553.308113,1573.061174,433.15905,548.728995,1959.729775,332.920466,464.659982,174.765295,791.561301,124.171645
2020-05-19,556.064747,1572.897876,430.538688,548.112899,1957.092065,329.874791,466.620564,172.907867,786.201675,124.077701
2020-05-20,558.692856,1573.14248,428.107288,547.830198,1954.125435,326.779792,468.537173,171.215604,781.282385,124.079158
2020-05-21,562.199313,1577.213459,426.575231,548.534796,1952.588354,324.434362,471.014905,170.096349,777.92298,124.561985
2020-05-22,565.239701,1581.162126,424.387726,549.394064,1951.769668,321.413834,472.952545,168.414237,773.839719,124.913
2020-05-25,569.081746,1587.007385,422.866088,551.270705,1952.601008,319.250236,475.407337,167.076299,771.2627,125.482488
2020-05-26,572.924944,1592.170725,421.703904,553.429184,1952.126599,317.808159,477.406157,165.899835,769.085,126.102224
2020-05-27,577.315736,1598.479177,421.957272,556.370455,1953.469395,317.107916,480.03588,164.85532,768.324432,126.70594
2020-05-28,582.402189,1604.875417,422.428019,559.151905,1956.571562,316.881594,482.291841,164.016571,769.691085,127.125409
2020-05-29,586.520799,1607.915786,423.079676,561.131761,1956.673677,316.615618,484.011534,163.120613,771.158302,127.443652
2020-06-01,592.342755,1614.444143,425.126522,564.27019,1960.990339,317.68436,486.91178,162.907466,775.109999,128.117279
2020-06-02,597.772341,1620.424033,427.336282,566.468862,1962.428015,318.688301,489.856957,162.668482,779.494515,128.80984
2020-06-03,602.013366,1625.671472,428.903858,568.271598,1963.012666,319.461085,492.199907,162.391667,783.103831,129.528618
2020-06-04,606.742559,1631.003809,429.856718,569.549912,1961.669873,319.801535,494.145193,162.046571,784.814818,130.165833
2020-06-05,611.49428,1634.99801,431.077626,570.588368,1960.712935,320.13715,496.733813,161.896168,786.996464,130.701821
2020-06-08,616.450302,1640.201567,432.822796,572.374999,1959.399959,321.0347,499.679945,161.894323,789.999456,131.261842
2020-06-09,620.368853,1644.5829,434.010554,573.850673,1955.930005,321.514424,502.106058,161.665489,792.672062,131.652181
2020-06-10,624.901457,1651.644028,435.546873,575.960933,1954.844739,322.323962,504.892552,161.686711,795.8504,132.127725
2020-06-11,629.122914,1657.988594,436.862972,577.863906,1953.529944,322.90621,507.387491,161.51324,798.731577,132.533357
2020-06-12,633.83274,1664.790644,438.462752,579.853459,1952.68324,324.019443,509.990449,161.580598,801.532463,132.766395
2020-06-15,638.775137,1671.425327,439.750911,581.764626,1951.421772,324.879274,512.413694,161.54738,803.844233,132.901849
2020-06-16,642.594944,1676.233828,440.644099,582.99759,1944.761091,325.205217,513.841832,161.298246,805.568138,132.952098
2020-06-17,646.518339,1682.289687,441.499872,584.400399,1937.846492,325.650122,515.788077,161.11278,807.002264,132.989238
2020-06-18,650.559247,1687.12126,442.398742,585.901844,1932.299993,325.830018,517.168419,160.9633,808.549906,133.0089
2020-06-19,655.534955,1692.066155,443.424532,587.257838,1927.506814,326.238171,518.770534,160.903323,810.126156,132.991422
2020-06-22,660.666558,1696.840706,444.688066,588.561842,1923.326382,326.951956,520.086829,160.980831,810.90136,133.040944
2020-06-23,665.570105,1701.743408,446.079941,590.161104,1920.149463,327.832097,521.360108,161.145997,812.786765,133.102845
2020-06-24,670.888046,1707.185349,447.682562,591.618787,1913.955764,328.23348,522.255801,161.187519,814.17844,133.139257
2020-06-25,675.953279,1712.50427,449.093854,593.099911,1909.471592,328.407573,523.375179,161.127542,814.75892,133.368654
2020-06-26,680.732435,1718.047476,450.478149,595.327725,1905.566118,327.895931,524.483086,160.967913,815.299719,133.472065
2020-06-29,685.167347,1723.074377,451.720845,596.847093,1903.059399,327.543875,525.951373,160.723392,815.687323,133.713114
2020-06-30,689.487911,1729.169365,453.086671,598.785048,1900.845103,327.923014,527.086045,160.60713,817.040242,133.932316
2020-07-01,692.981478,1734.883291,454.564265,600.503802,1897.213633,328.466573,528.209244,160.535158,818.363625,134.233082
2020-07-02,696.679905,1739.841755,455.837742,602.009221,1894.483491,328.658076,529.403182,160.51209,820.22227,134.601575
2020-07-03,700.215712,1746.578982,457.124954,603.986946,1892.774451,329.163914,531.070297,160.603439,821.939714,135.00211
2020-07-06,704.21693,1754.110405,458.766409,605.873895,1890.170227,329.433759,532.648514,160.735387,823.710687,135.448382
2020-07-07,707.975365,1761.368384,460.412127,608.353057,1887.981658,329.747128,534.206655,160.814741,825.306315,135.81532
2020-07-08,711.513745,1766.927126,461.674238,610.221025,1887.425369,329.718112,535.455079,160.847958,826.522648,136.174388
2020-07-09,714.94079,1770.340881,462.840684,611.54156,1887.347649,329.528543,536.49416,161.006666,827.397521,136.52187
2020-07-10,718.855729,1774.068469,463.819117,612.864706,1888.142424,329.145537,537.648905,161.100783,828.036144,136.852474
2020-07-13,723.562694,1779.215295,465.308549,615.170972,1891.721892,329.446332,538.687029,161.356375,829.46658,137.348698
2020-07-14,727.878724,1783.484402,466.704686,617.236852,1895.490078,329.730686,539.858982,161.645186,830.869333,137.821789
2020-07-15,731.531846,1789.34029,467.715795,620.267679,1900.55905,329.815798,540.195466,161.879556,832.251782,138.483493
2020-07-16,734.766175,1795.506138,469.018636,624.709243,1906.187139,329.968614,540.858873,162.165598,834.066129,139.113015
2020-07-17,738.129145,1801.047466,470.623151,628.855101,1910.9047,330.280048,541.560514,162.563288,836.089042,139.785661
2020-07-20,741.43227,1805.985356,472.68089,633.39406,1916.305859,331.108929,542.316644,163.030183,837.89785,140.434679
2020-07-21,746.076577,1810.976079,474.925697,637.894064,1922.130134,332.223127,542.467678,163.537677,840.172705,140.980662
2020-07-22,750.734358,1815.368342,476.807735,641.954009,1926.975342,333.055876,542.720039,163.868009,841.243226,141.587529
2020-07-23,756.426461,1820.237751,479.049698,646.459305,1930.958418,334.310318,543.242925,164.427175,842.071956,142.281378
2020-07-24,762.707978,1825.030293,481.2372,651.324685,1934.433394,335.453533,543.345209,164.898684,842.810244,142.945968
2020-07-27,769.249082,1829.769922,483.537415,656.436648,1938.615615,336.614159,543.755297,165.486454,844.4797,143.56
2020-07-28,776.272826,1836.255444,485.962185,661.718677,1943.717625,337.616167,543.101453,166.162805,846.641965,144.071299
2020-07-29,782.337567,1842.066057,487.927575,666.832834,1948.338416,338.494374,542.56901,166.860379,848.246821,144.529719
2020-07-30,788.444753,1847.283332,489.737629,672.028608,1952.840986,339.278763,541.76891,167.498899,849.866443,144.74448
2020-07-31,794.260934,1852.027085,491.574678,676.957357,1957.297625,340.357177,541.035723,168.248145,851.670638,145.009386
2020-08-03,799.550227,1856.29468,493.119996,681.727589,1961.655588,341.366921,540.159148,169.012154,853.520054,145.250508
2020-08-04,806.191376,1861.829116,494.912525,686.577802,1966.073655,342.494661,539.963184,169.754018,855.341785,145.429819
2020-08-05,812.419331,1866.451804,496.086076,690.910392,1970.065459,343.139775,539.883842,170.360243,856.873422,145.589534
2020-08-06,818.475513,1871.941094,496.990154,695.66498,1974.316394,343.756841,539.779532,170.964623,857.329344,145.810223
2020-08-07,824.71459,1877.763003,497.86345,700.192251,1977.529768,344.25978,539.974803,171.506257,857.170515,145.944069
2020-08-10,830.207109,1882.098362,498.460172,704.578425,1979.748384,344.729832,540.009348,171.944547,857.914016,146.074271
2020-08-11,835.687496,1886.350029,499.081994,708.76515,1982.059045,345.096396,539.913354,172.402214,858.372653,146.316983
2020-08-12,841.05792,1890.120496,499.474597,713.179198,1983.848804,345.289834,539.875438,172.926318,858.312526,146.585351
2020-08-13,846.033447,1893.04875,500.017803,717.419921,1985.701616,345.680578,539.202904,173.44027,859.579615,146.761274
2020-08-14,850.916997,1896.517002,500.028223,721.775612,1987.698557,345.761821,538.173348,173.600823,860.246497,146.861892
2020-08-17,855.707146,1899.772114,500.187823,725.897883,1989.664712,345.769557,536.990352,173.717086,861.135918,147.032798
2020-08-18,861.036141,1903.307686,500.843268,730.251832,1992.059251,346.175776,536.233076,173.913625,862.24374,147.188256
2020-08-19,866.166912,1905.973647,501.551283,734.492557,1993.837871,346.590699,535.672415,174.086173,863.560859,147.334167
2020-08-20,871.295962,1909.290642,502.407531,738.86828,1995.701646,347.103308,535.205685,174.410969,864.926587,147.509329
2020-08-21,875.825642,1913.024141,503.382175,743.34068,1997.857871,347.624622,534.479537,174.766214,866.337277,147.704932
2020-08-24,880.248805,1916.916279,504.965853,747.867081,2000.28906,348.577301,534.060695,175.278322,868.184951,147.996585
2020-08-25,884.519729,1920.435967,506.190549,751.993706,2002.584341,349.416819,533.786316,175.925147,869.918275,148.300333
2020-08-26,889.312466,1924.110398,507.509017,756.298881,2004.912891,350.333713,532.885796,176.606112,871.627605,148.652523
2020-08-27,893.49683,1927.86481,508.381838,760.360186,2007.263528,351.111332,531.969752,177.270468,873.242025,148.915323
2020-08-28,896.796725,1931.333796,509.150473,764.361396,2008.508157,351.999211,531.067934,178.0151,874.944203,149.235209
2020-08-31,899.894812,1935.419824,509.975462,768.278994,2008.974041,352.522459,529.804072,178.46354,875.788632,149.472978
2020-09-01,903.280353,1939.187239,510.780562,771.649625,2009.245947,352.808747,529.219273,178.936894,875.713698,149.684556
2020-09-02,906.974482,1943.162852,511.743367,775.305061,2009.619094,353.665674,529.127065,179.520973,875.867689,149.826392
2020-09-03,910.612477,1948.19373,512.710908,779.399465,2009.166858,354.279838,528.762515,180.035848,876.355736,149.822772
2020-09-04,913.719919,1951.246252,513.306209,782.377292,2008.794468,354.73345,528.086274,180.441843,876.144015,149.844464
2020-09-07,917.043423,1955.267002,513.632511,785.74444,2008.592444,355.319565,527.134199,180.97056,876.2121,149.873124
2020-09-08,920.760712,1959.9973,514.073895,789.286649,2008.072207,355.78865,525.987839,181.442991,875.862406,149.925076
2020-09-09,924.667405,1964.195918,514.18661,792.698215,2007.543921,355.857321,524.953746,181.628457,875.735809,149.79012
2020-09-10,929.688247,1967.320703,514.197501,795.893783,2007.385149,356.009169,523.819762,181.862827,875.508618,149.629076
2020-09-11,934.511399,1970.455012,514.242019,799.081512,2007.290212,356.192935,522.136692,182.195005,875.160886,149.428695
2020-09-14,938.599083,1974.531003,513.815317,802.816205,2006.762163,356.228721,520.209614,182.387853,874.400013,149.176283
2020-09-15,943.091678,1978.490171,513.48712,806.096257,2006.387031,356.141675,518.682897,182.601,873.92557,148.985247
2020-09-16,947.866758,1983.541209,513.328943,810.051302,2005.779561,356.252901,517.19511,182.717263,873.715131,148.745111
2020-09-17,952.169824,1988.11116,512.937286,814.045542,2005.078096,356.226787,515.514037,182.649904,873.147815,148.486561
2020-09-18,956.048024,1992.174197,512.484537,817.88301,2002.965066,356.404749,514.015658,182.594541,872.712484,148.252562
2020-09-21,958.957694,1996.5473,512.191387,821.590706,1998.984929,356.348651,511.771736,182.467206,872.000028,147.918058
2020-09-22,961.625232,2002.765496,511.969274,825.49698,1995.358757,356.519844,509.540461,182.469974,871.097067,147.585089
2020-09-23,965.132976,2006.93385,511.91339,828.785739,1991.468025,356.636874,507.088686,182.469974,870.283361,147.183071
2020-09-24,968.196357,2008.637539,511.608873,829.90754,1987.498782,356.463748,504.37495,182.287277,869.12014,146.764175
2020-09-25,970.826257,2012.508831,511.093136,831.79405,1983.01146,356.364127,501.975198,182.176551,868.59345,146.406655
2020-09-28,973.513745,2016.325078,510.346287,833.119656,1978.301833,356.364127,499.480126,182.111961,868.42979,146.108977
2020-09-29,975.994015,2020.926758,509.626434,834.378197,1973.2778,355.943401,496.983546,181.939413,867.787817,145.758363
2020-09-30,978.082974,2026.192446,509.174156,835.95203,1970.158884,355.433693,494.179114,181.817615,867.57689,145.377059
2020-10-01,979.601514,2032.347524,508.952043,837.862926,1968.204773,354.98782,491.630693,181.670903,867.468593,144.919035
2020-10-02,980.318842,2038.743738,508.83696,839.514274,1966.287969,354.744089,489.230438,181.640454,867.584552,144.47789
2020-10-05,980.826683,2047.463081,509.167051,841.260554,1964.442466,355.026508,486.677649,181.66998,867.602668,144.061295
2020-10-06,981.122772,2054.532041,509.711203,842.878805,1962.302561,355.577805,484.071488,181.709658,867.360759,143.670017
2020-10-07,982.581459,2062.568169,510.63612,844.836733,1960.795884,356.189066,481.352233,181.70043,866.875381,143.252655
2020-10-08,983.764008,2072.112278,511.973058,847.140435,1960.159946,357.012142,478.929449,181.791779,866.515331,142.850638
2020-10-09,985.272573,2081.400388,513.874513,849.593071,1958.876211,358.070247,476.479951,181.918191,866.569445,142.447085
2020-10-12,987.340673,2091.462581,515.879208,852.644927,1957.668301,359.246347,473.979093,182.037221,866.528069,142.134064
2020-10-13,988.520502,2101.542256,517.364378,856.267268,1956.579182,360.121652,471.451487,182.112884,866.159424,141.773475
2020-10-14,989.981007,2111.363835,519.106708,859.616997,1955.914014,361.177821,468.694322,182.271592,865.963001,141.389869
2020-10-15,990.637576,2119.125374,520.324302,862.010405,1954.67322,361.801657,465.699237,182.306655,865.342076,140.924941
2020-10-16,990.903741,2127.508022,521.797161,865.08665,1953.57679,362.539622,462.645631,182.404463,864.940848,140.459244
2020-10-19,991.414757,2135.201858,523.245392,868.127189,1953.047759,363.57548,459.553652,182.592697,863.876808,139.989711
2020-10-20,991.615176,2143.428054,524.735298,871.420303,1952.361587,364.489472,456.750436,182.740332,863.046427,139.443458
2020-10-21,991.587971,2150.932224,526.468632,874.789189,1951.777732,365.523394,454.281075,182.748637,862.575383,138.882628
2020-10-22,991.451033,2158.41249,528.119085,877.887211,1951.425051,366.390961,452.272199,182.774473,861.562542,138.377803
2020-10-23,991.444231,2166.3823,530.026224,881.039379,1950.875918,367.465507,450.464788,182.890735,860.788945,137.984225
2020-10-26,990.879707,2174.18011,531.713616,883.946665,1950.340498,368.321468,448.788806,182.957171,859.875714,137.520829
2020-10-27,990.117488,2180.673567,533.386331,886.29859,1949.65249,369.102957,447.005376,182.948866,859.454939,137.039789
2020-10-28,989.028346,2187.257283,534.740789,888.542454,1949.374004,369.520781,445.393672,182.827068,858.966209,136.534197
2020-10-29,988.392183,2194.089897,535.955066,890.828674,1948.462825,370.142682,443.959448,182.715419,857.82583,136.04395
2020-10-30,988.144155,2201.561829,536.882353,892.974618,1946.318545,370.557606,442.299775,182.546562,856.622152,135.55984
2020-11-02,986.164475,2207.985227,537.81248,895.350944,1944.326934,371.275259,440.966281,182.446909,855.466881,135.100282
2020-11-03,984.063276,2215.012761,539.027233,897.71761,1942.315122,372.387526,439.545486,182.387855,854.858991,134.712073
2020-11-04,982.031,2222.19375,540.343332,900.41589,1940.315706,373.310223,438.366448,182.335261,854.655966,134.326168
2020-11-05,980.619923,2230.035059,541.831346,903.356437,1939.305332,374.205839,437.33323,182.390624,854.675496,134.026956
2020-11-06,979.830953,2238.430154,543.660815,906.656584,1938.496829,374.846117,435.922029,182.286357,854.628951,133.695521
2020-11-09,979.558894,2246.834541,545.78912,910.491604,1939.026858,376.163427,435.129607,182.424764,855.36622,133.414722
2020-11-10,979.534408,2254.078179,548.311922,913.77724,1938.821836,377.960462,433.597529,182.675743,857.200365,133.232894
2020-11-11,978.346417,2261.663672,550.734798,917.445018,1938.882061,379.781677,432.217028,183.006999,859.516699,133.140062
2020-11-12,977.148448,2268.354993,553.015596,920.827971,1940.108975,381.599022,431.101305,183.258901,861.989728,133.084823
2020-11-13,976.415249,2274.984097,555.284083,924.610165,1941.476711,383.784864,430.191843,183.680582,864.398151,133.09096
2020-11-16,975.633079,2280.944841,557.63592,928.289586,1942.150952,385.954266,429.430121,184.078272,866.999272,133.060272
2020-11-17,974.600614,2286.697473,560.439562,931.711974,1943.054534,388.095619,429.170138,184.745396,870.446027,133.047996
2020-11-18,973.021315,2292.117766,563.396644,935.104036,1943.304006,390.611273,428.674154,185.800062,875.30316,133.051832
2020-11-19,969.930275,2297.656785,566.084728,938.038867,1943.498501,392.701367,428.12157,186.567762,879.683309,133.097864
2020-11-20,966.119183,2302.855056,569.16305,940.991482,1943.036636,394.823376,427.969033,187.306859,884.092543,133.216782
2020-11-23,962.928387,2307.126755,572.351714,944.01712,1943.396343,396.845765,428.029471,188.048722,888.664224,133.331864
2020-11-24,959.710842,2311.359851,575.834477,946.97573,1944.252759,398.908776,427.812659,188.855177,893.2729,133.542847
2020-11-25,956.294241,2315.026125,578.762669,949.168556,1944.365625,400.804464,427.474008,189.681931,897.290857,133.74539
2020-11-26,953.155134,2319.765837,582.011955,951.157118,1945.095574,402.860704,427.270626,190.604648,901.651488,133.993967
2020-11-27,949.746235,2323.980041,585.644847,953.067434,1946.070325,404.868586,426.670074,191.557814,906.183762,134.217226
2020-11-30,946.789408,2327.925149,589.353514,954.84275,1948.157957,407.241097,426.583733,192.636469,911.066992,134.491887
2020-12-01,944.46557,2331.690295,593.122326,957.326272,1950.351873,409.769325,426.746822,193.77787,916.299781,134.80184
2020-12-02,941.993013,2336.824446,596.529316,959.650111,1952.19019,412.256931,427.727276,194.943261,921.414484,135.161662
2020-12-03,940.023761,2343.617349,599.814121,962.492083,1953.663496,415.08402,428.890006,196.418684,926.929868,135.616617
2020-12-04,937.711715,2349.15437,603.049674,964.850463,1955.843364,418.051352,429.92802,197.919022,932.189646,136.037816
2020-12-07,935.371555,2354.799629,606.062166,967.382953,1959.634363,420.903588,431.180928,199.438736,937.579586,136.49584
2020-12-08,933.092609,2360.405654,609.033929,970.113251,1964.046204,423.831265,432.485641,201.041494,943.13957,137.002965
2020-12-09,931.211775,2366.180405,612.146349,973.241312,1968.40977,426.863398,434.060891,202.60919,948.767245,137.520065
2020-12-10,929.232548,2370.94585,614.788024,976.074465,1973.355859,429.527999,435.457702,204.071696,954.550029,138.162219
2020-12-11,927.242438,2375.699009,617.400808,978.8275,1978.748872,432.357022,436.840122,205.58772,960.407782,138.859613
2020-12-14,925.239177,2377.513257,619.842628,981.063452,1983.775017,435.310812,438.348218,207.164643,967.424933,139.57542
2020-12-15,923.098982,2378.544619,622.184048,983.00141,1987.780063,437.969611,439.834247,208.623458,974.458545,140.245194
2020-12-16,920.551152,2380.121582,624.537305,984.946669,1991.79616,440.48043,441.633025,210.075814,981.997196,140.928011
2020-12-17,918.250896,2380.551436,626.905243,986.30455,1994.893354,442.857776,443.372324,211.482035,989.863612,141.63231
2020-12-18,916.057194,2381.604185,628.58932,987.972987,1998.71084,445.09488,445.011849,212.831969,997.272078,142.348117
2020-12-21,913.360637,2381.642183,630.095331,988.980647,2002.045413,446.844522,446.467181,213.865412,1003.844499,142.819951
2020-12-22,910.241029,2382.659106,631.749574,990.301224,2005.476499,448.857239,448.098073,215.004967,1011.118632,143.330146
2020-12-23,907.124595,2384.398989,633.304363,992.557209,2009.6346,450.729715,449.900688,216.166667,1018.083525,143.943146
2020-12-24,905.198875,2387.360229,635.462502,995.014696,2014.481741,453.100291,452.166668,217.532287,1025.490597,144.611386
2020-12-25,903.551561,2389.92314,637.335542,997.136859,2019.36543,455.372214,454.385641,218.840699,1032.798993,145.269652
2020-12-28,901.983597,2393.746011,639.31798,999.361717,2023.505625,457.36462,456.762905,220.154647,1040.459772,145.902601
2020-12-29,900.479567,2397.106489,641.243114,1001.56058,2027.647104,459.573677,458.974202,221.535954,1047.76609,146.579279
2020-12-30,899.308805,2401.210996,643.002966,1003.50882,2032.380552,461.671507,460.838215,222.885888,1055.075937,147.246752
2020-12-31,898.205608,2404.573223,644.925732,1005.951706,2036.611975,464.034346,462.354945,224.208142,1062.080697,147.867425
2021-01-01,897.067042,2408.810234,646.718263,1008.380505,2041.347739,466.172797,463.904292,225.621744,1069.171697,148.528759
2021-01-04,896.72017,2414.974023,648.66092,1011.475714,2046.381406,468.63429,465.497769,227.178366,1076.401235,149.216947
2021-01-05,896.099877,2423.096182,650.49465,1015.048936,2051.675576,471.096747,467.045198,228.785739,1082.910974,149.895927
2021-01-06,895.218407,2430.629585,652.492718,1018.667933,2056.327866,474.010884,468.454481,230.531518,1089.550088,150.508161
2021-01-07,894.168712,2437.651479,654.662225,1021.965615,2060.866116,476.742222,470.266689,232.358498,1097.562928,151.105818
2021-01-08,893.073221,2445.654326,657.012167,1026.393625,2066.749746,479.633146,472.310101,234.143955,1106.322681,151.662045
2021-01-11,893.25278,2455.689228,659.249396,1031.744208,2073.317568,482.094637,474.032131,235.739331,1114.642053,152.2106
2021-01-12,894.219949,2465.187158,661.456788,1037.188104,2079.206719,484.109289,476.164763,237.358699,1122.614116,152.768361
2021-01-13,894.452105,2474.063018,663.476643,1042.350303,2084.950569,486.4199,478.566971,239.20044,1130.445737,153.404378
2021-01-14,894.502888,2484.086284,665.366732,1047.042411,2090.398313,488.640563,480.931765,240.835495,1138.388385,154.008939
2021-01-15,893.671295,2493.422827,666.872743,1051.130618,2095.125088,490.578806,483.862573,242.397654,1145.854664,154.682549
2021-01-18,893.065964,2502.219365,668.222939,1054.220542,2098.804431,491.941573,486.071952,243.780807,1152.880636,155.40296
2021-01-19,892.44794,2513.051929,669.266727,1058.19255,2102.971165,493.152493,488.487591,245.015402,1159.260374,156.0244
2021-01-20,892.969386,2524.059805,670.233318,1062.01226,2107.105715,494.399198,490.743018,246.276754,1165.39434,156.520784
2021-01-21,894.052181,2534.747158,671.209857,1065.92,2110.334438,495.869324,492.690495,247.532573,1171.051938,156.91513
2021-01-22,894.534634,2546.197964,672.012587,1069.734427,2114.454272,496.802661,494.630298,248.533721,1176.946768,157.277254
2021-01-25,894.032233,2557.441304,672.998121,1073.27155,2118.394785,497.81821,496.644931,249.48412,1182.826418,157.594879
2021-01-26,893.558397,2568.523184,673.513383,1076.817482,2122.477837,498.817316,498.490718,250.236135,1188.148091,157.908669
2021-01-27,892.722268,2579.764624,673.521908,1080.17062,2127.245073,499.295106,500.263592,250.672579,1192.165913,158.316825
2021-01-28,891.84624,2589.692178,673.494441,1083.330084,2130.365288,500.252621,502.227377,251.458734,1196.172344,158.603762
2021-01-29,891.32434,2597.712046,673.369886,1085.719277,2133.007312,501.351347,503.568547,252.184911,1200.01366,158.780987
2021-02-01,890.821938,2605.101118,674.147993,1087.850531,2135.199648,503.973393,505.523699,253.513623,1206.143828,159.166126
2021-02-02,890.475063,2613.655771,675.306863,1090.160493,2136.544111,506.665075,507.923988,255.160673,1213.44499,159.513673
2021-02-03,890.31954,2622.514785,676.936006,1093.135973,2138.328142,509.559866,510.701301,256.876003,1221.274714,159.865055
2021-02-04,890.062898,2630.831172,678.379974,1096.061274,2140.009187,512.519461,513.237818,258.899521,1229.074072,160.404403
2021-02-05,890.008033,2639.329902,679.86467,1099.091335,2142.424988,515.243062,515.499003,261.646448,1236.553633,161.028912
2021-02-08,890.204369,2648.815845,681.421826,1102.675122,2144.235691,518.265522,518.071015,264.46627,1244.703149,161.63424
2021-02-09,890.215706,2656.820352,683.113009,1105.62772,2145.765913,521.133233,520.363856,267.174443,1253.25312,162.165149
2021-02-10,890.362162,2665.06561,684.768674,1108.367277,2147.535242,524.067679,522.384243,269.855857,1261.586736,162.650026
2021-02-11,891.193301,2673.886216,686.617086,1111.293463,2150.022776,526.94603,524.65214,272.325969,1269.279812,163.114188
2021-02-12,892.053459,2682.121943,688.476864,1114.377223,2151.077568,529.761513,526.426934,274.718573,1276.337097,163.409563
2021-02-15,892.728165,2689.283779,690.791288,1117.302526,2150.324402,532.924217,528.053029,277.253275,1283.320366,163.646631
2021-02-16,893.324427,2694.853838,693.162543,1119.715485,2149.14915,535.824812,529.786572,279.660643,1290.495317,163.889069
2021-02-17,893.834993,2699.559341,694.860828,1121.583522,2146.789441,538.646097,531.528747,282.270086,1297.467197,164.07857
2021-02-18,894.385458,2704.452959,696.456345,1123.779037,2143.04481,541.309733,533.138533,284.95796,1303.810879,164.172937
2021-02-19,895.061069,2709.613779,697.936782,1126.034426,2139.483186,543.410465,534.61497,287.303505,1309.779726,164.167567
2021-02-22,895.213423,2712.533457,699.602389,1127.806501,2135.746838,545.036307,535.905291,289.431288,1313.623889,164.110045
2021-02-23,895.658693,2716.469883,700.908071,1129.774016,2133.157227,546.93683,537.08241,291.737157,1318.179761,164.111379
2021-02-24,896.424537,2718.918037,702.762169,1131.686069,2130.120691,549.425403,538.171271,294.262632,1323.082949,164.111311
2021-02-25,897.864182,2721.774888,704.32122,1133.71697,2127.325083,551.70023,539.400196,296.837934,1327.403481,164.130537
2021-02-26,898.718903,2722.455908,705.486719,1134.83498,2123.620925,553.259335,540.276081,299.028463,1330.458127,164.044186
2021-03-01,900.188021,2724.379448,707.250834,1136.414277,2120.631277,555.461622,541.068503,301.616684,1334.97509,164.183012
2021-03-02,901.723339,2726.828652,709.098773,1137.893215,2118.184206,557.593303,541.853251,304.140314,1339.206426,164.362101
2021-03-03,904.06531,2729.569175,711.099208,1139.486597,2114.93156,560.078973,542.603461,306.761751,1343.611414,164.475229
2021-03-04,905.713075,2732.133887,712.566857,1141.146875,2111.154736,562.152625,543.031331,309.138669,1347.414773,164.571383
2021-03-05,907.386686,2733.966338,713.825653,1142.566829,2107.455166,564.00769,543.328729,311.294135,1351.236164,164.649457
2021-03-08,909.089774,2735.427607,714.835815,1144.247363,2103.51282,565.708973,543.407397,313.405312,1355.521589,164.705074
2021-03-09,910.912566,2737.643169,716.117344,1145.924373,2100.095564,567.571777,543.436177,315.429751,1359.762417,164.726091
2021-03-10,912.603412,2740.582383,717.284738,1148.060913,2096.807976,569.445218,543.62229,317.474491,1364.168354,164.732807
2021-03-11,914.386757,2744.338462,718.41614,1150.038997,2093.726374,571.196793,543.932159,319.555216,1368.658752,164.772513
2021-03-12,915.747958,2746.716558,719.618104,1152.053171,2090.364294,572.847783,544.105801,321.432022,1372.777166,164.717361
2021-03-15,916.818507,2747.28748,720.685098,1153.555872,2086.39803,574.236663,544.216127,323.33005,1375.987434,164.673043
2021-03-16,918.038239,2747.690532,721.494462,1155.143965,2082.600066,575.3528,544.509688,325.116429,1378.938643,164.696381
2021-03-17,919.317822,2748.872822,722.202948,1156.990874,2079.087161,576.180712,544.463639,326.649984,1381.285381,164.855787
2021-03-18,920.206096,2749.039145,722.910962,1158.310474,2076.261211,576.906103,544.117316,328.115257,1382.977346,165.16593
2021-03-19,921.550974,2747.900347,723.534678,1158.880039,2074.805483,577.768834,543.919691,329.686644,1383.695696,165.579348
2021-03-22,923.048658,2747.183608,723.702329,1158.784968,2073.409521,578.324965,543.552259,331.246036,1384.645588,166.025375
2021-03-23,924.23166,2746.722622,723.883713,1158.78145,2072.69959,579.067766,542.851935,332.726074,1385.680886,166.351047
2021-03-24,925.215607,2746.162651,723.960907,1158.193396,2071.711016,579.280548,541.804325,333.705077,1385.996885,166.504804
2021-03-25,925.495375,2742.895122,723.909758,1157.547239,2068.740688,579.63357,540.407515,334.589961,1385.8925,166.545671
2021-03-26,926.014102,2739.966914,724.143235,1157.393181,2068.129145,580.32124,538.869678,335.5745,1386.73042,166.518758
2021-03-29,926.111137,2737.242666,724.220903,1157.818374,2067.858774,581.199444,537.633079,336.732509,1387.911855,166.462691
2021-03-30,926.22812,2735.446719,724.693069,1159.027053,2068.513535,582.069912,536.274641,337.880368,1388.931025,166.477821
2021-03-31,925.760178,2733.144419,724.708699,1159.530598,2069.903057,582.671502,534.76175,339.019923,1389.619006,166.573467
2021-04-01,925.056906,2731.230679,724.821885,1160.331692,2070.481499,583.478135,533.599979,340.418761,1391.010156,166.754091
2021-04-02,924.80525,2728.802666,725.231066,1161.112534,2070.292978,584.650367,532.524549,342.023365,1392.575916,166.980748
2021-04-05,925.273193,2727.881396,725.105566,1162.605559,2069.807422,585.292579,531.517233,343.363149,1393.382515,167.133986
2021-04-06,925.665867,2727.413726,724.891505,1164.118833,2069.967432,585.831302,530.585706,344.647569,1394.135972,167.288796
2021-04-07,926.643918,2727.595708,725.247643,1166.393579,2070.224009,586.901014,530.025449,346.177433,1394.976733,167.417956
2021-04-08,927.811957,2729.71957,725.828737,1169.274871,2072.237944,587.838218,529.490133,347.529214,1396.377375,167.600612
2021-04-09,929.082472,2733.42751,726.124729,1172.831367,2076.138911,588.403054,529.329921,348.837627,1397.694512,167.832314
2021-04-12,929.226206,2735.312251,725.085677,1175.733792,2080.063779,587.140874,528.242019,349.172573,1395.726409,167.746511
2021-04-13,929.280618,2733.564653,723.568303,1177.950439,2084.182686,586.043116,527.029402,349.318361,1392.946003,167.679638
2021-04-14,929.291045,2731.876821,721.915956,1179.931165,2088.257456,584.84864,525.634509,349.411555,1390.007126,167.635015
2021-04-15,929.472416,2732.413052,720.504664,1181.364331,2092.212671,583.821487,524.459308,349.182721,1387.062559,167.356404
2021-04-16,929.548138,2733.06708,718.904413,1182.801897,2095.69521,582.908462,523.685114,348.20095,1384.076238,167.029932
2021-04-19,929.096976,2732.147568,717.077784,1183.840671,2099.373628,581.557301,522.325718,346.98481,1379.495691,166.685693
2021-04-20,928.598202,2731.578799,714.989734,1184.647044,2102.706284,580.121028,521.006616,345.779742,1375.036614,166.372134
2021-04-21,927.934833,2730.370054,713.186782,1185.612754,2105.684883,578.707968,519.855399,344.621734,1370.835644,166.080825
2021-04-22,926.580886,2728.836934,711.767439,1186.641848,2107.273965,577.712731,518.565076,343.634428,1367.159443,165.843341
2021-04-23,925.33622,2727.407563,710.178079,1187.064404,2108.491523,576.21069,517.343826,342.588068,1363.393091,165.735308
2021-04-26,924.476967,2726.721006,708.17196,1187.661262,2111.166658,574.608058,516.074608,341.431904,1359.564106,165.608843
2021-04-27,923.834454,2727.128892,706.391743,1188.684192,2114.546211,573.455171,514.930106,340.522106,1356.360479,165.489321
2021-04-28,923.055005,2728.025557,705.352693,1189.999395,2119.00907,572.758796,513.979393,339.629838,1353.087578,165.379042
2021-04-29,922.659159,2729.043521,704.5779,1191.124443,2123.80481,572.310022,513.054583,338.600085,1349.93804,165.233019
2021-04-30,921.881072,2728.40707,703.376881,1192.234524,2126.980207,571.854475,512.198843,337.750264,1346.742949,165.104766
2021-05-03,921.436256,2729.788101,702.111929,1193.76364,2131.401663,571.601073,511.979155,337.032391,1344.660972,165.00886
2021-05-04,920.467273,2731.010889,700.778303,1194.873721,2135.602427,571.122315,511.727807,336.218555,1341.838816,164.868932
2021-05-05,919.189506,2733.605918,698.847484,1196.056868,2139.571443,570.381448,511.478377,335.280153,1338.271738,164.751801
2021-05-06,917.254714,2735.648003,696.90104,1197.589504,2143.740938,569.998441,511.086962,334.326063,1335.110813,164.651179
2021-05-07,915.857693,2739.842949,695.767745,1199.336939,2148.87509,570.179305,511.321043,333.737369,1333.216719,164.674762
2021-05-10,914.26615,2743.733726,694.450697,1200.614277,2154.199612,570.274089,512.095236,333.123763,1331.739216,164.653538
2021-05-11,912.69864,2745.777593,692.891175,1201.074683,2158.322209,570.261515,512.617119,332.578437,1329.802422,164.560776
2021-05-12,910.078261,2746.278672,691.116642,1200.783294,2160.81342,569.539026,512.91356,331.889168,1327.684385,164.455438
2021-05-13,907.695934,2746.945024,689.671725,1200.724314,2163.242104,569.036086,513.338552,331.373369,1326.217324,164.354029
2021-05-14,905.50677,2747.708931,688.315842,1200.719033,2166.474521,568.801058,513.868112,330.945229,1325.305388,164.412202
2021-05-17,903.414183,2748.813057,687.565206,1200.607227,2170.184192,569.101854,514.327638,330.825275,1322.867556,164.484523
2021-05-18,901.572345,2749.478516,686.752529,1200.509509,2173.416599,569.258539,514.60777,330.726545,1321.140481,164.519898
2021-05-19,899.895557,2749.672798,685.828558,1199.961067,2175.842517,569.25564,514.65286,330.665646,1318.848784,164.539551
2021-05-20,898.113119,2749.480278,684.664006,1199.45312,2177.981521,569.120234,514.553087,330.607515,1316.676655,164.547412
2021-05-21,896.888402,2749.876763,684.146377,1199.094832,2180.878284,569.692809,514.682599,330.978447,1314.855635,164.607942
2021-05-24,895.770695,2750.146655,683.969255,1198.64499,2183.190178,570.541031,514.758387,331.497936,1314.086995,164.703063
2021-05-25,894.52421,2750.483911,683.65479,1198.25061,2185.029377,571.611707,514.696987,332.121694,1313.881072,164.751015
2021-05-26,893.750656,2751.556387,683.481458,1198.431074,2187.378059,572.830363,514.75167,332.95952,1314.550076,164.751015
2021-05-27,893.451392,2754.352822,683.402369,1199.578137,2189.423262,574.255029,514.609684,334.031716,1315.589163,164.648821
2021-05-28,893.56747,2756.265298,683.458724,1200.64509,2189.600742,575.346018,514.487846,334.971041,1316.857895,164.490812
2021-05-31,894.455287,2757.05564,683.901053,1201.313953,2189.358887,577.073418,514.620237,336.029397,1318.141812,164.343023
2021-06-01,895.193472,2757.509653,684.010452,1201.853044,2189.745122,578.305615,514.69027,337.133887,1319.476028,164.233753
2021-06-02,896.589586,2757.925591,684.249137,1202.553372,2190.484478,579.869557,514.802514,338.562253,1321.409976,164.124482
2021-06-03,898.568359,2759.538975,684.790923,1203.800708,2192.805562,581.39191,515.268758,340.195629,1324.06227,164.084391
2021-06-04,900.344448,2761.162241,684.882325,1204.934607,2193.249727,582.632814,515.464465,341.679417,1326.705073,164.050588
2021-06-07,902.45517,2763.482481,684.963309,1206.13969,2193.64332,583.980107,515.732123,343.13806,1329.732197,164.059236
2021-06-08,904.135587,2764.489072,684.294131,1206.894956,2192.912231,584.965673,516.217553,344.436215,1332.115937,164.045086
2021-06-09,905.694485,2765.15812,684.167683,1207.99575,2191.523633,586.010234,516.653097,345.562687,1334.021414,163.950751
2021-06-10,907.155895,2766.345479,684.113695,1208.954763,2191.150273,586.900046,517.120298,346.77312,1335.446721,163.876881
2021-06-11,908.960693,2768.539888,684.109907,1210.315977,2190.550698,587.698943,517.504999,347.934198,1336.563623,163.780364
2021-06-14,911.31968,2769.480078,684.392638,1211.507478,2190.707207,588.935009,517.717974,349.424813,1338.688303,163.792058
2021-06-15,913.800349,2769.726387,684.866227,1212.894065,2190.72481,590.470902,517.915599,350.954962,1340.77218,163.798135
2021-06-16,915.763345,2770.059849,685.220471,1214.062727,2191.093979,591.678916,517.82254,352.271357,1342.418599,163.799073
2021-06-17,917.740524,2770.352212,685.535879,1215.323098,2191.559175,592.767971,517.547207,353.536032,1343.716753,163.773069
2021-06-18,920.020006,2770.197124,686.085715,1216.704705,2192.016494,594.009841,517.422491,354.711796,1345.081333,163.731629
2021-06-21,923.048015,2770.9454,687.237955,1218.302302,2193.313945,595.803008,517.751548,356.460811,1347.394853,163.811205
2021-06-22,925.784104,2774.695493,688.028374,1220.608992,2194.304702,597.161908,517.756346,357.96512,1349.776699,163.84784
2021-06-23,928.33455,2777.742427,688.834895,1222.760852,2195.114839,598.401844,517.716055,359.473154,1351.779919,163.865872
2021-06-24,930.299791,2780.751543,689.556169,1226.551074,2195.988799,599.540225,517.512673,360.919085,1354.235784,163.904025
2021-06-25,931.929301,2784.306313,690.375005,1230.731487,2196.126138,601.127378,517.404266,362.632733,1357.361602,163.951643
2021-06-28,933.666597,2787.66916,691.283821,1234.714255,2196.886675,602.878955,517.495404,364.469677,1361.233286,164.012751
2021-06-29,935.425262,2791.407739,692.393446,1238.738498,2198.967461,604.445797,517.394672,366.239291,1364.638088,164.101237
2021-06-30,937.391869,2795.232896,693.463595,1243.078628,2200.65459,605.834678,517.30737,367.966068,1367.84646,164.180017
2021-07-01,939.195293,2799.435689,694.133104,1247.06011,2203.34958,606.833784,517.150037,369.583246,1370.797671,164.226704
2021-07-02,941.300322,2803.518403,694.821295,1251.477878,2206.982881,608.193649,517.196085,371.278614,1373.886479,164.272331
2021-07-05,943.294026,2807.675469,695.741213,1255.92241,2209.860923,609.291407,517.127013,372.982769,1377.151794,164.338965
2021-07-06,944.595896,2810.246904,696.713416,1259.981704,2211.89398,610.288577,516.969679,374.471437,1379.521301,164.385424
2021-07-07,945.685094,2813.180732,697.370404,1263.95166,2213.605479,610.920151,516.687631,375.82684,1382.188774,164.450532
2021-07-08,946.372905,2815.979522,697.886904,1267.846938,2214.665962,611.315729,516.389272,377.099612,1384.884717,164.506197
2021-07-09,947.13395,2819.288252,698.798093,1271.815691,2216.789102,612.05176,516.379679,378.468228,1387.9052,164.578074
2021-07-12,948.333871,2822.307334,699.546227,1275.557107,2217.779243,613.009276,515.819419,379.959272,1390.908601,164.671849
2021-07-13,950.06072,2825.004199,700.682838,1279.645691,2218.637803,614.429109,515.389632,381.464439,1394.248879,164.798983
2021-07-14,951.631154,2827.37022,701.658794,1284.089839,2219.330688,615.619717,514.815943,382.933951,1398.15947,164.934213
2021-07-15,953.069524,2829.377886,702.855848,1288.249499,2220.062783,616.765835,514.177017,384.412802,1403.27332,165.082999
2021-07-16,954.774553,2830.864136,703.937416,1292.117361,2220.49853,617.794923,513.652253,385.810164,1408.512432,165.217599
2021-07-19,956.407516,2831.948237,704.482199,1295.969407,2220.373062,618.619935,512.997979,387.104746,1412.585293,165.346627
2021-07-20,957.930585,2833.810308,704.916438,1300.12675,2221.300347,619.239902,512.179656,388.214515,1416.509172,165.484658
2021-07-21,959.635028,2836.287744,705.389041,1304.348357,2223.573018,620.15196,511.488925,389.267999,1420.400784,165.63448
2021-07-22,961.584268,2838.951992,705.914438,1309.28449,2224.79439,621.335799,511.20016,390.3429,1425.2755,165.787537
2021-07-23,963.177994,2842.18897,706.503054,1314.411694,2224.76335,622.870729,510.967999,391.679176,1429.000103,165.886449
2021-07-26,964.300149,2844.834165,706.507874,1319.549377,2224.569219,623.898849,510.860552,392.493162,1433.00179,165.959637
2021-07-27,964.97317,2846.885928,706.216914,1324.476409,2224.295161,624.754809,510.941136,393.446689,1436.625796,166.032475
2021-07-28,965.403046,2849.320181,705.88762,1329.510535,2224.639756,625.907696,511.702858,394.277659,1440.588479,166.148754
2021-07-29,966.083265,2852.10582,705.807943,1334.707046,2224.777568,627.279422,512.595051,395.404787,1444.466143,166.227485
2021-07-30,966.444608,2854.029058,705.195343,1339.520266,2224.55562,628.092795,513.184091,396.043059,1448.290886,166.256191
2021-08-02,967.297742,2856.854546,704.426779,1344.821663,2224.79709,628.790045,513.919911,396.538838,1451.877285,166.284393
2021-08-03,968.493696,2860.000576,704.066469,1350.305373,2225.901914,629.604835,514.957927,397.245128,1455.709099,166.364088
2021-08-04,969.772683,2862.166519,704.015243,1355.055535,2226.643105,630.847528,515.891371,398.123903,1458.910313,166.427469
2021-08-05,971.27436,2864.129678,704.096949,1359.794177,2227.532534,631.85837,517.405222,398.50645,1462.003308,166.589779
2021-08-06,971.288262,2867.193628,704.055845,1364.423909,2228.764048,632.954053,519.022685,398.831655,1464.859197,166.708399
2021-08-09,970.599874,2870.21127,704.004309,1369.22093,2229.898901,633.769545,520.257366,399.072509,1467.664866,166.761567
2021-08-10,969.932689,2873.535869,704.027753,1374.382773,2230.648076,634.791907,521.970759,399.032596,1470.165886,166.772061
2021-08-11,969.238318,2877.458911,704.00332,1379.702119,2231.548311,635.705527,523.723489,398.935746,1472.636387,166.861408
2021-08-12,968.405887,2881.307153,703.883485,1385.040151,2232.400962,636.733717,525.471421,398.702938,1475.122153,166.954012
2021-08-13,968.066995,2887.08811,704.185211,1390.851565,2233.869536,637.974883,527.47358,398.658238,1477.963943,167.092585
2021-08-16,967.646912,2892.341196,704.539214,1396.452978,2235.794385,639.067949,529.346227,398.520416,1480.185327,167.179809
2021-08-17,967.258728,2898.713066,704.900612,1402.302649,2238.420259,640.245076,530.872551,398.414255,1482.237869,167.204944
2021-08-18,967.306106,2905.215952,705.272362,1407.964575,2241.142993,641.293804,532.464108,398.381662,1484.743687,167.244116
2021-08-19,967.280935,2911.42644,705.637008,1413.466333,2243.446392,642.259353,533.956854,398.147922,1487.241914,167.238454
2021-08-20,966.69033,2916.611299,705.968101,1418.556992,2248.446328,643.168376,535.354622,397.721417,1489.295195,167.254631
2021-08-23,965.939104,2923.130405,706.458251,1423.485703,2253.439785,644.12684,536.952896,397.333092,1490.868401,167.238454
2021-08-24,965.335756,2929.461314,707.171915,1427.880522,2257.905283,645.116919,538.441805,397.111458,1493.01635,167.217424
2021-08-25,965.253854,2936.398213,707.925304,1432.417715,2262.297603,646.141625,539.894257,396.930798,1495.311658,167.193968
2021-08-26,965.388539,2942.795859,708.829186,1436.553599,2266.904819,647.454022,541.011898,396.753864,1497.707971,167.176983
2021-08-27,965.404463,2950.410015,709.542899,1440.210762,2270.518164,648.835144,542.094043,396.745482,1501.136338,167.198821
2021-08-30,965.704772,2958.117974,710.360665,1443.73,2273.729497,650.469491,543.64531,396.800425,1505.156826,167.256249
2021-08-31,965.999619,2966.837153,711.349937,1447.193184,2278.061616,652.216337,546.094525,396.938248,1508.79939,167.356546
2021-09-01,966.561558,2974.993506,712.301224,1450.300437,2282.737363,654.098636,548.63392,397.144051,1513.09313,167.446328
2021-09-02,967.843782,2983.32415,713.150153,1452.61219,2288.496831,655.901924,551.276924,397.377791,1516.912358,167.551477
2021-09-03,970.428707,2991.621445,713.792061,1454.862549,2294.388779,657.399532,553.643635,397.426216,1520.457529,167.641259
2021-09-06,973.519153,3000.873159,714.399449,1457.685059,2300.324243,658.810884,556.011306,397.506303,1524.232925,167.733467
2021-09-07,976.732446,3009.413262,715.038708,1460.240618,2305.606704,660.337091,558.804927,397.64785,1527.835776,167.870161
2021-09-08,979.650892,3017.127554,715.785458,1462.241819,2311.712603,662.11983,561.533314,397.874141,1531.344277,168.008473
2021-09-09,982.632589,3025.222354,716.564077,1464.576707,2317.875005,663.889955,564.670383,398.095774,1535.076528,168.164579
2021-09-10,985.33127,3033.600732,717.403103,1466.779897,2323.865127,665.478249,567.762363,398.242909,1538.93499,168.330391
2021-09-13,987.345612,3043.012954,717.974819,1468.790002,2329.187412,666.670237,571.011674,398.246635,1542.40189,168.500247
2021-09-14,989.562887,3054.180259,718.106574,1470.995864,2334.56064,667.815803,574.237004,398.307164,1546.390334,168.720252
2021-09-15,992.004027,3066.339605,718.176016,1473.609258,2340.003335,669.023658,577.995728,398.512036,1550.565391,168.918418
2021-09-16,995.05807,3077.882129,718.55177,1476.127449,2345.944355,670.714869,581.704566,399.243055,1555.120935,169.383501
2021-09-17,997.964232,3088.978286,719.314216,1478.41251,2350.960972,672.334109,585.386545,399.808315,1559.60043,169.865571
2021-09-20,1000.787582,3100.26332,720.00722,1480.904004,2357.559644,673.607486,589.13376,399.994562,1563.830652,170.393744
2021-09-21,1003.563156,3112.344932,720.483807,1483.991685,2364.520479,674.555026,592.905915,400.175222,1568.134651,171.035156
2021-09-22,1006.698191,3123.935337,720.812473,1486.483176,2371.36832,675.349271,596.67999,400.320494,1571.656475,171.672523
2021-09-23,1010.406993,3135.732915,721.281451,1489.361743,2378.221714,676.348364,600.543285,400.657601,1575.079897,172.258933
2021-09-24,1013.776813,3147.711084,722.034862,1493.070513,2384.321118,677.601197,604.347102,400.857817,1578.306692,172.753136
2021-09-27,1017.648964,3159.261665,723.500776,1496.264077,2389.894419,679.075914,608.139709,401.206099,1581.147644,173.253809
2021-09-28,1021.782749,3169.413452,725.136019,1498.703069,2395.247275,680.572152,611.659945,401.653093,1584.306914,173.754481
2021-09-29,1025.732709,3179.790991,726.569591,1501.233716,2399.885986,681.919976,615.140107,402.381318,1587.156206,174.260816
2021-09-30,1029.359608,3189.692231,727.96083,1502.746409,2405.881665,682.828206,618.10493,402.957753,1588.675947,174.732371
2021-10-01,1033.163509,3198.85249,729.292139,1504.075803,2412.290454,683.171116,620.79667,403.381465,1590.656526,175.10363
2021-10-04,1037.525255,3209.046782,730.730465,1505.407864,2418.5427,683.664385,623.677462,404.12366,1593.257859,175.515329
2021-10-05,1042.568607,3220.561948,732.211599,1507.013994,2425.327539,684.083971,626.974327,404.770869,1595.6849,175.936736
2021-10-06,1047.323488,3231.417539,734.091318,1508.223264,2431.341748,684.209104,629.592985,405.361272,1597.620586,176.295052
2021-10-07,1052.04788,3243.760444,735.920145,1509.540198,2437.541216,684.494288,632.247534,405.665786,1599.855688,176.730209
2021-10-08,1057.835176,3257.362266,737.596291,1511.557417,2443.223823,684.899758,635.066252,406.153754,1602.263535,177.162939
2021-10-11,1063.114678,3265.616841,739.604908,1512.614526,2449.009238,685.51863,637.726921,406.793513,1604.239521,177.660377
2021-10-12,1068.393274,3272.131797,741.458944,1513.147529,2454.368574,685.871716,640.010864,407.473315,1605.848911,178.168329
2021-10-13,1073.773335,3278.882251,743.115115,1514.214421,2459.363892,685.780533,642.475486,407.934276,1608.322019,178.825109
2021-10-14,1078.925433,3284.803696,745.041921,1515.321362,2464.770474,686.262634,644.393721,408.84223,1611.429473,179.493212
2021-10-15,1084.488863,3290.267441,746.894529,1516.48792,2469.921406,686.837856,646.135433,409.865659,1614.864182,180.177492
2021-10-18,1090.226112,3296.136084,748.477451,1518.780986,2474.913955,687.664315,647.941468,411.067884,1618.530176,180.966112
2021-10-19,1096.08485,3301.575806,750.199735,1521.359688,2477.97061,688.567402,649.316938,412.21796,1623.474468,181.550096
2021-10-20,1101.391197,3306.384331,751.901565,1523.580674,2479.604521,689.582042,651.252925,413.556146,1627.762331,182.164006
2021-10-21,1106.050519,3309.704722,753.565344,1524.72053,2480.594697,690.632574,652.902395,414.9679,1631.26134,182.743137
2021-10-22,1110.434559,3310.451279,755.035541,1524.855784,2481.513555,691.689896,654.254872,416.304224,1633.638474,183.149983
2021-10-25,1114.332194,3310.924067,756.237952,1524.911846,2482.059131,694.38752,655.598447,417.82493,1636.096223,183.513962
2021-10-26,1118.853193,3309.794995,757.551664,1524.505178,2481.466807,696.87465,657.189452,419.520711,1639.119226,183.958825
2021-10-27,1122.991526,3308.659976,758.786418,1524.697778,2480.082563,699.720687,658.965908,421.372938,1642.030906,184.436042
2021-10-28,1126.867771,3306.316865,759.553145,1524.440632,2478.568779,701.862491,660.496071,422.893646,1645.512639,184.697299
2021-10-29,1130.398667,3303.568345,760.200963,1523.54334,2474.649907,704.21673,662.117703,424.671374,1648.834106,184.928627
2021-11-01,1133.815351,3300.835762,760.968643,1523.122747,2470.717808,706.568057,664.098318,426.649319,1652.953064,185.261061
2021-11-02,1136.70104,3298.670044,761.424304,1522.982109,2467.026938,708.634198,666.156204,428.588151,1656.980859,185.582171
2021-11-03,1139.258205,3295.836206,761.653083,1522.662456,2462.973052,710.475297,668.070596,430.662944,1662.656426,185.841809
2021-11-04,1141.70071,3293.065757,762.025508,1522.593814,2458.737085,712.091349,670.514305,432.892322,1668.667881,186.19689
2021-11-05,1144.170972,3289.440107,762.458336,1522.861521,2454.287144,713.688971,672.799724,435.090039,1673.866487,186.530941
2021-11-08,1146.279499,3286.04356,762.762744,1523.837622,2449.825259,714.979097,674.754135,436.962754,1678.942256,186.883596
2021-11-09,1148.677869,3281.191665,762.675702,1524.754001,2444.675073,716.288622,675.954093,438.882963,1684.151421,187.165882
2021-11-10,1151.251413,3277.226123,762.448823,1526.138953,2438.784072,717.472045,677.543889,440.642999,1689.213755,187.511257
2021-11-11,1153.618843,3271.173179,762.061655,1527.198926,2431.184175,718.370282,678.997866,442.130181,1693.925796,187.838837
2021-11-12,1155.480752,3265.697842,761.842388,1528.895396,2424.756465,719.384923,680.897552,443.619227,1699.078337,188.19958
2021-11-15,1156.865806,3260.529746,761.762004,1530.187207,2418.440322,720.396654,682.754801,445.025391,1703.93146,188.665473
2021-11-16,1157.566526,3256.055825,761.559858,1531.994153,2411.840532,721.311382,684.164302,446.254623,1709.182849,189.048864
2021-11-17,1157.863647,3251.709111,761.126077,1533.95249,2404.522061,722.094187,685.425248,447.498754,1714.678957,189.505859
2021-11-18,1158.297722,3246.237368,760.848304,1535.795657,2397.176729,722.921615,686.223654,448.830421,1719.034958,189.907854
2021-11-19,1158.731797,3240.765625,760.570532,1537.638823,2389.831396,723.749043,687.022059,450.162087,1723.390959,190.309848
2021-11-22,1158.66081,3234.031758,760.188121,1539.117573,2382.733999,724.614299,688.225714,451.15944,1727.091499,190.58081
2021-11-23,1158.81915,3226.683677,759.874199,1540.294683,2376.182817,725.475675,689.740492,452.277853,1730.736374,190.831551
2021-11-24,1158.574355,3217.748403,759.60071,1540.287222,2369.030132,726.365183,690.654719,453.196051,1733.529053,191.020819
2021-11-25,1159.163596,3209.766714,759.277278,1540.917473,2361.531802,726.827882,691.823507,453.696124,1735.998318,191.029717
2021-11-26,1159.364255,3203.137803,758.399728,1541.190505,2354.62562,726.867651,692.293013,454.001569,1737.187366,190.914052
2021-11-29,1159.793335,3197.564268,757.84228,1541.609321,2346.166372,727.030615,692.835643,454.516543,1738.394648,190.715886
2021-11-30,1159.7997,3191.773848,757.286737,1541.776216,2337.2621,727.079118,693.128684,454.921631,1739.236291,190.386687
2021-12-01,1160.131858,3186.860679,757.010391,1542.011094,2329.384443,727.551517,693.302522,455.600501,1740.677734,190.037267
2021-12-02,1160.067703,3182.976655,756.589451,1542.388267,2322.264224,727.656279,693.676738,456.107094,1741.052014,189.761452
2021-12-03,1159.39019,3179.012881,755.752329,1542.158359,2315.065391,727.527267,693.531627,456.710533,1741.67581,189.489681
2021-12-06,1157.917317,3173.811465,754.598434,1541.965706,2307.862324,727.13053,693.043925,457.058815,1742.5021,189.153203
2021-12-07,1156.404856,3170.486753,753.748469,1542.672568,2300.674873,727.470037,693.096702,457.651081,1743.671953,188.87658
2021-12-08,1155.406106,3167.688481,753.367484,1544.036465,2294.555703,728.321715,693.508173,458.238691,1745.669055,188.663855
2021-12-09,1154.834614,3164.733545,752.719667,1545.885122,2288.115024,729.372247,694.009558,458.902662,1749.063457,188.651721
2021-12-10,1154.245374,3163.20335,752.147476,1547.837224,2281.50312,730.645884,694.6898,459.704457,1752.45114,188.663853
2021-12-13,1152.91219,3160.428369,751.437825,1549.285173,2274.691631,731.689625,695.113975,460.163557,1755.258213,188.631501
2021-12-14,1150.827781,3156.842046,750.55314,1550.617729,2267.724258,732.883721,694.964438,460.607755,1758.118069,188.532822
2021-12-15,1149.129219,3152.70415,749.460126,1551.970593,2261.224941,734.101095,694.848132,461.121797,1761.683289,188.416349
2021-12-16,1147.595823,3147.313936,748.409918,1553.684397,2254.820645,734.856741,694.631157,461.554821,1764.782109,188.253772
2021-12-17,1144.585464,3141.215562,747.177067,1555.69783,2247.48292,735.339808,694.055492,461.737343,1767.089189,188.031341
2021-12-20,1141.170144,3139.057627,745.196988,1557.902668,2240.775776,735.274817,693.418253,461.363918,1768.671709,187.616405
2021-12-21,1137.925452,3138.391416,743.410494,1560.438748,2233.563325,735.502772,693.040016,460.674804,1770.770537,187.150512
2021-12-22,1134.932837,3138.08186,741.563116,1562.782019,2226.98498,735.946072,692.939348,460.193355,1773.053623,186.548734
2021-12-23,1131.882893,3138.991025,739.248664,1565.599412,2220.783452,736.023673,692.801539,459.656963,1774.764739,185.913793
2021-12-24,1128.901658,3140.045669,736.884747,1568.522734,2214.512959,736.019792,692.630499,459.030242,1776.110217,185.290177
2021-12-27,1125.83169,3140.914058,734.796698,1570.133992,2208.242969,735.836458,692.535697,458.287115,1777.602524,184.56222
2021-12-28,1122.797214,3142.198442,732.628743,1571.603657,2204.102412,735.610441,692.515172,457.784247,1778.628425,184.14324
2021-12-29,1120.086257,3143.721426,730.535937,1573.381709,2201.182422,735.413528,691.897479,456.936824,1780.320347,183.660362
2021-12-30,1117.689255,3147.291616,728.492598,1576.157507,2199.221382,735.029401,691.571041,455.982308,1781.85488,183.196086
2021-12-31,1115.330022,3151.540366,726.577206,1579.444148,2197.749624,734.657883,691.361885,455.190757,1783.844304,182.896007
2022-01-03,1113.528628,3157.302339,725.27063,1583.140898,2196.26688,733.164053,691.365795,454.525855,1786.506465,182.664678
2022-01-04,1111.681736,3164.436514,724.089145,1586.650029,2195.60332,732.066962,691.390228,453.984808,1789.218533,182.398569
2022-01-05,1110.245718,3171.021621,723.347626,1588.727322,2195.961187,731.156114,691.344293,453.486597,1792.367253,182.109003
2022-01-06,1108.588567,3177.865732,722.835364,1590.772295,2195.993799,730.891299,691.747942,453.306868,1794.483355,182.005471
2022-01-07,1107.676262,3185.950771,722.528102,1593.403474,2196.422495,730.720575,692.12618,453.103859,1797.136877,181.927823
2022-01-10,1106.768059,3193.108013,722.089087,1596.10916,2196.421558,730.853468,691.9786,452.879431,1800.164678,181.870395
2022-01-11,1106.356272,3200.766396,721.700491,1598.940525,2196.13731,731.041652,691.773354,452.586092,1802.957354,181.811349
2022-01-12,1106.697532,3207.288525,721.464575,1602.081594,2196.17085,731.774985,692.381273,452.262021,1804.583054,181.816202
2022-01-13,1107.029233,3214.193862,720.837208,1605.458767,2196.009614,732.601443,692.981373,451.906289,1806.683804,181.774142
2022-01-14,1107.394605,3222.345439,720.372987,1609.420344,2194.907109,733.336718,693.362545,451.494683,1809.290303,181.710243
2022-01-17,1107.852346,3231.506416,719.623859,1613.047073,2194.117749,734.096241,693.745671,451.322404,1812.070501,181.626124
2022-01-18,1107.853259,3240.108584,719.21481,1616.247393,2192.968652,734.805325,693.768151,450.906141,1813.579121,181.49671
2022-01-19,1107.595725,3247.865049,718.86474,1618.525769,2191.286479,735.342714,693.147526,450.745967,1814.93707,181.326853
2022-01-20,1106.894097,3253.986694,718.490886,1620.148821,2189.154175,736.095449,692.889503,450.779492,1816.315178,181.144864
2022-01-21,1105.845293,3259.560381,718.192185,1620.247566,2187.671455,736.636719,691.946353,450.618389,1816.240325,180.888461
2022-01-24,1104.026155,3263.546172,717.520587,1619.343577,2185.059204,737.124639,691.01493,450.387443,1815.335342,180.463011
2022-01-25,1102.709805,3267.451196,716.950297,1618.084094,2183.579263,737.854094,690.654283,450.751556,1814.759534,180.120871
2022-01-26,1101.88396,3271.968247,716.543628,1616.911692,2182.388223,738.636902,690.493997,451.058865,1814.229788,179.713215
2022-01-27,1100.653611,3275.160806,715.93053,1615.101919,2180.448833,739.252863,690.355212,451.527277,1814.49562,179.342766
2022-01-28,1099.402783,3279.078433,715.206133,1613.428594,2178.289497,739.606919,690.383556,451.893252,1814.506177,179.020846
2022-01-31,1099.610723,3284.12397,714.92408,1613.012053,2176.149731,740.320852,690.133351,452.859874,1815.364133,178.847755
2022-02-01,1099.545657,3290.21021,714.747617,1613.643142,2174.499238,741.454806,689.432584,453.590894,1817.363154,178.785475
2022-02-02,1099.838228,3297.655288,714.872706,1615.278762,2173.625996,742.493696,688.770912,454.459737,1819.670234,178.857462
2022-02-03,1098.562373,3304.492686,714.771871,1615.568723,2172.677275,743.61698,687.920609,455.382591,1821.277705,178.90842
2022-02-04,1097.822522,3311.140825,715.096257,1616.45655,2172.14606,745.224303,687.558009,456.496349,1824.536792,179.075042
2022-02-07,1096.690449,3316.172637,714.781387,1616.791392,2170.807773,746.543529,686.915884,457.765623,1826.787251,179.21578
2022-02-08,1096.241355,3320.091035,714.479833,1616.87488,2169.816177,748.059669,686.537646,459.084252,1828.914871,179.379167
2022-02-09,1095.481482,3323.450259,714.412767,1617.277058,2168.563638,749.516637,686.48096,460.200804,1830.887981,179.512625
2022-02-10,1094.555076,3325.828765,714.406586,1617.660376,2166.696934,751.12881,686.314807,461.384404,1833.033831,179.622628
2022-02-11,1094.265234,3326.910781,714.457004,1617.405427,2165.100503,752.574138,686.252257,462.435769,1834.377385,179.797337
2022-02-14,1094.046377,3330.528169,714.170669,1617.170225,2163.647588,753.430665,686.097834,463.108122,1834.691201,179.907677
2022-02-15,1094.374897,3334.785947,714.095519,1617.647805,2163.060459,754.23384,686.346084,464.00397,1836.187351,180.032338
2022-02-16,1094.328032,3338.208022,713.733558,1617.287825,2162.05209,754.440454,686.476072,464.472382,1836.871606,180.083297
2022-02-17,1094.210178,3341.562651,713.539974,1616.593904,2161.451919,754.350241,686.535692,464.924963,1836.658555,179.963552
2022-02-18,1093.895764,3344.467876,713.442944,1615.654907,2161.074482,754.173698,686.571856,465.308631,1836.844731,179.82006
2022-02-21,1093.807034,3346.530791,713.54711,1615.404448,2160.89647,754.182428,686.705754,465.756555,1836.891758,179.636229
2022-02-22,1093.887571,3345.979111,713.625588,1615.084866,2159.995268,754.039835,686.855291,465.940009,1836.483892,179.497276
2022-02-23,1093.895305,3345.974004,713.63415,1615.240171,2158.86667,753.891421,687.225711,466.198893,1835.322676,179.45015
2022-02-24,1092.547109,3342.887715,712.866472,1613.562358,2156.292612,753.236658,687.020466,466.040584,1833.085652,179.298216
2022-02-25,1092.032947,3341.869194,712.705229,1611.295654,2155.182664,753.270612,687.462234,466.322748,1831.741135,179.316638
2022-02-28,1092.780986,3341.932095,712.710937,1609.800073,2153.374673,753.905975,688.014443,466.955989,1832.075105,179.456317
2022-03-01,1093.220527,3341.083149,712.563015,1608.076475,2151.496785,754.339574,688.395614,467.648829,1831.867815,179.594377
2022-03-02,1093.51583,3339.692881,711.888088,1605.887871,2149.100735,753.991337,688.190368,467.991523,1830.207566,179.731414
2022-03-03,1093.63459,3337.704727,711.192706,1603.432646,2145.193071,753.351124,688.059401,468.095822,1827.786287,179.850633
2022-03-04,1093.204602,3335.214771,710.503982,1600.915479,2140.02168,752.593539,687.602975,468.188945,1824.952341,180.059576
2022-03-07,1092.015203,3331.57668,709.305376,1598.647876,2133.359158,750.997855,687.596133,467.858358,1820.504209,180.266689
2022-03-08,1090.532773,3329.797798,708.040182,1596.676511,2126.647246,749.624308,687.653798,467.469101,1815.878535,180.465661
2022-03-09,1090.092317,3328.80938,707.253479,1595.38022,2120.888716,748.300231,687.940165,467.418815,1811.964946,180.756946
2022-03-10,1090.393989,3326.921177,706.599004,1594.178191,2116.720085,747.153665,688.299834,467.735434,1808.941941,181.105918
2022-03-11,1090.676094,3324.56395,705.813249,1592.9977,2111.766767,745.94599,688.515829,467.919819,1805.731802,181.493787
2022-03-14,1090.812595,3321.577437,705.079817,1592.858557,2106.137788,744.616094,688.693709,468.187084,1802.351799,181.908568
2022-03-15,1089.951257,3316.529761,704.08526,1591.784004,2099.370886,743.151362,688.80415,468.230851,1798.626306,182.285697
2022-03-16,1089.348367,3313.006138,702.975122,1592.587449,2092.965586,741.598362,689.038717,468.23737,1794.933445,182.736657
2022-03-17,1089.941702,3310.731045,702.407213,1593.248159,2087.572383,740.338306,689.283059,468.427343,1792.311592,183.255644
2022-03-18,1090.357585,3307.639014,701.736565,1593.971709,2081.717861,738.919165,689.63882,468.625696,1790.065935,183.779485
2022-03-21,1090.625132,3303.261162,701.045463,1594.013005,2075.085164,736.979126,689.702347,468.382644,1786.288625,184.217433
2022-03-22,1091.31311,3299.563306,700.362922,1594.583953,2067.440373,735.18556,690.011193,468.154491,1782.697493,184.764189
2022-03-23,1091.477825,3297.062373,699.626637,1594.493286,2059.339858,733.139789,689.517626,467.789447,1778.725364,185.335274
2022-03-24,1091.872322,3294.552861,698.814725,1594.311948,2050.983979,730.802042,689.020149,467.337799,1773.987405,185.93416
2022-03-25,1092.389673,3290.043594,697.727893,1593.363972,2043.328928,728.459446,688.800243,467.009072,1768.351186,186.530036
2022-03-28,1093.02396,3284.634019,696.884111,1592.186184,2035.603975,726.345773,688.887228,466.701763,1762.059504,187.154849
2022-03-29,1093.940808,3279.68916,696.147349,1591.562283,2028.475483,724.254412,689.680845,466.481992,1756.770691,187.801359
2022-03-30,1095.318135,3276.435254,695.752571,1592.224788,2022.995608,722.747003,690.576106,466.081561,1752.024097,188.364886
2022-03-31,1096.749597,3274.89626,695.384904,1593.717671,2019.022693,721.195942,691.349197,465.74911,1747.49727,188.978315
2022-04-01,1098.369441,3273.567857,695.236505,1595.833567,2014.414182,719.871867,692.585555,465.851546,1744.31208,189.663145
2022-04-04,1100.97029,3273.550078,696.855099,1598.457559,2011.503686,718.865955,694.108281,466.191448,1742.900386,190.468517
2022-04-05,1103.27083,3274.348018,697.998531,1600.952283,2008.009802,717.70484,695.178491,466.093667,1741.187351,191.299709
2022-04-06,1105.507671,3274.089453,698.595931,1602.867988,2004.557854,716.539846,696.425604,466.080629,1739.79581,192.133385
2022-04-07,1107.64395,3274.709668,698.993564,1605.245112,2002.124531,715.645488,697.503633,465.819883,1738.172988,192.913341
2022-04-08,1110.1902,3274.631475,699.48252,1607.550422,2000.251321,715.124587,698.408669,465.682991,1736.890854,193.829471
2022-04-11,1112.225017,3273.923301,699.581927,1608.095332,1998.187988,714.558097,698.970652,465.247175,1734.439824,194.69857
2022-04-12,1113.884448,3271.97645,699.548634,1607.563887,1994.955989,713.656947,699.33423,464.884925,1729.779602,195.400808
2022-04-13,1115.414197,3268.524385,698.918415,1606.871758,1991.680178,712.657828,699.639166,464.473319,1725.520527,196.110555
2022-04-14,1117.224233,3265.633877,698.438972,1607.051299,1988.958874,711.751831,700.010563,464.056126,1722.202903,196.783094
2022-04-15,1119.229473,3262.915772,697.877242,1607.185061,1986.080076,710.921495,700.410303,463.821455,1718.610806,197.45806
2022-04-18,1121.292952,3258.456084,697.185664,1605.504558,1984.58989,710.366643,700.859888,463.379119,1715.805649,198.208462
2022-04-19,1123.884243,3253.630303,696.047463,1602.716284,1981.76981,709.858352,701.145276,463.015006,1712.545605,198.800244
2022-04-20,1126.932368,3250.009409,694.684288,1600.030344,1979.669182,708.941686,701.536219,462.531694,1708.760615,199.376689
2022-04-21,1130.582021,3247.491235,693.25024,1597.322864,1978.08114,708.104558,701.764923,462.080045,1705.180999,199.933245
2022-04-22,1134.061953,3246.02688,691.697281,1594.8829,1975.638496,707.267433,702.226235,461.539928,1701.785637,200.49816
2022-04-25,1137.305732,3242.729419,690.670381,1592.708655,1973.256426,707.238334,703.196753,461.416074,1699.066853,201.091201
2022-04-26,1140.560886,3237.904531,689.283897,1589.885366,1970.614343,706.805706,704.071489,461.056617,1695.686846,201.686727
2022-04-27,1143.886113,3233.427949,687.921671,1586.644651,1967.978787,706.275104,704.671588,460.694366,1692.161926,202.262374
2022-04-28,1147.310994,3229.875483,686.636022,1584.091572,1966.754197,706.213024,705.264844,460.592861,1689.293433,202.899312
2022-04-29,1150.64032,3225.482437,685.420769,1581.588767,1965.305945,706.10438,705.781866,460.238992,1685.670627,203.522998
2022-05-02,1154.103418,3222.336924,684.294459,1578.182871,1964.107449,705.843444,706.395648,459.850666,1682.129397,204.270924
2022-05-03,1157.665708,3221.554985,683.276598,1574.711445,1963.372131,705.643618,707.218585,459.712844,1678.962444,205.071032
2022-05-04,1160.574143,3220.061323,681.8982,1570.989556,1961.71606,705.248822,707.570436,459.358043,1675.385706,205.796595
2022-05-05,1164.079099,3222.047256,681.266076,1569.319822,1961.626604,705.663991,708.509679,459.494933,1673.088225,206.68367
2022-05-06,1167.143149,3220.480723,679.94856,1566.595281,1961.225857,705.454465,708.931898,459.513558,1670.120881,207.556665
2022-05-09,1168.587815,3218.54188,678.9364,1563.987446,1960.192324,704.826862,709.420577,459.377598,1666.270632,208.336893
2022-05-10,1169.635254,3216.490186,678.125913,1561.06811,1960.347029,704.217689,710.068567,459.2286,1662.262996,209.064113
2022-05-11,1170.09709,3214.106172,677.88191,1557.907288,1960.615432,704.205079,711.018561,459.271436,1658.161306,209.732526
2022-05-12,1170.289106,3211.69373,677.379644,1554.100117,1961.506377,704.156577,711.670461,459.182968,1653.820659,210.287465
2022-05-13,1171.208684,3209.748672,676.80759,1550.169963,1964.760754,703.948993,712.37807,458.86076,1650.418582,210.835779
2022-05-16,1172.916345,3207.827617,676.764537,1545.667966,1969.85481,704.516456,712.72601,459.134542,1648.661401,211.318659
2022-05-17,1175.58863,3205.191265,676.778595,1541.004387,1975.371965,705.389475,713.196119,459.637409,1647.617263,211.94483
2022-05-18,1177.265351,3201.924907,676.379314,1535.543645,1980.842522,706.163549,713.287014,459.754744,1645.343772,212.566859
2022-05-19,1178.062534,3195.545034,675.516646,1528.384443,1983.873232,706.429336,712.827654,459.3599,1641.884114,213.289938
2022-05-20,1180.112817,3190.104355,674.941207,1521.797981,1988.189099,707.043358,712.691802,459.211833,1639.608704,214.013016
2022-05-23,1181.824119,3184.395342,673.767445,1514.215957,1994.162903,707.332424,712.407388,458.760184,1637.639434,214.601087
2022-05-24,1184.121018,3178.959116,672.914011,1507.064834,1999.222466,707.541951,711.920663,458.316916,1635.390898,215.147744
2022-05-25,1186.019785,3170.661489,671.925639,1498.46571,2003.445134,707.645741,711.455439,457.729059,1631.908208,215.646361
2022-05-26,1186.978953,3163.125352,670.998532,1490.73377,2006.765676,707.808705,710.883683,457.250732,1627.621301,216.115205
2022-05-27,1187.828913,3156.203769,670.315375,1483.673313,2011.025632,708.190896,710.131116,456.773353,1624.020566,216.626473
2022-05-30,1189.6253,3152.139243,669.662288,1477.815784,2016.5754,708.923261,709.952258,456.613305,1622.188525,217.141823
2022-05-31,1190.548974,3146.56019,668.815171,1471.210889,2023.280796,709.595481,709.579887,456.27257,1619.893918,217.597353
2022-06-01,1191.407131,3140.613945,668.166571,1464.420796,2029.429817,710.261885,709.378551,455.992423,1617.605073,218.035975
2022-06-02,1192.73258,3135.215156,667.77231,1457.908308,2035.373796,711.145571,709.175261,455.807713,1615.025442,218.455385
2022-06-03,1194.40384,3130.876719,667.443633,1451.826628,2041.691489,712.019557,708.728608,455.454757,1613.124309,218.886067
2022-06-06,1195.728835,3126.369253,667.079078,1445.944033,2047.383855,712.725732,707.749293,454.960022,1611.178071,219.291093
2022-06-07,1197.095688,3120.68248,666.381251,1439.420522,2051.569246,713.11277,706.387832,454.506173,1608.160825,219.721433
2022-06-08,1197.560708,3115.27168,665.490369,1432.453171,2054.945708,713.085609,704.702865,454.214792,1604.532263,220.139409
2022-06-09,1199.053152,3110.122192,664.761393,1425.705916,2057.723857,713.13314,703.166455,453.855099,1601.220396,220.583424
2022-06-10,1199.584607,3103.436338,663.437307,1418.324797,2059.993169,712.817883,701.502012,453.126085,1597.285691,220.971664
2022-06-13,1199.577324,3094.034243,660.442925,1410.364592,2061.269011,711.681021,699.615708,452.0162,1591.636995,221.230957
2022-06-14,1199.595979,3083.680288,657.769886,1403.0879,2061.850549,710.588778,697.962993,451.00475,1586.043958,221.437563
2022-06-15,1199.388943,3074.306811,655.599093,1396.057273,2062.287678,709.534366,696.134351,449.970032,1580.430767,221.606898
2022-06-16,1199.272007,3065.048252,653.501035,1388.893525,2062.303584,708.17537,694.019343,448.732265,1574.693779,221.779283
2022-06-17,1199.038584,3054.813022,651.504271,1381.485518,2061.297688,706.866814,691.703977,447.461731,1568.152573,221.811084
2022-06-20,1198.4275,3044.807187,649.995289,1375.427376,2062.271338,705.437975,689.414024,446.094378,1562.208296,221.861431
2022-06-21,1198.637263,3036.676602,648.650092,1370.450588,2063.990188,704.123599,687.706576,445.068798,1557.459783,222.054926
2022-06-22,1198.218201,3029.260835,647.515858,1365.134751,2065.297698,702.655957,685.79486,443.894251,1552.046209,222.091677
2022-06-23,1197.429211,3023.381011,646.428778,1360.094705,2067.540696,701.431792,684.222289,442.790636,1546.931096,222.131821
2022-06-24,1196.959641,3017.220303,645.521174,1354.848723,2070.748303,700.485051,682.864738,441.74093,1541.826541,222.177904
2022-06-27,1196.493711,3013.825596,645.298284,1352.493438,2073.795569,699.700306,681.974364,440.975408,1537.938865,222.28445
2022-06-28,1195.464475,3011.490478,645.482346,1351.305332,2077.990508,698.613884,681.146541,440.224742,1534.97824,222.564873
2022-06-29,1194.205913,3007.151904,645.532535,1349.349172,2079.634827,697.589542,680.138882,439.423224,1532.22011,222.915759
2022-06-30,1192.509172,3001.117803,645.43097,1346.810142,2080.610461,696.519612,679.145883,438.619958,1529.221101,223.243231
2022-07-01,1189.323179,2996.228589,645.563104,1345.1874,2083.882559,695.670844,677.869451,438.127068,1526.875635,223.743224
2022-07-04,1186.763279,2991.050801,645.616967,1344.157888,2089.388911,695.048088,676.746464,437.867974,1525.423633,224.468242
2022-07-05,1183.647358,2985.571299,645.581547,1342.552451,2094.502581,694.382655,675.341998,437.384075,1522.831526,225.047121
2022-07-06,1180.312117,2980.622261,645.720846,1341.738184,2101.498889,694.174103,674.19751,437.20137,1520.511013,225.690747
2022-07-07,1176.383088,2975.747549,646.107816,1340.516802,2106.213328,694.074191,673.013927,436.956385,1518.435217,226.319706
2022-07-08,1172.753455,2971.140283,646.38125,1339.851399,2111.507649,694.314756,672.156784,436.954045,1518.302781,226.993008
2022-07-11,1169.508762,2963.896274,646.560083,1338.91332,2116.765535,694.867668,670.577371,437.043796,1517.987043,227.639764
2022-07-12,1166.232676,2956.131641,646.600822,1337.348352,2121.251531,695.234338,669.045848,437.072072,1517.493767,228.247491
2022-07-13,1163.356089,2948.658281,646.768605,1335.987383,2127.742617,695.795979,667.503572,437.341057,1517.749041,228.93445
2022-07-14,1161.137905,2940.012891,646.899965,1333.452842,2134.326907,696.253828,665.992573,437.468279,1517.912188,229.529006
2022-07-15,1159.146318,2932.72897,647.473457,1331.704973,2142.564941,696.873669,664.85004,437.517204,1519.109875,230.093178
2022-07-18,1158.272241,2926.458862,647.886008,1330.54386,2151.127612,698.069705,663.902979,437.92791,1521.249968,230.748339
2022-07-19,1157.93053,2920.494443,648.101698,1329.589917,2158.773765,699.415122,662.989148,438.496356,1523.588716,231.44463
2022-07-20,1158.419216,2916.629707,648.409163,1329.672466,2167.422183,700.751808,661.968785,439.241109,1526.835325,232.269928
2022-07-21,1159.210024,2913.04873,648.964431,1330.396631,2176.58646,702.501724,661.440034,440.310002,1531.856472,233.16369
2022-07-22,1159.906196,2909.243677,649.937833,1330.717153,2185.343332,704.882151,661.224038,441.745351,1536.767896,233.979999
2022-07-25,1159.844311,2906.039463,650.818372,1331.263389,2193.349045,707.169456,660.93474,443.065486,1541.803853,234.880185
2022-07-26,1158.86467,2900.593789,651.585832,1330.331001,2199.399055,708.843709,660.486132,444.088443,1545.05865,235.627686
2022-07-27,1157.780378,2896.506479,652.456746,1329.925757,2205.239519,710.650857,660.070754,445.549424,1549.80252,236.369248
2022-07-28,1157.573347,2897.024995,653.705856,1331.834636,2212.297805,713.062325,659.926107,447.286355,1555.107014,236.952328
2022-07-29,1156.526821,2897.73437,654.795702,1333.826855,2218.536956,715.177938,659.731613,448.668225,1559.350808,237.456561
2022-08-01,1156.235161,2897.877197,656.163661,1335.605686,2222.937512,717.357573,659.960056,450.180176,1563.070327,238.127417
2022-08-02,1155.951235,2898.494238,657.234741,1337.741279,2229.440061,719.483856,660.187833,451.82865,1566.711589,238.900311
2022-08-03,1155.899817,2901.726519,658.243267,1340.833618,2235.979348,721.64603,660.344816,453.469559,1571.279111,239.612015
2022-08-04,1155.761489,2904.174995,658.870709,1344.296855,2242.893542,723.426018,660.417844,454.686764,1575.853843,240.3383
2022-08-05,1155.387468,2906.190107,659.207527,1347.392524,2249.196448,725.335015,660.855262,455.861408,1579.885281,241.045069
2022-08-08,1154.498828,2906.335151,659.789739,1349.362991,2255.250413,727.148418,661.020059,456.727731,1583.57489,241.793412
2022-08-09,1153.902759,2906.6752,660.493207,1351.464094,2261.224221,728.877432,661.162373,457.717005,1587.386377,242.514605
2022-08-10,1153.438645,2906.816602,661.180796,1353.712163,2267.891091,730.840621,661.627188,458.594679,1591.81833,243.182345
2022-08-11,1152.226494,2906.969292,662.148906,1355.743413,2274.451599,733.073782,661.959585,459.633133,1596.691807,243.738088
2022-08-12,1150.893308,2906.439346,663.157915,1357.057058,2280.526272,735.699573,662.47474,460.885331,1600.876897,244.346436
2022-08-15,1149.66887,2906.073984,664.184728,1358.219197,2286.814353,738.277831,663.059288,462.152661,1605.289434,244.919148
2022-08-16,1148.563647,2906.770938,665.527668,1359.847644,2295.318381,741.17385,663.487949,463.335816,1610.723682,245.541072
2022-08-17,1148.027642,2906.876987,666.898998,1361.775471,2304.848567,744.259487,664.716752,464.411156,1616.384163,246.29875
2022-08-18,1146.855833,2906.216372,668.188527,1363.008374,2314.317751,747.318181,665.891713,465.648221,1622.597373,247.058973
2022-08-19,1146.019778,2906.83875,669.554562,1365.19113,2322.852761,750.337333,667.107643,466.75477,1629.809263,247.769137
2022-08-22,1145.584829,2909.411563,670.93792,1367.933638,2331.296081,753.623066,668.271365,467.992781,1636.962429,248.613358
2022-08-23,1145.833594,2910.891514,672.417992,1369.781628,2339.583765,757.184674,669.421295,469.388735,1643.803772,249.469458
2022-08-24,1146.307383,2911.922788,674.009696,1371.873667,2347.889307,760.895787,670.59283,470.674035,1650.660635,250.329801
2022-08-25,1147.041206,2913.438062,675.776062,1374.068218,2355.927842,764.758113,672.353906,472.164567,1657.84959,251.206264
2022-08-26,1147.373748,2915.975103,677.463517,1376.504087,2364.598188,768.429169,674.121919,473.730758,1666.291936,252.04794
2022-08-29,1147.947751,2916.48355,678.591855,1377.367754,2371.74168,771.824935,675.742438,475.246825,1674.61804,252.887069
2022-08-30,1148.516121,2916.620884,680.031028,1378.148862,2380.294502,775.637592,677.218829,476.769513,1683.194146,253.745715
2022-08-31,1149.79886,2916.561426,681.530826,1379.159497,2388.887749,779.634551,678.919037,478.350838,1692.183875,254.682419
2022-09-01,1150.743499,2913.540845,682.849226,1379.372693,2395.53293,783.13529,680.446007,479.900007,1700.689495,255.566518
2022-09-02,1151.095735,2910.777808,684.116621,1379.588611,2401.168384,786.32055,681.756976,481.459579,1709.720115,256.538856
2022-09-05,1151.874121,2907.682153,685.452343,1379.347297,2406.432461,789.626291,682.924744,482.929304,1718.506143,257.538347
2022-09-06,1152.580508,2904.410879,686.832811,1378.892783,2411.23585,793.092225,684.556612,484.320528,1726.873223,258.476748
2022-09-07,1152.671724,2902.038774,688.164203,1378.791174,2417.462666,796.559232,685.898475,485.715536,1735.227754,259.359998
2022-09-08,1152.65521,2900.44499,689.603856,1379.045195,2423.979053,800.380985,687.623938,487.205121,1743.700491,260.317064
2022-09-09,1154.192996,2898.853472,690.997799,1379.630347,2429.739536,804.314576,689.494675,488.8413,1751.427256,261.100196
2022-09-12,1155.947766,2899.147949,692.32486,1380.5049,2433.598032,808.050008,691.266995,490.381957,1759.206914,261.761998
2022-09-13,1157.722747,2899.533936,693.869409,1381.756851,2437.078584,811.852696,693.285942,492.005842,1767.881516,262.56804
2022-09-14,1159.405793,2897.170298,695.384126,1381.462004,2438.451255,815.687367,695.10152,493.742272,1775.996055,263.349475
2022-09-15,1161.070789,2894.033916,696.586083,1380.266296,2440.09563,819.200902,697.091222,495.357645,1783.125884,264.064729
2022-09-16,1162.126001,2889.582485,697.506558,1377.773274,2440.684175,822.282759,698.810699,496.743196,1788.061296,264.713804
2022-09-19,1162.915127,2888.204805,698.43473,1376.270019,2442.351113,824.903674,701.267374,498.333032,1793.285205,265.402757
2022-09-20,1163.739299,2887.554033,699.675179,1375.361904,2444.870796,828.053353,703.860719,500.018392,1799.114321,266.137527
2022-09-21,1165.016875,2887.023965,701.219728,1374.14261,2447.237227,831.303741,706.600608,501.592151,1804.347966,266.933384
2022-09-22,1165.900159,2887.179141,702.518401,1373.037622,2450.902979,834.338376,709.45323,503.255759,1809.457898,267.853119
2022-09-23,1166.315671,2886.954028,703.327725,1371.860061,2453.038125,836.983511,711.857113,504.608206,1813.21561,268.749944
2022-09-26,1165.977656,2885.714492,704.088931,1369.87054,2455.051055,838.811359,713.721056,505.610721,1816.04686,269.382898
2022-09-27,1165.677058,2884.695601,704.722148,1368.22667,2457.143896,840.3055,715.501426,506.339908,1818.63759,270.065911
2022-09-28,1164.194268,2882.378877,704.957922,1366.038469,2458.979126,841.692587,717.342467,506.647282,1820.921726,270.519839
2022-09-29,1162.798174,2879.15,705.165785,1363.6026,2460.729741,842.914117,719.095824,506.830761,1821.900501,271.088309
2022-09-30,1161.728057,2876.16419,705.443419,1361.917903,2461.779922,844.216327,721.53151,507.150431,1823.454685,271.625386
2022-10-03,1161.335212,2872.903022,705.603165,1359.924756,2461.759238,845.235642,724.04373,507.187317,1824.17103,272.02077
2022-10-04,1161.331331,2872.459067,706.173351,1359.530117,2464.031655,846.720873,726.549574,507.537252,1826.509597,272.536636
2022-10-05,1161.348379,2870.706514,706.641046,1358.774412,2465.64877,848.12462,729.23525,507.622371,1827.965613,273.023654
2022-10-06,1161.101785,2867.862407,706.834959,1357.644932,2465.534067,849.602223,731.683635,507.714111,1830.137,273.587033
2022-10-07,1160.472378,2863.61106,706.802239,1355.857725,2464.825166,850.945625,734.003402,507.749104,1832.401699,274.113928
2022-10-10,1159.005415,2860.377715,706.502471,1354.253772,2465.0621,852.180292,735.925577,507.692357,1834.247478,274.459253
2022-10-11,1157.011943,2856.390952,706.21762,1352.080093,2463.471299,853.306957,737.761365,507.414302,1835.917327,274.7367
2022-10-12,1154.979404,2852.108208,705.988585,1349.587075,2462.813179,854.252938,739.379213,507.280948,1838.278247,275.109175
2022-10-13,1153.329299,2847.594072,705.620011,1346.321108,2461.655815,854.999316,740.843916,507.057747,1840.145405,275.434137
2022-10-14,1151.913623,2842.824307,705.735011,1343.737361,2460.347085,855.722414,742.067119,506.984923,1842.558816,275.794734
2022-10-17,1150.543667,2838.256416,705.585848,1341.388586,2459.222632,856.664102,743.277561,507.424705,1843.599802,276.118848
2022-10-18,1149.561733,2834.281113,705.410703,1339.289294,2458.318169,857.834136,744.824727,508.220095,1845.319224,276.579564
2022-10-19,1148.8295,2830.257222,705.337085,1337.166421,2457.193716,858.680189,746.162789,508.95212,1846.286336,277.176035
2022-10-20,1148.080176,2825.646602,704.981984,1335.006345,2456.953023,859.245201,747.794382,509.531876,1847.005598,277.91335
2022-10-21,1146.684783,2821.053887,704.534015,1333.30804,2458.061494,859.884377,749.517274,510.102174,1847.594617,278.542062
2022-10-24,1145.364712,2816.898188,704.302091,1331.924539,2457.650635,860.8973,751.331462,510.855005,1848.825139,279.206409
2022-10-25,1143.52843,2812.908447,703.808893,1330.651716,2455.035059,861.791169,753.259528,511.849954,1850.772971,279.813059
2022-10-26,1141.566111,2808.768022,703.241115,1329.201079,2451.664522,862.606973,754.81749,512.803287,1852.588618,280.385771
2022-10-27,1139.647451,2804.899136,702.689697,1328.432754,2448.598589,863.373983,756.464789,513.697984,1853.939663,280.897394
2022-10-28,1138.846755,2801.054741,702.359135,1327.211423,2446.524546,864.104886,758.124851,514.65132,1854.697803,281.470955
2022-10-31,1138.32635,2798.307759,702.612708,1326.826841,2445.095469,865.206611,760.174651,515.83353,1857.466953,282.053
2022-11-01,1137.258606,2798.012422,703.069335,1327.693965,2444.647412,866.079011,762.09781,516.873876,1860.332329,282.623168
2022-11-02,1136.399478,2797.918062,703.46726,1328.288647,2443.649824,866.691838,763.493793,517.905709,1862.664097,283.311271
2022-11-03,1135.697383,2797.861548,703.878176,1328.820796,2443.447402,867.400299,765.018379,519.12575,1865.206775,284.01295
2022-11-04,1135.466853,2797.92481,704.186605,1328.984016,2442.802637,868.072654,766.698076,520.452664,1867.339282,284.703599
2022-11-07,1135.548564,2799.889375,704.854465,1330.112119,2442.313628,869.275865,768.702716,522.330961,1869.985964,285.381521
2022-11-08,1135.262341,2800.443999,705.072915,1330.674124,2440.244175,869.865273,770.589551,523.899046,1871.835628,285.941506
2022-11-09,1134.95238,2800.681201,705.287034,1331.304915,2437.7204,870.318064,772.404722,525.493611,1873.410222,286.62367
2022-11-10,1135.062854,2802.156538,705.793221,1332.287681,2436.300078,871.027501,774.185532,526.864031,1874.667957,287.275289
2022-11-11,1135.98772,2805.638916,707.002395,1334.723711,2434.725166,871.693998,775.989905,528.085964,1876.040381,287.838671
2022-11-14,1136.437366,2809.419077,708.157198,1337.287949,2432.350093,871.937958,777.590082,529.100774,1876.651755,288.150057
2022-11-15,1136.532778,2813.260981,709.404867,1340.12426,2430.486445,872.485404,779.043004,530.293388,1877.317559,288.4572
2022-11-16,1136.629558,2817.107539,710.854143,1343.07572,2429.167852,873.215332,780.772767,531.558828,1878.202053,288.762646
2022-11-17,1136.754182,2820.480234,712.01424,1345.413569,2427.275376,873.625186,782.271831,532.587823,1879.274143,288.996824
2022-11-18,1137.013015,2822.89208,713.123814,1347.212822,2425.614346,873.997957,783.676648,533.521297,1880.726272,289.17585
2022-11-21,1136.582539,2823.771909,714.122717,1348.104397,2424.444458,874.275095,785.287625,534.338439,1881.689495,289.282756
2022-11-22,1136.08313,2825.461318,714.910869,1349.146287,2423.428667,874.542476,786.531443,535.11586,1882.436946,289.382026
2022-11-23,1135.797363,2828.985488,715.589315,1351.415254,2422.54063,874.724959,787.707527,535.794922,1883.819089,289.457538
2022-11-24,1135.947092,2834.089751,716.594476,1355.312844,2422.650703,875.139691,788.949381,536.498575,1885.660007,289.570384
2022-11-25,1137.028076,2841.080679,717.796433,1360.329287,2423.145708,875.553448,790.26879,537.361118,1888.434988,289.723107
2022-11-28,1138.900627,2847.811738,718.736154,1364.88062,2422.447959,876.298992,791.341792,538.048691,1891.423806,289.79862
2022-11-29,1140.811978,2854.374277,719.478596,1369.567341,2423.732695,876.884496,792.199801,538.701271,1893.714749,289.905526
2022-11-30,1142.835166,2861.520405,720.345658,1374.567312,2425.213682,877.619304,793.545717,539.32075,1897.198303,289.889407
2022-12-01,1145.000784,2870.081313,721.630374,1380.142312,2424.987412,878.337522,794.812116,540.092497,1901.398198,289.796077
2022-12-02,1147.581357,2878.440513,723.179253,1385.410496,2424.058442,879.281158,796.32983,541.169728,1905.843032,289.639112
2022-12-05,1150.366902,2886.339888,724.972084,1390.44408,2423.623672,880.697103,798.078245,542.569466,1910.394785,289.709534
2022-12-06,1153.050645,2893.096509,726.87077,1394.743848,2423.494126,882.065233,799.506625,543.939885,1915.29936,289.75111
2022-12-07,1155.954417,2899.44124,728.99657,1398.887017,2423.934414,883.48313,800.931078,545.494728,1920.908623,290.008194
2022-12-08,1158.912056,2905.933452,731.278749,1403.227229,2424.367881,885.200609,802.265214,547.19522,1927.755205,290.098981
2022-12-09,1161.024268,2911.256113,733.296768,1406.366194,2425.196465,886.525801,802.952407,548.820051,1933.710483,290.255098
2022-12-12,1163.248318,2916.817056,735.515435,1409.457227,2427.320923,888.125203,803.444241,550.584855,1940.40543,290.57412
2022-12-13,1165.182041,2921.293945,737.394876,1412.359062,2428.459194,889.399651,804.0205,552.174692,1946.263506,290.79048
2022-12-14,1167.029031,2926.368828,739.408562,1415.393879,2429.111914,890.45551,804.422999,553.930038,1952.559946,291.003444
2022-12-15,1168.455584,2930.166406,741.283191,1417.247957,2430.373994,890.911228,805.164185,555.417731,1957.70363,291.040776
2022-12-16,1169.672144,2933.46229,743.293029,1418.83804,2432.057358,891.290831,805.746335,556.80139,1962.572239,291.057746
2022-12-19,1171.438784,2935.108779,745.503995,1419.947976,2434.515679,891.772896,806.689753,558.195453,1967.905454,291.272407
2022-12-20,1173.848176,2938.387803,747.743832,1421.761907,2437.182881,892.536005,807.64495,559.652881,1973.432092,291.507432
2022-12-21,1175.758616,2941.54957,749.743563,1423.528196,2438.926699,893.002457,808.39988,560.780239,1978.001343,291.593126
2022-12-22,1177.538955,2944.506436,751.845784,1425.683437,2440.744995,893.725557,809.336425,562.141201,1982.546289,291.65761
2022-12-23,1178.739544,2946.973926,753.372529,1426.394897,2441.927485,893.894377,810.1748,563.026439,1985.484561,291.565976
2022-12-26,1179.792224,2949.512451,755.13264,1426.918706,2442.76352,894.050512,811.058334,564.037467,1989.525054,291.605854
2022-12-27,1180.645415,2951.57709,756.934613,1427.421396,2442.921465,894.123699,811.679752,564.783679,1993.529587,291.484524
2022-12-28,1181.106934,2954.009492,758.581649,1428.169006,2443.258696,894.257389,812.080286,565.684996,1997.732402,291.281742
2022-12-29,1181.496782,2956.013872,760.434144,1428.772026,2442.96501,894.636014,812.627095,566.751824,2001.751509,291.038233
2022-12-30,1182.187004,2958.159429,762.258252,1429.210801,2441.542202,894.317889,812.796929,567.7515,2005.81533,290.799814
2023-01-02,1183.063936,2959.953394,763.871608,1429.624583,2441.58856,893.852415,813.020759,568.540272,2009.308596,290.54782
2023-01-03,1184.118442,2962.637588,765.685129,1429.858452,2442.598418,893.389867,813.321161,569.180559,2012.027205,290.289888
2023-01-04,1184.821448,2965.381133,767.216687,1429.583315,2443.495649,892.883407,813.507686,569.684653,2014.38813,289.962382
2023-01-05,1185.395723,2968.145376,768.614961,1428.689116,2445.038218,892.000273,813.311345,570.166049,2016.78502,289.752811
2023-01-06,1185.49387,2969.014028,769.920851,1427.501433,2446.344824,891.263514,812.901975,570.73162,2018.95252,289.570392
2023-01-09,1185.924802,2971.294463,770.890886,1426.525605,2448.055132,890.573595,812.654585,571.372852,2020.869253,289.38967
2023-01-10,1186.185459,2971.774648,771.420653,1424.631738,2449.797617,889.651426,811.816208,571.718057,2022.467175,289.116464
2023-01-11,1186.007427,2973.339316,772.158765,1423.126731,2451.216396,888.90198,810.946418,572.150275,2024.645366,288.728716
2023-01-12,1185.244622,2975.63415,773.042671,1422.206855,2452.043623,887.965173,809.734015,572.339429,2027.581704,288.323999
2023-01-13,1184.102009,2978.46043,774.038689,1422.017012,2454.005693,887.343563,808.711079,572.455757,2030.270186,287.902313
2023-01-16,1182.618396,2981.62814,774.774875,1422.348098,2455.222886,886.323811,807.463334,572.24485,2032.594175,287.506929
2023-01-17,1181.451594,2985.611597,775.738173,1422.935979,2457.773667,885.302107,806.344192,571.843843,2036.393618,287.146332
2023-01-18,1180.271094,2990.12584,776.979105,1423.563296,2461.131807,884.501918,805.509744,571.387983,2041.506196,286.704283
2023-01-19,1179.353992,2994.516284,778.127653,1424.241057,2463.709087,883.632444,804.454412,571.087228,2047.249587,286.299567
2023-01-20,1177.627061,2996.739082,778.606896,1423.423896,2464.574165,882.925936,803.228262,570.915099,2051.892708,285.930483
2023-01-23,1175.903787,2999.563047,779.165531,1422.739722,2467.197827,882.47217,802.262264,571.06453,2056.435708,285.770123
2023-01-24,1174.156773,3002.832808,779.901718,1421.9675,2469.904775,881.672959,801.092074,570.941581,2060.536462,285.663218
2023-01-25,1172.241311,3005.572925,780.053286,1420.870613,2472.640127,880.535128,799.821749,570.354258,2063.862554,285.580917
2023-01-26,1170.26468,3008.427246,780.346798,1420.056204,2475.713379,879.276293,798.454233,569.780177,2066.684189,285.505403
2023-01-27,1167.888159,3011.037432,780.365082,1418.694268,2478.144912,877.263135,797.221213,568.593238,2069.316296,285.589401
2023-01-30,1166.142976,3015.141484,780.526757,1418.155,2479.408472,875.352438,795.630853,567.460209,2071.288433,285.718368
2023-01-31,1164.214734,3017.301338,780.608556,1417.214028,2480.564131,873.560794,794.113141,566.597668,2073.1274,285.923696
2023-02-01,1162.232171,3020.494028,780.88186,1416.626145,2481.830537,872.009207,792.657273,565.078763,2075.470828,286.290232
2023-02-02,1159.930059,3023.351904,780.67207,1415.781475,2483.452808,870.429321,791.271108,563.541888,2077.272869,286.93252
2023-02-03,1157.295159,3026.441728,781.068071,1415.116555,2485.559688,869.131453,790.211849,562.346437,2079.290686,287.61723
2023-02-06,1153.678792,3029.019751,781.563674,1414.134311,2487.687393,867.497896,789.266468,561.150986,2081.072314,288.352849
2023-02-07,1149.969304,3031.791763,782.105949,1412.91178,2487.062715,865.663315,788.285747,559.988635,2083.302988,288.878048
2023-02-08,1146.50541,3035.556177,782.544294,1412.096455,2485.1404,863.832637,786.839697,558.991795,2084.391594,289.481305
2023-02-09,1143.152446,3038.176269,782.843099,1411.360923,2483.698901,862.283,785.230685,557.907942,2085.230408,290.070138
2023-02-10,1139.632859,3041.392095,783.324266,1410.822573,2482.987144,860.785087,783.724752,556.877054,2086.753489,290.650486
2023-02-13,1136.354299,3043.831811,783.761167,1409.496409,2482.251714,859.166168,782.24238,555.367607,2089.041509,291.285984
2023-02-14,1133.504851,3047.326382,784.363109,1409.135974,2480.832925,858.046877,781.100659,554.079471,2090.94949,292.120024
2023-02-15,1131.509504,3051.284346,784.939067,1408.980976,2477.824985,857.044689,780.146444,552.853756,2091.941868,292.940718
2023-02-16,1129.508223,3056.470664,785.369714,1408.64439,2474.448853,855.825864,779.201063,551.50036,2092.147922,293.796296
2023-02-17,1127.966174,3061.649897,785.608855,1408.910351,2470.535122,854.513361,778.060321,549.883096,2093.553401,294.615628
2023-02-20,1126.152058,3066.6877,785.576134,1409.740347,2466.639385,852.987146,777.093343,548.220436,2094.754763,295.415624
2023-02-21,1124.409153,3070.236836,785.558811,1409.875163,2462.964165,851.450198,775.934933,546.455632,2095.85407,296.143849
2023-02-22,1122.249006,3072.278418,785.096409,1409.552339,2459.356157,849.840061,774.81481,544.391018,2095.840466,296.903065
2023-02-23,1120.32396,3075.628896,784.821663,1409.739431,2456.088877,848.492426,773.570011,542.595004,2095.482776,297.838105
2023-02-24,1118.663228,3079.900132,784.333757,1410.261277,2452.547119,847.276527,772.281034,541.038268,2094.686731,298.793663
2023-02-27,1116.550105,3083.596582,783.834786,1410.297048,2447.815625,846.299711,770.563052,539.586515,2093.320134,299.60757
2023-02-28,1113.817971,3086.190015,783.509515,1409.93478,2443.766543,845.229211,768.860778,538.042076,2092.268464,300.332555
2023-03-01,1111.621309,3089.680972,783.321381,1409.687163,2439.981538,844.527582,767.608122,536.969573,2091.665837,301.176882
2023-03-02,1109.322847,3092.149321,783.055776,1408.771872,2436.384888,843.81229,766.106116,535.841271,2091.892307,302.012695
2023-03-03,1108.256467,3095.562222,783.231403,1408.445378,2433.543525,843.610292,765.237307,535.599156,2093.628254,303.108208
2023-03-06,1107.20333,3099.079888,783.210713,1408.538005,2431.033442,843.113589,764.365553,534.929551,2094.602166,304.124855
2023-03-07,1105.96166,3102.478852,783.174144,1408.402268,2428.98146,842.471486,763.419191,534.169153,2094.933601,305.166108
2023-03-08,1104.801245,3106.262187,783.181361,1408.08219,2427.11688,841.947458,762.687822,533.483471,2095.899739,306.259449
2023-03-09,1103.120881,3108.85103,783.079354,1407.400762,2425.098013,840.930632,761.758148,532.482849,2097.499607,307.252158
2023-03-10,1101.071213,3111.548994,782.699232,1406.728513,2423.288325,839.989923,761.122986,531.227814,2098.900215,308.317974
2023-03-13,1098.410752,3113.259336,782.120388,1405.097864,2421.332881,838.544702,760.176622,529.67297,2099.763335,309.286703
2023-03-14,1095.844329,3112.839883,781.398635,1403.216836,2419.447485,837.159008,759.277382,528.027332,2100.837368,310.217003
2023-03-15,1093.27425,3112.065859,780.742804,1401.838396,2416.986616,835.730377,758.194563,526.369401,2102.89989,311.211702
2023-03-16,1090.643461,3111.100015,780.282808,1400.534241,2414.632705,834.652072,756.993939,524.844822,2104.576541,312.132306
2023-03-17,1087.778488,3111.819702,780.0735,1400.024316,2412.189814,833.991428,756.233119,523.504666,2106.699326,312.924
2023-03-20,1084.167144,3109.92771,779.729464,1398.542244,2410.053579,833.27126,754.964757,521.830656,2107.78502,313.72084
2023-03-21,1081.531331,3107.954854,779.836763,1397.092266,2406.622554,833.096584,754.259895,520.444157,2109.763955,314.564679
2023-03-22,1079.252957,3105.675557,779.691451,1395.588179,2404.409673,832.977533,754.086134,519.022666,2111.486289,315.449467
2023-03-23,1077.20968,3103.181533,779.342605,1393.642949,2402.422998,832.876046,754.216699,517.468768,2112.397988,316.417363
2023-03-24,1074.796638,3099.888203,778.95767,1391.386814,2399.712251,832.465217,754.180376,515.676538,2112.645835,317.370294
2023-03-27,1072.910851,3095.993398,778.785892,1388.882134,2397.85523,832.142213,754.231423,513.920245,2112.972417,318.324488
2023-03-28,1070.803661,3091.165132,778.509701,1385.912476,2394.357959,831.939237,753.892736,512.315277,2111.426978,319.236135
2023-03-29,1068.612479,3086.546548,778.033345,1382.943735,2391.417227,831.578175,753.245792,510.897568,2109.11271,320.158798
2023-03-30,1066.445492,3082.238809,777.49155,1380.094224,2389.16648,831.282494,752.688185,509.510126,2106.670137,321.123883
2023-03-31,1065.426593,3079.347373,776.996912,1378.303992,2389.386069,831.417159,752.384839,508.215369,2105.003198,322.06033
2023-04-03,1064.5241,3075.394634,776.394972,1375.788308,2388.244614,831.653312,752.146284,506.821306,2103.771709,322.863986
2023-04-04,1063.752621,3071.048262,775.577469,1373.201094,2387.025542,831.908004,751.849808,505.542626,2103.045645,323.647277
2023-04-05,1063.234955,3067.554443,775.626548,1371.010078,2386.275923,832.479847,751.593584,504.678195,2104.660088,324.554834
2023-04-06,1062.859713,3063.709302,775.796881,1368.788794,2385.195024,832.86433,751.386445,503.901719,2106.595288,325.478775
2023-04-07,1062.897142,3060.20811,776.283341,1367.00498,2384.307212,833.992401,751.218575,503.669061,2108.81916,326.288174
2023-04-10,1062.578505,3057.076626,776.709655,1364.965286,2383.625742,834.869683,751.20974,503.443967,2112.644844,327.138632
2023-04-11,1062.418732,3054.411421,777.285132,1362.624775,2383.076777,835.845525,751.285331,503.039178,2116.087578,327.989467
2023-04-12,1062.48036,3051.345239,777.837031,1360.372312,2382.219253,836.669136,751.324597,503.055257,2118.866455,328.644474
2023-04-13,1062.741017,3046.350513,778.69447,1356.803765,2380.351836,837.471277,751.114512,503.146998,2121.079639,329.042964
2023-04-14,1062.98296,3040.952979,779.018295,1352.948159,2378.221294,838.15827,750.60697,502.934199,2122.871963,329.406668
2023-04-17,1063.494237,3035.058809,779.161682,1347.23354,2376.598071,839.087271,750.025802,502.907717,2123.997505,329.802182
2023-04-18,1063.808763,3028.771953,779.213649,1341.674827,2375.459448,839.94796,749.512371,502.884074,2124.994756,330.341476
2023-04-19,1063.809222,3020.853599,779.326243,1335.102688,2374.490244,840.588113,749.307195,502.705324,2126.72001,330.846053
2023-04-20,1063.717919,3012.833154,779.531703,1327.883059,2372.708955,841.243879,749.418126,502.591834,2128.37917,331.399423
2023-04-21,1063.830673,3005.90437,779.700111,1320.890879,2371.203096,841.864514,749.285596,502.404573,2129.377388,332.139121
2023-04-24,1064.147025,3000.246567,779.986888,1314.63332,2369.665059,842.920374,749.12165,502.728027,2129.875039,332.838219
2023-04-25,1064.128307,2994.285264,779.894985,1307.876846,2367.97748,843.86011,749.070601,503.124303,2130.969482,333.378598
2023-04-26,1063.490585,2988.353384,779.909418,1301.099277,2367.264775,844.721779,748.835973,503.580162,2132.93481,333.896881
2023-04-27,1063.0067,2981.545986,780.070607,1294.577586,2366.164014,845.676149,748.876223,504.046428,2135.409458,334.473806
2023-04-28,1062.826842,2976.360894,780.375666,1288.505288,2365.06231,846.749573,749.317991,504.941125,2138.093066,335.20078
2023-05-01,1062.882533,2971.430542,780.830371,1282.274329,2364.037266,848.028901,749.713616,505.946476,2140.793203,335.916545
2023-05-02,1062.945985,2967.17062,781.222523,1276.733962,2362.817251,849.354093,749.932537,506.927238,2143.806318,336.644384
2023-05-03,1063.32214,2963.093726,781.982288,1271.366016,2362.664858,850.985698,750.072919,507.951506,2146.946763,337.391195
2023-05-04,1064.057101,2959.541958,783.180875,1266.28238,2362.969624,852.585101,750.58635,509.067514,2150.790918,338.029349
2023-05-05,1064.587093,2956.419663,783.534054,1260.934607,2363.28291,854.287943,751.179301,510.116373,2155.523452,338.782196
2023-05-08,1065.537062,2954.9252,784.030136,1256.464531,2364.19438,855.878562,751.981354,511.173742,2160.416367,339.631627
2023-05-09,1066.97046,2954.380752,784.462224,1252.486951,2365.238364,857.431127,752.989563,512.13275,2165.571709,340.443978
2023-05-10,1068.364603,2952.561646,784.982364,1248.216804,2366.306948,858.987593,753.889785,512.804247,2170.415049,341.248567
2023-05-11,1069.772897,2951.838789,785.64397,1244.253896,2368.90126,860.650425,754.842037,513.555187,2172.758477,342.022111
2023-05-12,1070.676302,2950.590796,786.143423,1239.9599,2371.786162,862.121016,755.382957,513.875802,2174.100776,342.634392
2023-05-15,1071.411717,2948.442456,786.610157,1235.390769,2375.144297,863.643326,755.980814,514.257892,2176.155532,343.31825
2023-05-16,1071.82348,2946.351123,786.98442,1230.930781,2378.76082,865.177346,756.388221,514.723209,2177.828301,343.935704
2023-05-17,1072.023883,2943.009043,787.241263,1226.422183,2382.104761,866.489854,756.892817,515.129889,2178.776948,344.542811
2023-05-18,1072.706803,2940.489145,787.560419,1222.122688,2385.249937,868.257102,757.402322,515.419293,2178.679756,345.098175
2023-05-19,1073.795546,2938.499902,788.302732,1218.405566,2388.581577,870.436154,758.030612,515.94514,2179.305713,345.647503
2023-05-22,1075.352198,2938.807988,789.181532,1215.795422,2392.045728,872.816229,758.748237,516.837001,2180.914326,346.35637
2023-05-23,1076.982801,2940.318091,790.063275,1213.595232,2395.563818,875.217775,759.300937,517.900045,2181.953359,347.209252
2023-05-24,1078.838004,2942.239302,790.95276,1211.375781,2399.517295,877.457328,760.179562,519.132382,2182.118594,348.142335
2023-05-25,1080.792268,2944.234985,791.685662,1209.546113,2402.1277,879.720303,761.686477,520.205829,2182.723154,349.172003
2023-05-26,1083.379692,2946.986641,792.279228,1207.652244,2406.007358,881.954003,762.878265,521.268873,2183.164434,350.345686
2023-05-29,1086.295336,2950.243184,793.169445,1206.015171,2408.640498,884.134031,764.18295,522.702659,2184.078086,351.558175
2023-05-30,1088.580104,2954.107642,793.901495,1204.78897,2412.311929,886.037897,765.390446,524.044706,2184.12377,352.990664
2023-05-31,1090.344918,2957.026685,794.416566,1203.487566,2415.931289,887.773917,767.220343,525.360608,2183.962422,354.331762
2023-06-01,1092.311959,2960.693408,794.986697,1202.47781,2419.959536,889.347946,768.484778,526.898888,2183.984785,355.520559
2023-06-02,1094.611788,2964.098018,795.605221,1201.300395,2424.425063,891.021512,769.938682,528.66295,2185.314453,356.808237
2023-06-05,1096.800232,2967.162358,796.137866,1200.072986,2428.150444,892.935135,771.367062,530.336219,2187.536387,358.02155
2023-06-06,1098.912441,2969.30335,796.499145,1198.579736,2432.094458,894.639929,772.957421,532.01259,2190.342476,359.280539
2023-06-07,1101.317722,2971.804844,796.868075,1197.162305,2435.603086,896.38083,774.933591,533.604312,2193.609282,360.508066
2023-06-08,1103.736697,2973.599116,797.246737,1195.630554,2438.424565,898.076841,776.74778,535.182535,2197.358189,361.717076
2023-06-09,1105.114404,2973.661655,797.434585,1192.971165,2439.860391,899.263463,778.406859,536.43465,2201.222754,362.834675
2023-06-12,1106.508545,2974.524312,797.517419,1191.108752,2441.892495,900.281266,779.895123,537.629055,2204.523574,364.005159
2023-06-13,1108.237754,2975.328105,797.626534,1189.486138,2444.538867,901.447396,781.344119,538.780073,2208.105288,365.324658
2023-06-14,1110.301118,2975.535029,797.302889,1187.547854,2446.734712,902.524724,782.610516,540.004915,2209.996753,366.49893
2023-06-15,1112.228447,2975.894082,796.666235,1185.387026,2449.090527,903.531791,783.862189,540.948008,2211.688955,367.720303
2023-06-16,1114.382659,2975.485977,796.231068,1183.316355,2451.937563,904.687188,785.272896,541.982693,2213.488076,369.02985
2023-06-19,1116.454697,2974.950298,795.885554,1181.184814,2455.212695,905.754758,786.419525,542.996636,2214.589321,370.327517
2023-06-20,1118.470129,2975.64749,795.525974,1179.62146,2458.056079,906.606666,787.53965,543.872911,2216.154199,371.483464
2023-06-21,1120.457258,2976.397598,795.232045,1177.576531,2461.264878,907.28097,788.872805,544.802706,2218.213809,372.579386
2023-06-22,1122.100647,2977.753843,794.943332,1175.91791,2463.911807,907.803046,790.360087,545.577093,2221.275522,373.650534
2023-06-23,1123.55459,2978.699634,794.653647,1173.951643,2466.315415,908.281207,792.082977,546.190468,2223.818198,374.670539
2023-06-26,1124.724136,2980.058389,794.534861,1174.485859,2468.623154,908.791572,793.895203,546.642069,2226.997524,375.628821
2023-06-27,1126.149319,2981.720767,794.708281,1175.164407,2471.121016,909.557607,795.959725,547.233188,2230.33042,376.604982
2023-06-28,1127.76988,2984.475415,794.993826,1176.604915,2473.986699,910.446598,798.071371,548.000635,2234.254277,377.651779
2023-06-29,1129.44477,2986.950488,795.219705,1178.206834,2477.590645,911.286796,800.032816,548.682961,2237.922505,378.671841
2023-06-30,1131.28217,2990.003032,795.665376,1180.519832,2481.41584,912.242142,802.262266,549.45531,2242.983569,379.594467
2023-07-03,1133.634954,2992.244033,796.159751,1182.818628,2485.643999,912.979877,804.596758,550.254045,2247.360366,380.714775
2023-07-04,1135.576892,2995.140225,796.966848,1185.355952,2490.028159,913.589775,806.413894,550.989866,2251.518472,381.840596
2023-07-05,1137.607388,2997.834692,797.16595,1187.884636,2495.092974,914.429973,808.24379,551.665653,2255.302368,383.108647
2023-07-06,1139.996689,3000.771431,797.293063,1190.007109,2500.973848,915.23114,809.876364,552.408341,2258.859785,384.290859
2023-07-07,1141.942278,3003.250127,797.214548,1191.755686,2505.949268,915.792247,811.273328,552.915937,2260.511177,385.211369
2023-07-10,1144.814097,3004.667036,797.097584,1193.484744,2510.131733,916.392389,812.963822,553.40425,2261.956509,386.08691
2023-07-11,1147.768999,3006.089531,796.905634,1195.1223,2514.953618,916.838348,814.960608,553.871215,2263.708008,387.110156
2023-07-12,1150.94302,3008.006934,796.506519,1196.627688,2518.91915,917.258938,817.13312,554.442471,2265.625708,388.071845
2023-07-13,1153.63635,3010.668354,795.853284,1198.643501,2522.130239,917.922509,819.017011,554.764611,2267.438442,389.072224
2023-07-14,1156.365742,3016.371948,796.216169,1202.05551,2525.878579,918.568516,820.96471,555.128851,2269.280337,390.016897
2023-07-17,1159.331147,3021.284233,796.732978,1205.292522,2529.424165,919.169635,822.620844,555.680818,2271.290381,390.905304
2023-07-18,1162.44354,3025.691406,797.235679,1209.407268,2533.000215,919.9708,824.227894,556.255105,2273.241128,391.928298
2023-07-19,1165.595649,3029.53668,797.739217,1213.654019,2536.231904,920.700729,825.694559,557.029457,2275.762427,393.036541
2023-07-20,1168.865151,3033.509287,798.267699,1217.558826,2538.748218,921.801478,827.58434,557.945997,2280.574668,394.4647
2023-07-21,1171.295476,3035.861343,798.529138,1219.471919,2538.783569,922.837821,829.430924,558.871013,2287.672979,395.862018
2023-07-24,1173.173127,3039.058848,798.739386,1221.236751,2537.630254,923.740472,831.219591,559.77427,2294.640083,396.795743
2023-07-25,1175.358608,3042.281094,799.219258,1222.855266,2535.987627,924.684111,833.110354,560.439071,2301.127031,397.636276
2023-07-26,1178.076091,3046.211318,799.727844,1225.057835,2534.901982,925.798522,835.017805,561.210894,2309.420884,398.589323
2023-07-27,1180.609053,3050.464097,800.001848,1227.356848,2534.207056,926.652382,836.89875,562.238586,2318.596309,399.551653
2023-07-28,1183.318667,3053.522813,799.968752,1229.000662,2533.530493,927.470137,838.653055,563.238668,2327.52874,400.571354
2023-07-31,1186.120813,3056.413501,800.067546,1230.48864,2532.46313,928.405967,840.381836,564.280944,2336.563228,401.458046
2023-08-01,1188.570479,3059.903037,800.311376,1232.020234,2531.396167,929.209083,842.18228,565.078032,2345.680337,402.25298
2023-08-02,1190.885112,3063.064893,800.551799,1233.42229,2530.922568,930.112712,843.688214,565.595923,2354.755361,402.890003
2023-08-03,1193.099116,3065.651792,800.737228,1234.858279,2530.447197,930.60356,844.650285,565.987943,2362.97751,403.323663
2023-08-04,1195.038374,3068.397583,801.091534,1236.315166,2528.827632,930.989991,846.058049,565.958447,2371.498584,403.69567
2023-08-07,1196.990352,3072.053057,801.244841,1238.10032,2527.689634,931.526703,847.43538,565.654586,2380.078022,403.971935
2023-08-08,1198.797908,3075.534985,801.372841,1239.660088,2526.369395,932.11123,848.749882,565.492609,2388.852012,404.01514
2023-08-09,1201.226128,3079.35752,801.758782,1241.399734,2524.580435,932.727114,849.413512,565.374984,2398.107534,404.247036
2023-08-10,1203.82634,3082.166499,802.0688,1243.018843,2521.921152,933.428468,850.333369,565.19951,2407.162007,404.459534
2023-08-11,1206.605889,3085.438394,802.188524,1244.373059,2518.239941,933.868439,851.080422,564.947869,2415.598169,404.553881
2023-08-14,1209.481858,3089.036968,802.251794,1246.028418,2515.551704,934.272404,851.79771,564.438799,2423.798984,404.704658
2023-08-15,1212.338652,3093.676606,802.363734,1248.1578,2512.951494,934.767122,852.61415,563.965403,2431.812212,404.81752
2023-08-16,1215.003032,3097.691538,802.349133,1250.56602,2510.249238,935.238906,852.94079,563.505504,2439.707915,404.928618
2023-08-17,1217.286248,3101.992891,802.23817,1252.959365,2508.055689,935.660145,853.424481,563.190228,2446.363604,404.895111
2023-08-18,1219.917024,3105.518213,802.044956,1255.243037,2506.908833,936.058778,853.94838,563.079352,2452.370596,404.951542
2023-08-21,1222.251755,3108.993823,801.934965,1257.35197,2505.777417,936.587928,854.725993,562.945334,2459.22478,405.142881
2023-08-22,1224.245461,3112.166016,801.732502,1259.190432,2504.089946,936.905784,855.655303,562.792998,2466.123457,405.298949
2023-08-23,1225.983936,3115.502124,801.585037,1261.189683,2502.127373,937.589037,856.522892,562.799749,2473.772324,405.403876
2023-08-24,1227.295137,3118.842358,801.558268,1263.732668,2500.473516,938.571235,857.38176,563.001255,2480.720688,405.453254
2023-08-25,1228.265798,3122.829917,801.156753,1266.120437,2497.990645,939.433636,858.161478,562.976188,2486.584019,405.281315
2023-08-28,1229.225994,3126.052842,800.899782,1268.381799,2495.556431,940.51465,859.068532,563.053319,2493.575772,405.066171
2023-08-29,1229.90552,3128.966333,800.732362,1270.505603,2492.694717,941.493727,859.616879,563.196976,2500.72728,404.841328
2023-08-30,1230.496477,3131.589619,800.178514,1273.030005,2489.93416,942.315249,860.062377,563.217225,2507.441147,404.766381
2023-08-31,1231.240688,3133.943486,799.476226,1275.890864,2487.084868,943.113325,860.406639,563.186372,2513.607373,404.626184
2023-09-01,1232.23043,3137.123955,798.806544,1279.215522,2484.474121,944.151107,860.703659,563.474652,2520.280845,404.560936
2023-09-04,1233.376108,3141.529316,798.310125,1282.835752,2481.598105,945.085231,861.043814,563.831387,2527.364531,404.416331
2023-09-05,1234.641624,3145.993565,797.495414,1286.548921,2478.844233,945.871197,861.141542,563.964439,2534.673682,404.381061
2023-09-06,1235.656021,3150.132637,796.710388,1289.971177,2476.215361,946.416332,861.37997,563.977937,2541.284404,404.347556
2023-09-07,1236.703174,3154.742676,796.074775,1293.184304,2473.280186,947.121837,861.519777,564.156305,2550.174775,404.286716
2023-09-08,1237.721692,3157.496265,795.315547,1295.677102,2470.143667,947.979385,861.739071,564.360706,2559.098745,404.128885
2023-09-11,1238.404717,3161.524732,794.458981,1298.330696,2466.99856,948.83329,862.048148,564.481223,2568.295171,403.845846
2023-09-12,1238.978921,3166.736558,793.570295,1301.229663,2463.159741,949.886283,862.624212,564.463868,2578.32104,403.577798
2023-09-13,1239.71303,3171.502114,793.284124,1304.037544,2458.402007,950.665926,863.658999,564.576675,2587.438599,403.196887
2023-09-14,1239.974175,3176.068101,792.971671,1307.068496,2453.510693,951.376925,864.630941,564.669232,2596.44312,402.774533
2023-09-15,1240.327507,3181.227036,792.984812,1310.440559,2449.151826,952.435111,866.005331,564.769503,2606.013042,402.420956
2023-09-18,1239.54218,3187.593594,792.71811,1313.464075,2445.947559,953.409988,866.771588,564.988366,2616.011191,402.177596
2023-09-19,1238.48615,3193.951812,792.529764,1316.126033,2442.209883,954.452197,867.410223,565.285324,2625.313408,401.805502
2023-09-20,1236.863259,3200.539805,791.855704,1319.043586,2438.263237,955.445124,867.899764,565.513826,2634.409766,401.464269
2023-09-21,1235.294114,3205.247827,791.001572,1321.583789,2434.802295,955.669496,868.628513,565.562034,2643.783257,401.032216
2023-09-22,1233.648191,3207.070664,789.883656,1322.888743,2431.091338,955.631871,869.199601,565.827174,2653.103643,400.5067
2023-09-25,1231.347053,3208.82644,788.444039,1323.840505,2427.162832,955.544474,869.91589,565.691229,2662.176523,399.982066
2023-09-26,1228.849431,3210.645625,787.08278,1323.570034,2423.272476,955.174807,870.729574,565.730761,2671.332305,399.452141
2023-09-27,1226.418484,3213.028301,785.542419,1323.422248,2420.030991,954.733978,871.784458,565.505149,2681.142173,398.928389
2023-09-28,1223.67352,3214.392881,783.935869,1323.23543,2415.395386,953.851014,872.669012,565.117562,2691.92229,398.021962
2023-09-29,1221.838962,3217.370996,782.481166,1325.165903,2412.754111,953.123728,873.54578,564.79843,2701.091934,397.209879
2023-10-02,1220.512341,3219.85772,781.000666,1327.003435,2410.566089,952.494027,874.380332,564.430126,2709.892222,396.734622
2023-10-03,1218.935012,3221.988672,779.165376,1328.851186,2408.671963,951.58337,875.281542,564.301895,2720.531787,396.336958
2023-10-04,1216.918362,3224.76521,777.596789,1330.626445,2407.232046,950.436864,876.049146,563.744617,2728.617627,395.699462
2023-10-05,1215.133667,3228.34062,776.259377,1332.676821,2406.27209,949.623878,876.794586,563.274115,2737.775112,395.188053
2023-10-06,1213.138911,3233.282466,775.194022,1335.245835,2404.646103,948.780366,877.48578,562.853748,2747.093428,394.724258
2023-10-09,1210.736426,3237.312119,773.880459,1337.471877,2403.701436,947.765998,878.249485,562.176915,2755.420015,394.278981
2023-10-10,1208.791287,3240.597705,772.543046,1339.887532,2403.035386,947.072754,879.448268,561.787401,2764.057925,393.91923
2023-10-11,1207.475544,3243.74209,771.560913,1342.44446,2402.795879,946.565223,881.056093,561.592644,2773.230601,393.710259
2023-10-12,1206.306348,3246.391367,770.793895,1344.325676,2402.904653,946.508717,882.686023,561.506835,2782.739473,393.615913
2023-10-13,1204.803311,3248.756396,769.660404,1345.307178,2403.352187,946.286819,884.039459,561.561792,2791.83646,393.499523
2023-10-16,1203.106706,3249.499541,768.476298,1346.072119,2403.144175,945.966377,885.207647,561.711233,2800.99832,393.394597
2023-10-17,1201.671636,3250.176719,767.418241,1347.043401,2402.959058,945.612183,886.633682,561.775833,2809.533013,393.413994
2023-10-18,1199.762651,3250.636538,766.145559,1347.901284,2402.883672,945.042521,888.077316,561.754622,2817.279307,393.290551
2023-10-19,1197.5652,3251.054385,764.968752,1348.729429,2403.10123,944.484664,889.500421,561.707378,2825.357866,393.266744
2023-10-20,1195.191929,3252.072334,764.034316,1349.759263,2402.974316,944.089148,890.972838,561.494301,2832.708003,393.082461
2023-10-23,1192.164558,3251.498701,763.013735,1350.039956,2402.027729,943.506697,892.397916,561.34293,2838.574741,392.847919
2023-10-24,1189.137187,3250.925068,761.993154,1350.320649,2401.081143,942.924246,893.822994,561.191559,2844.441479,392.613377
2023-10-25,1186.078472,3249.819131,760.925366,1349.749651,2399.644092,942.129275,895.117892,561.015121,2848.866108,392.303887
2023-10-26,1183.075039,3248.140278,759.622021,1349.108254,2398.368301,941.283145,896.080435,560.530155,2853.036133,392.186616
2023-10-27,1180.275757,3248.001313,758.438402,1349.283301,2396.980874,940.537369,897.231345,560.302617,2858.146924,392.047301
2023-10-30,1178.216001,3247.734565,757.422203,1349.087632,2395.380649,939.941143,898.302374,560.177278,2863.339307,391.741337
2023-10-31,1175.91801,3247.647559,756.388484,1348.759758,2393.819546,939.219962,899.027241,560.120394,2868.25938,391.285479
2023-11-01,1173.686526,3246.551772,755.297334,1348.085488,2391.876753,938.180991,899.920748,559.917922,2871.753076,390.891342
2023-11-02,1172.102251,3246.199604,754.299143,1347.42157,2390.422305,937.216796,900.993749,559.824399,2876.274048,390.543054
2023-11-03,1170.62667,3245.795908,753.542347,1347.178596,2389.737241,936.4966,902.122963,559.98252,2881.638457,390.364943
2023-11-06,1169.586865,3246.045713,752.732017,1347.286667,2388.974175,936.002697,903.48098,560.011445,2887.145405,390.258252
2023-11-07,1168.628457,3246.101846,751.728955,1347.376389,2388.756797,935.616034,905.097383,560.105931,2891.910166,390.127755
2023-11-08,1167.812991,3246.089761,750.880663,1346.890364,2388.86897,935.160499,906.655599,560.35468,2897.561616,390.02459
2023-11-09,1166.855579,3246.076958,750.045513,1346.093728,2388.674585,934.739401,908.153656,560.68249,2903.895298,389.931126
2023-11-10,1165.885261,3245.387241,749.23567,1345.028901,2388.674336,934.147108,909.525479,560.874356,2910.405918,389.851769
2023-11-13,1164.931323,3243.932007,748.303668,1343.657556,2388.57748,933.49972,910.90026,560.986196,2917.039414,389.825318
2023-11-14,1163.849331,3242.275195,747.465596,1342.029685,2388.372803,932.831671,912.263207,561.147208,2923.24333,389.700112
2023-11-15,1163.132139,3241.963247,746.578854,1341.124526,2388.012793,932.50896,913.63799,561.421027,2929.819819,389.603121
2023-11-16,1162.424377,3242.922837,745.581147,1341.076235,2388.051362,931.925522,915.102517,561.529011,2933.845342,389.475269
2023-11-17,1161.504685,3244.216133,744.429648,1340.826345,2388.691587,930.96723,916.314573,561.135638,2937.922959,389.41531
2023-11-20,1160.261389,3245.10896,743.197358,1340.43123,2388.473696,929.849552,917.707107,560.596681,2941.748926,389.231909
2023-11-21,1159.666289,3243.966069,742.039532,1339.623086,2388.946494,928.582323,919.293925,560.078934,2944.319551,388.969151
2023-11-22,1159.042407,3243.435356,740.761011,1339.220056,2389.592422,927.26295,920.37087,559.355823,2947.770981,388.725792
2023-11-23,1158.468655,3242.641646,739.577393,1338.496172,2390.309634,925.989818,921.587859,558.635605,2950.268862,388.556497
2023-11-24,1157.83385,3240.18457,738.315415,1337.46271,2391.530015,924.749154,922.317657,557.894176,2953.133418,388.37045
2023-11-27,1157.411475,3237.58166,737.37173,1336.797314,2392.38875,923.552765,923.362058,557.053439,2955.775806,388.119155
2023-11-28,1156.994062,3235.221816,736.394464,1336.231716,2393.158096,922.279634,924.638219,556.291763,2958.334639,387.822891
2023-11-29,1157.178201,3233.675938,736.350176,1336.013157,2394.622236,921.34397,926.308865,555.665067,2962.143892,387.545144
2023-11-30,1157.303769,3232.028496,736.403225,1335.497024,2396.356426,920.864824,928.217187,555.213846,2966.269678,387.338817
2023-12-01,1157.694377,3230.488091,736.653868,1335.031333,2398.264907,920.793986,930.254703,554.704775,2971.620317,387.45697
2023-12-04,1158.486016,3229.454917,737.416992,1335.201492,2401.042358,921.479746,932.670925,554.717311,2979.701826,387.658889
2023-12-05,1159.431519,3228.619595,738.254576,1335.42678,2403.009951,922.753862,935.006279,554.984379,2987.623101,387.822892
2023-12-06,1160.346748,3229.067813,739.237195,1335.917214,2404.627002,923.937462,937.061547,555.344971,2996.02311,388.071542
2023-12-07,1161.567217,3230.693477,740.276268,1336.761604,2406.084468,925.047271,938.528046,555.764375,3002.817827,388.377505
2023-12-08,1162.66658,3232.690352,741.511476,1338.155806,2407.5196,926.207256,939.984683,556.06519,3009.795391,388.461271
2023-12-11,1163.801677,3234.988975,742.72527,1339.500105,2408.596191,927.490226,941.453154,556.367933,3016.917456,388.603231
2023-12-12,1164.8529,3238.105508,743.95707,1340.636929,2409.59251,928.973906,942.832867,556.550159,3022.209116,388.838655
2023-12-13,1166.042097,3239.314927,744.943582,1341.072012,2410.021387,930.623862,944.32501,557.198065,3029.523862,389.183414
2023-12-14,1167.531572,3240.938472,746.057119,1342.139656,2410.312539,932.449932,945.830958,557.805477,3036.150483,389.60753
2023-12-15,1169.294526,3245.575459,747.249498,1344.372764,2411.114145,934.264193,947.142622,558.846755,3043.902671,389.890568
2023-12-18,1171.505662,3249.864014,748.606864,1346.401731,2411.930874,935.89447,948.438506,560.069294,3052.099194,390.088077
2023-12-19,1173.984316,3253.527192,749.853268,1347.950574,2413.13855,937.158748,949.229449,561.298583,3060.414663,390.294404
2023-12-20,1175.791936,3256.87002,750.996005,1349.100989,2413.517519,938.212477,949.544052,562.226093,3066.898745,390.3429
2023-12-21,1177.907778,3261.602857,752.328064,1350.781096,2413.802373,939.199302,950.087456,563.338718,3073.630547,390.356127
2023-12-22,1180.049424,3266.48979,753.64309,1353.606255,2414.280249,940.045433,950.784708,564.507264,3081.265757,390.476925
2023-12-25,1182.243186,3272.246192,755.017977,1356.375647,2414.970913,940.889596,951.632852,565.685453,3088.65915,390.587143
2023-12-26,1184.454817,3277.788511,756.392865,1358.633926,2415.878516,941.700308,952.54411,566.873281,3096.990352,390.640047
2023-12-27,1187.064004,3283.990191,758.179487,1361.363433,2417.389614,942.851439,953.892263,568.336856,3106.789219,390.736157
2023-12-28,1190.036006,3290.402349,760.031814,1364.137412,2419.393799,944.231814,955.741412,569.883347,3115.904878,390.977753
2023-12-29,1192.873503,3295.968867,761.846665,1366.658477,2422.988115,945.488219,957.457422,571.405736,3126.003564,391.39746
2024-01-01,1196.119976,3303.437139,763.716024,1369.684407,2426.627895,946.854818,958.912086,573.110348,3137.154102,391.964418
2024-01-02,1199.57937,3310.385728,765.595117,1372.391174,2429.480439,947.883949,960.537366,574.778323,3146.587285,392.571935
2024-01-03,1202.808967,3316.004399,767.312146,1374.649797,2432.311924,949.221033,962.758318,576.460759,3156.894385,393.357565
2024-01-04,1206.483269,3322.152056,769.52608,1377.535444,2434.89145,950.765713,965.567053,578.307101,3168.574771,394.099106
2024-01-05,1209.877148,3329.359566,771.599849,1380.401323,2437.891816,952.358602,968.170658,579.865162,3180.764365,394.808025
2024-01-08,1212.605459,3334.942842,773.335856,1383.145752,2440.148726,953.482185,970.592799,581.056848,3192.064321,395.426124
2024-01-09,1215.509961,3340.924727,775.029522,1386.175452,2442.337139,954.749414,973.553412,582.210933,3204.389585,396.06362
2024-01-10,1219.01105,3348.047481,776.795704,1389.296475,2444.704614,956.303934,976.497258,583.278243,3217.172935,396.684363
2024-01-11,1222.977693,3355.040781,778.472336,1391.6323,2445.654297,957.70497,979.238931,584.205754,3228.708818,397.239858
2024-01-12,1227.164206,3364.948184,780.004907,1395.844504,2446.322339,959.076488,982.110782,585.274993,3241.636675,397.829741
2024-01-15,1231.623699,3374.700064,781.74043,1400.529334,2447.779546,960.343716,985.329784,586.542845,3252.79606,398.398462
2024-01-16,1235.846941,3383.842847,783.608331,1404.808381,2449.176201,961.543058,988.461011,587.644867,3264.832305,399.096799
2024-01-17,1239.690991,3393.212891,784.055594,1409.500742,2450.013418,962.448221,991.390067,588.526099,3276.127349,399.61967
2024-01-18,1243.91324,3403.553369,784.060459,1414.543335,2451.384111,963.412417,994.441412,589.489281,3287.356523,400.168112
2024-01-19,1248.082383,3415.419717,783.85751,1420.010537,2452.899946,964.604871,998.179161,590.419684,3299.403579,400.784446
2024-01-22,1252.254502,3427.32145,783.680841,1425.389238,2454.57727,965.878986,1001.926772,591.314414,3311.150815,401.410479
2024-01-23,1255.654834,3437.632656,783.082703,1430.446895,2452.604858,967.740474,1006.325284,591.772384,3321.030293,401.821368
2024-01-24,1258.943494,3446.280254,782.610619,1435.43488,2451.74457,968.883734,1011.058123,592.420289,3331.337383,402.20316
2024-01-25,1262.372612,3452.594531,781.895679,1439.656497,2450.535361,970.338883,1015.219944,592.96214,3341.999351,402.50295
2024-01-26,1265.852852,3458.82313,781.212373,1444.016509,2448.60331,972.072468,1019.426146,593.920503,3351.52395,402.79216
2024-01-29,1271.280181,3464.557847,780.720334,1448.159041,2447.410439,973.940842,1023.385792,595.062053,3363.697822,403.021412
2024-01-30,1275.611624,3470.459204,780.003446,1452.159407,2446.51458,975.727557,1027.090011,596.320265,3374.67731,403.053154
2024-01-31,1280.227954,3476.277827,779.516759,1455.983721,2445.738882,977.801563,1031.053602,597.892789,3382.491436,403.085778
2024-02-01,1284.772319,3483.22084,778.98189,1459.896531,2444.848794,979.811616,1034.496471,599.583904,3389.418867,403.130748
2024-02-02,1289.949006,3493.220112,778.145278,1464.715991,2443.645356,981.673103,1038.000487,601.305872,3395.745664,403.171307
2024-02-05,1294.754936,3503.350674,777.296012,1469.419651,2441.805596,983.524752,1040.769777,602.898644,3401.398105,403.175716
2024-02-06,1299.333054,3516.289795,776.473026,1474.819067,2440.186909,985.510208,1043.711652,604.55312,3408.756099,403.107823
2024-02-07,1304.133525,3527.430225,775.21543,1479.228037,2438.272163,987.134583,1046.451351,606.609646,3414.86958,403.012595
2024-02-08,1309.323115,3540.008672,773.699403,1483.689732,2435.801831,988.204052,1048.96521,609.208987,3419.318784,402.749423
2024-02-09,1314.556379,3552.131665,772.221824,1487.776712,2433.120039,989.46341,1051.047108,612.16892,3421.951353,402.256373
2024-02-12,1319.365784,3563.995928,770.086248,1491.839224,2428.955083,989.559828,1052.739451,614.351748,3421.676104,401.533506
2024-02-13,1324.254102,3576.043662,767.854794,1496.181353,2425.701367,989.684778,1054.450531,616.380315,3421.795049,400.849409
2024-02-14,1329.233743,3585.814434,765.482202,1499.794766,2422.246753,990.067505,1056.253329,618.982548,3420.157314,400.04845
2024-02-15,1334.03967,3595.442178,763.375828,1503.757473,2419.028603,990.414812,1058.634048,621.874988,3419.070078,399.201347
2024-02-16,1338.659475,3605.320913,761.104954,1507.721121,2416.20166,990.658814,1060.99603,624.585205,3419.233257,398.524606
2024-02-19,1343.510073,3614.438369,758.828239,1511.698897,2413.962021,991.183218,1063.784056,627.381232,3418.329858,397.872925
2024-02-20,1348.652014,3621.639922,757.07325,1515.638069,2412.065537,991.833557,1066.717054,630.229321,3418.611992,397.153384
2024-02-21,1353.629675,3629.570283,755.206809,1519.527346,2410.05083,992.582282,1069.478451,633.15358,3416.579077,396.339638
2024-02-22,1358.586489,3637.920962,752.962214,1522.91481,2407.585303,993.153912,1072.049508,635.896578,3415.21561,395.646151
2024-02-23,1363.466865,3642.006299,750.665544,1524.768594,2405.109204,993.624205,1074.67678,638.033129,3413.248564,394.931563
2024-02-26,1367.970034,3645.167656,748.393698,1526.572478,2402.586006,994.26864,1077.039747,640.161967,3412.826841,394.293094
2024-02-27,1372.071677,3651.068398,746.128176,1528.555242,2399.59855,995.149205,1079.782407,641.98324,3412.974292,393.611064
2024-02-28,1375.884458,3657.915396,743.718109,1531.094426,2396.985005,995.927446,1082.883062,644.028196,3413.990747,392.967944
2024-02-29,1379.448579,3664.176294,740.960548,1533.69104,2394.276299,996.868029,1085.751954,646.04037,3415.04063,392.281079
2024-03-01,1383.60978,3669.743257,738.623483,1535.419605,2391.086982,998.690161,1088.496588,648.593431,3418.098843,391.585377
2024-03-04,1388.074238,3675.054194,736.305397,1536.81865,2388.134126,1000.619535,1091.335897,651.202413,3421.372339,390.882513
2024-03-05,1392.266709,3679.608389,733.953732,1537.996448,2384.579546,1002.448557,1094.670287,654.015796,3423.781753,390.104791
2024-03-06,1396.427412,3684.850147,731.416152,1538.946409,2380.590498,1004.314963,1098.072722,656.625743,3425.712427,389.346042
2024-03-07,1399.924531,3691.133291,728.89366,1539.959446,2376.471684,1005.929498,1101.28778,659.260757,3428.836504,388.565902
2024-03-08,1403.626135,3697.5375,726.332231,1541.34437,2371.773257,1007.727035,1104.591597,662.076066,3431.804277,387.821032
2024-03-11,1407.030437,3703.869917,723.70121,1542.271731,2366.680727,1009.287455,1108.211985,664.628164,3434.068203,386.896934
2024-03-12,1410.397019,3712.033081,721.369498,1543.750801,2362.150513,1011.148942,1111.812651,666.946939,3437.676909,385.843652
2024-03-13,1413.18687,3721.088413,719.301083,1546.036726,2356.499521,1013.114719,1114.446829,668.948508,3439.607578,384.990959
2024-03-14,1415.830305,3731.707598,717.009766,1548.684185,2351.54061,1015.012609,1117.340378,670.844022,3442.546846,384.103125
2024-03-15,1418.100998,3741.220952,714.775392,1550.594458,2345.920376,1016.717661,1120.760566,672.578523,3442.846675,383.248649
2024-03-18,1420.995574,3750.592471,712.659283,1552.098008,2340.570244,1018.669666,1124.236968,674.582986,3444.028276,382.513645
2024-03-19,1423.675737,3756.461826,710.701346,1552.703379,2334.556865,1020.720056,1127.468789,676.480427,3442.961685,381.653954
2024-03-20,1426.032295,3761.779937,708.512235,1553.363359,2328.108061,1022.519562,1130.804165,678.688325,3442.257837,380.926415
2024-03-21,1427.84041,3766.717402,706.533857,1554.502556,2322.458994,1024.303324,1133.919617,681.081337,3443.342119,380.309706
2024-03-22,1429.514023,3767.748306,704.603176,1552.546152,2316.932959,1026.011328,1137.070569,683.262239,3444.305493,379.75317
2024-03-25,1430.723076,3768.388047,702.364906,1549.848801,2310.845576,1027.594381,1139.7077,685.317802,3445.775127,379.180763
2024-03-26,1432.052239,3769.192969,699.894976,1547.233357,2304.518848,1029.063302,1142.019385,687.306837,3447.674351,378.508463
2024-03-27,1434.658447,3768.877397,698.952753,1544.289333,2298.305542,1031.070404,1144.771907,689.375897,3450.337383,377.942947
2024-03-28,1436.999124,3768.890532,698.580438,1541.567502,2292.852568,1033.174911,1147.563877,691.767947,3453.638403,377.403097
2024-03-29,1439.349727,3767.638564,698.358995,1538.533101,2287.065093,1035.026561,1149.607312,694.170601,3455.956396,376.757438
2024-04-01,1441.678987,3767.145283,698.357535,1535.449739,2281.691894,1037.003163,1151.428848,696.687988,3459.731245,376.082238
2024-04-02,1444.823213,3767.624507,698.871476,1532.450171,2279.983813,1038.029342,1152.419993,699.798329,3464.772236,375.606964
2024-04-03,1447.358945,3769.603291,699.128446,1528.783086,2276.59168,1039.564181,1153.125134,702.7438,3468.57166,375.044221
2024-04-04,1449.539805,3773.223232,700.030762,1525.348552,2273.451387,1040.919957,1154.038367,705.569716,3472.590298,374.577811
2024-04-05,1451.664578,3776.392085,701.146732,1521.770911,2270.349536,1042.365267,1154.63897,708.500723,3475.532515,374.19734
2024-04-08,1452.417502,3779.609722,702.041747,1518.383447,2266.976626,1043.757448,1155.478237,711.303499,3477.495635,373.947783
2024-04-09,1453.52977,3782.348135,703.056488,1515.434719,2263.237495,1045.53137,1156.381606,713.953939,3480.483071,373.856198
2024-04-10,1454.580991,3785.512314,703.774837,1512.533061,2258.99564,1047.130164,1157.539421,716.625591,3485.859268,373.892673
2024-04-11,1455.631714,3787.96001,704.456198,1509.703899,2254.906621,1048.78799,1159.08186,719.159369,3492.842725,373.905341
2024-04-12,1455.819326,3788.618345,705.164811,1505.776023,2250.671504,1050.370057,1160.55625,721.408723,3498.803833,373.844744
2024-04-15,1456.331533,3788.01626,705.650037,1501.651377,2246.337373,1051.449365,1162.745642,723.617584,3503.896919,373.745103
2024-04-16,1457.084954,3783.079634,706.284188,1495.720022,2242.385815,1052.249255,1164.37092,725.573839,3506.240469,373.762732
2024-04-17,1457.553484,3779.129585,707.056073,1490.460889,2238.451562,1053.132775,1165.99127,727.048021,3509.164985,373.773308
2024-04-18,1457.835398,3774.02602,707.948168,1485.323206,2234.563442,1054.43444,1168.429189,727.920574,3513.400874,373.850295
2024-04-19,1458.021523,3768.258481,709.191165,1480.463262,2230.861802,1055.547201,1171.757659,728.406504,3517.211108,374.015905
2024-04-22,1458.567483,3763.455019,710.380624,1475.805735,2228.090625,1057.328998,1175.285344,729.528771,3523.367837,374.346232
2024-04-23,1458.452834,3758.300825,711.481995,1471.246123,2225.567427,1058.715276,1179.71344,730.677069,3529.042881,374.748175
2024-04-24,1457.83342,3753.254453,712.724501,1466.812673,2223.11248,1060.172391,1184.063628,731.249772,3535.449302,375.058807
2024-04-25,1457.62248,3748.54665,713.665751,1462.333088,2220.805566,1062.083073,1188.363518,732.233203,3542.369854,375.661272
2024-04-26,1457.463162,3742.789433,714.540812,1457.22271,2217.871929,1063.74877,1192.426716,733.131788,3546.664727,376.29507
2024-04-29,1457.28498,3738.407978,715.634882,1452.232839,2214.775854,1066.039226,1196.179258,734.428567,3552.453799,376.813388
2024-04-30,1457.205073,3734.46917,716.27536,1447.248621,2211.437549,1068.039441,1199.697082,735.704135,3557.124185,377.342447
2024-05-01,1457.191177,3731.264658,717.063305,1442.82364,2208.041567,1069.97669,1203.29479,736.759877,3562.981094,377.920743
2024-05-02,1456.889409,3727.067012,718.160294,1437.797996,2204.931074,1071.486934,1206.61833,737.996879,3567.616089,378.360283
2024-05-03,1455.705671,3723.152583,719.123932,1432.891919,2201.527412,1073.075889,1209.609517,739.392964,3569.815137,378.808775
2024-05-06,1454.359636,3721.652085,720.100709,1428.481067,2198.681255,1074.888186,1213.028718,740.335898,3569.680464,379.266219
2024-05-07,1452.688503,3719.299131,720.937808,1424.288638,2198.18334,1076.29906,1216.157974,741.339575,3568.133174,379.789012
2024-05-08,1451.952451,3716.635757,721.650802,1419.695132,2196.635776,1077.810293,1219.310898,742.656599,3568.460527,380.37447
2024-05-09,1450.628745,3714.105552,722.080059,1415.282393,2194.969985,1079.059812,1222.310959,744.039187,3564.487109,380.711063
2024-05-10,1448.947192,3710.345869,722.340779,1410.955332,2194.06356,1079.653088,1225.712407,744.968626,3557.36897,381.138071
2024-05-13,1446.868577,3707.853174,722.753705,1406.930486,2192.884141,1080.354592,1228.719373,745.677274,3550.475947,381.545385
2024-05-14,1445.277849,3705.773105,723.143539,1403.507249,2191.918115,1080.994109,1230.995554,746.337715,3545.892061,381.967021
2024-05-15,1443.556096,3702.323838,723.294833,1399.786497,2190.428232,1081.53032,1233.287515,747.039613,3541.352417,382.324204
2024-05-16,1442.492466,3698.960889,723.626659,1396.715374,2188.959487,1082.37842,1236.155425,747.500477,3537.098838,382.644684
2024-05-17,1441.634316,3694.33498,723.996472,1393.473843,2187.052432,1083.215696,1239.010513,748.075109,3532.651597,383.051997
2024-05-20,1441.020857,3689.451182,724.544411,1390.530764,2185.716343,1084.23499,1241.926748,748.926449,3528.919019,383.533611
2024-05-21,1440.240632,3682.993716,724.731012,1387.164019,2184.419658,1085.102766,1244.689133,750.294574,3525.366343,384.076994
2024-05-22,1440.805947,3677.570391,724.913286,1384.215288,2185.463535,1085.637009,1248.222734,751.938063,3523.838716,384.389417
2024-05-23,1441.889431,3672.208887,725.473287,1380.808997,2186.384375,1086.638594,1251.762256,753.962849,3523.390454,384.777932
2024-05-24,1443.120818,3665.79855,726.303261,1377.62866,2187.179302,1087.65395,1255.085796,756.095452,3525.135337,385.084088
2024-05-27,1443.652383,3660.593901,727.301077,1375.156318,2188.804722,1088.610276,1258.222939,758.346366,3526.920522,385.335638
2024-05-28,1444.266836,3658.540264,728.294401,1373.378799,2191.284668,1089.456406,1261.037593,760.685159,3529.997412,385.683868
2024-05-29,1444.207773,3655.921816,729.24681,1371.420513,2193.811709,1089.800762,1263.903528,762.617224,3532.456958,385.956903
2024-05-30,1443.689111,3651.98873,730.120761,1369.024434,2195.908115,1090.428472,1266.987417,764.456803,3533.925605,386.003453
2024-05-31,1443.20023,3647.988613,731.187712,1367.63478,2197.301885,1091.033555,1269.682742,766.33833,3534.93813,385.964958
2024-06-03,1444.298103,3644.591172,732.655743,1366.225923,2199.211821,1092.405073,1272.740002,769.696213,3540.430327,385.99629
2024-06-04,1443.418613,3642.049722,733.415003,1364.886829,2204.139014,1092.164023,1274.448125,770.624684,3535.1829,385.910408
2024-06-05,1441.98721,3640.788926,734.702681,1364.413511,2211.118408,1092.653992,1276.806157,771.968585,3529.335825,386.093592
2024-06-06,1440.910181,3640.450181,735.998223,1364.482363,2216.602148,1092.990476,1279.607002,773.47844,3523.804307,386.363501
2024-06-07,1440.594514,3641.312056,737.428445,1365.729526,2222.628008,1093.549314,1283.485779,775.243178,3519.254834,386.701788
2024-06-10,1440.32898,3640.749287,738.519791,1366.375515,2228.000249,1094.024524,1287.602236,776.929452,3513.469688,387.02859
2024-06-11,1439.727932,3640.679849,739.551741,1367.181926,2233.184092,1094.75259,1291.921851,778.533058,3509.366514,387.299498
2024-06-12,1439.563645,3639.033032,740.655015,1367.827139,2238.249707,1095.585935,1296.117205,780.1166,3506.375147,387.56928
2024-06-13,1439.609805,3637.214375,741.382472,1368.526487,2242.526157,1096.146741,1300.434846,782.020829,3504.523115,387.84646
2024-06-14,1439.956245,3634.975869,742.055619,1369.271951,2247.081548,1096.584563,1305.097664,783.727815,3503.435879,388.053199
2024-06-17,1439.788987,3632.863018,742.757482,1370.062605,2251.598486,1096.948596,1309.490259,785.366346,3501.07561,388.232187
2024-06-18,1440.133936,3630.917612,743.547909,1370.690117,2256.333877,1097.259499,1313.906521,787.195695,3499.187202,388.41665
2024-06-19,1439.718511,3628.004424,744.950913,1371.345181,2260.563955,1097.949192,1317.120588,788.88966,3495.977607,388.318339
2024-06-20,1439.601873,3624.818237,746.467383,1372.07803,2265.283208,1098.881902,1320.113745,790.410109,3493.412002,388.213646
2024-06-21,1439.344773,3621.761865,748.1177,1373.55835,2269.758335,1099.949404,1323.871218,792.030349,3491.12229,388.16413
2024-06-24,1438.881204,3619.948921,750.069674,1375.244644,2274.98627,1101.75481,1327.72238,793.749696,3490.307583,388.257274
2024-06-25,1438.650911,3619.82792,752.264327,1378.226348,2279.50583,1104.330586,1331.637649,795.768124,3491.734028,388.350419
2024-06-26,1439.609319,3620.035644,754.361794,1381.184041,2284.285508,1107.300898,1336.431633,797.84733,3493.460674,388.455416
2024-06-27,1440.924089,3621.92522,756.548101,1384.678445,2289.501797,1110.536855,1340.574717,800.033121,3494.275986,388.716721
2024-06-28,1442.815588,3623.919492,758.256299,1388.196724,2294.606699,1113.141167,1343.632964,802.207015,3495.416177,388.85963
2024-07-01,1444.40979,3626.592515,760.361558,1391.77208,2300.143423,1115.604783,1346.718826,803.941888,3494.267441,389.068362
2024-07-02,1446.511235,3629.816685,762.762203,1395.746724,2304.88437,1117.579414,1348.229707,805.233928,3495.14937,389.142538
2024-07-03,1448.541211,3632.874336,765.498369,1400.062695,2310.162563,1119.642595,1349.875698,806.794608,3495.304927,389.273141
2024-07-04,1450.408394,3636.587593,767.834315,1404.680229,2315.726411,1121.989133,1351.539441,807.578937,3494.303989,389.262551
2024-07-05,1453.109897,3640.706611,769.39955,1409.390703,2322.438867,1124.458655,1353.584849,808.984041,3495.296113,389.291973
2024-07-08,1455.807432,3643.558003,770.64723,1414.289175,2329.864375,1125.932498,1355.610532,809.834592,3495.812217,389.535048
2024-07-09,1458.254817,3647.193291,771.997755,1419.368599,2337.264487,1127.857937,1357.844304,810.788976,3497.790449,389.987883
2024-07-10,1460.58209,3649.386128,773.245668,1424.277085,2345.058662,1129.684004,1360.265457,811.502202,3499.450645,390.41975
2024-07-11,1462.847324,3651.053896,774.333875,1429.385901,2352.901558,1131.632073,1362.906533,812.293123,3500.434961,390.922922
2024-07-12,1466.077913,3658.011704,775.553107,1435.594021,2361.182393,1133.419768,1365.980562,813.115867,3503.939219,391.479044
2024-07-15,1469.605801,3663.234419,776.736731,1441.531106,2368.672744,1135.065786,1369.022043,814.819128,3508.205674,392.144919
2024-07-16,1473.07562,3667.545908,778.057776,1447.549729,2375.117559,1137.190952,1372.579314,816.623416,3512.872847,392.749735
2024-07-17,1476.206448,3671.894907,779.607563,1453.825378,2382.299624,1139.491245,1376.088262,818.256085,3516.378071,393.342913
2024-07-18,1480.029158,3679.148228,781.450651,1460.484971,2390.747358,1142.139834,1380.194858,819.967149,3524.428926,394.306462
2024-07-19,1482.961951,3687.585449,783.122058,1468.090718,2398.264414,1144.729387,1383.362578,821.643108,3531.811392,395.20071
2024-07-22,1484.907056,3694.726714,784.970078,1476.067563,2405.979121,1146.955894,1386.902097,823.237877,3539.406367,395.975943
2024-07-23,1486.253589,3703.02606,786.52358,1484.521201,2414.508989,1149.04564,1390.480078,824.398466,3543.071353,397.257369
2024-07-24,1487.830415,3711.78939,788.157003,1493.007624,2422.587461,1150.986821,1393.346013,825.285245,3545.741582,398.606545
2024-07-25,1489.161565,3719.943213,789.699652,1500.690354,2430.09313,1152.302258,1395.398323,826.264414,3549.418115,399.815612
2024-07-26,1490.61729,3730.59749,791.219607,1509.581602,2438.111846,1153.811519,1398.750461,827.403324,3554.49208,401.161212
2024-07-29,1492.292886,3741.123936,792.61031,1518.323037,2446.141235,1155.429006,1401.450713,828.721631,3561.449482,402.394673
2024-07-30,1493.822068,3751.614751,794.156904,1527.371792,2453.964023,1157.170461,1403.936953,829.816642,3568.791763,403.542852
2024-07-31,1494.710989,3762.261367,795.701525,1535.860779,2460.983022,1159.212983,1406.770347,830.868521,3576.344185,404.699094
2024-08-01,1495.291692,3771.969551,797.144027,1543.717781,2467.894302,1160.700598,1409.363103,831.467495,3580.740474,405.799291
2024-08-02,1495.670388,3780.348345,798.544596,1551.10916,2474.617676,1161.971763,1411.440068,831.844917,3582.089502,406.907817
2024-08-05,1495.294668,3786.349565,799.413352,1557.05185,2481.49729,1162.813955,1413.044639,831.412599,3580.196831,408.043966
2024-08-06,1495.291689,3792.791699,800.110922,1563.060137,2488.819702,1163.599087,1414.474648,830.756768,3579.137358,409.230344
2024-08-07,1495.769153,3800.472568,801.247556,1570.150405,2496.459146,1164.985361,1415.908298,830.482279,3579.76748,410.497595
2024-08-08,1496.251086,3808.901304,802.509005,1576.75166,2504.310918,1165.986943,1417.540295,830.133287,3578.721221,411.930256
2024-08-09,1497.122637,3819.625112,803.67968,1583.739924,2512.864106,1166.981636,1419.503037,830.014669,3577.757583,413.337336
2024-08-12,1496.13594,3829.119448,804.546957,1591.259246,2520.930244,1167.43218,1420.994756,828.1903,3571.915986,414.650886
2024-08-13,1497.453191,3838.408872,805.731445,1599.014805,2526.155576,1169.536846,1424.311086,828.628501,3575.386489,416.014783
2024-08-14,1498.26915,3848.965566,806.283977,1606.56582,2528.958867,1170.776533,1426.984741,828.888285,3578.612178,417.143461
2024-08-15,1498.869705,3857.936235,806.758563,1613.30728,2532.783926,1171.981785,1429.140632,828.614777,3580.391821,418.179147
2024-08-16,1499.033496,3867.993813,807.338229,1619.556096,2536.575449,1173.472761,1430.453628,828.264802,3581.648145,419.337
2024-08-19,1499.471289,3880.117681,808.03136,1626.567407,2540.495669,1174.697153,1431.475149,827.909928,3582.419746,420.513999
2024-08-20,1500.351814,3892.996826,808.750637,1633.797673,2544.753906,1176.102195,1432.066401,827.610931,3582.460728,421.71379
2024-08-21,1501.154604,3906.796338,809.26025,1641.240166,2550.323071,1177.389375,1432.721355,827.149203,3582.34312,423.04669
2024-08-22,1501.908218,3918.779995,809.759009,1648.659614,2556.717266,1179.239136,1434.080024,826.686493,3580.990469,424.400557
2024-08-23,1502.45449,3930.913106,810.036755,1655.827456,2563.236665,1181.368447,1435.810767,826.218882,3579.791914,425.761718
2024-08-26,1503.252258,3943.776226,810.461515,1663.265151,2569.863794,1183.692258,1437.676382,825.745389,3579.452349,427.121055
2024-08-27,1503.739004,3956.859199,810.75702,1670.984219,2575.31166,1185.936619,1439.705735,825.176807,3580.29002,428.43116
2024-08-28,1504.627136,3970.363882,810.552288,1679.199775,2581.277832,1187.706331,1443.111589,824.329815,3582.80853,429.774087
2024-08-29,1505.66718,3984.250439,810.248396,1687.227107,2587.160527,1189.194324,1446.927773,823.756329,3584.572085,431.265621
2024-08-30,1506.869258,3998.487407,809.963745,1695.120952,2593.696426,1190.790793,1450.514739,823.350479,3587.93373,432.766271
2024-09-02,1508.45594,4011.99085,809.515305,1703.520889,2600.429351,1192.176843,1453.676672,823.143632,3590.935732,434.348062
2024-09-03,1509.649048,4024.920527,808.785175,1711.190022,2607.458306,1193.367158,1456.721052,822.801502,3592.963813,435.918002
2024-09-04,1509.761523,4036.894683,808.196136,1718.522082,2615.138516,1193.937676,1458.9125,822.235859,3593.911973,437.420476
2024-09-05,1509.11614,4047.327065,807.695897,1725.432561,2622.443115,1194.462869,1460.490879,821.740801,3595.095928,438.981298
2024-09-06,1507.218118,4057.962642,807.233645,1731.86864,2629.54583,1194.835769,1462.537825,820.437961,3595.61707,440.381662
2024-09-09,1505.377014,4067.062881,806.654474,1737.704514,2637.634658,1195.50051,1464.45595,819.306676,3596.64251,441.889606
2024-09-10,1503.417725,4076.526543,805.862677,1743.298389,2645.6604,1196.629048,1467.763572,818.453801,3596.041118,443.496013
2024-09-11,1501.511858,4086.435747,804.631814,1748.729006,2653.304692,1197.522278,1471.052451,817.05489,3594.507422,445.065041
2024-09-12,1500.137974,4096.018853,804.034388,1754.487095,2662.242769,1198.111216,1475.645779,816.044185,3595.472422,446.714297
2024-09-13,1497.934246,4105.867617,804.210508,1760.184685,2669.734692,1198.656555,1479.86398,814.693309,3595.192036,448.176655
2024-09-16,1495.461423,4115.890728,804.561759,1765.727666,2675.16898,1199.417512,1483.994517,813.307142,3595.791445,449.407445
2024-09-17,1493.218464,4125.915386,804.880452,1771.401248,2680.669268,1200.022925,1488.638806,811.770009,3596.368061,450.413044
2024-09-18,1490.919319,4134.362134,805.558289,1776.085698,2685.821118,1201.129609,1492.959851,810.667153,3597.961201,451.432319
2024-09-19,1488.815154,4141.587163,806.412739,1780.724053,2691.700898,1202.402202,1497.618289,809.358431,3599.201631,452.336722
2024-09-20,1486.715559,4143.682383,807.581935,1784.450105,2698.598818,1204.705889,1503.299651,807.829139,3602.065913,453.345969
2024-09-23,1484.754443,4145.745698,808.940571,1788.087803,2706.523613,1206.73916,1509.662798,806.270437,3604.762759,454.322394
2024-09-24,1483.130063,4147.68728,810.403793,1791.40187,2711.611401,1208.511145,1515.578884,804.653897,3607.835107,455.22862
2024-09-25,1481.596819,4149.694194,811.976039,1794.652559,2716.66813,1210.387327,1521.569351,802.936383,3610.952041,456.176784
2024-09-26,1479.936287,4149.447075,813.640046,1797.383713,2721.476392,1212.162065,1527.433767,801.138484,3613.05146,457.134064
2024-09-27,1479.463879,4149.566377,815.07416,1799.569409,2726.12063,1213.523711,1533.006199,799.438617,3614.778354,458.012027
2024-09-30,1479.084912,4149.209419,815.957224,1800.81303,2730.449429,1214.366082,1538.009792,797.695616,3615.255903,458.952896
2024-10-01,1478.725503,4148.935796,817.020846,1802.108506,2733.504819,1215.519595,1542.792266,796.382974,3617.543569,459.39051
2024-10-02,1478.21124,4148.588315,818.226053,1803.46064,2737.517202,1216.746899,1547.781846,795.303646,3620.1998,459.794392
2024-10-03,1476.610095,4146.888784,818.871331,1804.777241,2741.130684,1218.109871,1552.389941,794.237063,3617.792251,460.210125
2024-10-04,1474.271521,4144.321016,819.261063,1805.531094,2743.803662,1218.960386,1555.06543,792.946968,3614.107617,460.234741
2024-10-07,1471.398333,4142.271162,819.386862,1806.744941,2746.167998,1219.58657,1558.812297,790.967711,3608.03228,460.49275
2024-10-08,1469.193501,4140.148389,819.737128,1808.116282,2748.64104,1220.330293,1562.684895,789.176675,3603.033896,460.821871
2024-10-09,1466.688848,4137.641201,819.908807,1809.739226,2749.8698,1221.116616,1566.548911,787.706201,3596.536494,460.755317
2024-10-10,1463.917424,4134.427676,820.141659,1811.014536,2750.629761,1221.984492,1570.137773,786.421006,3590.21644,460.725231
2024-10-11,1461.484072,4131.893047,820.061246,1813.202148,2752.389424,1222.712136,1574.14187,785.477942,3586.58729,460.70882
2024-10-14,1460.091545,4131.544619,820.775098,1817.177878,2753.810361,1224.084717,1578.862859,785.3505,3587.123296,460.908482
2024-10-15,1457.958069,4130.514468,821.593042,1821.176663,2754.419883,1226.041804,1584.450149,785.486764,3586.641787,461.131847
2024-10-16,1455.850584,4128.516685,822.345868,1823.643731,2755.142002,1227.643591,1590.245698,785.424023,3584.548311,461.141876
2024-10-17,1454.101604,4127.313271,822.646307,1827.964219,2755.247793,1229.163669,1595.191353,785.482842,3584.88022,461.035207
2024-10-18,1451.910093,4125.502168,822.958588,1830.054839,2754.663501,1231.205913,1600.025938,785.406378,3584.597856,460.867454
2024-10-21,1450.187285,4123.497817,823.635438,1831.117915,2753.592954,1232.917705,1604.666147,785.432848,3584.868335,460.667792
2024-10-22,1447.889973,4120.247305,824.734089,1832.157944,2752.434082,1234.885523,1609.278589,785.292664,3584.077705,460.518274
2024-10-23,1445.531787,4116.098726,825.997019,1833.121148,2751.216001,1236.670747,1613.52509,784.959357,3582.298301,460.302202
2024-10-24,1443.199002,4111.601812,827.3966,1833.891323,2747.004648,1238.478796,1617.625811,784.793683,3580.266255,459.928408
2024-10-25,1440.303564,4105.000552,828.494756,1833.950867,2742.73021,1239.832354,1621.244558,784.182948,3575.471968,459.557347
2024-10-28,1437.234819,4097.631079,829.507565,1833.961431,2739.49332,1242.153445,1625.086438,783.758472,3571.226562,459.241901
2024-10-29,1434.128228,4089.334893,830.63384,1833.73177,2735.54499,1245.178106,1628.814272,784.001591,3567.426006,459.044063
2024-10-30,1431.045042,4080.683125,831.707328,1832.769895,2730.958994,1247.903081,1632.184102,784.136874,3563.706694,458.791523
2024-10-31,1427.736755,4070.76293,832.737404,1830.791792,2725.823648,1249.910591,1634.688169,784.134913,3564.019775,458.504339
2024-11-01,1424.523091,4061.863198,833.844933,1829.232214,2720.425269,1251.663069,1636.863977,784.249612,3564.57064,458.221714
2024-11-04,1420.330835,4051.852852,834.576543,1827.457175,2714.672637,1252.931282,1638.405093,784.539785,3563.234102,457.836979
2024-11-05,1416.443362,4042.079556,835.761525,1825.038577,2709.906118,1254.327507,1639.508867,785.192675,3560.699741,457.465009
2024-11-06,1412.99812,4035.332485,836.927267,1823.220972,2705.353062,1255.885486,1640.35083,786.0828,3559.835796,457.16962
2024-11-07,1408.709749,4028.690093,837.992864,1821.112678,2699.899438,1257.012786,1640.547188,786.967045,3559.104619,456.673657
2024-11-08,1404.210217,4021.179287,839.152684,1819.328132,2695.218877,1257.601245,1640.167363,787.5072,3558.225815,456.238778
2024-11-11,1399.358591,4015.269111,840.527601,1817.729758,2689.996855,1258.382222,1639.953157,788.007161,3557.150845,455.635236
2024-11-12,1394.679778,4009.498984,841.325319,1816.746931,2684.092632,1258.836714,1639.854978,788.044413,3555.19311,454.968786
2024-11-13,1389.450662,4003.462534,841.715543,1816.11742,2677.344785,1259.181055,1639.627876,787.890504,3553.155112,454.346097
2024-11-14,1384.961094,3997.404092,842.182236,1815.20761,2669.163745,1259.597837,1639.693328,787.606212,3551.21521,453.521013
2024-11-15,1381.032288,3991.709233,842.732795,1814.898963,2660.973003,1260.566362,1639.91646,788.032649,3550.254175,452.86915
2024-11-18,1377.014336,3983.751318,843.310979,1813.697127,2651.835786,1260.932537,1639.804395,788.621819,3549.537852,452.044977
2024-11-19,1372.634329,3975.07,844.217723,1812.414651,2642.902476,1261.166729,1638.766074,789.020807,3547.749531,451.201658
2024-11-20,1368.454023,3966.928379,845.188107,1811.173472,2633.861431,1261.419775,1637.728745,789.695264,3547.134268,450.344664
2024-11-21,1363.338455,3958.692666,845.924156,1809.338926,2623.265117,1261.38802,1635.316909,789.55802,3544.389863,449.207781
2024-11-22,1359.210442,3953.624434,846.710033,1808.951133,2614.350361,1261.937781,1634.024714,790.0521,3544.201621,448.493012
2024-11-25,1355.538108,3950.071519,847.841243,1808.201433,2607.228364,1262.693948,1632.900117,791.206912,3545.999854,447.867588
2024-11-26,1352.020156,3947.376294,848.993173,1808.076755,2600.134331,1263.425305,1631.224128,792.314668,3546.146489,447.306895
2024-11-27,1348.628701,3947.318911,850.152502,1809.118945,2593.145879,1263.670413,1629.691938,793.125388,3545.517358,446.752584
2024-11-28,1344.667024,3946.544536,850.987712,1808.80377,2584.975508,1263.558276,1627.620259,794.084136,3545.167622,446.144483
2024-11-29,1340.807935,3946.475771,851.528899,1808.290066,2576.193574,1262.797151,1625.942288,795.206597,3543.798394,445.457977
2024-12-02,1337.138093,3946.827685,851.971909,1808.38137,2566.088779,1262.454793,1623.823003,795.883995,3542.140855,444.73318
2024-12-03,1333.829807,3947.622012,852.546639,1808.670305,2557.570757,1262.252356,1621.123572,796.976067,3542.050693,443.954591
2024-12-04,1330.144526,3949.331465,853.345837,1808.967258,2548.723442,1262.097551,1617.626802,798.281848,3541.972417,443.03469
2024-12-05,1326.640522,3952.786226,854.157861,1810.054927,2539.746074,1262.24541,1614.537627,799.528811,3543.347598,442.027267
2024-12-06,1322.365098,3955.58209,855.176097,1810.775911,2530.941939,1262.68502,1611.825303,800.724796,3546.538833,441.087309
2024-12-09,1318.751033,3959.265449,856.5372,1812.119456,2520.661231,1263.663469,1609.703044,802.100178,3551.923613,440.117265
2024-12-10,1315.165852,3962.20937,857.937275,1813.394502,2510.984434,1264.775884,1607.321953,803.483403,3557.266777,439.191894
2024-12-11,1311.448201,3965.056484,859.288018,1815.166831,2501.386182,1265.829751,1605.086641,804.750951,3562.483125,438.262877
2024-12-12,1308.578164,3969.469946,861.036879,1817.399084,2491.270483,1267.276587,1603.839072,805.919487,3569.661182,437.311978
2024-12-13,1306.313709,3973.873877,863.149324,1819.402676,2482.907183,1269.363486,1604.649297,807.191936,3577.449546,436.70023
2024-12-16,1304.273359,3976.773447,865.590328,1820.714382,2474.371528,1271.590303,1604.659214,808.962386,3585.563867,435.96905
2024-12-17,1301.244458,3978.398369,867.388029,1821.685381,2466.062344,1273.518425,1603.823203,810.317183,3591.009082,435.268868
2024-12-18,1298.827112,3980.396309,869.13985,1822.625247,2458.641289,1274.907708,1602.311841,811.11614,3596.37999,434.88231
2024-12-19,1296.026296,3981.436328,870.433366,1823.573269,2451.509624,1275.769063,1600.768743,811.816085,3601.452681,434.417346
2024-12-20,1292.703569,3982.02854,871.622295,1823.744895,2443.315127,1277.067048,1598.600864,812.056263,3604.37146,433.987938
2024-12-23,1289.711023,3982.63061,872.736238,1823.501172,2435.104287,1278.358088,1596.444888,812.369965,3606.064668,433.574028
2024-12-24,1287.295171,3984.011016,873.861034,1822.95353,2426.976162,1279.186697,1593.8,812.515051,3607.805435,433.207527
2024-12-25,1284.679119,3985.805171,874.830923,1823.158782,2418.851919,1280.260413,1590.823882,812.644453,3609.928633,432.938577
2024-12-26,1281.892747,3987.135854,875.991239,1822.410076,2411.499629,1281.572288,1588.807737,812.671903,3611.101689,432.720681
2024-12-27,1279.138748,3987.929336,877.139716,1823.542764,2404.732578,1282.426697,1586.665645,812.265072,3611.70209,432.572987
2024-12-30,1275.981357,3989.428008,877.625155,1824.982322,2398.466851,1283.133245,1584.570161,811.762169,3611.570317,432.451731
2024-12-31,1273.433533,3990.93333,878.200378,1825.938916,2392.104194,1283.414077,1582.49749,811.851377,3613.467622,432.485464
2025-01-01,1271.097363,3991.810322,878.663616,1826.525371,2386.083081,1284.050171,1580.71043,811.992543,3617.67043,432.551107
2025-01-02,1269.145159,3994.237241,879.098734,1828.768538,2383.995869,1284.801375,1579.346829,812.122926,3623.037378,432.867465
2025-01-03,1267.617263,3995.041143,879.155959,1830.665649,2382.17502,1284.991904,1578.014963,812.367024,3629.645742,432.854701
2025-01-06,1265.299521,3995.119922,878.92212,1832.481897,2378.837158,1284.421306,1576.529382,812.060186,3634.845244,432.408842
2025-01-07,1263.324409,3994.228682,878.542748,1834.260266,2376.332451,1283.377363,1575.612051,811.002424,3640.044756,431.864343
2025-01-08,1261.762646,3994.679517,878.145125,1836.805928,2373.886333,1282.416775,1574.934712,809.996621,3643.770015,431.414212
2025-01-09,1260.222795,3996.015898,877.475181,1839.914919,2372.634033,1281.824348,1574.824634,808.825144,3641.899458,431.024639
2025-01-10,1258.295493,4001.35856,876.680424,1843.918438,2371.332773,1280.991772,1574.813728,807.296831,3640.112124,430.509248
2025-01-13,1257.054448,4007.564932,875.859027,1847.775295,2370.453794,1280.050042,1574.931741,805.329338,3637.929482,429.987012
2025-01-14,1255.728743,4012.532676,874.761365,1851.385459,2368.010889,1278.930681,1575.362141,803.348121,3635.706221,429.498612
2025-01-15,1254.27156,4014.619814,873.65433,1853.832053,2365.503184,1277.658496,1575.533706,801.365924,3632.851841,429.008004
2025-01-16,1253.490676,4015.67145,872.721934,1856.267961,2362.940493,1277.07103,1576.612686,799.536655,3630.104458,428.490534
2025-01-17,1253.861196,4016.681123,871.560632,1855.986296,2359.922212,1276.408145,1577.755134,797.986775,3628.288394,428.109508
2025-01-20,1254.513591,4015.810464,870.425476,1855.077205,2357.058081,1275.686709,1579.35377,796.645703,3627.578013,427.701199
2025-01-21,1254.502634,4014.153516,869.677585,1853.754353,2354.681943,1274.209111,1580.75208,795.319335,3626.5823,427.364808
2025-01-22,1255.001641,4015.724014,869.526627,1853.522222,2352.286167,1273.152266,1582.3646,794.237065,3625.992798,427.029855
2025-01-23,1254.922954,4017.163447,869.251842,1853.539702,2350.960635,1272.056721,1584.060425,793.093037,3625.537046,426.86946
2025-01-24,1254.49865,4018.736284,868.828071,1853.751436,2350.546289,1271.109036,1585.930791,791.914698,3624.188618,426.735575
2025-01-27,1253.873147,4021.022759,868.085115,1853.956372,2349.956187,1270.602942,1587.231914,790.638328,3622.514233,426.562344
2025-01-28,1253.728726,4022.448242,867.376198,1854.053499,2349.53398,1270.55928,1589.073518,789.646249,3620.691235,426.286475
2025-01-29,1253.606216,4025.023965,866.735359,1855.151018,2349.015547,1270.60989,1590.56009,788.772788,3619.577622,425.97084
2025-01-30,1254.204827,4026.972398,866.244989,1855.654126,2349.525142,1270.710115,1592.852922,788.416934,3618.338179,425.895158
2025-01-31,1254.19885,4025.899307,865.782738,1855.218035,2349.987607,1270.208982,1593.983469,787.570922,3617.622847,425.71436
2025-02-03,1253.380122,4022.642183,864.721089,1854.705212,2349.408301,1269.257324,1595.443264,785.933795,3608.432554,425.624074
2025-02-04,1253.170957,4019.413638,864.083212,1854.212788,2348.600215,1268.527952,1597.113301,784.753495,3603.212236,425.545288
2025-02-05,1252.872151,4016.259272,863.348148,1853.679568,2346.717964,1267.873005,1598.755569,783.419286,3596.960542,425.334862
2025-02-06,1253.086296,4014.607314,862.861724,1854.825652,2344.960405,1267.596143,1599.932727,781.721379,3590.752437,425.028315
2025-02-07,1252.578325,4011.431401,862.237166,1855.715322,2342.362368,1266.73876,1600.916502,779.726437,3583.066118,424.493939
2025-02-10,1251.472739,4008.291338,861.359528,1855.725034,2340.05104,1265.904199,1601.897305,777.773648,3575.62749,423.882242
2025-02-11,1249.710776,4003.236875,860.127185,1855.405493,2336.759795,1264.799722,1603.408669,775.365012,3564.780649,423.186801
2025-02-12,1247.870129,3996.9429,858.61463,1854.898501,2334.167642,1263.524561,1605.936541,772.883833,3554.868096,422.554188
2025-02-13,1245.759558,3987.794229,856.956542,1853.119163,2330.768389,1261.785974,1607.905083,770.182083,3543.615044,421.910435
2025-02-14,1243.88106,3979.475171,855.368014,1851.837104,2327.519365,1260.423486,1610.269319,767.407789,3531.150298,421.210707
2025-02-17,1242.481648,3970.443154,853.861871,1850.25687,2326.118228,1259.011382,1611.717214,764.852107,3516.775366,420.592291
2025-02-18,1241.29738,3961.178106,852.430717,1848.380403,2324.127964,1257.276768,1613.507249,762.073893,3502.845283,419.900322
2025-02-19,1240.286418,3950.287393,851.089841,1845.20731,2321.163682,1255.969854,1614.681433,759.440765,3490.146714,419.234118
2025-02-20,1239.690796,3938.783804,849.3913,1842.063354,2319.260806,1254.395999,1615.334968,757.009583,3478.572661,418.56903
2025-02-21,1238.800352,3927.048081,847.622706,1838.475535,2316.34562,1252.174141,1614.492017,754.273522,3467.240352,417.710424
2025-02-24,1237.729626,3914.292397,845.766792,1834.280676,2313.896826,1249.638706,1613.277173,751.439429,3454.951958,416.869229
2025-02-25,1236.906912,3902.292275,844.277916,1830.222766,2311.855508,1247.463491,1613.794846,748.701408,3443.433384,416.094805
2025-02-26,1235.92583,3889.924819,843.011533,1826.115322,2309.893726,1245.677273,1614.578296,746.206504,3432.886743,415.30306
2025-02-27,1235.460688,3878.670464,842.095911,1822.581892,2307.637368,1244.398142,1615.57199,743.679252,3422.843408,414.520825
2025-02-28,1235.3571,3866.845127,841.710126,1818.027671,2304.816445,1242.725051,1615.4153,741.263754,3413.609526,413.646282
2025-03-03,1234.340159,3855.437046,840.728889,1813.837671,2301.634189,1240.926924,1615.591826,738.796298,3404.827432,412.64382
2025-03-04,1233.128,3844.380464,839.859639,1809.549575,2298.13479,1239.203223,1615.422244,736.914091,3396.371294,411.514765
2025-03-05,1232.188752,3833.613857,838.793055,1805.712141,2294.892642,1237.584709,1616.103547,735.312253,3388.443233,410.581907
2025-03-06,1232.050305,3824.099228,837.810831,1801.991257,2292.657895,1236.010857,1616.647004,733.735905,3381.119531,409.688903
2025-03-07,1232.623018,3814.850859,836.735367,1797.508909,2289.973452,1234.165098,1617.258889,732.424241,3373.918687,408.73119
2025-03-10,1233.174814,3805.300737,835.843423,1793.535498,2288.093164,1232.581316,1618.132585,731.259626,3365.967842,407.82381
2025-03-11,1233.809282,3796.688091,834.981574,1789.293049,2285.935,1231.861868,1619.624114,729.983256,3357.80002,406.818257
2025-03-12,1234.522434,3786.404565,834.275122,1783.62771,2283.397832,1231.073945,1620.559294,728.607872,3348.410586,405.926489
2025-03-13,1234.64395,3775.013208,833.415245,1776.28501,2279.5646,1230.269155,1621.011514,727.169749,3337.983828,404.934998
2025-03-14,1234.579209,3765.061685,832.994928,1769.31333,2275.019507,1229.971453,1621.678933,725.884554,3328.61917,404.079348
2025-03-17,1234.994548,3754.945083,832.993942,1762.557273,2270.994805,1230.068704,1622.684529,724.840518,3320.103589,403.544198
2025-03-18,1234.954707,3746.094629,832.964342,1755.937192,2266.683389,1229.865273,1623.642522,723.750407,3310.793413,403.060519
2025-03-19,1234.589168,3735.712065,833.4557,1749.204446,2262.737236,1230.844714,1624.39523,723.239661,3305.308565,402.300458
2025-03-20,1234.876023,3727.926606,834.451736,1743.342915,2258.947202,1232.021631,1626.342944,723.025951,3301.804253,401.547293
2025-03-21,1235.56228,3716.124912,835.572586,1736.070151,2255.101196,1233.872351,1628.522722,723.221034,3299.422466,400.923373
2025-03-24,1236.802327,3704.823125,837.241526,1728.89354,2251.275806,1236.420688,1630.934561,724.226837,3299.770225,400.513136
2025-03-25,1237.73261,3695.180049,838.966707,1722.840666,2249.377847,1238.472852,1633.520938,724.711112,3299.908931,400.128135
2025-03-26,1238.147954,3684.798472,840.579901,1716.037988,2246.882895,1240.410898,1636.121201,724.913057,3298.787393,399.681805
2025-03-27,1238.382019,3675.536558,842.289788,1709.726768,2244.91227,1242.148491,1637.99553,725.030695,3298.662564,399.361082
2025-03-28,1237.839187,3665.519731,844.178755,1704.971499,2243.04376,1244.587671,1640.095972,725.175781,3297.149678,398.906948
2025-03-31,1237.234602,3656.401836,845.924656,1700.257991,2241.348062,1246.877998,1641.925676,725.023832,3295.154292,398.500154
2025-04-01,1236.81428,3647.024897,847.162424,1694.931621,2239.253726,1249.305269,1643.869426,725.271853,3293.087564,398.036574
2025-04-02,1236.297346,3635.181216,848.453473,1688.981707,2237.190806,1251.90124,1646.306057,725.712996,3291.139732,397.629572
2025-04-03,1235.999536,3620.831133,849.735641,1681.814807,2235.675776,1254.437671,1648.487817,726.365886,3289.493086,397.168705
2025-04-04,1235.170842,3604.341968,851.388301,1673.582439,2233.249561,1256.940361,1650.444458,726.822712,3285.568687,396.687099
2025-04-07,1233.902905,3589.048501,852.650242,1665.321904,2230.432559,1258.123235,1652.111523,726.777618,3277.857603,396.16369
2025-04-08,1232.863057,3574.600791,853.624572,1657.533401,2228.476665,1259.175117,1654.135603,727.095241,3272.848325,395.85336
2025-04-09,1231.864045,3558.106811,854.489876,1648.256931,2227.809971,1260.150591,1656.418521,726.776638,3265.010425,395.654929
2025-04-10,1230.51543,3541.608003,855.215072,1639.394219,2226.656265,1261.047671,1657.902119,726.37667,3257.742212,395.402529
2025-04-11,1229.596101,3524.578535,856.280669,1630.25761,2224.640469,1262.215657,1660.486514,726.003168,3248.796646,395.037136
2025-04-14,1229.059243,3508.394834,857.550999,1621.441516,2223.151943,1263.379675,1662.554229,725.863961,3245.363667,394.542029
2025-04-15,1228.160833,3491.791631,858.971792,1612.257314,2221.648696,1265.007117,1665.278457,725.556141,3241.766221,394.009653
2025-04-16,1227.38593,3475.99166,860.355093,1602.856526,2221.16856,1266.767534,1668.49457,725.667898,3238.684956,393.687734
2025-04-17,1227.245491,3460.83834,861.961873,1593.218748,2221.21373,1269.432966,1673.836909,726.554104,3236.595444,393.553171
2025-04-18,1227.400872,3446.716387,863.678171,1583.814072,2221.43269,1272.406023,1678.048699,727.735385,3234.820005,393.612704
2025-04-21,1228.234541,3432.887305,865.763485,1575.474866,2221.227476,1275.327483,1681.824136,729.30193,3233.865908,393.656719
2025-04-22,1229.357058,3420.337998,868.33177,1566.678198,2222.866226,1278.577407,1684.907358,731.091987,3234.225557,394.076043
2025-04-23,1231.019419,3409.953867,870.473817,1559.136389,2224.659136,1282.002976,1688.280159,732.666375,3234.450464,394.479017
2025-04-24,1232.722617,3400.122627,872.635597,1551.913154,2224.733755,1285.055422,1690.878437,734.347616,3235.182637,394.87045
2025-04-25,1234.379004,3390.710889,874.770243,1544.60542,2225.005732,1287.927263,1692.864829,735.847499,3235.865273,395.208026
2025-04-28,1237.245557,3381.798872,876.77169,1537.608489,2224.793652,1291.453059,1695.765581,737.605204,3237.95478,395.596574
2025-04-29,1240.717688,3374.052578,878.604418,1530.723254,2225.29833,1295.15946,1698.837898,739.306051,3239.978906,395.995701
2025-04-30,1244.254563,3367.665312,880.556038,1524.687866,2227.099092,1298.441138,1703.187537,740.508899,3241.268877,396.368861
2025-05-01,1247.680879,3361.368911,882.903309,1518.373728,2228.946001,1301.955024,1707.570894,741.664691,3242.560825,396.825694
2025-05-02,1251.498633,3354.506084,885.166715,1512.388848,2230.457109,1305.867832,1711.715247,743.129283,3242.953164,397.375816
2025-05-05,1255.816389,3350.227925,887.729081,1507.42573,2232.56127,1310.056511,1716.965356,744.572308,3244.389766,398.050005
2025-05-06,1260.137134,3346.9502,890.189325,1502.449011,2234.96686,1314.17374,1722.114311,745.811427,3246.531792,398.640521
2025-05-07,1264.161062,3343.384429,892.786715,1497.410134,2237.156445,1318.366389,1727.179963,747.089758,3248.424146,399.146402
2025-05-08,1268.143159,3340.220762,895.034334,1492.497522,2239.315591,1322.594763,1731.632737,748.366128,3250.691001,399.704218
2025-05-09,1271.671069,3339.390459,896.586354,1488.999058,2242.116875,1326.262463,1737.150608,750.139519,3256.240239,400.253378
2025-05-12,1276.954966,3341.852368,899.108757,1487.412026,2246.155327,1331.071357,1742.60501,752.224652,3263.966182,400.985271
2025-05-13,1282.010772,3341.522759,901.206404,1485.086836,2250.134863,1335.441636,1747.469343,753.904913,3270.980762,401.620989
2025-05-14,1286.966978,3341.554658,903.382983,1482.773303,2253.670591,1339.619399,1751.752537,755.284219,3277.588145,402.083592
2025-05-15,1291.839517,3341.135151,905.77663,1480.775427,2256.346196,1344.238755,1756.518689,756.768417,3284.687935,402.601976
2025-05-16,1295.955078,3340.170488,908.198395,1478.908674,2259.819082,1348.991084,1760.154294,758.24389,3291.821406,403.21365
2025-05-19,1299.986975,3338.80083,910.676893,1476.157107,2262.46916,1353.638228,1763.870229,759.852848,3300.193325,403.797434
2025-05-20,1303.518867,3337.31227,912.940299,1474.195171,2264.907163,1357.4647,1766.765032,761.25618,3307.571514,404.349479
2025-05-21,1306.948169,3337.691172,915.06804,1473.76102,2268.265171,1361.448958,1770.328245,762.821835,3315.405454,404.745722
2025-05-22,1310.16532,3337.03292,917.172593,1473.132617,2271.326655,1365.260547,1774.273267,764.256379,3322.620166,405.015974
2025-05-23,1313.729087,3337.101548,919.412317,1472.840271,2274.947803,1369.224958,1778.224236,765.795924,3330.795913,405.482424
2025-05-26,1317.6325,3337.86709,921.679669,1472.654758,2279.324019,1373.027615,1782.354705,767.505619,3340.213086,406.154689
2025-05-27,1321.282922,3337.886421,923.809877,1472.267226,2283.427275,1376.548447,1786.413772,769.201314,3349.457871,406.631717
2025-05-28,1324.584736,3337.898022,925.579951,1471.980706,2286.607568,1379.340903,1790.756467,770.52365,3355.932485,407.110521
2025-05-29,1327.545911,3336.640488,927.146278,1471.398921,2289.048511,1382.01626,1793.897212,771.774738,3361.961255,407.543607
2025-05-30,1330.425413,3334.42311,928.8685,1471.246186,2291.053501,1384.054534,1796.483586,773.253262,3367.096367,407.932205
2025-06-02,1332.648535,3330.95981,930.171882,1470.914253,2293.319673,1385.88739,1799.167151,774.217653,3371.014824,408.242383
2025-06-03,1335.039985,3326.077539,931.189625,1469.676101,2294.910308,1387.756965,1801.36478,775.260913,3375.160015,408.527684
2025-06-04,1338.037014,3321.730776,932.518167,1469.1628,2297.238335,1389.644402,1804.079087,776.41169,3379.430625,408.86109
2025-06-05,1341.307952,3316.895161,933.744096,1468.630923,2299.825576,1391.989309,1807.135537,777.389734,3382.89773,409.19524
2025-06-06,1344.662554,3313.185947,935.229022,1468.925268,2302.397109,1394.199258,1809.848852,778.524463,3386.823115,409.561819
2025-06-09,1348.122737,3310.212026,936.715923,1469.39887,2305.035405,1395.915022,1812.461013,779.799192,3391.200498,409.967577
2025-06-10,1351.825947,3309.107778,938.664091,1471.185127,2308.203911,1397.988027,1815.097966,781.009999,3396.69563,410.510343
2025-06-11,1355.765212,3308.311479,940.178619,1473.203391,2310.923706,1399.967751,1817.192456,782.097479,3402.62564,410.990292
2025-06-12,1359.607864,3309.501836,941.644308,1475.820601,2312.654751,1401.866101,1819.140171,782.93924,3406.932695,411.362624
2025-06-13,1364.054109,3312.922168,942.633931,1479.179016,2314.116763,1403.469727,1821.063096,783.739374,3414.080181,411.590101
2025-06-16,1369.474463,3317.819448,944.387233,1484.033298,2315.648486,1406.235386,1824.527136,784.945418,3425.85125,411.97202
2025-06-17,1374.434651,3322.721934,945.970333,1488.582148,2316.421221,1408.682502,1827.192851,785.722004,3435.659429,412.21324
2025-06-18,1379.310178,3327.274155,947.636808,1493.480684,2315.386328,1410.901379,1830.174922,787.008198,3447.170845,412.352944
2025-06-19,1384.249453,3331.291978,949.317096,1498.093591,2314.290557,1413.094458,1833.377151,788.158391,3459.074263,412.494607
2025-06-20,1389.174783,3335.829902,950.87553,1502.683445,2313.113296,1415.385779,1836.949287,789.301173,3470.571099,412.585239
2025-06-23,1393.912861,3339.546724,952.273137,1506.507029,2311.795142,1417.538171,1840.513491,790.324955,3480.501934,412.58478
2025-06-24,1398.110098,3342.878286,953.220334,1509.961851,2310.330171,1419.004856,1843.187139,791.263535,3488.047949,412.615257
2025-06-25,1402.651958,3346.775962,954.228705,1514.323215,2309.074609,1420.382229,1846.023428,792.133362,3496.48644,412.60701
2025-06-26,1407.050391,3350.129893,955.364357,1518.581929,2307.695767,1421.025269,1848.50667,792.439307,3505.332554,412.622284
2025-06-27,1411.849224,3353.470176,956.650632,1522.683054,2306.834849,1422.12677,1851.243787,792.912252,3514.570664,412.605235
2025-06-30,1415.934907,3356.779248,957.60196,1526.050156,2306.201157,1422.841257,1853.74686,793.306775,3522.96291,412.629723
2025-07-01,1420.660037,3359.597539,958.317639,1530.06354,2304.648608,1423.148882,1857.063137,793.588541,3531.742959,412.42099
2025-07-02,1425.01863,3360.384878,959.145924,1533.137761,2302.833354,1423.216362,1860.071985,793.897786,3538.268994,412.223035
2025-07-03,1429.32543,3360.953765,960.055234,1536.441494,2303.077412,1423.676811,1863.517185,794.092009,3544.524951,412.048304
2025-07-04,1433.845378,3360.996226,961.041746,1540.007651,2303.699932,1424.430994,1867.484023,794.670426,3551.579644,411.90118
2025-07-07,1437.285637,3360.967705,961.920503,1543.267036,2306.000425,1424.567935,1871.690854,794.782206,3557.276538,411.805344
2025-07-08,1440.032666,3360.271279,963.051392,1546.457739,2307.888809,1424.810066,1875.780662,795.104097,3563.572505,411.783934
2025-07-09,1442.303596,3359.501416,964.120198,1549.499448,2309.985791,1424.907317,1878.858926,795.860577,3568.963931,411.810448
2025-07-10,1444.538669,3358.69644,965.139128,1552.188557,2311.785117,1424.849761,1880.842344,796.558058,3574.255356,411.786029
2025-07-11,1446.040669,3356.067866,965.964204,1554.333875,2316.252578,1424.687019,1882.304124,797.110708,3578.985659,411.689461
2025-07-14,1447.084497,3352.144351,966.635284,1555.961589,2320.071387,1424.56,1883.39302,797.79872,3582.915088,411.500524
2025-07-15,1448.369365,3348.687954,967.481376,1557.834358,2323.442622,1424.544126,1884.051514,798.950472,3586.731221,411.391409
2025-07-16,1449.955032,3345.359131,968.198301,1560.208562,2326.845317,1424.365505,1884.840913,800.368013,3590.993027,411.415901
2025-07-17,1451.33751,3341.489126,968.990177,1562.041904,2330.405469,1424.032078,1885.931794,801.870758,3594.609297,411.438239
2025-07-18,1453.305649,3337.407666,969.870612,1564.000278,2333.996797,1424.764426,1887.290281,803.059537,3595.663745,411.572677
2025-07-21,1453.148279,3329.22417,970.514979,1563.605779,2336.123955,1425.107778,1888.368479,803.826135,3594.638672,411.425344
2025-07-22,1453.090513,3323.105654,971.566567,1564.079807,2338.98665,1425.961194,1890.394358,804.406774,3593.249868,411.343881
2025-07-23,1453.094495,3316.717266,972.908129,1564.162429,2341.454473,1427.199639,1892.890491,805.120999,3592.146182,411.218767
2025-07-24,1452.072576,3309.117105,973.920033,1563.411531,2343.579966,1427.846645,1894.578096,805.597999,3590.000835,410.927421
2025-07-25,1450.783721,3301.637759,974.877058,1562.384446,2344.74645,1428.305107,1897.35688,805.887,3587.430991,410.566633
2025-07-28,1449.723953,3293.874312,975.833617,1561.947969,2346.407319,1429.087075,1899.098376,805.93,3584.536318,410.222373
2025-07-29,1449.574551,3286.051196,977.156001,1561.450645,2349.123232,1430.039726,1901.586313,806.201,3583.75166,409.858364
2025-07-30,1449.194072,3277.649487,978.402972,1560.904265,2351.069941,1430.787954,1904.090505,806.492001,3585.936919,409.51425
2025-07-31,1448.811597,3269.862397,979.642023,1560.568831,2355.331538,1431.567937,1906.052173,806.718,3588.29523,409.388072
2025-08-01,1448.152227,3260.686963,980.685902,1559.121218,2359.678403,1432.000596,1907.409893,806.788,3588.708506,409.15385
2025-08-04,1447.688079,3252.469985,981.462661,1557.583347,2363.141475,1432.052197,1909.060212,806.814,3589.030801,408.800512
2025-08-05,1447.082495,3244.793735,982.232565,1555.849587,2366.698911,1432.012502,1911.125935,806.952,3589.955483,408.567398
2025-08-06,1446.682095,3236.518408,983.107096,1553.61792,2370.631611,1431.810063,1912.905698,807.124,3590.271328,408.406764
2025-08-07,1446.116353,3228.523027,984.043162,1551.122126,2374.112837,1431.488547,1914.394705,807.280001,3590.672842,408.305878
2025-08-08,1445.058577,3220.99102,984.592546,1548.372224,2377.580342,1431.292063,1914.750486,807.120001,3590.002012,408.236336
2025-08-11,1444.510764,3213.808037,985.485225,1545.898098,2380.983198,1431.016191,1915.123918,807.316001,3590.458008,408.188342
2025-08-12,1444.010762,3207.381577,986.194903,1543.555955,2384.078462,1430.918391,1915.609229,807.532001,3591.284009,408.176588
2025-08-13,1443.196016,3200.859604,986.844796,1541.101531,2387.158389,1430.933535,1915.760193,807.839,3592.628008,408.119779
2025-08-14,1441.938774,3194.256748,987.519808,1539.001675,2389.71689,1430.606323,1915.971721,808.25,3593.316006,407.96992
2025-08-15,1440.659622,3187.398394,987.907703,1536.714683,2392.012246,1430.181863,1916.353823,808.52,3593.730005,407.781862
2025-08-18,1439.432886,3179.58752,988.418623,1534.014026,2395.977192,1430.397585,1917.20708,808.672001,3592.854009,407.453738
2025-08-19,1439.179334,3171.074844,988.938728,1530.941069,2400.631133,1430.883489,1918.567009,808.939001,3591.518008,407.103086
2025-08-20,1438.576609,3163.999194,989.576846,1528.28375,2406.944121,1431.094631,1920.239453,809.217002,3589.668008,406.709338
2025-08-21,1438.355305,3157.737124,990.314031,1526.073586,2413.682666,1431.728887,1922.259246,809.612002,3589.842012,406.406681
2025-08-22,1438.094907,3150.299653,991.039775,1523.818115,2420.331064,1432.351748,1924.422407,810.090002,3590.010015,406.101086
2025-08-25,1437.705298,3143.570049,991.584894,1522.011765,2426.848252,1432.696262,1926.119031,810.569003,3589.498018,405.731824
2025-08-26,1436.893167,3136.794736,992.014239,1519.839026,2434.552353,1432.782212,1927.424578,810.880002,3587.878018,405.456593
2025-08-27,1436.102947,3131.265718,992.401158,1517.804175,2442.871108,1433.078538,1928.509963,811.199001,3586.674019,405.210746
2025-08-28,1435.26898,3125.028403,992.462263,1515.473848,2450.4927,1433.050662,1928.903191,811.536002,3585.454019,404.914945
2025-08-29,1433.20563,3118.386768,992.10929,1512.454075,2457.985796,1432.683208,1928.266321,811.663002,3584.234019,404.742559
2025-09-01,1431.263533,3113.112236,991.897142,1510.787588,2465.415391,1432.718682,1927.873381,811.980001,3584.528018,404.584864
2025-09-02,1429.692959,3107.878594,991.439662,1509.154587,2473.628823,1432.338767,1927.265994,812.150001,3583.930015,404.435984
2025-09-03,1427.915696,3101.309966,990.990756,1506.479539,2481.288608,1431.981113,1925.957915,812.392002,3583.550015,404.345872
2025-09-04,1425.314663,3094.764629,990.267396,1503.465679,2488.944429,1431.529497,1923.613909,812.639003,3582.210015,404.259679
2025-09-05,1422.627229,3087.305322,989.436414,1500.246953,2495.423496,1430.56542,1921.314028,812.663002,3579.698018,404.038318
2025-09-08,1420.304617,3078.864995,988.791097,1496.919888,2501.958125,1429.924827,1919.209243,812.432002,3576.894019,403.863972
2025-09-09,1417.382214,3071.649556,988.023046,1494.900796,2508.834077,1429.578123,1917.030083,812.203002,3574.06002,403.765045
2025-09-10,1414.667048,3065.744888,987.530345,1493.366287,2515.5096,1429.318774,1914.529229,812.309001,3573.124019,403.767004
2025-09-11,1412.097805,3060.556943,987.064673,1491.219155,2521.633462,1429.051135,1912.738052,812.640002,3572.26002,403.800306
2025-09-12,1409.573315,3055.178472,986.567053,1488.951865,2526.419834,1428.770083,1910.780527,812.874003,3571.964019,403.823813
2025-09-15,1406.851958,3049.537222,986.083387,1486.61563,2529.80522,1428.663948,1908.529771,813.232003,3572.06002,403.75525
2025-09-16,1404.328291,3044.664717,985.456068,1484.106052,2533.539863,1428.476775,1907.05637,813.610002,3573.288023,403.674933
2025-09-17,1402.345144,3040.759434,984.723994,1481.913618,2536.443042,1428.442053,1905.823262,814.534003,3575.404024,403.476099
2025-09-18,1400.421853,3036.965586,984.249796,1480.432295,2539.983213,1428.612139,1905.680999,815.461002,3577.630024,403.372275
2025-09-19,1398.784812,3035.287393,983.800039,1479.35479,2540.776973,1428.435886,1906.809673,816.535001,3580.326021,403.251799
2025-09-22,1397.040857,3032.586743,983.303264,1477.960139,2541.880298,1428.223804,1907.83418,817.463002,3583.298023,403.007911
2025-09-23,1395.247036,3029.085679,982.541799,1476.224707,2541.787031,1427.712915,1908.244893,818.546001,3586.570025,402.63767
2025-09-24,1393.313232,3025.216699,981.649354,1473.992871,2542.420054,1427.057351,1908.456003,819.236001,3589.970024,402.175359
2025-09-25,1391.350696,3020.288989,980.826676,1472.048635,2542.98561,1426.416611,1908.890002,819.879001,3593.378023,401.708151
2025-09-26,1389.500127,3014.598062,980.202266,1469.346011,2543.426147,1425.310957,1909.202002,820.551002,3598.672022,401.362397
2025-09-29,1388.497788,3009.468784,979.252925,1466.538982,2544.080996,1423.181428,1909.062002,821.482002,3602.384019,401.110672
2025-09-30,1387.634189,3004.161416,978.251748,1463.995913,2544.76958,1420.895095,1908.494001,822.631002,3606.272017,400.827604
2025-10-01,1386.629531,2998.977344,977.363998,1461.460725,2546.472197,1418.79106,1906.97,823.500001,3609.98002,400.644442
2025-10-02,1386.057146,2994.401895,976.576998,1459.358901,2548.424849,1416.790227,1905.6,824.468,3613.836021,400.559228
2025-10-03,1385.601873,2989.824487,975.833999,1457.997739,2550.994648,1414.77843,1904.775999,825.683,3619.640024,400.459322
2025-10-06,1385.460271,2988.045581,975.217999,1457.209802,2552.983017,1412.506362,1905.031997,827.221,3625.936025,400.280078
2025-10-07,1384.927017,2986.434971,974.652,1456.122449,2554.245093,1410.527959,1905.245996,828.531,3630.618023,400.110629
2025-10-08,1384.185205,2985.91832,973.967999,1455.649685,2555.489316,1408.512974,1905.463997,829.662999,3631.912022,399.956852
2025-10-09,1384.047812,2986.40561,973.327999,1455.655596,2555.417881,1406.635833,1906.017996,830.973999,3634.566021,399.720798
2025-10-10,1383.918696,2986.900728,972.824,1456.547937,2554.925747,1405.035195,1907.127996,832.707,3638.50002,399.453402
2025-10-13,1383.300996,2985.585635,972.444,1456.798105,2553.915688,1403.583272,1907.933997,834.452,3641.268018,399.108627
2025-10-14,1383.095723,2983.558193,972.211001,1457.381179,2553.272744,1402.598467,1908.229995,835.979,3643.102017,398.76875
2025-10-15,1382.836533,2982.551841,971.923,1458.123813,2552.94333,1401.91554,1909.005996,837.597999,3647.108018,398.531718
2025-10-16,1383.125076,2981.275483,971.856,1458.805381,2553.816465,1401.676106,1909.901997,839.233999,3651.512017,398.366187
2025-10-17,1384.213899,2980.039604,972.167999,1459.159954,2555.902065,1401.909998,1912.969998,840.931,3656.148013,398.320151
2025-10-20,1385.936187,2979.758687,972.271,1459.804094,2557.41021,1401.203999,1916.851997,842.612,3660.234014,398.24571
2025-10-21,1387.742009,2979.416489,972.726,1460.75553,2559.551377,1400.403999,1920.715996,844.357,3664.276011,398.177148
2025-10-22,1389.504009,2979.058633,973.077,1461.65772,2561.468306,1399.627998,1924.237996,846.077,3668.166011,398.152661
2025-10-23,1390.996008,2980.279053,973.342,1463.249355,2563.869429,1398.355996,1926.919995,847.777,3673.00001,398.240814
2025-10-24,1392.552007,2981.303042,973.326,1464.779927,2564.579839,1397.363994,1930.029995,849.336,3677.558008,398.345617
2025-10-27,1394.600007,2982.970508,973.349,1466.586907,2563.462617,1396.223994,1933.785996,851.237999,3683.332007,398.626726
2025-10-28,1395.936008,2984.009766,973.509,1468.225151,2561.32542,1394.759993,1937.395996,853.234999,3690.528008,398.799113
2025-10-29,1397.760007,2983.430576,973.784,1468.960347,2557.719761,1393.555994,1940.839998,855.450999,3697.844009,399.10373
2025-10-30,1399.034006,2982.335059,973.835001,1469.359602,2554.17959,1391.883994,1943.567998,857.623998,3705.342007,399.362311
2025-10-31,1400.578008,2982.636538,973.935001,1469.704175,2550.917236,1390.061995,1945.991997,860.038998,3714.044004,399.794259
2025-11-03,1402.020007,2980.433975,974.147002,1469.234197,2547.512002,1388.325996,1948.857998,862.703998,3721.592002,400.080266
2025-11-04,1403.784006,2977.384048,974.384001,1468.461465,2542.612515,1386.731997,1953.03,865.698998,3729.253999,400.188986
2025-11-05,1405.548005,2974.334121,974.621001,1467.688733,2537.713027,1385.137998,1957.202002,868.693998,3736.915996,400.297707
2025-11-06,1407.752004,2972.933496,975.158002,1467.473103,2533.379097,1383.563999,1961.478,871.869998,3743.345996,400.426997
2025-11-07,1410.168005,2971.333823,975.772002,1468.060278,2528.878008,1382.467998,1963.725999,874.936997,3748.975996,400.315337
2025-11-10,1412.876006,2969.844219,976.450002,1468.794436,2524.477314,1381.207998,1966.11,877.838998,3755.377998,400.30946
2025-11-11,1415.414006,2968.80436,977.394003,1469.878386,2519.904907,1380.49,1969.212002,880.826997,3762.98,400.311418
2025-11-12,1418.192007,2969.704199,978.095002,1471.776423,2515.516587,1379.728,1973.010002,883.726997,3770.056001,400.218369
2025-11-13,1421.224006,2970.126577,978.603003,1473.793606,2510.752559,1379.336001,1977.238003,886.618997,3778.253999,400.018557
2025-11-14,1424.102007,2971.482466,979.127002,1475.393242,2507.049355,1378.74,1981.346001,889.843997,3787.269995,400.034228
2025-11-17,1426.898008,2973.337109,979.738002,1477.319346,2503.480669,1378.266001,1985.836001,893.134996,3797.231992,400.025413
2025-11-18,1429.762009,2974.300225,980.284001,1477.414983,2499.132803,1377.660002,1990.946001,896.406997,3806.723994,399.943137
2025-11-19,1432.60001,2975.267754,980.858,1478.047153,2495.507173,1377.244001,1996.314002,899.697997,3816.115996,399.757037
2025-11-20,1435.916008,2975.900435,981.679,1479.03842,2492.044185,1376.872002,2001.220002,902.855996,3826.069995,399.568979
2025-11-21,1438.948008,2976.466997,982.294,1479.886482,2489.510728,1375.908003,2006.422002,905.836996,3834.971992,399.453402
2025-11-24,1441.680007,2977.269673,982.936001,1481.133355,2486.777349,1374.888003,2011.374004,908.753995,3843.513994,399.275137
2025-11-25,1444.368005,2976.978735,983.395001,1481.9751,2483.843955,1373.612004,2015.816006,911.794995,3850.091992,399.034187
2025-11-26,1447.490005,2977.01585,984.143002,1483.144194,2481.354814,1372.728005,2019.526006,914.329995,3857.621992,398.897061
2025-11-27,1450.458005,2976.460034,984.795001,1484.124778,2479.056338,1372.138005,2023.016008,916.699995,3865.527993,398.755038
2025-11-28,1453.660005,2976.068672,985.609,1484.987241,2477.59562,1371.870007,2025.80001,919.032996,3873.411997,398.629666
2025-12-01,1457.170005,2977.46374,986.367,1486.729431,2475.842866,1371.642007,2028.47001,921.389995,3881.985996,398.576774
2025-12-02,1460.300005,2979.12709,987.018999,1488.451018,2475.348315,1371.216006,2031.776011,923.323995,3889.443994,398.532697
2025-12-03,1463.416006,2982.189009,988.007999,1490.58373,2473.716021,1371.392007,2034.874011,925.020995,3895.727993,398.522903
2025-12-04,1466.680005,2987.743814,988.955,1493.287485,2472.589976,1371.610005,2038.238013,926.759994,3902.511997,398.580691
2025-12-05,1469.940005,2994.616323,990.12,1497.070415,2469.517803,1372.268005,2042.082014,929.050994,3908.685996,398.577753
2025-12-08,1473.344004,3001.514155,991.176,1500.885205,2466.229463,1373.098005,2045.762014,930.763994,3914.851997,398.480785
2025-12-09,1476.652004,3008.00875,992.097999,1504.463994,2462.463696,1373.642004,2049.988013,932.501994,3921.621997,398.470991
2025-12-10,1480.016006,3013.623257,992.588999,1507.67999,2458.169326,1373.474004,2053.976013,934.414994,3928.041997,398.422996
2025-12-11,1483.542007,3019.290796,993.289999,1511.159985,2453.952959,1373.234004,2057.688013,936.397994,3934.713994,398.370104
2025-12-12,1487.404006,3025.760835,994.016998,1514.628223,2448.66395,1373.250005,2061.422012,938.314995,3941.533994,398.287829
2025-12-15,1491.028005,3030.728613,994.469998,1517.689326,2444.094453,1373.286003,2064.754011,940.178995,3948.639995,398.318193
2025-12-16,1494.178005,3035.49104,994.705997,1520.817153,2439.765122,1373.088003,2068.214011,942.107996,3955.321997,398.355413
2025-12-17,1497.718005,3039.455938,994.811997,1523.407986,2435.665122,1372.730002,2071.504011,944.459995,3961.973994,398.356392
2025-12-18,1501.050005,3043.983174,994.863998,1526.21313,2431.01585,1372.342004,2074.504011,946.768995,3967.211997,398.366187
2025-12-19,1504.718005,3049.187617,994.955997,1529.145962,2426.432344,1371.818003,2077.66001,948.761995,3973.001997,398.331906
2025-12-22,1508.726006,3055.647661,995.169998,1533.524253,2422.755205,1371.600002,2081.514011,950.588994,3979.059995,398.39949
2025-12-23,1512.622004,3062.732857,995.558997,1537.541548,2419.151548,1371.178003,2085.04001,952.487994,3985.349995,398.606159
2025-12-24,1516.300002,3069.592158,995.937997,1541.766167,2414.808496,1370.406003,2088.144009,954.144995,3989.847998,398.737409
2025-12-25,1519.498,3076.433784,995.994998,1546.047913,2409.622075,1369.256003,2091.270007,955.784995,3993.683999,398.765814
2025-12-26,1522.345998,3082.676304,995.785997,1550.78249,2403.662236,1367.532004,2093.138005,957.327994,3997.842002,398.609099
2025-12-29,1523.921997,3087.317925,995.560997,1554.899038,2398.044951,1366.592004,2093.740007,958.478994,4001.162002,398.40439
2025-12-30,1525.413999,3092.03419,995.224998,1558.327053,2392.419238,1365.802004,2094.866008,959.790995,4004.438003,398.164418
2025-12-31,1527.518,3095.952949,994.894998,1561.631069,2387.307524,1365.020005,2096.10801,961.277996,4008.344004,397.971462
2026-01-01,1530.061999,3098.981885,994.541998,1564.118005,2382.141357,1364.506006,2098.158008,962.741996,4012.778003,396.950851
2026-01-02,1532.876001,3102.664932,994.678998,1566.878005,2379.165903,1364.060007,2099.698008,964.630996,4017.948003,395.643255
2026-01-05,1534.756001,3105.242085,994.169998,1568.916006,2377.003731,1363.938008,2100.196006,966.286996,4022.48,394.253384
2026-01-06,1535.17,3109.129419,993.342998,1571.156006,2375.945259,1364.900007,2100.498008,968.059996,4025.836001,392.77536
2026-01-07,1535.17,3113.804429,992.166998,1573.728005,2374.559385,1366.046006,2100.170005,969.407997,4029.813999,391.201348
2026-01-08,1534.812,3117.116221,991.137998,1576.118005,2373.286626,1367.498005,2100.170005,970.680997,4030.631997,389.676309
2026-01-09,1534.59,3120.05873,990.171998,1578.754004,2371.813232,1368.678005,2099.622004,971.950997,4030.517998,388.046466
2026-01-12,1534.56,3124.435176,989.057998,1580.962004,2371.120977,1370.012004,2099.022004,973.259998,4031.287998,386.566483
2026-01-13,1534.154001,3129.891978,988.099998,1583.584004,2370.378491,1372.014004,2097.294004,974.676997,4030.547998,385.112946
2026-01-14,1533.868003,3133.865737,986.903998,1586.222004,2368.916006,1373.644004,2095.478003,976.091997,4029.376001,383.660389
2026-01-15,1533.122004,3137.432891,985.719998,1588.884006,2367.646006,1375.604004,2094.030005,977.443997,4029.06,382.235256
2026-01-16,1532.720005,3142.799219,984.695997,1593.144006,2366.574004,1376.960005,2094.334006,979.172998,4028.537998,380.768986
2026-01-19,1531.206003,3146.64748,983.563998,1596.498005,2366.676001,1377.612004,2094.138005,980.917998,4027.563999,379.351689
2026-01-20,1529.218003,3148.841523,982.353998,1599.070005,2365.708003,1377.962004,2093.212004,982.579999,4024.673999,377.773759
2026-01-21,1527.080002,3149.77585,980.970997,1601.124006,2364.578003,1377.764004,2091.658003,984.009999,4020.911997,376.162527
2026-01-22,1524.912002,3151.778853,979.611997,1603.558005,2364.238003,1376.956003,2089.866001,985.896998,4016.737998,374.578719
2026-01-23,1522.256001,3154.017964,978.141997,1606.918005,2363.874004,1376.364004,2087.546001,987.129999,4011.526001,372.918513
2026-01-26,1519.612,3156.331719,976.532997,1610.182007,2363.564004,1375.652004,2084.996001,988.252999,4005.848003,371.278876
2026-01-27,1516.833999,3158.85208,975.211997,1614.108005,2363.502002,1375.412004,2081.480002,989.867,4001.612002,369.570675
2026-01-28,1514.389998,3161.024087,973.973998,1616.616006,2362.237998,1375.104004,2077.438,991.482,3997.1,367.956504
2026-01-29,1511.227998,3162.139048,972.506998,1619.076006,2360.722002,1375.116003,2073.63,993.174999,3995.01,366.25516
2026-01-30,1508.203999,3162.730083,971.130999,1620.996006,2359.508003,1374.826003,2069.75,995.266,3993.158003,364.576344
2026-02-02,1505.293999,3164.419766,969.709998,1622.624006,2358.170005,1374.514004,2066.015998,996.427999,3991.318003,362.835822
2026-02-03,1503.242,3167.655591,968.887998,1625.132007,2357.260005,1375.152002,2062.729998,998.039999,3992.160005,361.187369
2026-02-04,1500.98,3165.509023,967.871997,1624.690007,2356.176006,1375.820002,2060.709998,999.725997,3992.662007,359.583533
2026-02-05,1498.58,3163.727061,966.675997,1623.766006,2354.230005,1375.906003,2058.245996,1001.738998,3992.302007,357.867518
2026-02-06,1496.246001,3160.929424,965.345997,1622.706006,2353.382002,1376.252002,2056.981995,1003.486998,3992.272007,356.464482
2026-02-09,1494.156001,3158.344321,964.048998,1621.370005,2352.792002,1376.376003,2055.951995,1006.944999,3993.08001,355.001447
2026-02-10,1492.4,3156.442041,962.900999,1620.106006,2352.308003,1377.046003,2054.097996,1010.480998,3995.85001,353.575056
2026-02-11,1490.997998,3152.173579,961.432998,1617.970007,2352.606001,1377.338003,2052.619995,1015.117999,3999.498008,352.09448
2026-02-12,1489.263999,3143.744688,959.900997,1613.738008,2351.556001,1378.204004,2050.833994,1020.004,4003.544004,350.547952
2026-02-13,1486.843999,3133.981006,957.912998,1608.796008,2350.887998,1378.646003,2048.751992,1024.546,4006.258003,348.890204
