Date,RELIANCE,TCS,HDFCBANK,INFY,HINDUNILVR,ICICIBANK,BHARTIARTL,SBIN,LT,ITC
2016-02-16,,,,,,,,,,
2016-02-17,,,,,,,,,,
2016-02-18,,,,,,,,,,
2016-02-19,,,,,,,,,,
2016-02-22,,,,,,,,,,
2016-02-23,,,,,,,,,,
2016-02-24,,,,,,,,,,
2016-02-25,,,,,,,,,,
2016-02-26,,,,,,,,,,
2016-02-29,,,,,,,,,,
2016-03-01,,,,,,,,,,
2016-03-02,,,,,,,,,,
2016-03-03,,,,,,,,,,
2016-03-04,,,,,,,,,,
2016-03-07,,,,,,,,,,
2016-03-08,,,,,,,,,,
2016-03-09,,,,,,,,,,
2016-03-10,,,,,,,,,,
2016-03-11,,,,,,,,,,
2016-03-14,,,,,,,,,,
2016-03-15,,,,,,,,,,
2016-03-16,,,,,,,,,,
2016-03-17,,,,,,,,,,
2016-03-18,,,,,,,,,,
2016-03-21,,,,,,,,,,
2016-03-22,,,,,,,,,,
2016-03-23,,,,,,,,,,
2016-03-24,,,,,,,,,,
2016-03-25,,,,,,,,,,
2016-03-28,,,,,,,,,,
2016-03-29,0.012484,0.014258,0.010231,0.015203,0.016396,0.0265,0.012804,0.028581,0.020209,0.023104
2016-03-30,0.011988,0.014288,0.010328,0.014998,0.016307,0.027744,0.01272,0.029272,0.020602,0.023298
2016-03-31,0.011616,0.014132,0.010097,0.014581,0.016077,0.027537,0.0129,0.029608,0.020329,0.023113
2016-04-01,0.011903,0.015109,0.010217,0.014783,0.016089,0.027506,0.01526,0.029267,0.020518,0.023403
2016-04-04,0.011544,0.015121,0.010206,0.015711,0.014288,0.027477,0.016699,0.029325,0.020524,0.023417
2016-04-05,0.011329,0.014434,0.009713,0.016217,0.013215,0.028857,0.018829,0.03017,0.021241,0.023198
2016-04-06,0.011347,0.013569,0.008589,0.016565,0.013219,0.028469,0.018893,0.029991,0.021088,0.022747
2016-04-07,0.011113,0.013645,0.00852,0.016657,0.013444,0.028165,0.018973,0.02944,0.021094,0.023117
2016-04-08,0.011127,0.014078,0.007991,0.016828,0.013534,0.028161,0.018815,0.029184,0.020803,0.022995
2016-04-11,0.010817,0.014484,0.00798,0.015692,0.013121,0.027912,0.020009,0.029384,0.019965,0.023051
2016-04-12,0.010596,0.012236,0.008008,0.014233,0.013089,0.024474,0.019863,0.029289,0.018471,0.014304
2016-04-13,0.010445,0.011899,0.007545,0.013498,0.012973,0.02262,0.019673,0.020492,0.018437,0.014762
2016-04-14,0.010319,0.01126,0.007465,0.013339,0.012971,0.02251,0.019348,0.020456,0.014842,0.014725
2016-04-15,0.010203,0.011147,0.00746,0.013338,0.01297,0.022468,0.019162,0.019705,0.014659,0.014589
2016-04-18,0.010215,0.011176,0.007479,0.01682,0.012965,0.022694,0.019529,0.020342,0.014858,0.014716
2016-04-19,0.009626,0.011163,0.007321,0.016754,0.011806,0.02241,0.019524,0.019707,0.014811,0.014485
2016-04-20,0.010543,0.012425,0.007276,0.016636,0.011548,0.022386,0.019576,0.019711,0.014442,0.014478
2016-04-21,0.009015,0.012583,0.007364,0.015771,0.01152,0.024829,0.01957,0.020547,0.013957,0.014653
2016-04-22,0.009034,0.012552,0.007305,0.015997,0.012037,0.024773,0.019731,0.02111,0.014037,0.014592
2016-04-25,0.00988,0.012743,0.007283,0.015985,0.011999,0.024085,0.019857,0.02137,0.014026,0.0147
2016-04-26,0.00988,0.012792,0.007873,0.016034,0.011378,0.024059,0.019844,0.021377,0.014104,0.014308
2016-04-27,0.009886,0.012824,0.007962,0.015861,0.011415,0.024993,0.020538,0.021925,0.014152,0.014358
2016-04-28,0.010655,0.012756,0.007811,0.016597,0.011933,0.025283,0.020544,0.022308,0.014395,0.015561
2016-04-29,0.010696,0.011533,0.008102,0.015869,0.012082,0.025376,0.021099,0.022001,0.014421,0.015592
2016-05-02,0.010543,0.011493,0.008213,0.015911,0.010007,0.026357,0.020795,0.021469,0.013802,0.01524
2016-05-03,0.010444,0.011917,0.00815,0.016295,0.010183,0.026713,0.021382,0.021504,0.013743,0.014826
2016-05-04,0.010055,0.011917,0.008141,0.016146,0.010167,0.027202,0.021391,0.021814,0.013744,0.014919
2016-05-05,0.010053,0.011932,0.008135,0.016158,0.010182,0.027206,0.021702,0.021828,0.014293,0.015242
2016-05-06,0.010083,0.011934,0.008504,0.016239,0.010216,0.027471,0.021839,0.022291,0.014444,0.015242
2016-05-09,0.010441,0.012276,0.009028,0.016477,0.010147,0.027252,0.021692,0.021407,0.014098,0.015769
2016-05-10,0.009954,0.012285,0.009009,0.016562,0.010815,0.027194,0.021594,0.02139,0.014226,0.01572
2016-05-11,0.009732,0.012214,0.009004,0.016602,0.010815,0.024523,0.022208,0.020266,0.013425,0.01544
2016-05-12,0.010405,0.012494,0.009066,0.01654,0.010862,0.025417,0.022187,0.020417,0.013411,0.015428
2016-05-13,0.010563,0.011883,0.009097,0.016429,0.011732,0.025701,0.020907,0.020633,0.013873,0.01474
2016-05-16,0.010554,0.011974,0.009599,0.015368,0.01217,0.025768,0.019737,0.022002,0.01388,0.015662
2016-05-17,0.010538,0.011996,0.009474,0.014964,0.012405,0.023793,0.017162,0.019858,0.012295,0.015482
2016-05-18,0.010436,0.012042,0.009812,0.014689,0.012474,0.02365,0.017062,0.020146,0.012313,0.015516
2016-05-19,0.010877,0.012,0.009718,0.014383,0.012448,0.023579,0.017334,0.021355,0.013117,0.015704
2016-05-20,0.01121,0.011794,0.009718,0.01416,0.012324,0.024012,0.017343,0.021332,0.013224,0.015962
2016-05-23,0.011128,0.010785,0.009646,0.014064,0.012024,0.02385,0.015768,0.020723,0.013073,0.018033
2016-05-24,0.011299,0.010879,0.00948,0.01406,0.011894,0.02379,0.015738,0.020803,0.013014,0.017748
2016-05-25,0.010938,0.011745,0.010325,0.014316,0.011237,0.023392,0.016114,0.021361,0.014769,0.017551
2016-05-26,0.010916,0.011852,0.010362,0.014771,0.011534,0.023895,0.016125,0.023568,0.029468,0.017767
2016-05-27,0.012486,0.011966,0.010346,0.014857,0.011832,0.023939,0.016149,0.026382,0.029465,0.01789
2016-05-30,0.012495,0.012728,0.010466,0.011163,0.011879,0.02378,0.015755,0.025962,0.029425,0.017997
2016-05-31,0.012567,0.01365,0.010455,0.011529,0.011917,0.023779,0.015918,0.026463,0.029538,0.0183
2016-06-01,0.011842,0.013259,0.010494,0.011588,0.011985,0.024054,0.017041,0.027273,0.029599,0.018942
2016-06-02,0.011826,0.013041,0.010386,0.011271,0.012381,0.021002,0.017094,0.026512,0.029441,0.018726
2016-06-03,0.011882,0.013146,0.010426,0.011,0.012288,0.021095,0.017458,0.025995,0.029592,0.018693
2016-06-06,0.011362,0.012975,0.010437,0.010996,0.012342,0.021077,0.017854,0.025904,0.029578,0.018358
2016-06-07,0.011364,0.012767,0.009962,0.010869,0.012882,0.022583,0.017835,0.027633,0.029588,0.018359
2016-06-08,0.011335,0.012816,0.010063,0.011196,0.012818,0.021567,0.016637,0.027187,0.029596,0.01817
2016-06-09,0.011246,0.013084,0.009904,0.011731,0.013107,0.02139,0.016641,0.026839,0.029592,0.017683
2016-06-10,0.01102,0.01319,0.009484,0.011753,0.012988,0.021279,0.016086,0.026925,0.029576,0.017851
2016-06-13,0.011023,0.013189,0.00925,0.011707,0.012957,0.020733,0.016445,0.027043,0.029771,0.017655
2016-06-14,0.010861,0.01269,0.009257,0.011174,0.012774,0.020071,0.015391,0.027306,0.029808,0.017284
2016-06-15,0.010964,0.012761,0.009532,0.011283,0.012892,0.019085,0.01596,0.027549,0.030276,0.017187
2016-06-16,0.011065,0.012733,0.009612,0.011293,0.012886,0.019458,0.015809,0.027567,0.030353,0.017396
2016-06-17,0.011,0.013053,0.009389,0.011206,0.012878,0.019316,0.016612,0.027612,0.030332,0.017455
2016-06-20,0.011051,0.013311,0.008759,0.011781,0.012745,0.018653,0.016592,0.02743,0.030159,0.017238
2016-06-21,0.011068,0.013342,0.008807,0.011614,0.012417,0.018663,0.016594,0.02755,0.030135,0.017178
2016-06-22,0.011055,0.013341,0.008754,0.011534,0.012423,0.018579,0.015825,0.027089,0.030158,0.016941
2016-06-23,0.010543,0.013096,0.009055,0.011613,0.0124,0.017601,0.015768,0.027145,0.030057,0.017041
2016-06-24,0.011541,0.013709,0.010033,0.011906,0.011666,0.018785,0.015995,0.027503,0.031047,0.017516
2016-06-27,0.011577,0.01472,0.009407,0.012606,0.011277,0.018636,0.016165,0.026194,0.03126,0.016858
2016-06-28,0.011525,0.014816,0.009345,0.012641,0.012383,0.01858,0.016412,0.026275,0.031259,0.017362
2016-06-29,0.011661,0.015071,0.009221,0.012976,0.012221,0.018734,0.016422,0.026207,0.031207,0.017463
2016-06-30,0.011045,0.015514,0.009271,0.012994,0.012125,0.018868,0.016851,0.024635,0.030376,0.016656
2016-07-01,0.010489,0.015852,0.009288,0.012986,0.012087,0.018178,0.016737,0.024459,0.030573,0.017021
2016-07-04,0.010657,0.015606,0.009256,0.012945,0.012152,0.018918,0.016781,0.023973,0.030415,0.016023
2016-07-05,0.01055,0.015511,0.009352,0.013018,0.012208,0.019049,0.017267,0.024008,0.030388,0.016095
2016-07-06,0.010398,0.014885,0.007687,0.012593,0.011755,0.017258,0.016977,0.023669,0.029833,0.01563
2016-07-07,0.010412,0.015322,0.008165,0.012198,0.012799,0.016661,0.017042,0.022632,0.015986,0.015509
2016-07-08,0.009163,0.015192,0.008329,0.011979,0.012666,0.016775,0.017571,0.020023,0.016248,0.015434
2016-07-11,0.009439,0.014725,0.009102,0.0119,0.01256,0.01775,0.017578,0.020453,0.016476,0.015319
2016-07-12,0.009331,0.014035,0.009103,0.011661,0.012491,0.019623,0.017472,0.019879,0.016358,0.01501
2016-07-13,0.009283,0.013375,0.009059,0.011919,0.012458,0.019213,0.016362,0.018633,0.016463,0.014139
2016-07-14,0.00934,0.013513,0.009059,0.01214,0.01226,0.019741,0.016376,0.018766,0.016464,0.014035
2016-07-15,0.00939,0.014485,0.00963,0.019824,0.011932,0.019899,0.01685,0.018679,0.016398,0.013824
2016-07-18,0.009412,0.014452,0.009622,0.019965,0.012577,0.020015,0.018044,0.01891,0.016494,0.013816
2016-07-19,0.00957,0.014638,0.00977,0.020029,0.01332,0.018878,0.018053,0.016192,0.016373,0.013372
2016-07-20,0.009566,0.014818,0.0097,0.019919,0.013521,0.018824,0.017995,0.016205,0.016176,0.013388
2016-07-21,0.009689,0.014669,0.009703,0.019231,0.012747,0.019122,0.018079,0.016903,0.016055,0.012514
2016-07-22,0.009745,0.01462,0.009703,0.019244,0.012842,0.019051,0.018084,0.01657,0.016118,0.012359
2016-07-25,0.0098,0.015076,0.009726,0.019338,0.012844,0.017946,0.017475,0.016627,0.01584,0.012364
2016-07-26,0.009726,0.015055,0.009856,0.019418,0.012723,0.018768,0.017541,0.016276,0.015793,0.012299
2016-07-27,0.009888,0.015077,0.009589,0.019209,0.012621,0.019551,0.016959,0.014787,0.014494,0.012446
2016-07-28,0.00996,0.015348,0.009535,0.019225,0.012629,0.019189,0.016657,0.014814,0.014594,0.013071
2016-07-29,0.010221,0.015035,0.009538,0.019219,0.012847,0.020374,0.016615,0.014679,0.014662,0.013004
2016-08-01,0.009923,0.015778,0.009591,0.018681,0.012823,0.022663,0.016193,0.014728,0.01635,0.013053
2016-08-02,0.009906,0.01578,0.009508,0.018683,0.012602,0.022913,0.016455,0.014592,0.016322,0.014867
2016-08-03,0.010446,0.016033,0.009541,0.018696,0.01297,0.02305,0.016459,0.014611,0.016603,0.015943
2016-08-04,0.010449,0.015958,0.009189,0.018592,0.012853,0.023051,0.016874,0.014173,0.016615,0.015763
2016-08-05,0.009641,0.015109,0.007871,0.018492,0.012633,0.022038,0.016265,0.014015,0.015198,0.015358
2016-08-08,0.009825,0.013894,0.007842,0.018247,0.012626,0.022034,0.017311,0.013222,0.014569,0.015372
2016-08-09,0.009827,0.013611,0.007863,0.018275,0.01121,0.022036,0.017049,0.013167,0.014578,0.014738
2016-08-10,0.011041,0.013448,0.008463,0.017981,0.01136,0.022404,0.017109,0.013574,0.014715,0.01472
2016-08-11,0.011165,0.013185,0.008404,0.017979,0.011161,0.022348,0.016138,0.014063,0.014654,0.015163
2016-08-12,0.01173,0.01255,0.008386,0.018075,0.011159,0.022468,0.016138,0.018978,0.013628,0.014419
2016-08-15,0.011532,0.012517,0.008373,0.01792,0.011095,0.021669,0.015884,0.018853,0.013223,0.013273
2016-08-16,0.011705,0.013005,0.008263,0.01795,0.011245,0.021626,0.015728,0.018961,0.013329,0.013217
2016-08-17,0.011923,0.013955,0.008295,0.018117,0.011591,0.021642,0.01586,0.018977,0.013328,0.013278
2016-08-18,0.011889,0.013184,0.008123,0.018021,0.010118,0.02197,0.016383,0.01866,0.013127,0.013124
2016-08-19,0.011745,0.013495,0.007945,0.018002,0.010137,0.021833,0.015866,0.019652,0.012999,0.013125
2016-08-22,0.011502,0.013926,0.007076,0.017658,0.010743,0.021085,0.015666,0.019467,0.012543,0.013097
2016-08-23,0.011342,0.01436,0.007075,0.018387,0.010841,0.019178,0.015678,0.019465,0.0126,0.013245
2016-08-24,0.011443,0.014439,0.007118,0.018476,0.01084,0.019205,0.015682,0.01949,0.012485,0.013236
2016-08-25,0.011513,0.014401,0.007161,0.018611,0.0109,0.018361,0.015902,0.019628,0.01252,0.013384
2016-08-26,0.011759,0.013341,0.00633,0.010034,0.01079,0.018316,0.014536,0.019853,0.01253,0.013384
2016-08-29,0.01276,0.013445,0.006957,0.009874,0.010146,0.018773,0.012437,0.019715,0.013345,0.013411
2016-08-30,0.012692,0.01359,0.008101,0.01041,0.009433,0.018822,0.0135,0.019796,0.013557,0.013774
2016-08-31,0.012749,0.013679,0.00845,0.010417,0.009306,0.01886,0.013506,0.01979,0.01442,0.013869
2016-09-01,0.013544,0.013662,0.00852,0.010428,0.00944,0.018606,0.017083,0.019157,0.014359,0.013875
2016-09-02,0.01378,0.013656,0.00852,0.010405,0.009386,0.018575,0.018001,0.019021,0.014204,0.013888
2016-09-05,0.013702,0.013129,0.008233,0.010267,0.009364,0.018194,0.017738,0.01848,0.014114,0.013848
2016-09-06,0.013754,0.013299,0.008336,0.010475,0.009865,0.01927,0.017894,0.018459,0.01417,0.013854
2016-09-07,0.013614,0.013482,0.008611,0.010634,0.009936,0.018602,0.017758,0.018821,0.014115,0.013394
2016-09-08,0.013699,0.015538,0.008481,0.010922,0.010478,0.018636,0.018055,0.018816,0.014117,0.012539
2016-09-09,0.013651,0.015831,0.008463,0.010916,0.01108,0.017579,0.017573,0.019082,0.014193,0.013349
2016-09-12,0.013598,0.014233,0.0086,0.01126,0.011308,0.015208,0.017562,0.020857,0.013631,0.013996
2016-09-13,0.013595,0.014255,0.008602,0.011261,0.011296,0.014774,0.017407,0.020868,0.013573,0.011737
2016-09-14,0.013087,0.014184,0.008745,0.011329,0.01115,0.014539,0.01745,0.020966,0.013313,0.010281
2016-09-15,0.013464,0.014191,0.008842,0.011149,0.011175,0.01445,0.017016,0.020991,0.013272,0.010682
2016-09-16,0.012954,0.01461,0.009114,0.011612,0.011074,0.014265,0.017054,0.020444,0.012115,0.011115
2016-09-19,0.012821,0.015284,0.009208,0.011455,0.011039,0.014415,0.016067,0.020447,0.012134,0.010985
2016-09-20,0.012934,0.015273,0.009202,0.011557,0.011113,0.014407,0.016226,0.020476,0.01212,0.010929
2016-09-21,0.011853,0.015131,0.008601,0.011614,0.011202,0.013597,0.01631,0.020402,0.011927,0.011182
2016-09-22,0.012012,0.014948,0.008754,0.011609,0.010982,0.01382,0.016615,0.02043,0.012344,0.01059
2016-09-23,0.011639,0.014882,0.008757,0.011676,0.010984,0.014166,0.01658,0.016325,0.01219,0.01053
2016-09-26,0.011636,0.014896,0.009162,0.011723,0.01151,0.015569,0.016906,0.016496,0.012807,0.011223
2016-09-27,0.011381,0.015078,0.009145,0.011615,0.011473,0.015638,0.01696,0.016446,0.013166,0.011283
2016-09-28,0.011719,0.014518,0.009137,0.011149,0.011377,0.015605,0.017424,0.016785,0.013431,0.011298
2016-09-29,0.012221,0.014532,0.009231,0.011143,0.011447,0.016913,0.017071,0.017409,0.013609,0.011282
2016-09-30,0.012285,0.01439,0.009219,0.011194,0.011572,0.016951,0.017072,0.015949,0.013502,0.01168
2016-10-03,0.012267,0.01399,0.009414,0.011134,0.010755,0.01715,0.017406,0.016029,0.014406,0.011432
2016-10-04,0.012252,0.013342,0.009415,0.010433,0.01077,0.017118,0.017614,0.016335,0.014529,0.011319
2016-10-05,0.012285,0.013281,0.009337,0.010028,0.011089,0.017191,0.017631,0.016341,0.01454,0.011315
2016-10-06,0.012535,0.01325,0.009346,0.00965,0.011425,0.017442,0.017394,0.016299,0.014349,0.011144
2016-10-07,0.012359,0.013221,0.009345,0.009603,0.011449,0.017398,0.017423,0.01608,0.013896,0.011239
2016-10-10,0.011581,0.013206,0.008863,0.010106,0.011444,0.016974,0.017495,0.0161,0.013298,0.011299
2016-10-11,0.011502,0.012716,0.007682,0.009588,0.010618,0.016415,0.016629,0.015947,0.013129,0.010693
2016-10-12,0.011428,0.012557,0.006949,0.009557,0.010547,0.016355,0.016631,0.015947,0.012195,0.010422
2016-10-13,0.012086,0.013071,0.007525,0.010358,0.010663,0.017367,0.013115,0.01673,0.012248,0.010361
2016-10-14,0.012131,0.013466,0.007519,0.011238,0.011301,0.017377,0.012155,0.01672,0.013191,0.010266
2016-10-17,0.01256,0.013462,0.008242,0.011268,0.011475,0.021878,0.012349,0.01674,0.013577,0.010309
2016-10-18,0.012944,0.013705,0.008516,0.011427,0.010934,0.021962,0.012735,0.016475,0.014502,0.011284
2016-10-19,0.012936,0.013351,0.008331,0.011311,0.011031,0.021905,0.012732,0.015747,0.014505,0.012106
2016-10-20,0.012697,0.009805,0.008318,0.010966,0.010145,0.023611,0.012534,0.016124,0.014348,0.011939
2016-10-21,0.013262,0.009742,0.008646,0.011184,0.009977,0.023557,0.012506,0.015915,0.01415,0.011271
2016-10-24,0.013263,0.009739,0.008581,0.01087,0.009817,0.023604,0.012434,0.014075,0.012657,0.010615
2016-10-25,0.013273,0.01003,0.008776,0.010998,0.01024,0.023742,0.012858,0.014133,0.012712,0.010747
2016-10-26,0.013328,0.0097,0.008795,0.010922,0.010528,0.024776,0.0133,0.013874,0.012631,0.010752
2016-10-27,0.012866,0.009803,0.008885,0.011064,0.010404,0.025028,0.013569,0.014038,0.012646,0.010881
2016-10-28,0.012777,0.009605,0.008514,0.010556,0.010409,0.025432,0.013772,0.014099,0.012658,0.010278
2016-10-31,0.01271,0.008798,0.008464,0.01055,0.010406,0.025287,0.013767,0.014071,0.012633,0.010263
2016-11-01,0.012659,0.00954,0.008467,0.010491,0.010464,0.025312,0.013504,0.014049,0.012813,0.010414
2016-11-02,0.013474,0.010116,0.008623,0.010481,0.010303,0.025379,0.014128,0.014971,0.012929,0.010355
2016-11-03,0.013091,0.009899,0.008472,0.010677,0.010302,0.02513,0.013749,0.014588,0.012405,0.010596
2016-11-04,0.013103,0.009804,0.008511,0.010469,0.010547,0.02497,0.013782,0.014548,0.012732,0.012648
2016-11-07,0.013039,0.010593,0.008334,0.010564,0.010196,0.024902,0.013354,0.016311,0.012481,0.013189
2016-11-08,0.013029,0.01018,0.008372,0.010583,0.010283,0.02492,0.013017,0.016183,0.011983,0.013084
2016-11-09,0.012754,0.013387,0.008373,0.011401,0.010638,0.024978,0.012431,0.016673,0.011686,0.014202
2016-11-10,0.012559,0.013274,0.009019,0.011773,0.01069,0.024501,0.012996,0.021598,0.011892,0.014314
2016-11-11,0.012392,0.013828,0.009002,0.012006,0.011074,0.026897,0.013627,0.022346,0.012238,0.015184
2016-11-14,0.012285,0.013839,0.008752,0.01198,0.011065,0.0268,0.013282,0.022214,0.011115,0.015169
2016-11-15,0.012433,0.014071,0.009228,0.01173,0.011047,0.027224,0.012875,0.022253,0.011065,0.015704
2016-11-16,0.012448,0.015518,0.009322,0.01241,0.010785,0.027268,0.013638,0.022278,0.011074,0.016473
2016-11-17,0.011709,0.015977,0.009504,0.012363,0.010322,0.027057,0.015381,0.022026,0.011069,0.016366
2016-11-18,0.011985,0.015951,0.009839,0.012257,0.010385,0.027161,0.015979,0.022065,0.011053,0.016531
2016-11-21,0.011978,0.015924,0.009921,0.011718,0.010403,0.02729,0.016046,0.025388,0.011356,0.016696
2016-11-22,0.012211,0.015932,0.009917,0.011771,0.011801,0.027297,0.016326,0.025388,0.011529,0.016805
2016-11-23,0.01235,0.016109,0.010036,0.011901,0.012166,0.027321,0.016426,0.025402,0.012306,0.016821
2016-11-24,0.011258,0.01604,0.010009,0.011262,0.01191,0.026747,0.015636,0.024932,0.012274,0.016823
2016-11-25,0.010631,0.018484,0.010856,0.014436,0.011331,0.026747,0.015638,0.024901,0.011637,0.017443
2016-11-28,0.010377,0.018528,0.010371,0.014434,0.011265,0.023762,0.018833,0.025479,0.011344,0.017922
2016-11-29,0.009889,0.018318,0.009831,0.014101,0.011223,0.022194,0.01887,0.025343,0.009835,0.017476
2016-11-30,0.009799,0.01839,0.01047,0.014105,0.011324,0.02315,0.018876,0.02565,0.010857,0.016906
2016-12-01,0.009983,0.018389,0.010469,0.014095,0.011274,0.02178,0.01926,0.025493,0.010733,0.016932
2016-12-02,0.009342,0.018459,0.010186,0.013953,0.011612,0.021787,0.019259,0.02549,0.011047,0.017327
2016-12-05,0.009342,0.018593,0.010272,0.013863,0.011984,0.021199,0.019642,0.025368,0.010927,0.017645
2016-12-06,0.009667,0.018521,0.01014,0.013847,0.011618,0.020899,0.019469,0.0254,0.011001,0.017633
2016-12-07,0.009661,0.018601,0.010195,0.013847,0.011402,0.019908,0.019214,0.025451,0.011013,0.017766
2016-12-08,0.010482,0.01892,0.010424,0.014222,0.011566,0.019708,0.019117,0.025513,0.011247,0.018162
2016-12-09,0.010556,0.018903,0.010342,0.014216,0.011532,0.019656,0.018934,0.025872,0.011188,0.018326
2016-12-12,0.010556,0.018963,0.010494,0.014382,0.011871,0.019788,0.019022,0.025975,0.011211,0.018542
2016-12-13,0.010806,0.018668,0.010504,0.014522,0.011807,0.019773,0.018994,0.026016,0.011231,0.018624
2016-12-14,0.010226,0.018392,0.010453,0.014529,0.011898,0.019817,0.018888,0.025455,0.011272,0.018616
2016-12-15,0.010313,0.018888,0.010329,0.01433,0.011952,0.019777,0.019062,0.025101,0.01127,0.018626
2016-12-16,0.009682,0.018971,0.01032,0.014484,0.011774,0.020018,0.019634,0.024978,0.010942,0.017345
2016-12-19,0.009631,0.018497,0.010266,0.014444,0.01168,0.018988,0.019835,0.02411,0.010793,0.016241
2016-12-20,0.009701,0.018914,0.010276,0.014476,0.01166,0.018953,0.019912,0.024625,0.01092,0.016533
2016-12-21,0.009718,0.01651,0.010275,0.013819,0.011208,0.019039,0.019775,0.024036,0.011022,0.015989
2016-12-22,0.009901,0.016451,0.009265,0.013674,0.011223,0.017237,0.019999,0.018653,0.011099,0.015833
2016-12-23,0.009726,0.015752,0.009613,0.013108,0.010638,0.014339,0.019694,0.018009,0.011326,0.014968
2016-12-26,0.009934,0.015743,0.009688,0.013187,0.011034,0.014483,0.019698,0.018263,0.011326,0.014977
2016-12-27,0.009702,0.015809,0.00954,0.013441,0.01106,0.014654,0.019809,0.018245,0.011392,0.016396
2016-12-28,0.01017,0.014874,0.009478,0.013102,0.011063,0.014535,0.019315,0.018245,0.011386,0.015587
2016-12-29,0.010213,0.01427,0.009784,0.012936,0.011197,0.014472,0.017939,0.018236,0.011456,0.015586
2016-12-30,0.01041,0.014175,0.009386,0.013027,0.011115,0.014752,0.017549,0.018405,0.011551,0.015818
2017-01-02,0.010409,0.01421,0.009289,0.013018,0.011037,0.01476,0.017603,0.014667,0.011237,0.015478
2017-01-03,0.010327,0.014203,0.009353,0.013157,0.009875,0.014841,0.017876,0.014721,0.010958,0.0155
2017-01-04,0.011122,0.014153,0.009151,0.01314,0.009688,0.014885,0.018596,0.014714,0.010367,0.015443
2017-01-05,0.010284,0.014548,0.008617,0.013071,0.009931,0.015148,0.018986,0.014656,0.010484,0.015369
2017-01-06,0.010305,0.01202,0.007849,0.010378,0.009762,0.015151,0.018981,0.014676,0.010124,0.015288
2017-01-09,0.010139,0.012067,0.007811,0.010373,0.009732,0.014754,0.015675,0.013835,0.010041,0.014995
2017-01-10,0.010141,0.011934,0.008251,0.010288,0.009668,0.014786,0.015321,0.013866,0.010042,0.014909
2017-01-11,0.010018,0.011889,0.00815,0.010274,0.009649,0.01325,0.015402,0.013529,0.009739,0.014965
2017-01-12,0.01003,0.011911,0.008132,0.01183,0.01017,0.012668,0.014962,0.013416,0.010782,0.015172
2017-01-13,0.009991,0.01372,0.008018,0.012504,0.009542,0.012676,0.014995,0.013376,0.010206,0.014898
2017-01-16,0.010393,0.013367,0.008225,0.013075,0.009034,0.01267,0.014235,0.013702,0.010142,0.014679
2017-01-17,0.012083,0.013429,0.008364,0.013039,0.009321,0.012696,0.014171,0.013607,0.010133,0.014601
2017-01-18,0.012138,0.013189,0.008056,0.013065,0.010667,0.012562,0.014383,0.013478,0.010023,0.014354
2017-01-19,0.011552,0.012811,0.007732,0.012646,0.010566,0.012286,0.014291,0.013118,0.009957,0.013789
2017-01-20,0.011537,0.012828,0.007725,0.012703,0.010562,0.012404,0.014468,0.01315,0.010993,0.013684
2017-01-23,0.011667,0.012955,0.007409,0.012573,0.010156,0.012826,0.014403,0.013278,0.011387,0.013426
2017-01-24,0.01163,0.012931,0.008013,0.012348,0.010163,0.012826,0.014479,0.013151,0.011792,0.013284
2017-01-25,0.011159,0.013147,0.008237,0.012248,0.010012,0.012729,0.01421,0.013392,0.012089,0.013424
2017-01-26,0.011123,0.012531,0.008246,0.012212,0.009878,0.012727,0.014036,0.013262,0.012067,0.012957
2017-01-27,0.0112,0.012421,0.008248,0.011986,0.010376,0.01483,0.015062,0.01425,0.012179,0.014063
2017-01-30,0.011747,0.012602,0.008271,0.012114,0.010225,0.01486,0.018971,0.014153,0.011911,0.014166
2017-01-31,0.011725,0.014426,0.008272,0.012516,0.009966,0.014303,0.018793,0.013522,0.011867,0.014086
2017-02-01,0.011713,0.015118,0.008505,0.012571,0.00988,0.016263,0.018911,0.015276,0.012698,0.015445
2017-02-02,0.011639,0.015565,0.008487,0.013006,0.009784,0.016419,0.017947,0.014651,0.012123,0.015576
2017-02-03,0.011732,0.015666,0.008439,0.012971,0.009797,0.016718,0.017946,0.014782,0.011856,0.015309
2017-02-06,0.011712,0.015678,0.008087,0.012949,0.009679,0.017052,0.017932,0.014142,0.011842,0.015328
2017-02-07,0.011422,0.015469,0.008196,0.012616,0.009774,0.016921,0.018034,0.013882,0.011782,0.014016
2017-02-08,0.011189,0.015625,0.008228,0.012637,0.0098,0.016943,0.018066,0.013855,0.011695,0.014248
2017-02-09,0.010903,0.015784,0.008058,0.012803,0.0097,0.016946,0.018039,0.013926,0.0118,0.014267
2017-02-10,0.010427,0.017009,0.008061,0.013113,0.009575,0.017032,0.01803,0.013874,0.011802,0.014328
2017-02-13,0.010402,0.017038,0.007838,0.013416,0.009826,0.016758,0.017896,0.013272,0.011807,0.01451
2017-02-14,0.011051,0.017051,0.007665,0.013372,0.010322,0.01677,0.017794,0.01337,0.011897,0.014476
2017-02-15,0.010442,0.017041,0.007605,0.013391,0.010123,0.016796,0.017419,0.01328,0.012052,0.014489
2017-02-16,0.010685,0.016792,0.007583,0.014555,0.009876,0.016441,0.017106,0.013229,0.012041,0.015382
2017-02-17,0.01077,0.016507,0.009708,0.014006,0.009942,0.016593,0.017058,0.013301,0.012044,0.014958
2017-02-20,0.01076,0.017804,0.010248,0.014091,0.010301,0.016622,0.017048,0.013303,0.01191,0.014982
2017-02-21,0.010783,0.018089,0.010056,0.014093,0.010418,0.016647,0.018471,0.013298,0.011906,0.015063
2017-02-22,0.022706,0.018616,0.010283,0.01479,0.010175,0.016436,0.018534,0.0131,0.011587,0.014996
2017-02-23,0.023111,0.019254,0.010361,0.014015,0.009611,0.01637,0.018586,0.013166,0.010665,0.014801
2017-02-24,0.023109,0.017495,0.010327,0.013222,0.009612,0.016363,0.018521,0.013154,0.010554,0.01443
2017-02-27,0.024278,0.017494,0.010243,0.012565,0.009723,0.016837,0.019436,0.012902,0.010901,0.014437
2017-02-28,0.023256,0.01762,0.0101,0.012564,0.009345,0.016922,0.019852,0.012906,0.010902,0.014437
2017-03-01,0.023161,0.017608,0.010113,0.012639,0.007978,0.016997,0.019641,0.012911,0.010903,0.014965
2017-03-02,0.023156,0.017618,0.010227,0.012626,0.007908,0.016995,0.019991,0.013329,0.010899,0.01511
2017-03-03,0.023093,0.017624,0.010264,0.012452,0.00791,0.016498,0.019979,0.01225,0.009888,0.015294
2017-03-06,0.023502,0.017666,0.010249,0.01245,0.007962,0.01586,0.020044,0.012463,0.009523,0.0151
2017-03-07,0.023553,0.01773,0.009858,0.012673,0.007951,0.015871,0.019894,0.012586,0.00899,0.0151
2017-03-08,0.023574,0.017585,0.009439,0.012755,0.007734,0.015859,0.019535,0.012316,0.008318,0.014566
2017-03-09,0.023624,0.017579,0.009429,0.012748,0.007737,0.015884,0.019549,0.012474,0.008317,0.014577
2017-03-10,0.023727,0.017619,0.009428,0.012809,0.007235,0.013624,0.018489,0.011497,0.008362,0.013444
2017-03-13,0.023665,0.01745,0.009319,0.012785,0.007205,0.0136,0.014078,0.011338,0.008363,0.013399
2017-03-14,0.023633,0.015031,0.009353,0.012047,0.010684,0.01758,0.014214,0.011089,0.011529,0.013549
2017-03-15,0.023641,0.014971,0.009092,0.012593,0.011097,0.015715,0.014103,0.008635,0.010348,0.010773
2017-03-16,0.023635,0.014778,0.008973,0.012414,0.010886,0.01541,0.013559,0.008558,0.010411,0.010277
2017-03-17,0.02344,0.014729,0.008908,0.012483,0.010933,0.015373,0.015316,0.008779,0.010713,0.013511
2017-03-20,0.023822,0.015284,0.008942,0.013075,0.010807,0.014613,0.015362,0.008776,0.010907,0.013302
2017-03-21,0.023902,0.015281,0.008804,0.013135,0.010732,0.014671,0.01533,0.008803,0.010812,0.013823
2017-03-22,0.023863,0.015247,0.008968,0.013109,0.010698,0.015284,0.016487,0.009342,0.011069,0.014733
2017-03-23,0.023873,0.015,0.008819,0.013157,0.010709,0.015387,0.016387,0.009356,0.010965,0.014701
2017-03-24,0.023807,0.013922,0.008931,0.012752,0.010729,0.016285,0.016378,0.010899,0.010921,0.014558
2017-03-27,0.024636,0.013922,0.009238,0.012482,0.010523,0.016311,0.016383,0.010569,0.010965,0.014407
2017-03-28,0.024598,0.01397,0.009273,0.012506,0.009981,0.016407,0.015301,0.010609,0.010907,0.01444
2017-03-29,0.024587,0.014,0.00923,0.012458,0.010096,0.016595,0.01546,0.01121,0.010819,0.014441
2017-03-30,0.024545,0.013765,0.010193,0.011248,0.010043,0.016552,0.015889,0.011259,0.010707,0.0136
2017-03-31,0.025294,0.013441,0.008642,0.011028,0.010122,0.016576,0.01574,0.011229,0.010824,0.01372
2017-04-03,0.025977,0.011353,0.007726,0.011166,0.009916,0.017837,0.015872,0.011245,0.01446,0.013612
2017-04-04,0.026014,0.011061,0.00769,0.011149,0.009832,0.017773,0.014808,0.011255,0.014464,0.013401
2017-04-05,0.018156,0.010344,0.007352,0.010554,0.010146,0.017795,0.0149,0.011441,0.01472,0.013566
2017-04-06,0.017582,0.008747,0.007333,0.009977,0.010009,0.017951,0.01463,0.011783,0.014892,0.013958
2017-04-07,0.018323,0.009071,0.007332,0.010492,0.010309,0.018088,0.014755,0.012063,0.01488,0.014006
2017-04-10,0.017061,0.009048,0.007369,0.011615,0.010224,0.017724,0.013872,0.011913,0.014632,0.013981
2017-04-11,0.017147,0.008901,0.007355,0.011991,0.010247,0.018066,0.01315,0.012232,0.014842,0.014857
2017-04-12,0.017388,0.009014,0.007362,0.011713,0.010115,0.018094,0.013122,0.01259,0.014887,0.014299
2017-04-13,0.017408,0.00997,0.007174,0.013507,0.010119,0.018131,0.013894,0.012093,0.015252,0.014159
2017-04-14,0.017208,0.009978,0.007146,0.013367,0.010116,0.018027,0.013897,0.011916,0.015221,0.013919
2017-04-17,0.01628,0.00993,0.007178,0.013336,0.010304,0.018028,0.013577,0.011682,0.015189,0.013853
2017-04-18,0.016599,0.009613,0.007245,0.013202,0.010307,0.018022,0.013613,0.01153,0.015315,0.013856
2017-04-19,0.016446,0.009509,0.007225,0.013104,0.010359,0.018094,0.013648,0.012304,0.015194,0.013862
2017-04-20,0.016416,0.009811,0.007361,0.013226,0.010412,0.018828,0.013773,0.012141,0.015181,0.013861
2017-04-21,0.016844,0.009584,0.008375,0.012997,0.010606,0.018882,0.0135,0.01225,0.015146,0.01429
2017-04-24,0.016887,0.009764,0.00928,0.013036,0.010621,0.018885,0.013563,0.012452,0.015668,0.014348
2017-04-25,0.016935,0.009485,0.009241,0.012747,0.007941,0.01515,0.014435,0.012367,0.013801,0.014431
2017-04-26,0.017076,0.008392,0.009302,0.012496,0.00811,0.01545,0.014523,0.012265,0.013679,0.015589
2017-04-27,0.017065,0.0081,0.009417,0.012265,0.00811,0.015537,0.014471,0.012572,0.013575,0.016025
2017-04-28,0.01723,0.008238,0.009928,0.011963,0.00848,0.015649,0.012636,0.012975,0.013493,0.014459
2017-05-01,0.016909,0.007779,0.009904,0.011685,0.008414,0.015203,0.012578,0.01297,0.01327,0.014451
2017-05-02,0.017073,0.007939,0.009969,0.011448,0.008521,0.01519,0.013251,0.012957,0.013517,0.013896
2017-05-03,0.017046,0.009015,0.009815,0.011827,0.008577,0.014506,0.011693,0.012415,0.013324,0.012987
2017-05-04,0.017111,0.008957,0.009934,0.011535,0.00952,0.022023,0.011698,0.01351,0.013298,0.013161
2017-05-05,0.017588,0.008695,0.009879,0.011507,0.009535,0.021497,0.011684,0.0128,0.013379,0.013241
2017-05-08,0.016773,0.008868,0.009587,0.011986,0.009514,0.021534,0.012104,0.012819,0.01348,0.013501
2017-05-09,0.016753,0.008784,0.009558,0.011894,0.009542,0.021539,0.012527,0.01293,0.013815,0.013514
2017-05-10,0.017084,0.008783,0.009647,0.011894,0.012488,0.021392,0.019054,0.012405,0.013858,0.013498
2017-05-11,0.017015,0.008929,0.008622,0.011893,0.013013,0.021377,0.019186,0.012498,0.013878,0.013643
2017-05-12,0.015566,0.008981,0.00793,0.012675,0.012869,0.021274,0.01918,0.012426,0.013808,0.013599
2017-05-15,0.013648,0.008887,0.007754,0.012675,0.012796,0.020554,0.018605,0.012588,0.00985,0.013732
2017-05-16,0.013764,0.010226,0.00774,0.012711,0.013083,0.020552,0.019181,0.013065,0.009857,0.014215
2017-05-17,0.012569,0.010362,0.007757,0.012541,0.012902,0.020851,0.019162,0.012846,0.009229,0.014158
2017-05-18,0.012491,0.011901,0.007769,0.012664,0.013482,0.020672,0.01931,0.012852,0.009793,0.014
2017-05-19,0.011959,0.011983,0.007756,0.012273,0.013559,0.020494,0.019288,0.012916,0.009793,0.014934
2017-05-22,0.011622,0.012057,0.007763,0.011098,0.013625,0.02065,0.019297,0.015472,0.010057,0.018425
2017-05-23,0.011817,0.012087,0.007883,0.010801,0.013591,0.020373,0.019212,0.015507,0.009634,0.017867
2017-05-24,0.011639,0.012099,0.007924,0.010802,0.013679,0.020231,0.019331,0.015689,0.011371,0.017868
2017-05-25,0.011546,0.011501,0.009505,0.009619,0.013661,0.021088,0.018381,0.016329,0.014334,0.017729
2017-05-26,0.012647,0.01215,0.009479,0.009809,0.013693,0.021123,0.018392,0.01634,0.014417,0.018421
2017-05-29,0.012392,0.012067,0.0094,0.009948,0.014194,0.021597,0.018411,0.016554,0.014447,0.018703
2017-05-30,0.012079,0.012217,0.009445,0.010042,0.014168,0.021813,0.018395,0.016853,0.014477,0.018983
2017-05-31,0.012329,0.012173,0.00943,0.010753,0.014184,0.02173,0.018395,0.016351,0.014515,0.018966
2017-06-01,0.012427,0.01208,0.009513,0.010767,0.014695,0.021342,0.018586,0.016363,0.014801,0.018977
2017-06-02,0.011496,0.011947,0.008738,0.010737,0.014623,0.021165,0.018776,0.016262,0.014855,0.018605
2017-06-05,0.011301,0.012117,0.007753,0.011002,0.014559,0.021116,0.018794,0.016086,0.014228,0.018615
2017-06-06,0.011181,0.013226,0.007753,0.011579,0.014443,0.021112,0.01834,0.016086,0.014543,0.019052
2017-06-07,0.011803,0.014679,0.007651,0.011706,0.01431,0.021147,0.018342,0.016205,0.014593,0.018186
2017-06-08,0.011808,0.016358,0.007432,0.011629,0.014646,0.021258,0.018552,0.015981,0.014598,0.017798
2017-06-09,0.011732,0.016171,0.007118,0.011667,0.014266,0.021167,0.018495,0.015201,0.014482,0.017316
2017-06-12,0.011892,0.016292,0.007107,0.011955,0.014232,0.021637,0.018557,0.015379,0.015133,0.017383
2017-06-13,0.011518,0.016313,0.007014,0.012048,0.014036,0.021502,0.018078,0.015368,0.015016,0.017383
2017-06-14,0.0131,0.015989,0.007102,0.011872,0.014055,0.021366,0.01807,0.015337,0.015178,0.017715
2017-06-15,0.013472,0.016669,0.007024,0.011958,0.013862,0.013907,0.018068,0.014084,0.015464,0.017609
2017-06-16,0.012784,0.016677,0.006974,0.012135,0.014097,0.013917,0.018047,0.014058,0.015472,0.01745
2017-06-19,0.012938,0.016755,0.007266,0.012021,0.014082,0.013865,0.017793,0.01402,0.015672,0.017141
2017-06-20,0.012909,0.016762,0.007365,0.012317,0.014072,0.01384,0.017453,0.013947,0.015246,0.017181
2017-06-21,0.01241,0.016968,0.007278,0.012299,0.012479,0.013802,0.009514,0.013901,0.015236,0.017179
2017-06-22,0.012454,0.01697,0.007204,0.01232,0.012464,0.013866,0.008929,0.0139,0.015355,0.01716
2017-06-23,0.01235,0.017173,0.007677,0.011689,0.012455,0.013623,0.008916,0.01432,0.015418,0.017074
2017-06-26,0.01229,0.017171,0.007687,0.011428,0.012477,0.013345,0.008901,0.014129,0.015417,0.017055
2017-06-27,0.012225,0.016476,0.007861,0.011841,0.012325,0.013658,0.007698,0.014644,0.01557,0.016807
2017-06-28,0.0133,0.01635,0.007848,0.011842,0.012312,0.013104,0.008181,0.014718,0.015478,0.016983
2017-06-29,0.012787,0.015073,0.007846,0.01176,0.011639,0.013123,0.008115,0.014691,0.015108,0.016716
2017-06-30,0.012856,0.015204,0.008018,0.011797,0.011487,0.013293,0.008208,0.014286,0.015197,0.017246
2017-07-03,0.012849,0.015107,0.007908,0.012215,0.011691,0.013104,0.008267,0.01207,0.014875,0.016964
2017-07-04,0.013486,0.015103,0.007877,0.012331,0.011864,0.013083,0.008385,0.011697,0.014844,0.017108
2017-07-05,0.013538,0.014785,0.0079,0.012526,0.011745,0.013208,0.008321,0.011271,0.013674,0.017592
2017-07-06,0.013555,0.013818,0.005533,0.011246,0.011781,0.011561,0.008574,0.011096,0.009938,0.017769
2017-07-07,0.014016,0.013566,0.005532,0.011148,0.011763,0.011661,0.008725,0.011079,0.009736,0.017238
2017-07-10,0.013869,0.016059,0.005572,0.011879,0.010524,0.011028,0.012633,0.011331,0.010259,0.016909
2017-07-11,0.013873,0.016332,0.00555,0.012228,0.010628,0.010445,0.013546,0.010944,0.010218,0.016761
2017-07-12,0.013565,0.016535,0.00552,0.011702,0.01124,0.010176,0.013551,0.011278,0.010198,0.016812
2017-07-13,0.013471,0.016536,0.005411,0.011609,0.010267,0.010086,0.013538,0.011285,0.010741,0.017536
2017-07-14,0.013403,0.016862,0.005431,0.011644,0.01011,0.009995,0.013334,0.011416,0.01072,0.017424
2017-07-17,0.01345,0.016557,0.005431,0.011651,0.010158,0.01041,0.013296,0.011442,0.010487,0.018687
2017-07-18,0.013896,0.015043,0.005429,0.010988,0.010062,0.01038,0.013109,0.011525,0.010092,0.029448
2017-07-19,0.013633,0.014614,0.00548,0.010478,0.009877,0.009998,0.01404,0.011431,0.010011,0.029833
2017-07-20,0.01357,0.013121,0.005758,0.010631,0.009569,0.009677,0.01371,0.011461,0.009909,0.029846
2017-07-21,0.014745,0.013556,0.005407,0.010666,0.009583,0.009658,0.014426,0.011463,0.009962,0.029694
2017-07-24,0.014512,0.013872,0.006316,0.010449,0.009582,0.008792,0.014609,0.011442,0.008911,0.029836
2017-07-25,0.014643,0.014108,0.00629,0.010366,0.009771,0.008745,0.014678,0.011425,0.009004,0.029844
2017-07-26,0.013861,0.014134,0.006248,0.010368,0.009875,0.009137,0.014774,0.011434,0.00873,0.029717
2017-07-27,0.014274,0.01448,0.007362,0.011202,0.009701,0.009261,0.015684,0.011502,0.008115,0.029847
2017-07-28,0.014304,0.014437,0.007539,0.011903,0.009938,0.011615,0.015783,0.011462,0.008737,0.029749
2017-07-31,0.014267,0.014264,0.007206,0.011828,0.009935,0.012025,0.015866,0.013854,0.009639,0.029842
2017-08-01,0.014431,0.01425,0.007181,0.011706,0.0102,0.011886,0.015903,0.01408,0.009643,0.029901
2017-08-02,0.014575,0.014084,0.007188,0.011989,0.009106,0.011856,0.015954,0.014128,0.009895,0.029919
2017-08-03,0.01464,0.01407,0.007344,0.012128,0.008366,0.012452,0.016142,0.014707,0.009695,0.029938
2017-08-04,0.015178,0.013925,0.006937,0.012129,0.008904,0.012384,0.016289,0.014466,0.009551,0.029936
2017-08-07,0.015228,0.014041,0.00695,0.012529,0.009,0.012594,0.016442,0.01481,0.009557,0.029931
2017-08-08,0.015398,0.013918,0.006925,0.012104,0.008878,0.012677,0.01635,0.014228,0.009361,0.03006
2017-08-09,0.014312,0.013919,0.00714,0.012106,0.008946,0.012985,0.016274,0.014035,0.009822,0.030013
2017-08-10,0.014445,0.013812,0.007169,0.012238,0.009335,0.012899,0.016161,0.014236,0.00983,0.029908
2017-08-11,0.015175,0.013773,0.007163,0.012248,0.009711,0.012805,0.016103,0.017814,0.009863,0.028805
2017-08-14,0.015348,0.013955,0.007171,0.011971,0.009314,0.013184,0.016407,0.017858,0.010104,0.026204
2017-08-15,0.014627,0.013934,0.007116,0.011831,0.009106,0.013178,0.016314,0.017806,0.010083,0.026194
2017-08-16,0.014553,0.013952,0.007361,0.011677,0.010099,0.013156,0.016216,0.018038,0.010078,0.026909
2017-08-17,0.014548,0.01394,0.007627,0.014324,0.010207,0.013196,0.01645,0.01766,0.010195,0.026589
2017-08-18,0.013367,0.013938,0.007797,0.022851,0.010753,0.012937,0.016434,0.017708,0.010202,0.02668
2017-08-21,0.013471,0.01156,0.007858,0.024423,0.01095,0.012895,0.013725,0.017505,0.009786,0.026689
2017-08-22,0.013498,0.011449,0.007857,0.024094,0.010908,0.012838,0.012809,0.017474,0.009853,0.02674
2017-08-23,0.013577,0.011113,0.008218,0.024463,0.010449,0.013044,0.013363,0.017616,0.009917,0.026748
2017-08-24,0.013471,0.011113,0.008328,0.024829,0.010569,0.012596,0.013066,0.017625,0.008749,0.025931
2017-08-25,0.013414,0.010397,0.008305,0.024824,0.010559,0.012594,0.013004,0.01751,0.008737,0.025952
2017-08-28,0.013257,0.010432,0.008311,0.025445,0.010771,0.012324,0.013003,0.017477,0.008831,0.025373
2017-08-29,0.013338,0.010504,0.008538,0.025553,0.010882,0.012346,0.013348,0.017496,0.008849,0.011295
2017-08-30,0.01378,0.010096,0.00877,0.025541,0.011024,0.012321,0.012084,0.017406,0.00899,0.010379
2017-08-31,0.014175,0.010111,0.008606,0.025568,0.011202,0.012357,0.01208,0.017399,0.008959,0.010329
2017-09-01,0.01264,0.009959,0.008616,0.025495,0.011222,0.012322,0.011675,0.017401,0.008941,0.010375
2017-09-04,0.012154,0.009288,0.008165,0.025628,0.011658,0.01232,0.011354,0.017178,0.009027,0.009948
2017-09-05,0.012241,0.009028,0.008164,0.025617,0.011557,0.012302,0.011574,0.017131,0.008989,0.009899
2017-09-06,0.012103,0.009226,0.008137,0.025621,0.011357,0.011698,0.011666,0.017167,0.008921,0.010704
2017-09-07,0.011694,0.007616,0.006826,0.025346,0.011317,0.011674,0.011107,0.017047,0.009159,0.0108
2017-09-08,0.0117,0.007658,0.007093,0.024787,0.010891,0.009702,0.011487,0.017053,0.011165,0.010688
2017-09-11,0.011475,0.00772,0.007946,0.024567,0.011005,0.008765,0.01116,0.014465,0.012194,0.010103
2017-09-12,0.011443,0.008117,0.007928,0.024639,0.011492,0.008776,0.01121,0.014626,0.012273,0.010356
2017-09-13,0.012382,0.007847,0.007911,0.024599,0.011427,0.008802,0.011297,0.014642,0.012116,0.010975
2017-09-14,0.012264,0.007764,0.007798,0.024691,0.011459,0.008091,0.010605,0.014219,0.012218,0.010729
2017-09-15,0.011817,0.00749,0.007786,0.024977,0.011028,0.008179,0.010596,0.013825,0.012231,0.010849
2017-09-18,0.011794,0.007374,0.007831,0.024853,0.011914,0.007833,0.010549,0.013107,0.01274,0.010924
2017-09-19,0.011784,0.007374,0.007826,0.024866,0.011925,0.007402,0.010552,0.012612,0.012807,0.010354
2017-09-20,0.011862,0.007349,0.007652,0.024832,0.012309,0.00721,0.010618,0.012817,0.012451,0.010655
2017-09-21,0.011798,0.007711,0.007724,0.024692,0.012033,0.007951,0.010761,0.012515,0.012562,0.010735
2017-09-22,0.012158,0.007787,0.007789,0.024702,0.011967,0.009323,0.010924,0.008736,0.014157,0.010708
2017-09-25,0.011824,0.007528,0.008214,0.024693,0.011988,0.008885,0.010911,0.008872,0.014358,0.011488
2017-09-26,0.011836,0.008008,0.008263,0.024832,0.012925,0.009196,0.01094,0.008861,0.014366,0.011491
2017-09-27,0.012788,0.007968,0.008062,0.024834,0.012201,0.009714,0.010945,0.009432,0.014932,0.010238
2017-09-28,0.013145,0.008071,0.00811,0.023031,0.012118,0.009685,0.010151,0.009675,0.014885,0.010526
2017-09-29,0.013173,0.0083,0.008015,0.015247,0.012305,0.009711,0.01064,0.009767,0.014936,0.010549
2017-10-02,0.013111,0.008198,0.007933,0.011461,0.012207,0.0097,0.010643,0.009536,0.014921,0.010556
2017-10-03,0.013714,0.007997,0.007932,0.011472,0.012303,0.009804,0.010639,0.009633,0.014884,0.010818
2017-10-04,0.014252,0.00799,0.007635,0.010947,0.012298,0.009286,0.009832,0.008974,0.014859,0.01178
2017-10-05,0.014151,0.008005,0.007548,0.010206,0.012323,0.009586,0.00981,0.008866,0.014851,0.01183
2017-10-06,0.014371,0.008133,0.007547,0.010793,0.012675,0.009592,0.010245,0.009879,0.014931,0.011865
2017-10-09,0.014475,0.008138,0.007569,0.009075,0.012451,0.009249,0.01018,0.009896,0.01489,0.011934
2017-10-10,0.013925,0.008064,0.007361,0.00899,0.012484,0.009273,0.01059,0.009853,0.014816,0.011917
2017-10-11,0.013573,0.008577,0.007157,0.009042,0.012377,0.009237,0.014303,0.01037,0.014809,0.011825
2017-10-12,0.014812,0.009216,0.007672,0.008747,0.012631,0.009233,0.014348,0.010282,0.014882,0.011904
2017-10-13,0.01476,0.008673,0.008175,0.00871,0.01265,0.009748,0.020173,0.010338,0.0149,0.011845
2017-10-16,0.014767,0.008811,0.007911,0.007821,0.013057,0.010074,0.021997,0.010339,0.014859,0.011932
2017-10-17,0.0147,0.00863,0.007966,0.008051,0.013034,0.010045,0.021846,0.010337,0.014848,0.011932
2017-10-18,0.016695,0.008264,0.008082,0.008038,0.013371,0.01204,0.021818,0.011371,0.014818,0.011316
2017-10-19,0.016685,0.008278,0.008403,0.008042,0.013425,0.012372,0.021869,0.01135,0.014714,0.010766
2017-10-20,0.016671,0.008269,0.008173,0.007604,0.01342,0.012391,0.021821,0.011336,0.012853,0.010678
2017-10-23,0.017485,0.008127,0.007488,0.007753,0.013384,0.013042,0.023215,0.011747,0.010451,0.01077
2017-10-24,0.017585,0.007856,0.007414,0.008251,0.012952,0.013453,0.023216,0.013455,0.010306,0.010364
2017-10-25,0.016876,0.007923,0.010271,0.008366,0.012954,0.030481,0.023282,0.052729,0.014538,0.009721
2017-10-26,0.016795,0.008096,0.010272,0.008485,0.012941,0.030758,0.023325,0.052857,0.014776,0.009727
2017-10-27,0.017258,0.008595,0.010214,0.007961,0.013103,0.030733,0.025592,0.053186,0.014772,0.009582
2017-10-30,0.017357,0.008798,0.010469,0.007991,0.012627,0.030733,0.025617,0.053157,0.014373,0.009882
2017-10-31,0.017242,0.008793,0.01044,0.008236,0.012645,0.030726,0.025513,0.053293,0.014427,0.009871
2017-11-01,0.017275,0.008952,0.010535,0.008282,0.013082,0.031576,0.02905,0.053799,0.014378,0.009965
2017-11-02,0.017262,0.008822,0.010496,0.008303,0.013303,0.031319,0.029052,0.053932,0.014348,0.010277
2017-11-03,0.016175,0.008655,0.010425,0.007925,0.01305,0.030778,0.028869,0.053823,0.013214,0.010254
2017-11-06,0.016525,0.009117,0.010113,0.007874,0.012999,0.030778,0.028929,0.05369,0.012909,0.009319
2017-11-07,0.017504,0.00894,0.010093,0.009142,0.012233,0.030884,0.029932,0.054287,0.013108,0.009321
2017-11-08,0.017254,0.008961,0.009934,0.009047,0.012082,0.030878,0.031054,0.054146,0.012349,0.008853
2017-11-09,0.016953,0.008751,0.009767,0.00896,0.012295,0.030983,0.030888,0.054154,0.012328,0.009404
2017-11-10,0.017349,0.008327,0.009741,0.009008,0.01237,0.031166,0.030899,0.055062,0.01412,0.009181
2017-11-13,0.017522,0.008724,0.009784,0.009316,0.012552,0.031337,0.031071,0.055128,0.014712,0.009505
2017-11-14,0.017266,0.009479,0.009847,0.009361,0.012474,0.031349,0.030862,0.055081,0.015458,0.009306
2017-11-15,0.016797,0.009501,0.009773,0.00928,0.012815,0.031256,0.030976,0.055239,0.015466,0.008431
2017-11-16,0.017184,0.009586,0.0098,0.011381,0.012723,0.031032,0.030948,0.055232,0.015434,0.008496
2017-11-17,0.017059,0.010148,0.009958,0.011632,0.012452,0.031111,0.030944,0.055202,0.015392,0.008767
2017-11-20,0.016981,0.010188,0.010007,0.011866,0.012378,0.031465,0.030831,0.055345,0.015392,0.008705
2017-11-21,0.016931,0.010533,0.010011,0.011722,0.012209,0.031372,0.030896,0.055406,0.015468,0.008924
2017-11-22,0.016909,0.010206,0.009926,0.011659,0.012243,0.031306,0.030115,0.05512,0.015357,0.009118
2017-11-23,0.015787,0.009713,0.009622,0.012403,0.011823,0.031294,0.030071,0.055111,0.015384,0.009027
2017-11-24,0.015787,0.009705,0.009104,0.01273,0.011789,0.031353,0.027117,0.0552,0.015334,0.009234
2017-11-27,0.015788,0.009586,0.009103,0.012921,0.010794,0.031358,0.025631,0.055163,0.015333,0.009197
2017-11-28,0.01589,0.009579,0.009112,0.013108,0.010854,0.031496,0.025353,0.055245,0.015514,0.009303
2017-11-29,0.013631,0.009773,0.008986,0.013026,0.010582,0.030371,0.02529,0.054862,0.015444,0.009043
2017-11-30,0.014464,0.009905,0.008974,0.013136,0.010552,0.030468,0.024918,0.055219,0.015441,0.009113
2017-12-01,0.014657,0.009925,0.008991,0.01363,0.011047,0.030552,0.025388,0.055544,0.015479,0.009112
2017-12-04,0.013379,0.009924,0.008965,0.014284,0.011285,0.030509,0.023657,0.055555,0.015448,0.008993
2017-12-05,0.013613,0.009889,0.009039,0.013978,0.010967,0.030453,0.023721,0.055376,0.015512,0.00901
2017-12-06,0.01383,0.009844,0.005842,0.013933,0.011165,0.014856,0.023258,0.022772,0.012353,0.008896
2017-12-07,0.013783,0.009783,0.005874,0.013861,0.011394,0.014841,0.026189,0.022782,0.012717,0.00905
2017-12-08,0.013518,0.009327,0.006592,0.013846,0.012134,0.015074,0.024544,0.022195,0.01272,0.011247
2017-12-11,0.013289,0.009976,0.00618,0.013817,0.011392,0.015063,0.024522,0.022394,0.01258,0.01127
2017-12-12,0.013288,0.010548,0.00672,0.013616,0.011529,0.015262,0.024749,0.022049,0.012712,0.011723
2017-12-13,0.01305,0.010498,0.006598,0.013724,0.010834,0.013147,0.019384,0.020609,0.012834,0.011435
2017-12-14,0.01311,0.01148,0.006806,0.013705,0.010488,0.013016,0.019357,0.02037,0.012822,0.011761
2017-12-15,0.013111,0.0115,0.007602,0.013755,0.010464,0.013024,0.019362,0.019367,0.012481,0.011763
2017-12-18,0.012893,0.011319,0.007602,0.013864,0.010476,0.013538,0.019404,0.01965,0.012605,0.011797
2017-12-19,0.011847,0.010813,0.007579,0.013257,0.010564,0.01369,0.018629,0.018509,0.012434,0.011818
2017-12-20,0.011268,0.010701,0.007787,0.013346,0.010622,0.013057,0.017429,0.017986,0.012529,0.011835
2017-12-21,0.011054,0.010723,0.007788,0.013365,0.010702,0.012621,0.017288,0.01784,0.013084,0.011222
2017-12-22,0.010532,0.011282,0.00778,0.013593,0.009379,0.011898,0.017325,0.01349,0.010855,0.011166
2017-12-25,0.010325,0.010683,0.007709,0.013376,0.009181,0.011634,0.017166,0.013441,0.01022,0.010884
2017-12-26,0.01023,0.010319,0.007658,0.013386,0.009297,0.011662,0.017762,0.01348,0.009047,0.010807
2017-12-27,0.010298,0.010483,0.007767,0.013409,0.008768,0.012053,0.017431,0.013358,0.00926,0.010623
2017-12-28,0.009482,0.010051,0.00798,0.011612,0.008673,0.011971,0.017503,0.012807,0.00922,0.010571
2017-12-29,0.009385,0.011119,0.007848,0.011091,0.008789,0.011399,0.017516,0.01258,0.009235,0.010422
2018-01-01,0.009484,0.011736,0.007987,0.010996,0.009436,0.011012,0.017532,0.01248,0.009194,0.010424
2018-01-02,0.009168,0.011601,0.008134,0.011033,0.009503,0.010972,0.017677,0.012586,0.00928,0.010181
2018-01-03,0.009205,0.011601,0.008332,0.011189,0.009495,0.01145,0.017593,0.012183,0.009948,0.010056
2018-01-04,0.008654,0.01168,0.008264,0.010313,0.00946,0.011444,0.0176,0.012823,0.011279,0.010057
2018-01-05,0.008633,0.011886,0.00823,0.009784,0.009439,0.01142,0.018463,0.012815,0.011294,0.009935
2018-01-08,0.008717,0.012005,0.008216,0.010469,0.009418,0.011448,0.020341,0.012601,0.011622,0.010028
2018-01-09,0.008962,0.012012,0.008185,0.010078,0.009508,0.011269,0.020356,0.01252,0.011416,0.010367
2018-01-10,0.00895,0.013488,0.008146,0.010167,0.009478,0.01123,0.020372,0.012543,0.011554,0.010414
2018-01-11,0.007584,0.013438,0.007947,0.01065,0.009511,0.010477,0.02057,0.011803,0.011545,0.010267
2018-01-12,0.007446,0.013474,0.007961,0.009886,0.008818,0.011406,0.020095,0.011061,0.011473,0.010393
2018-01-15,0.00717,0.013674,0.008397,0.008814,0.008672,0.013041,0.020209,0.011046,0.011512,0.01039
2018-01-16,0.008629,0.015222,0.008238,0.01089,0.008646,0.013219,0.02029,0.01106,0.011395,0.011202
2018-01-17,0.008232,0.015328,0.008077,0.011581,0.008714,0.013268,0.020097,0.012653,0.011265,0.011387
2018-01-18,0.00822,0.015275,0.008983,0.011579,0.008792,0.012926,0.016232,0.01258,0.010716,0.012292
2018-01-19,0.008284,0.015272,0.008651,0.011806,0.007418,0.013132,0.015781,0.013029,0.010733,0.010681
2018-01-22,0.011308,0.017621,0.008674,0.011806,0.00749,0.013262,0.015649,0.012698,0.011109,0.010386
2018-01-23,0.011444,0.01715,0.008257,0.012306,0.00751,0.01374,0.015451,0.014563,0.010457,0.009915
2018-01-24,0.01198,0.017443,0.008253,0.012106,0.00753,0.014458,0.019342,0.015717,0.010234,0.010059
2018-01-25,0.01194,0.01687,0.008244,0.012364,0.00753,0.014811,0.019358,0.018418,0.010217,0.009519
2018-01-26,0.011926,0.016778,0.007614,0.012365,0.007532,0.014739,0.019375,0.018388,0.010196,0.009526
2018-01-29,0.01194,0.017055,0.007861,0.012195,0.008094,0.014761,0.019402,0.017961,0.010175,0.010261
2018-01-30,0.012276,0.017436,0.007895,0.012097,0.007781,0.01495,0.018951,0.017976,0.01023,0.010267
2018-01-31,0.012289,0.017807,0.007654,0.012708,0.008703,0.014967,0.018903,0.017932,0.010528,0.010603
2018-02-01,0.012747,0.017796,0.007845,0.012811,0.00847,0.015523,0.018897,0.018403,0.010924,0.010868
2018-02-02,0.014893,0.017625,0.008953,0.012599,0.008409,0.016806,0.019526,0.018946,0.012427,0.010868
2018-02-05,0.014897,0.018053,0.009589,0.012664,0.008709,0.017127,0.021479,0.018961,0.014445,0.011102
2018-02-06,0.014875,0.019445,0.009706,0.013746,0.00957,0.017118,0.020577,0.019245,0.014568,0.011837
2018-02-07,0.014857,0.019533,0.009929,0.013731,0.009682,0.01678,0.020669,0.019257,0.01473,0.011748
2018-02-08,0.015025,0.019534,0.009737,0.014202,0.009999,0.016747,0.020696,0.019772,0.014756,0.01178
2018-02-09,0.015069,0.019025,0.010199,0.014893,0.009824,0.01725,0.02077,0.019956,0.015037,0.011945
2018-02-12,0.015351,0.018506,0.010403,0.014841,0.009469,0.017079,0.020867,0.02041,0.015254,0.011976
2018-02-13,0.015349,0.018436,0.010258,0.014805,0.009432,0.017068,0.020715,0.020312,0.015118,0.011907
2018-02-14,0.015749,0.018906,0.010073,0.014731,0.009318,0.017373,0.021399,0.021713,0.01478,0.012163
2018-02-15,0.01572,0.018897,0.010056,0.014822,0.00939,0.018202,0.021263,0.021454,0.013801,0.0122
2018-02-16,0.01598,0.018827,0.010059,0.014856,0.009409,0.018714,0.020136,0.021824,0.014153,0.012239
2018-02-19,0.015985,0.018824,0.010053,0.014366,0.009501,0.018728,0.018995,0.021867,0.014484,0.012211
2018-02-20,0.015825,0.018819,0.010164,0.014364,0.009474,0.018765,0.019181,0.021919,0.014482,0.011694
2018-02-21,0.015917,0.018651,0.01018,0.014343,0.009444,0.018785,0.019266,0.022104,0.014473,0.012209
2018-02-22,0.015922,0.018579,0.01015,0.013972,0.009251,0.018722,0.018801,0.022069,0.014548,0.012227
2018-02-23,0.015889,0.018534,0.010488,0.01403,0.009246,0.018267,0.019536,0.022251,0.014599,0.012204
2018-02-26,0.015917,0.018638,0.010438,0.014376,0.009356,0.017156,0.019518,0.022245,0.015805,0.012328
2018-02-27,0.015211,0.017456,0.010476,0.012712,0.009314,0.017133,0.019875,0.022358,0.015833,0.01161
2018-02-28,0.015221,0.017352,0.010586,0.012313,0.009961,0.016925,0.01979,0.021064,0.015603,0.011251
2018-03-01,0.015241,0.017282,0.009668,0.012469,0.00987,0.017315,0.019773,0.021257,0.01556,0.009976
2018-03-02,0.015087,0.017121,0.009475,0.01237,0.009829,0.016651,0.019696,0.020775,0.015472,0.009928
2018-03-05,0.013563,0.014324,0.009383,0.01236,0.010315,0.01665,0.019701,0.020849,0.015032,0.010201
2018-03-06,0.013503,0.014777,0.009566,0.011565,0.010118,0.015733,0.019793,0.019576,0.015019,0.010182
2018-03-07,0.013769,0.014084,0.00957,0.011506,0.010127,0.01582,0.016628,0.018553,0.015183,0.009919
2018-03-08,0.014627,0.013837,0.009666,0.011618,0.010049,0.0168,0.016503,0.019081,0.015384,0.009916
2018-03-09,0.014638,0.013987,0.00966,0.011674,0.010145,0.016817,0.016524,0.019088,0.01545,0.009934
2018-03-12,0.015114,0.013187,0.009487,0.012152,0.010155,0.017916,0.01846,0.019102,0.015601,0.012344
2018-03-13,0.014902,0.016189,0.009491,0.011995,0.01013,0.018161,0.018548,0.019163,0.015606,0.012347
2018-03-14,0.014733,0.016084,0.009428,0.011529,0.009391,0.018247,0.018602,0.019358,0.01557,0.012128
2018-03-15,0.01475,0.015965,0.009595,0.011476,0.009611,0.01815,0.018612,0.019148,0.014491,0.011907
2018-03-16,0.012807,0.016055,0.009177,0.011618,0.009602,0.01744,0.017444,0.018676,0.014119,0.012342
2018-03-19,0.012833,0.015907,0.00868,0.012284,0.009559,0.017353,0.017061,0.018742,0.012806,0.01198
2018-03-20,0.012721,0.014988,0.008576,0.011469,0.008692,0.01733,0.017085,0.018612,0.012971,0.011484
2018-03-21,0.012797,0.0148,0.008534,0.011469,0.008518,0.017262,0.018819,0.018541,0.012969,0.011393
2018-03-22,0.012835,0.014797,0.008542,0.010828,0.008182,0.017429,0.018845,0.017702,0.012916,0.011389
2018-03-23,0.013091,0.014807,0.008375,0.009945,0.008269,0.017648,0.018639,0.018028,0.013277,0.011363
2018-03-26,0.012652,0.014809,0.009486,0.010109,0.008756,0.018347,0.019047,0.020509,0.013668,0.011487
2018-03-27,0.012653,0.014983,0.009487,0.010117,0.008846,0.018476,0.019381,0.021576,0.013767,0.011514
2018-03-28,0.012487,0.014618,0.009492,0.010757,0.008816,0.018388,0.019758,0.020428,0.013682,0.011538
2018-03-29,0.01247,0.014582,0.009491,0.010421,0.008721,0.017205,0.019658,0.020309,0.013622,0.011458
2018-03-30,0.01221,0.01457,0.009484,0.010187,0.008691,0.016898,0.019319,0.01989,0.01331,0.011428
2018-04-02,0.012365,0.015108,0.010426,0.010206,0.008766,0.019624,0.019256,0.019953,0.012941,0.011545
2018-04-03,0.012421,0.015046,0.010424,0.010185,0.008755,0.020795,0.01949,0.020262,0.012946,0.011538
2018-04-04,0.012309,0.013662,0.010912,0.010365,0.008824,0.020686,0.019701,0.020124,0.013792,0.010948
2018-04-05,0.012622,0.014018,0.011155,0.01086,0.009351,0.022109,0.019663,0.022226,0.014471,0.010974
2018-04-06,0.012464,0.013909,0.010925,0.011306,0.009406,0.021955,0.019471,0.022075,0.014536,0.010916
2018-04-09,0.012476,0.013769,0.010614,0.011274,0.009548,0.021723,0.019535,0.022083,0.013309,0.011383
2018-04-10,0.012227,0.013784,0.010728,0.011097,0.00942,0.022451,0.019415,0.021724,0.013632,0.011399
2018-04-11,0.012545,0.014643,0.010564,0.010609,0.008645,0.022091,0.01942,0.022136,0.013324,0.011412
2018-04-12,0.012503,0.016499,0.010535,0.012289,0.008631,0.021715,0.019501,0.021903,0.013318,0.011605
2018-04-13,0.01268,0.016508,0.010548,0.012364,0.008649,0.021751,0.019492,0.021984,0.013328,0.011633
2018-04-16,0.01175,0.016131,0.010626,0.013742,0.007747,0.02174,0.019386,0.021981,0.013218,0.011621
2018-04-17,0.011473,0.015695,0.010296,0.01378,0.008082,0.021365,0.019456,0.021485,0.013001,0.011441
2018-04-18,0.010625,0.015665,0.01032,0.013741,0.008059,0.020728,0.018998,0.020314,0.012572,0.012324
2018-04-19,0.009753,0.015639,0.010178,0.01363,0.008021,0.019637,0.019772,0.018781,0.012656,0.012306
2018-04-20,0.010203,0.019504,0.010248,0.01551,0.008075,0.020018,0.020015,0.018961,0.013018,0.012363
2018-04-23,0.009736,0.019504,0.010397,0.015173,0.008039,0.019348,0.01785,0.018999,0.012813,0.009854
2018-04-24,0.011762,0.016295,0.010359,0.016018,0.007967,0.019483,0.017789,0.018963,0.012923,0.009838
2018-04-25,0.011734,0.016642,0.010479,0.016049,0.007914,0.019645,0.018833,0.018978,0.013135,0.009878
2018-04-26,0.011115,0.016655,0.010406,0.016259,0.007991,0.019516,0.019376,0.019064,0.013278,0.010023
2018-04-27,0.011265,0.017169,0.010016,0.016224,0.008476,0.020444,0.019316,0.020599,0.013196,0.009241
2018-04-30,0.013024,0.017397,0.010129,0.015808,0.009174,0.020463,0.017733,0.020586,0.013411,0.009171
2018-05-01,0.012926,0.017429,0.010072,0.01559,0.00921,0.020412,0.017733,0.020567,0.01334,0.009173
2018-05-02,0.012955,0.017592,0.010153,0.015598,0.010634,0.02086,0.015714,0.020937,0.013219,0.009704
2018-05-03,0.013071,0.017488,0.010152,0.015741,0.011029,0.020818,0.015773,0.020396,0.013559,0.009857
2018-05-04,0.012783,0.017405,0.009815,0.015793,0.010854,0.020177,0.016083,0.01969,0.012897,0.011157
2018-05-07,0.013059,0.01792,0.008648,0.015724,0.011138,0.020269,0.015546,0.017768,0.012522,0.011481
2018-05-08,0.013095,0.017902,0.008728,0.01598,0.011172,0.02358,0.015251,0.016962,0.012984,0.011484
2018-05-09,0.01251,0.017916,0.008717,0.015552,0.011177,0.023291,0.013824,0.016723,0.013035,0.011109
2018-05-10,0.012494,0.018171,0.00877,0.015564,0.011313,0.02329,0.014478,0.016723,0.013199,0.011275
2018-05-11,0.012503,0.018152,0.008873,0.015664,0.011386,0.023348,0.018503,0.016819,0.013561,0.011386
2018-05-14,0.01247,0.018095,0.007894,0.015688,0.011273,0.020127,0.018502,0.016722,0.013207,0.011305
2018-05-15,0.012609,0.018133,0.007767,0.015695,0.011245,0.019645,0.018159,0.01694,0.013227,0.011572
2018-05-16,0.013417,0.018103,0.007106,0.015444,0.012905,0.020917,0.018144,0.017165,0.012368,0.01174
2018-05-17,0.013422,0.018046,0.006784,0.015091,0.012732,0.019966,0.018476,0.014462,0.011593,0.01277
2018-05-18,0.013644,0.017986,0.006925,0.014659,0.013034,0.02097,0.018285,0.014659,0.012753,0.012884
2018-05-21,0.013631,0.017847,0.007091,0.01439,0.013572,0.021054,0.018189,0.015381,0.012653,0.012517
2018-05-22,0.013669,0.018221,0.006838,0.014507,0.013611,0.020431,0.018002,0.016959,0.012297,0.012803
2018-05-23,0.013687,0.017908,0.007198,0.014549,0.013592,0.020253,0.018133,0.01774,0.012332,0.013283
2018-05-24,0.013707,0.017266,0.007325,0.014283,0.013672,0.020494,0.019752,0.017884,0.01242,0.013064
2018-05-25,0.013586,0.017357,0.007543,0.014263,0.013681,0.020536,0.019888,0.017771,0.012432,0.013102
2018-05-28,0.013584,0.018031,0.007932,0.012965,0.013673,0.020625,0.019899,0.017928,0.013189,0.013014
2018-05-29,0.013503,0.01794,0.008011,0.012842,0.013506,0.021314,0.019819,0.018805,0.013139,0.012932
2018-05-30,0.01346,0.017943,0.007879,0.012897,0.013542,0.021523,0.01985,0.018786,0.013304,0.011948
2018-05-31,0.013477,0.01792,0.011949,0.013137,0.013751,0.021531,0.019072,0.018802,0.012877,0.011877
2018-06-01,0.013321,0.013467,0.012301,0.011245,0.014068,0.021092,0.0195,0.018472,0.0126,0.011909
2018-06-04,0.013379,0.013508,0.013536,0.011473,0.014295,0.021076,0.020159,0.018738,0.012737,0.011921
2018-06-05,0.011606,0.013681,0.013576,0.01053,0.014298,0.020941,0.020342,0.018634,0.012884,0.011952
2018-06-06,0.011693,0.012911,0.013491,0.010732,0.014298,0.020649,0.020957,0.018749,0.012974,0.012054
2018-06-07,0.012124,0.012414,0.013484,0.010671,0.014224,0.021102,0.020539,0.018355,0.012811,0.011732
2018-06-08,0.011711,0.011583,0.013534,0.01065,0.014041,0.020359,0.020551,0.017174,0.012175,0.011885
2018-06-11,0.00995,0.010781,0.013478,0.010482,0.013474,0.02025,0.021368,0.017034,0.011716,0.011839
2018-06-12,0.010273,0.011264,0.013475,0.010515,0.014003,0.020257,0.021658,0.017797,0.012196,0.011866
2018-06-13,0.010178,0.011894,0.013387,0.010688,0.013277,0.019729,0.02175,0.017197,0.012219,0.011252
2018-06-14,0.009928,0.012488,0.013384,0.010408,0.013052,0.019894,0.021721,0.017735,0.01196,0.011192
2018-06-15,0.009793,0.013496,0.013306,0.011658,0.013041,0.019945,0.021519,0.018232,0.012027,0.010203
2018-06-18,0.009328,0.01309,0.013299,0.011921,0.012659,0.020599,0.021744,0.018075,0.011668,0.009538
2018-06-19,0.010026,0.013106,0.013248,0.012252,0.01271,0.016296,0.021679,0.018301,0.011385,0.009612
2018-06-20,0.010709,0.012932,0.013503,0.012253,0.012705,0.01626,0.021669,0.018178,0.011255,0.009704
2018-06-21,0.010883,0.012727,0.013461,0.012213,0.012598,0.016573,0.02111,0.018549,0.011349,0.009796
2018-06-22,0.011434,0.012798,0.013534,0.012127,0.012541,0.016464,0.018277,0.018674,0.010847,0.01002
2018-06-25,0.01153,0.012705,0.01354,0.012495,0.012533,0.01769,0.018214,0.01892,0.011583,0.010067
2018-06-26,0.012391,0.012846,0.013489,0.012495,0.012497,0.017687,0.018462,0.018404,0.011597,0.010112
2018-06-27,0.011663,0.012845,0.013468,0.012546,0.010604,0.017422,0.018315,0.018471,0.01255,0.009733
2018-06-28,0.01217,0.012982,0.013527,0.012624,0.010623,0.01803,0.017913,0.018838,0.01258,0.008897
2018-06-29,0.013017,0.012982,0.013606,0.012732,0.010698,0.017333,0.017659,0.018568,0.013141,0.009574
2018-07-02,0.01324,0.01273,0.013874,0.013013,0.010147,0.017251,0.018981,0.018174,0.013389,0.009761
2018-07-03,0.013303,0.012539,0.013873,0.013058,0.010118,0.017439,0.019003,0.016845,0.013335,0.009721
2018-07-04,0.013248,0.012544,0.013897,0.013021,0.010576,0.017386,0.01889,0.01541,0.013359,0.009125
2018-07-05,0.014257,0.011381,0.0139,0.015138,0.010524,0.01692,0.017324,0.01491,0.013229,0.010711
2018-07-06,0.014399,0.011653,0.013846,0.01513,0.010565,0.016911,0.017119,0.014907,0.013366,0.010545
2018-07-09,0.014744,0.011138,0.013581,0.014987,0.01061,0.016729,0.017106,0.01481,0.012841,0.010414
2018-07-10,0.015415,0.011189,0.013605,0.014987,0.010527,0.015975,0.01725,0.013974,0.012804,0.010525
2018-07-11,0.015458,0.014797,0.013565,0.015063,0.010873,0.015967,0.017406,0.014181,0.012745,0.010455
2018-07-12,0.016899,0.014853,0.009981,0.015456,0.010792,0.016179,0.017385,0.014334,0.01332,0.010486
2018-07-13,0.016989,0.014751,0.009689,0.01554,0.010324,0.016195,0.016615,0.014614,0.013308,0.011397
2018-07-16,0.017675,0.014745,0.007755,0.015461,0.009644,0.017026,0.016762,0.015025,0.013337,0.011398
2018-07-17,0.017768,0.014385,0.007664,0.015134,0.012519,0.017893,0.016517,0.016048,0.013014,0.011421
2018-07-18,0.017786,0.014421,0.00762,0.01508,0.013333,0.018026,0.014445,0.015321,0.012797,0.011282
2018-07-19,0.017663,0.014661,0.007635,0.015043,0.01287,0.017291,0.015324,0.015335,0.013543,0.011738
2018-07-20,0.017864,0.014667,0.007478,0.015527,0.012839,0.017673,0.01533,0.015169,0.013672,0.011523
2018-07-23,0.017966,0.014655,0.008048,0.015532,0.01329,0.019046,0.0161,0.015575,0.013763,0.013276
2018-07-24,0.018018,0.014509,0.008046,0.015642,0.012949,0.019034,0.015737,0.014281,0.014937,0.013287
2018-07-25,0.018016,0.014173,0.007921,0.01555,0.012904,0.018882,0.015725,0.014357,0.014914,0.013129
2018-07-26,0.018072,0.013675,0.008055,0.01563,0.012918,0.020003,0.01602,0.017755,0.014904,0.013103
2018-07-27,0.018239,0.01298,0.007972,0.014575,0.012954,0.020494,0.016453,0.01741,0.014833,0.015841
2018-07-30,0.018437,0.012897,0.008469,0.014781,0.013191,0.021247,0.018614,0.018584,0.01497,0.015919
2018-07-31,0.018439,0.012894,0.008477,0.014217,0.0138,0.021354,0.018898,0.018514,0.014907,0.016167
2018-08-01,0.018155,0.013223,0.008349,0.014364,0.013797,0.0216,0.019166,0.018522,0.014911,0.016074
2018-08-02,0.018698,0.013564,0.008779,0.014376,0.013828,0.021412,0.019621,0.018194,0.014883,0.015981
2018-08-03,0.018173,0.013701,0.00856,0.014399,0.013815,0.02171,0.019426,0.018242,0.014853,0.015966
2018-08-06,0.018048,0.013726,0.00854,0.014082,0.014369,0.021318,0.020161,0.018513,0.01413,0.015894
2018-08-07,0.017236,0.01348,0.008646,0.014088,0.014372,0.021327,0.020067,0.018781,0.014141,0.01593
2018-08-08,0.017476,0.01348,0.008509,0.014046,0.014448,0.020462,0.019979,0.01823,0.012946,0.015794
2018-08-09,0.016637,0.013343,0.008508,0.013966,0.014414,0.020811,0.021831,0.018113,0.013138,0.015596
2018-08-10,0.016558,0.013405,0.008289,0.013807,0.013878,0.021079,0.021784,0.020114,0.012105,0.015281
2018-08-13,0.016621,0.013405,0.007938,0.013627,0.014179,0.021314,0.02071,0.02133,0.011792,0.014963
2018-08-14,0.016753,0.013285,0.007936,0.013429,0.014233,0.021144,0.020735,0.021255,0.011768,0.014947
2018-08-15,0.016653,0.013235,0.007356,0.013353,0.013838,0.021157,0.020664,0.021254,0.011716,0.014882
2018-08-16,0.015741,0.0132,0.007199,0.010188,0.013828,0.021016,0.020687,0.021314,0.012127,0.014124
2018-08-17,0.015723,0.012892,0.007177,0.010184,0.014561,0.02095,0.020678,0.021892,0.012066,0.014416
2018-08-20,0.015925,0.012481,0.007324,0.011994,0.014563,0.021065,0.020686,0.021919,0.017023,0.014457
2018-08-21,0.015416,0.012422,0.007067,0.012002,0.014816,0.021097,0.020541,0.021958,0.017011,0.014461
2018-08-22,0.015418,0.007278,0.007062,0.011771,0.014461,0.020643,0.020312,0.021555,0.016926,0.014387
2018-08-23,0.014062,0.007353,0.006958,0.011137,0.014389,0.020748,0.020321,0.021821,0.01703,0.014445
2018-08-24,0.013918,0.007337,0.006807,0.011139,0.014406,0.020741,0.020248,0.021465,0.017096,0.013527
2018-08-27,0.013015,0.007334,0.006879,0.011934,0.014422,0.01975,0.019774,0.021026,0.016964,0.013557
2018-08-28,0.013211,0.007348,0.006987,0.011909,0.012483,0.01956,0.01959,0.020763,0.016971,0.013533
2018-08-29,0.013952,0.007337,0.007085,0.012078,0.011785,0.019109,0.019284,0.020808,0.016994,0.013411
2018-08-30,0.014424,0.007085,0.007035,0.012018,0.011863,0.018907,0.019199,0.020873,0.016172,0.013595
2018-08-31,0.015106,0.007022,0.007009,0.011684,0.011857,0.019028,0.019195,0.020878,0.016335,0.013621
2018-09-03,0.015179,0.007419,0.006742,0.011733,0.014279,0.019226,0.018007,0.020943,0.016379,0.013048
2018-09-04,0.015073,0.008354,0.006957,0.012422,0.015021,0.019609,0.018204,0.022024,0.015213,0.013318
2018-09-05,0.015349,0.008381,0.006848,0.012609,0.015559,0.019592,0.018332,0.021847,0.015302,0.013317
2018-09-06,0.015926,0.008191,0.006525,0.012529,0.015421,0.018596,0.018169,0.019204,0.015128,0.013317
2018-09-07,0.015837,0.007842,0.006465,0.012568,0.015801,0.018366,0.019677,0.01945,0.015121,0.009258
2018-09-10,0.016076,0.007842,0.006121,0.01211,0.015712,0.016525,0.017454,0.018666,0.015006,0.009524
2018-09-11,0.015541,0.008534,0.006816,0.012028,0.014976,0.016848,0.017711,0.018576,0.01504,0.010907
2018-09-12,0.015643,0.007926,0.006867,0.01197,0.015669,0.016675,0.01751,0.018641,0.015284,0.01219
2018-09-13,0.015094,0.007382,0.006562,0.011967,0.015556,0.016654,0.016951,0.018632,0.015063,0.012082
2018-09-14,0.015068,0.007079,0.006831,0.012263,0.015446,0.016492,0.017252,0.018652,0.015055,0.011748
2018-09-17,0.01553,0.007067,0.007497,0.012463,0.015322,0.015565,0.01637,0.017919,0.015229,0.012089
2018-09-18,0.015532,0.00701,0.007266,0.012627,0.01693,0.016042,0.016754,0.0191,0.015449,0.012102
2018-09-19,0.014686,0.007011,0.007512,0.012585,0.016711,0.015765,0.016736,0.018791,0.015455,0.012305
2018-09-20,0.014686,0.007012,0.007454,0.012424,0.016715,0.013355,0.014287,0.0178,0.015295,0.012265
2018-09-21,0.014565,0.007129,0.007565,0.013019,0.016899,0.013318,0.014224,0.016469,0.014965,0.012474
2018-09-24,0.014457,0.010675,0.008294,0.013088,0.017051,0.013988,0.015884,0.015901,0.01509,0.012957
2018-09-25,0.014058,0.010832,0.008828,0.013221,0.01769,0.013312,0.016,0.016688,0.015088,0.013064
2018-09-26,0.014366,0.011529,0.00902,0.01342,0.017783,0.013396,0.016007,0.017211,0.015163,0.013892
2018-09-27,0.014259,0.012067,0.009043,0.013255,0.017844,0.01375,0.015927,0.017276,0.015156,0.013898
2018-09-28,0.014262,0.012105,0.009539,0.013312,0.016973,0.013237,0.018348,0.015967,0.016144,0.013639
2018-10-01,0.014066,0.01326,0.009795,0.012362,0.017545,0.01439,0.019251,0.016763,0.010659,0.013639
2018-10-02,0.01394,0.01328,0.009796,0.01236,0.017418,0.014382,0.01926,0.016774,0.010663,0.013643
2018-10-03,0.014471,0.015603,0.009796,0.013298,0.017556,0.015412,0.019642,0.016776,0.010657,0.013666
2018-10-04,0.018616,0.017817,0.011664,0.014358,0.017933,0.017504,0.019942,0.016655,0.009902,0.014444
2018-10-05,0.021618,0.018101,0.011698,0.014751,0.017893,0.01801,0.020745,0.018525,0.010656,0.015739
2018-10-08,0.024413,0.018248,0.01173,0.014229,0.017804,0.017197,0.019707,0.018731,0.010446,0.015598
2018-10-09,0.024008,0.018219,0.011603,0.014204,0.018367,0.017335,0.019842,0.018748,0.01054,0.015771
2018-10-10,0.02408,0.018718,0.011922,0.014774,0.018558,0.019354,0.020565,0.021911,0.011689,0.015818
2018-10-11,0.02405,0.019512,0.012145,0.016334,0.018379,0.019661,0.02028,0.024174,0.012109,0.015126
2018-10-12,0.024821,0.020249,0.01297,0.01604,0.019305,0.020301,0.020733,0.024214,0.011683,0.017091
2018-10-15,0.024924,0.020442,0.01316,0.017014,0.018223,0.020108,0.0208,0.024197,0.011882,0.017741
2018-10-16,0.025185,0.020003,0.01308,0.016143,0.017841,0.020414,0.021056,0.024284,0.012035,0.017685
2018-10-17,0.025168,0.020142,0.013162,0.016337,0.017482,0.020647,0.021088,0.024925,0.012071,0.017915
2018-10-18,0.024534,0.020146,0.01314,0.01633,0.017481,0.020646,0.021079,0.024927,0.012077,0.017903
2018-10-19,0.025417,0.020158,0.013129,0.01713,0.017226,0.02028,0.018404,0.024826,0.012058,0.018059
2018-10-22,0.025917,0.020156,0.013439,0.017139,0.016971,0.02145,0.018379,0.024539,0.012052,0.017955
2018-10-23,0.025862,0.020579,0.012996,0.017966,0.017245,0.021295,0.018253,0.024683,0.012049,0.01718
2018-10-24,0.025669,0.020604,0.01297,0.017791,0.017203,0.0212,0.027681,0.024577,0.011947,0.01605
2018-10-25,0.025693,0.020621,0.01314,0.017948,0.017209,0.021233,0.029657,0.024855,0.012089,0.016048
2018-10-26,0.025922,0.020991,0.013028,0.018234,0.017259,0.021119,0.029407,0.024476,0.011977,0.016488
2018-10-29,0.027092,0.022455,0.013,0.018625,0.017078,0.028836,0.029411,0.028803,0.015852,0.016414
2018-10-30,0.02746,0.02264,0.013046,0.019197,0.016327,0.028601,0.029303,0.028102,0.015823,0.016568
2018-10-31,0.027501,0.023094,0.012821,0.020737,0.016586,0.028925,0.029327,0.028569,0.016304,0.016518
2018-11-01,0.027491,0.023091,0.012821,0.021342,0.016658,0.02895,0.02937,0.028688,0.016851,0.016569
2018-11-02,0.027726,0.022994,0.013315,0.021089,0.016777,0.028801,0.030082,0.02868,0.017389,0.016848
2018-11-05,0.027776,0.021163,0.012639,0.020801,0.016359,0.028427,0.029631,0.028827,0.017347,0.016648
2018-11-06,0.027934,0.021716,0.012422,0.020663,0.015747,0.028439,0.029534,0.029157,0.017428,0.016507
2018-11-07,0.027733,0.021581,0.012378,0.020785,0.01561,0.028443,0.02955,0.028668,0.017344,0.016019
2018-11-08,0.027722,0.021079,0.012353,0.020681,0.015584,0.028059,0.029526,0.02867,0.017008,0.016017
2018-11-09,0.027772,0.021216,0.012052,0.020984,0.015797,0.028013,0.028375,0.028789,0.016011,0.015775
2018-11-12,0.027639,0.020085,0.011858,0.020517,0.015516,0.027882,0.027801,0.028509,0.015511,0.015881
2018-11-13,0.027923,0.020269,0.011894,0.020534,0.015614,0.028107,0.027828,0.028508,0.015715,0.016067
2018-11-14,0.027712,0.019593,0.012305,0.020363,0.016022,0.027239,0.027612,0.028666,0.015754,0.016048
2018-11-15,0.024748,0.018004,0.010505,0.019796,0.015073,0.02641,0.027279,0.028671,0.015753,0.015353
2018-11-16,0.022016,0.017663,0.010815,0.019178,0.015078,0.025704,0.031239,0.027219,0.014866,0.013878
2018-11-19,0.01972,0.017714,0.010633,0.019079,0.01509,0.025946,0.031127,0.026932,0.014691,0.014629
2018-11-20,0.019541,0.01771,0.01062,0.01918,0.01381,0.025885,0.030962,0.027053,0.014766,0.014221
2018-11-21,0.0199,0.018309,0.010366,0.019673,0.013811,0.024858,0.030822,0.024924,0.014481,0.0143
2018-11-22,0.019821,0.017573,0.010026,0.018543,0.013973,0.024454,0.03022,0.022407,0.01377,0.013863
2018-11-23,0.018688,0.016736,0.009153,0.018447,0.013152,0.024159,0.030161,0.022403,0.013785,0.012109
2018-11-26,0.018591,0.016824,0.009707,0.017455,0.013714,0.023828,0.030294,0.022466,0.013283,0.011589
2018-11-27,0.018427,0.017403,0.009638,0.018371,0.01376,0.023617,0.030605,0.022059,0.013283,0.011604
2018-11-28,0.018775,0.019429,0.009638,0.019942,0.013736,0.023297,0.031535,0.021295,0.013761,0.011459
2018-11-29,0.018937,0.019572,0.010177,0.019977,0.014068,0.023293,0.031548,0.021295,0.013814,0.011994
2018-11-30,0.017016,0.019501,0.010139,0.019287,0.014204,0.023712,0.031644,0.021356,0.013679,0.011886
2018-12-03,0.015676,0.019491,0.009976,0.01928,0.01573,0.022897,0.031732,0.021341,0.013752,0.012005
2018-12-04,0.015603,0.018726,0.010224,0.018649,0.015233,0.022704,0.03176,0.021236,0.013763,0.011925
2018-12-05,0.015451,0.018749,0.010256,0.018524,0.015253,0.023032,0.025712,0.021342,0.014281,0.012547
2018-12-06,0.016131,0.018837,0.009949,0.018861,0.016179,0.023107,0.023319,0.021038,0.014144,0.01261
2018-12-07,0.016047,0.017866,0.009896,0.018622,0.016046,0.022962,0.023287,0.020981,0.014174,0.011969
2018-12-10,0.016081,0.016641,0.00939,0.018843,0.016427,0.01258,0.023829,0.015315,0.01193,0.012021
2018-12-11,0.015186,0.01663,0.009719,0.018443,0.015971,0.012571,0.024,0.01561,0.011964,0.012094
2018-12-12,0.015299,0.016206,0.009869,0.016889,0.016214,0.012163,0.025836,0.014836,0.012459,0.012106
2018-12-13,0.015279,0.016547,0.009892,0.016787,0.016045,0.012149,0.025898,0.014743,0.012264,0.011989
2018-12-14,0.014992,0.016384,0.009451,0.016812,0.015821,0.01221,0.027127,0.014736,0.011807,0.011305
2018-12-17,0.015042,0.016192,0.009791,0.017141,0.015909,0.012405,0.0272,0.013348,0.01175,0.01142
2018-12-18,0.014915,0.015756,0.009682,0.017845,0.015918,0.012424,0.027215,0.01239,0.011889,0.011373
2018-12-19,0.014886,0.01586,0.009797,0.017967,0.01591,0.012517,0.027328,0.013291,0.0119,0.011759
2018-12-20,0.014961,0.015925,0.009807,0.017979,0.015993,0.012737,0.027599,0.013983,0.012019,0.011774
2018-12-21,0.015409,0.016566,0.010058,0.018368,0.016202,0.01338,0.027793,0.013874,0.012751,0.012262
2018-12-24,0.015351,0.016704,0.010164,0.018335,0.016189,0.013196,0.027686,0.013366,0.012933,0.012054
2018-12-25,0.014986,0.016591,0.010175,0.018328,0.016132,0.012384,0.027683,0.013368,0.012552,0.011886
2018-12-26,0.015067,0.016003,0.010402,0.018059,0.015475,0.012125,0.028354,0.012931,0.012711,0.011891
2018-12-27,0.01549,0.016085,0.01052,0.018409,0.015552,0.011972,0.028428,0.012976,0.012599,0.012106
2018-12-28,0.014652,0.016092,0.010322,0.018336,0.015385,0.012256,0.022583,0.012606,0.012714,0.012072
2018-12-31,0.014169,0.016022,0.010318,0.018342,0.015375,0.011993,0.022522,0.012475,0.012517,0.010858
2019-01-01,0.014037,0.015866,0.010486,0.018142,0.0155,0.011899,0.022834,0.012206,0.012507,0.010875
2019-01-02,0.013676,0.014444,0.010686,0.016821,0.015617,0.011881,0.023125,0.012607,0.012608,0.010876
2019-01-03,0.013763,0.014674,0.010723,0.016827,0.015485,0.01162,0.023011,0.012401,0.013189,0.010906
2019-01-04,0.013801,0.014888,0.010719,0.017037,0.01552,0.011644,0.023646,0.013001,0.013217,0.010995
2019-01-07,0.013791,0.014654,0.010016,0.017222,0.013666,0.011511,0.023374,0.012871,0.013118,0.010455
2019-01-08,0.013426,0.01401,0.010101,0.016562,0.013701,0.012906,0.023241,0.013841,0.013039,0.010591
2019-01-09,0.012812,0.010458,0.009929,0.014695,0.01376,0.012787,0.021914,0.013394,0.012571,0.011147
2019-01-10,0.012501,0.010288,0.009244,0.014627,0.013239,0.012832,0.021898,0.013375,0.012334,0.010635
2019-01-11,0.012561,0.011069,0.009249,0.014562,0.013267,0.01223,0.021805,0.013452,0.012576,0.011141
2019-01-14,0.01248,0.0112,0.009199,0.015311,0.010854,0.012571,0.02167,0.01353,0.013355,0.01098
2019-01-15,0.013743,0.012346,0.009029,0.016075,0.011095,0.012546,0.021867,0.013173,0.013409,0.010992
2019-01-16,0.013777,0.012364,0.008962,0.016151,0.010357,0.012011,0.021685,0.013022,0.013076,0.010145
2019-01-17,0.012818,0.012725,0.00901,0.015695,0.009552,0.011789,0.02097,0.013177,0.012964,0.00996
2019-01-18,0.015028,0.012746,0.008974,0.015352,0.009218,0.011739,0.024197,0.013312,0.013127,0.010157
2019-01-21,0.015097,0.012689,0.00891,0.015051,0.008833,0.011224,0.023495,0.013404,0.012513,0.009848
2019-01-22,0.015134,0.012446,0.008553,0.015041,0.008848,0.011116,0.023642,0.012755,0.012606,0.00953
2019-01-23,0.015196,0.012496,0.008732,0.015548,0.007716,0.010627,0.021619,0.012739,0.011271,0.012532
2019-01-24,0.015348,0.012513,0.008627,0.014789,0.007486,0.010736,0.021604,0.012538,0.010551,0.012559
2019-01-25,0.015377,0.012655,0.008631,0.014684,0.007439,0.011428,0.01951,0.012648,0.010494,0.012557
2019-01-28,0.015511,0.013105,0.008108,0.014322,0.007494,0.012942,0.019428,0.012863,0.010833,0.012601
2019-01-29,0.015855,0.013363,0.008375,0.013358,0.007674,0.012912,0.019438,0.012666,0.010651,0.012808
2019-01-30,0.016075,0.013235,0.008534,0.012858,0.007932,0.016368,0.019319,0.012461,0.010977,0.012435
2019-01-31,0.01658,0.01347,0.009466,0.013932,0.008642,0.016232,0.019133,0.012513,0.011191,0.012628
2019-02-01,0.015943,0.012177,0.009271,0.012249,0.009005,0.016489,0.018754,0.013723,0.010831,0.012101
2019-02-04,0.016513,0.012129,0.008961,0.012316,0.008792,0.01647,0.019013,0.013694,0.0109,0.012354
2019-02-05,0.016507,0.012158,0.008989,0.012339,0.008982,0.016502,0.019039,0.013708,0.010892,0.012512
2019-02-06,0.016577,0.011899,0.008237,0.012136,0.008993,0.016784,0.017746,0.014007,0.010682,0.012732
2019-02-07,0.016799,0.011822,0.008108,0.011879,0.008731,0.016789,0.0177,0.013992,0.010848,0.012554
2019-02-08,0.017012,0.011942,0.00797,0.011967,0.008986,0.016678,0.017748,0.013896,0.011357,0.012892
2019-02-11,0.01749,0.011912,0.008101,0.011971,0.00907,0.016868,0.0176,0.014259,0.011428,0.012943
2019-02-12,0.017475,0.012042,0.007815,0.012557,0.008936,0.016973,0.017096,0.014306,0.011375,0.012964
2019-02-13,0.017198,0.011952,0.007633,0.012576,0.00877,0.01696,0.016642,0.013976,0.011337,0.012903
2019-02-14,0.017804,0.011692,0.007683,0.012981,0.008818,0.016956,0.017721,0.014835,0.011078,0.012983
2019-02-15,0.017951,0.011513,0.007709,0.01264,0.008882,0.016915,0.017023,0.014215,0.011494,0.012991
2019-02-18,0.01847,0.012788,0.007752,0.012468,0.009123,0.016888,0.01695,0.014278,0.011526,0.013446
2019-02-19,0.0185,0.01426,0.007624,0.013316,0.009125,0.015735,0.016739,0.013058,0.011823,0.01335
2019-02-20,0.018619,0.014267,0.007835,0.013758,0.008985,0.015738,0.016798,0.013703,0.01221,0.012656
2019-02-21,0.018612,0.014268,0.007829,0.013957,0.009299,0.016174,0.016706,0.013707,0.012237,0.012657
2019-02-22,0.018694,0.013491,0.008108,0.013948,0.009267,0.016195,0.016922,0.013951,0.011953,0.011988
2019-02-25,0.018685,0.014086,0.008598,0.013961,0.009249,0.016199,0.017003,0.013929,0.011076,0.012156
2019-02-26,0.018188,0.013892,0.008517,0.012965,0.008836,0.016578,0.016597,0.013984,0.011062,0.012025
2019-02-27,0.01818,0.013936,0.00866,0.012866,0.00941,0.016518,0.016788,0.013982,0.011469,0.011971
2019-02-28,0.018176,0.015512,0.008662,0.012837,0.009175,0.016772,0.016796,0.013788,0.011533,0.012011
2019-03-01,0.016466,0.015529,0.008687,0.012946,0.009148,0.016932,0.013566,0.014124,0.011162,0.012076
2019-03-04,0.014241,0.015525,0.008517,0.012468,0.009142,0.016934,0.013565,0.014085,0.011153,0.012057
2019-03-05,0.014344,0.015526,0.008759,0.012684,0.009189,0.017588,0.012997,0.014308,0.010997,0.012447
2019-03-06,0.014808,0.015265,0.008363,0.012217,0.009322,0.018117,0.012998,0.014219,0.011104,0.009755
2019-03-07,0.014508,0.015135,0.008576,0.012404,0.009339,0.018074,0.012978,0.014413,0.012055,0.010061
2019-03-08,0.014516,0.015067,0.008552,0.012674,0.009341,0.017614,0.012506,0.014325,0.012111,0.010105
2019-03-11,0.015169,0.014792,0.008472,0.012666,0.009385,0.016084,0.019287,0.014667,0.011981,0.009552
2019-03-12,0.015176,0.014588,0.008779,0.012702,0.009523,0.016944,0.021386,0.014652,0.012672,0.009334
2019-03-13,0.01496,0.014636,0.009445,0.012709,0.009301,0.014002,0.022668,0.014513,0.012661,0.009031
2019-03-14,0.014427,0.014365,0.008741,0.011047,0.008794,0.014145,0.022723,0.013993,0.012416,0.008866
2019-03-15,0.014479,0.015112,0.008934,0.011237,0.008761,0.013356,0.02279,0.013257,0.012514,0.00937
2019-03-18,0.013781,0.015077,0.008899,0.011382,0.008737,0.013347,0.022917,0.013242,0.012499,0.009069
2019-03-19,0.014166,0.01507,0.008892,0.011899,0.008442,0.013245,0.023092,0.01342,0.012864,0.009328
2019-03-20,0.013984,0.01481,0.00913,0.012517,0.008382,0.013337,0.023184,0.013184,0.012903,0.009173
2019-03-21,0.013623,0.014784,0.009091,0.012513,0.008274,0.013318,0.023171,0.013114,0.012574,0.00909
2019-03-22,0.014316,0.014697,0.009383,0.012557,0.008118,0.013141,0.023227,0.013607,0.011672,0.008381
2019-03-25,0.014045,0.014794,0.009323,0.012668,0.008078,0.013518,0.023389,0.013348,0.011709,0.008697
2019-03-26,0.015101,0.014755,0.00944,0.012469,0.008196,0.013712,0.023371,0.013931,0.011752,0.008667
2019-03-27,0.015378,0.014799,0.009538,0.012485,0.008187,0.013745,0.023604,0.01415,0.011826,0.008678
2019-03-28,0.014455,0.015142,0.00928,0.012421,0.008197,0.01394,0.022963,0.013596,0.011474,0.009436
2019-03-29,0.014259,0.015089,0.009191,0.012411,0.008149,0.013838,0.022903,0.013031,0.011383,0.009393
2019-04-01,0.014065,0.014334,0.009059,0.013131,0.007974,0.013698,0.023462,0.01261,0.01168,0.00875
2019-04-02,0.014036,0.013351,0.009203,0.012395,0.007871,0.013697,0.024665,0.012782,0.011657,0.008745
2019-04-03,0.01415,0.013355,0.009093,0.011857,0.008028,0.014071,0.02493,0.01399,0.012424,0.008868
2019-04-04,0.014544,0.014724,0.009172,0.011787,0.007618,0.014029,0.025077,0.013964,0.012524,0.008907
2019-04-05,0.014292,0.014959,0.008852,0.012081,0.007414,0.014028,0.025052,0.014444,0.012489,0.008877
2019-04-08,0.014812,0.014055,0.008697,0.011195,0.007465,0.014149,0.025079,0.014773,0.012448,0.008926
2019-04-09,0.014626,0.013316,0.008539,0.010873,0.007731,0.01402,0.025139,0.014328,0.012297,0.009033
2019-04-10,0.014659,0.013992,0.009432,0.010895,0.007105,0.014014,0.025926,0.014696,0.01212,0.009121
2019-04-11,0.014733,0.012392,0.009341,0.011192,0.007347,0.014172,0.026037,0.014765,0.012104,0.00914
2019-04-12,0.014713,0.012362,0.009341,0.011102,0.007453,0.014171,0.025334,0.014681,0.01224,0.010543
2019-04-15,0.014734,0.015221,0.009425,0.012178,0.007453,0.014239,0.025432,0.01467,0.012263,0.010553
2019-04-16,0.014685,0.01523,0.009328,0.01199,0.007584,0.014936,0.025424,0.014614,0.012618,0.0103
2019-04-17,0.014241,0.015223,0.009309,0.01199,0.00706,0.01446,0.025436,0.014635,0.01256,0.010185
2019-04-18,0.015211,0.015244,0.00931,0.011884,0.007044,0.014521,0.02543,0.01498,0.011974,0.010103
2019-04-19,0.015187,0.015242,0.009316,0.011566,0.007024,0.014517,0.025442,0.01496,0.011828,0.010064
2019-04-22,0.015473,0.015209,0.009626,0.0116,0.006897,0.015193,0.020886,0.014581,0.011795,0.01022
2019-04-23,0.015212,0.015227,0.009275,0.011655,0.006586,0.014032,0.018575,0.014936,0.010341,0.01022
2019-04-24,0.015432,0.015266,0.008502,0.011804,0.006506,0.014081,0.017592,0.014781,0.010428,0.010352
2019-04-25,0.015598,0.015163,0.008622,0.012007,0.006704,0.014208,0.01756,0.015053,0.010446,0.010475
2019-04-26,0.015509,0.014862,0.008427,0.011955,0.005356,0.014811,0.017444,0.014976,0.010185,0.009976
2019-04-29,0.015061,0.014714,0.008404,0.011719,0.005352,0.01477,0.016918,0.014979,0.009942,0.009868
2019-04-30,0.014652,0.014742,0.008871,0.011772,0.005427,0.01477,0.016958,0.0149,0.009633,0.009427
2019-05-01,0.01465,0.01469,0.008524,0.011034,0.005205,0.01451,0.016866,0.014898,0.009457,0.009419
2019-05-02,0.014727,0.01531,0.009024,0.012159,0.006443,0.015552,0.016973,0.014946,0.009571,0.009661
2019-05-03,0.01393,0.016991,0.00882,0.012227,0.007162,0.015792,0.017274,0.014511,0.009011,0.009663
2019-05-06,0.014098,0.016907,0.009411,0.012149,0.007648,0.015238,0.016989,0.014273,0.008826,0.009536
2019-05-07,0.013997,0.016925,0.009129,0.012126,0.008205,0.015975,0.017803,0.013216,0.009031,0.010013
2019-05-08,0.01503,0.01682,0.009159,0.012183,0.008258,0.016089,0.017464,0.013499,0.00903,0.010051
2019-05-09,0.016009,0.016673,0.00925,0.012001,0.008406,0.015662,0.017935,0.01191,0.008588,0.00911
2019-05-10,0.016005,0.017056,0.009262,0.012037,0.008602,0.015794,0.018544,0.013209,0.008587,0.0092
2019-05-13,0.015378,0.016895,0.009258,0.011173,0.00872,0.016266,0.017939,0.012991,0.009175,0.010431
2019-05-14,0.016147,0.016715,0.009163,0.011149,0.008723,0.016427,0.018917,0.013357,0.009917,0.010944
2019-05-15,0.016088,0.016716,0.009162,0.011128,0.009051,0.016349,0.018844,0.01261,0.009319,0.011026
2019-05-16,0.015979,0.015643,0.009329,0.011994,0.009226,0.016529,0.018842,0.012788,0.009425,0.011089
2019-05-17,0.015986,0.015439,0.010023,0.0118,0.010519,0.016878,0.018931,0.012668,0.010033,0.011822
2019-05-20,0.017945,0.015868,0.011204,0.011581,0.011072,0.018762,0.019959,0.019012,0.01568,0.012176
2019-05-21,0.018034,0.016082,0.011477,0.011895,0.011031,0.018551,0.020581,0.019506,0.015693,0.012048
2019-05-22,0.018027,0.015606,0.010585,0.011805,0.011166,0.018628,0.019665,0.019354,0.015711,0.01199
2019-05-23,0.017925,0.015692,0.012105,0.011772,0.011192,0.018629,0.019495,0.019269,0.015774,0.013982
2019-05-24,0.017923,0.015695,0.012472,0.011927,0.011155,0.020608,0.020605,0.020322,0.017411,0.012741
2019-05-27,0.018275,0.012788,0.012602,0.010921,0.011374,0.020576,0.020628,0.020465,0.018144,0.012748
2019-05-28,0.018368,0.012796,0.012565,0.012112,0.011265,0.019655,0.020795,0.020521,0.018309,0.012731
2019-05-29,0.018422,0.013173,0.012564,0.012112,0.011267,0.020293,0.021191,0.021554,0.018604,0.012731
2019-05-30,0.0176,0.013519,0.012576,0.012039,0.011268,0.020259,0.02149,0.021322,0.018254,0.012659
2019-05-31,0.017601,0.014176,0.012655,0.012071,0.01127,0.020307,0.021489,0.021351,0.01826,0.014092
2019-06-03,0.017294,0.014622,0.012574,0.01214,0.012345,0.019711,0.021529,0.021323,0.018247,0.014045
2019-06-04,0.017151,0.01505,0.012366,0.012272,0.012645,0.019814,0.021313,0.021133,0.01807,0.014005
2019-06-05,0.016774,0.014867,0.012154,0.012097,0.012631,0.019734,0.020931,0.021006,0.018078,0.013826
2019-06-06,0.016939,0.01491,0.01231,0.011926,0.012582,0.019852,0.020857,0.02255,0.019395,0.013921
2019-06-07,0.016735,0.014501,0.012352,0.01172,0.01258,0.019237,0.020766,0.022432,0.019416,0.013903
2019-06-10,0.016757,0.015112,0.012385,0.012241,0.012713,0.01924,0.020921,0.022431,0.01946,0.014268
2019-06-11,0.01684,0.015108,0.012116,0.0118,0.012792,0.019359,0.020608,0.022337,0.019423,0.014194
2019-06-12,0.016851,0.01512,0.012267,0.011804,0.012796,0.019431,0.020745,0.022451,0.019581,0.014195
2019-06-13,0.016746,0.014647,0.011991,0.010604,0.012171,0.018569,0.020727,0.022387,0.019571,0.013978
2019-06-14,0.016754,0.012709,0.012005,0.010432,0.011914,0.018422,0.021262,0.022489,0.019574,0.014037
2019-06-17,0.017143,0.012594,0.011602,0.010312,0.011518,0.018506,0.02188,0.022775,0.01987,0.013958
2019-06-18,0.016339,0.012568,0.011595,0.010446,0.011275,0.017319,0.02129,0.022628,0.01983,0.013725
2019-06-19,0.015237,0.012571,0.01151,0.010312,0.011191,0.017191,0.021434,0.02208,0.019785,0.01384
2019-06-20,0.014185,0.01255,0.011404,0.010318,0.011126,0.017956,0.02097,0.022228,0.020529,0.013841
2019-06-21,0.014399,0.012339,0.011479,0.010329,0.011742,0.018026,0.020695,0.021803,0.020714,0.013889
2019-06-24,0.014329,0.01241,0.011424,0.010431,0.011684,0.017364,0.020383,0.021777,0.019809,0.013053
2019-06-25,0.014526,0.011902,0.011426,0.010268,0.011718,0.017351,0.017783,0.021458,0.019725,0.01271
2019-06-26,0.014514,0.012014,0.011688,0.010577,0.011238,0.017209,0.017592,0.021327,0.019498,0.012569
2019-06-27,0.014779,0.01201,0.011632,0.009979,0.011182,0.01712,0.017232,0.021322,0.019515,0.012728
2019-06-28,0.015093,0.012169,0.011138,0.009677,0.010036,0.017086,0.017235,0.021328,0.01936,0.011892
2019-07-01,0.012564,0.011541,0.010231,0.009667,0.00939,0.015115,0.016051,0.015882,0.015533,0.011285
2019-07-02,0.012481,0.011059,0.009953,0.009168,0.009345,0.014662,0.015283,0.01534,0.015518,0.011286
2019-07-03,0.012505,0.01079,0.009975,0.009501,0.009177,0.014564,0.015145,0.015274,0.015529,0.011542
2019-07-04,0.012496,0.010357,0.007983,0.009142,0.009057,0.014416,0.015752,0.015274,0.015507,0.009376
2019-07-05,0.012767,0.012508,0.007529,0.009914,0.009044,0.01109,0.013837,0.013753,0.013212,0.009335
2019-07-08,0.012398,0.012522,0.008603,0.009907,0.00963,0.011826,0.014381,0.015471,0.01402,0.009383
2019-07-09,0.012986,0.013051,0.008896,0.008479,0.00971,0.011883,0.014479,0.01561,0.014655,0.009691
2019-07-10,0.012918,0.012945,0.008931,0.008491,0.009939,0.010949,0.0141,0.014704,0.014784,0.009696
2019-07-11,0.012678,0.012497,0.008874,0.008435,0.010036,0.011054,0.013541,0.015199,0.014757,0.009879
2019-07-12,0.012675,0.011682,0.008868,0.008476,0.010165,0.010998,0.013757,0.01518,0.015105,0.007593
2019-07-15,0.011856,0.011514,0.008508,0.015649,0.008505,0.01119,0.013917,0.015244,0.01537,0.008041
2019-07-16,0.012148,0.0114,0.008505,0.015424,0.008736,0.0111,0.013917,0.015281,0.015589,0.008061
2019-07-17,0.012215,0.011459,0.008525,0.015502,0.009017,0.011099,0.01411,0.015745,0.015586,0.008099
2019-07-18,0.012113,0.012172,0.00833,0.015521,0.008911,0.010902,0.014207,0.014035,0.014555,0.007788
2019-07-19,0.012132,0.01213,0.008552,0.015678,0.009061,0.011295,0.014117,0.014467,0.014802,0.008376
2019-07-22,0.013065,0.01171,0.010382,0.015362,0.00948,0.011344,0.013756,0.014717,0.014563,0.008181
2019-07-23,0.012989,0.011531,0.010596,0.015392,0.009639,0.011086,0.013784,0.015352,0.014611,0.009396
2019-07-24,0.013096,0.011522,0.010679,0.01543,0.010483,0.011096,0.01389,0.015328,0.014545,0.009398
2019-07-25,0.0136,0.01194,0.010571,0.015496,0.01055,0.01107,0.013693,0.015295,0.014549,0.009549
2019-07-26,0.013749,0.012003,0.01057,0.015617,0.010369,0.01148,0.012898,0.015248,0.014807,0.009644
2019-07-29,0.012973,0.012201,0.0108,0.015625,0.010486,0.012818,0.012031,0.014903,0.014702,0.009604
2019-07-30,0.013632,0.013008,0.010852,0.015496,0.010518,0.012503,0.013555,0.017231,0.01469,0.009648
2019-07-31,0.013749,0.013199,0.010785,0.015496,0.010553,0.012459,0.014075,0.017448,0.014807,0.009577
2019-08-01,0.013616,0.013242,0.010801,0.016628,0.010541,0.011353,0.015261,0.018877,0.013475,0.009717
2019-08-02,0.01366,0.013275,0.010794,0.016637,0.009875,0.011622,0.018947,0.019183,0.01361,0.009767
2019-08-05,0.014761,0.01361,0.01102,0.016576,0.009886,0.012072,0.020372,0.019402,0.013837,0.010086
2019-08-06,0.013772,0.013865,0.011022,0.016591,0.009861,0.012485,0.020982,0.019281,0.014722,0.009904
2019-08-07,0.013943,0.013828,0.010395,0.016403,0.010458,0.01224,0.020944,0.020082,0.014591,0.010428
2019-08-08,0.015891,0.01433,0.011462,0.016408,0.010698,0.012556,0.021074,0.020225,0.014597,0.01077
2019-08-09,0.015814,0.014205,0.012298,0.016409,0.011282,0.012809,0.021041,0.020219,0.014617,0.010965
2019-08-12,0.015574,0.014173,0.01176,0.016403,0.011241,0.012769,0.021039,0.020209,0.014591,0.010908
2019-08-13,0.023906,0.014644,0.012495,0.017462,0.011367,0.013388,0.023151,0.020335,0.015739,0.012088
2019-08-14,0.023974,0.014611,0.012574,0.017415,0.011422,0.013835,0.02367,0.020981,0.015986,0.01207
2019-08-15,0.023974,0.014603,0.012589,0.017417,0.0114,0.013832,0.023154,0.020928,0.016011,0.012018
2019-08-16,0.023825,0.013452,0.012596,0.016852,0.011457,0.013863,0.023131,0.020814,0.016034,0.012472
2019-08-19,0.023826,0.013413,0.011951,0.016842,0.010737,0.013332,0.022724,0.019868,0.014531,0.012459
2019-08-20,0.02363,0.013045,0.01191,0.017072,0.010784,0.013565,0.022576,0.019561,0.01362,0.012636
2019-08-21,0.023642,0.012824,0.011884,0.017093,0.010437,0.013652,0.022554,0.019701,0.013874,0.012996
2019-08-22,0.023899,0.012991,0.012329,0.017157,0.010546,0.014644,0.022548,0.019127,0.013959,0.012758
2019-08-23,0.02429,0.013187,0.012328,0.017165,0.010409,0.014689,0.022506,0.019353,0.013687,0.012933
2019-08-26,0.024319,0.013001,0.01496,0.011185,0.010467,0.016589,0.022402,0.020892,0.015286,0.014049
2019-08-27,0.024224,0.013065,0.014973,0.011902,0.010438,0.016862,0.023318,0.021192,0.015413,0.014292
2019-08-28,0.024229,0.013051,0.014966,0.012429,0.010922,0.017034,0.023233,0.020453,0.015465,0.014267
2019-08-29,0.024263,0.012119,0.014943,0.012456,0.010619,0.01725,0.023177,0.020911,0.015303,0.01454
2019-08-30,0.024206,0.012223,0.014761,0.01242,0.011272,0.017045,0.023188,0.020821,0.015143,0.014878
2019-09-02,0.02375,0.011983,0.013547,0.012413,0.01016,0.017017,0.023154,0.020846,0.015126,0.014719
2019-09-03,0.024509,0.01203,0.013359,0.012369,0.011115,0.018714,0.023758,0.020733,0.015714,0.014093
2019-09-04,0.024444,0.011931,0.013648,0.012393,0.010583,0.018865,0.024105,0.021582,0.015886,0.014207
2019-09-05,0.024127,0.012026,0.013672,0.012554,0.010773,0.019232,0.024121,0.021467,0.015921,0.014198
2019-09-06,0.024256,0.012003,0.013692,0.012413,0.010821,0.018988,0.023997,0.021443,0.015716,0.014005
2019-09-09,0.02425,0.011981,0.01343,0.012707,0.010649,0.018001,0.024237,0.021734,0.016037,0.014063
2019-09-10,0.023765,0.011224,0.013415,0.01271,0.010653,0.017961,0.023517,0.020372,0.016021,0.01401
2019-09-11,0.023661,0.01124,0.013416,0.012911,0.010735,0.017961,0.023069,0.020873,0.015976,0.013952
2019-09-12,0.023916,0.011175,0.01333,0.011435,0.010963,0.018181,0.02209,0.019506,0.015495,0.013999
2019-09-13,0.023959,0.010971,0.013366,0.011647,0.010959,0.018643,0.019332,0.019257,0.015407,0.013918
2019-09-16,0.02313,0.010308,0.01306,0.011671,0.01099,0.018281,0.017724,0.019147,0.015288,0.013642
2019-09-17,0.023084,0.010214,0.01335,0.011637,0.011059,0.018689,0.016812,0.020217,0.015147,0.013694
2019-09-18,0.022815,0.010341,0.013495,0.011661,0.010571,0.018681,0.016897,0.019645,0.01502,0.013438
2019-09-19,0.022229,0.009929,0.012884,0.011597,0.010405,0.019296,0.016589,0.019784,0.01518,0.013085
2019-09-20,0.024999,0.010291,0.02055,0.012187,0.018586,0.024304,0.01976,0.027229,0.02192,0.013003
2019-09-23,0.025143,0.010983,0.022206,0.015362,0.019536,0.027367,0.020177,0.028115,0.026491,0.018583
2019-09-24,0.018689,0.010951,0.021487,0.015882,0.019391,0.027071,0.017775,0.028452,0.026151,0.017625
2019-09-25,0.018588,0.011758,0.021673,0.015734,0.019388,0.027121,0.017361,0.031408,0.026462,0.018626
2019-09-26,0.018751,0.011756,0.021664,0.01593,0.019504,0.028045,0.017432,0.031429,0.026821,0.018745
2019-09-27,0.018753,0.011636,0.021652,0.01593,0.01963,0.028094,0.017676,0.03142,0.026968,0.018574
2019-09-30,0.018909,0.012349,0.021751,0.016811,0.019851,0.028853,0.0201,0.032032,0.026916,0.019181
2019-10-01,0.019155,0.012552,0.021889,0.016708,0.019775,0.028982,0.021644,0.033452,0.026913,0.019014
2019-10-02,0.019134,0.012553,0.0219,0.016635,0.01978,0.028885,0.021586,0.033255,0.026438,0.018563
2019-10-03,0.018762,0.012214,0.021777,0.016713,0.019931,0.028221,0.021787,0.032794,0.026301,0.018863
2019-10-04,0.018328,0.01201,0.022484,0.016748,0.019974,0.028824,0.021857,0.032843,0.026701,0.018876
2019-10-07,0.018264,0.01187,0.021207,0.01677,0.019937,0.027872,0.021759,0.032141,0.026265,0.018795
2019-10-08,0.01824,0.011583,0.02121,0.016252,0.019861,0.027704,0.020867,0.031854,0.026101,0.018682
2019-10-09,0.018227,0.011714,0.021987,0.015743,0.019521,0.028991,0.022926,0.033222,0.026249,0.019037
2019-10-10,0.018511,0.01174,0.022377,0.015699,0.019581,0.029284,0.024485,0.032905,0.026246,0.018922
2019-10-11,0.018608,0.011414,0.022386,0.017338,0.019279,0.029266,0.024551,0.032912,0.026133,0.018623
2019-10-14,0.018601,0.012047,0.022383,0.018501,0.01928,0.029265,0.024933,0.032925,0.026147,0.018624
2019-10-15,0.017259,0.012235,0.022408,0.018917,0.019163,0.02803,0.024779,0.032832,0.025605,0.018529
2019-10-16,0.017185,0.012316,0.022289,0.018849,0.019162,0.027979,0.02444,0.032501,0.025625,0.018744
2019-10-17,0.017296,0.012568,0.022243,0.018559,0.019115,0.027623,0.02444,0.033238,0.025604,0.018801
2019-10-18,0.017159,0.012809,0.022255,0.018466,0.019022,0.027692,0.024506,0.033368,0.025718,0.018802
2019-10-21,0.017157,0.012772,0.022261,0.018368,0.019034,0.027675,0.024295,0.033251,0.025492,0.018768
2019-10-22,0.017175,0.012773,0.022272,0.034412,0.019032,0.028089,0.024797,0.033258,0.025513,0.018846
2019-10-23,0.017542,0.012702,0.022268,0.034881,0.018936,0.028067,0.025769,0.033074,0.02557,0.018842
2019-10-24,0.017648,0.012636,0.022292,0.035012,0.018728,0.027933,0.026081,0.034104,0.025566,0.018752
2019-10-25,0.017684,0.013171,0.02229,0.034802,0.018696,0.028084,0.025927,0.036625,0.025598,0.018772
2019-10-28,0.017408,0.013158,0.022234,0.034814,0.018729,0.028061,0.025934,0.036357,0.025415,0.018763
2019-10-29,0.017458,0.014181,0.022014,0.035136,0.018725,0.027463,0.027017,0.035651,0.025317,0.019038
2019-10-30,0.017459,0.014841,0.021836,0.035361,0.018682,0.027638,0.02711,0.035893,0.025334,0.019427
2019-10-31,0.016894,0.014387,0.022106,0.03626,0.018478,0.027068,0.027222,0.038143,0.025145,0.019346
2019-11-01,0.01324,0.015201,0.015135,0.036188,0.010594,0.023254,0.025415,0.033577,0.020254,0.019448
2019-11-04,0.012871,0.014378,0.012287,0.035632,0.008991,0.019938,0.025032,0.032798,0.013112,0.014732
2019-11-05,0.012059,0.014236,0.012288,0.034923,0.009009,0.019802,0.025137,0.032179,0.011978,0.01478
2019-11-06,0.012269,0.013912,0.012371,0.035259,0.009006,0.019996,0.02564,0.028846,0.011484,0.013393
2019-11-07,0.012363,0.01392,0.012403,0.035287,0.00962,0.018755,0.025632,0.028849,0.010479,0.013574
2019-11-08,0.012539,0.01448,0.012468,0.03539,0.010472,0.01906,0.025594,0.028897,0.010387,0.014069
2019-11-11,0.012551,0.014294,0.012247,0.034865,0.010068,0.017799,0.023869,0.027826,0.010394,0.013192
2019-11-12,0.011796,0.013809,0.011853,0.0348,0.010063,0.017156,0.022341,0.025404,0.01034,0.012875
2019-11-13,0.012842,0.015245,0.011907,0.034911,0.010071,0.017863,0.022412,0.026596,0.010737,0.013494
2019-11-14,0.012986,0.015271,0.011469,0.035152,0.009889,0.018305,0.022392,0.026531,0.010813,0.0128
2019-11-15,0.01294,0.015407,0.01007,0.035073,0.009771,0.01696,0.026707,0.02741,0.010063,0.012648
2019-11-18,0.013116,0.015232,0.010397,0.035081,0.009753,0.017047,0.027499,0.027312,0.009622,0.012071
2019-11-19,0.014256,0.015791,0.01044,0.035166,0.009957,0.01726,0.030077,0.027284,0.009626,0.012116
2019-11-20,0.01469,0.01553,0.008459,0.035155,0.010037,0.015165,0.029021,0.026448,0.009058,0.011624
2019-11-21,0.014153,0.015418,0.007254,0.035157,0.010046,0.013733,0.028434,0.025652,0.009228,0.011849
2019-11-22,0.013985,0.015932,0.00785,0.034518,0.009743,0.013769,0.028541,0.02577,0.00937,0.011919
2019-11-25,0.014016,0.01569,0.007855,0.034074,0.010158,0.013757,0.030964,0.025836,0.009378,0.011919
2019-11-26,0.014053,0.016002,0.007426,0.033905,0.00911,0.014272,0.031686,0.025914,0.009532,0.011676
2019-11-27,0.014054,0.015997,0.007407,0.033933,0.009603,0.014555,0.031688,0.025814,0.010097,0.011404
2019-11-28,0.013845,0.015905,0.007704,0.033995,0.009175,0.015047,0.031688,0.025359,0.010362,0.011292
2019-11-29,0.014308,0.015892,0.007711,0.034011,0.010223,0.01526,0.03166,0.02594,0.010017,0.011285
2019-12-02,0.014735,0.01615,0.007863,0.034013,0.010259,0.015313,0.032149,0.026108,0.010044,0.011337
2019-12-03,0.014788,0.01638,0.007909,0.015826,0.010125,0.014616,0.031634,0.026231,0.010297,0.011197
2019-12-04,0.014844,0.01648,0.007929,0.015517,0.010182,0.015934,0.030527,0.02621,0.010803,0.011072
2019-12-05,0.013896,0.016869,0.007937,0.014716,0.010203,0.015954,0.030972,0.02456,0.011216,0.011394
2019-12-06,0.013845,0.016447,0.007855,0.014731,0.010141,0.015272,0.031051,0.023585,0.011258,0.011658
2019-12-09,0.01392,0.017326,0.007874,0.014714,0.010214,0.015255,0.031038,0.023728,0.011339,0.011733
2019-12-10,0.013404,0.016561,0.007676,0.014434,0.010265,0.015034,0.029764,0.023842,0.010015,0.011643
2019-12-11,0.013358,0.015968,0.007629,0.014299,0.010236,0.014732,0.02979,0.023221,0.009767,0.010718
2019-12-12,0.013171,0.01589,0.00742,0.013694,0.01019,0.014167,0.029859,0.019158,0.010239,0.010763
2019-12-13,0.013153,0.015906,0.007302,0.013869,0.010163,0.014116,0.030336,0.020032,0.010943,0.010692
2019-12-16,0.013366,0.016742,0.007356,0.012721,0.010361,0.01391,0.030486,0.020047,0.010902,0.011127
2019-12-17,0.013278,0.017077,0.007592,0.01282,0.010229,0.013803,0.031238,0.019885,0.011194,0.011574
2019-12-18,0.013145,0.017046,0.007778,0.012164,0.01043,0.013212,0.030477,0.020167,0.010988,0.012108
2019-12-19,0.013355,0.017816,0.007756,0.012029,0.01042,0.013168,0.030664,0.020172,0.010862,0.011548
2019-12-20,0.01329,0.017137,0.007698,0.011584,0.009622,0.012761,0.030557,0.020757,0.010823,0.01125
2019-12-23,0.013527,0.016899,0.007635,0.011552,0.009685,0.012775,0.030571,0.021009,0.010828,0.011316
2019-12-24,0.013963,0.016982,0.007903,0.011586,0.009677,0.012779,0.030543,0.021023,0.010859,0.011312
2019-12-25,0.012896,0.015639,0.007813,0.010964,0.009601,0.011882,0.030442,0.019798,0.010533,0.010742
2019-12-26,0.013422,0.015618,0.007951,0.010503,0.00948,0.011146,0.030575,0.019823,0.010793,0.010792
2019-12-27,0.013739,0.015499,0.007958,0.010635,0.009492,0.011576,0.027006,0.017935,0.011302,0.010615
2019-12-30,0.013619,0.015437,0.007667,0.010713,0.009529,0.011771,0.026183,0.017959,0.011229,0.010692
2019-12-31,0.012699,0.01506,0.007689,0.01058,0.009492,0.011755,0.022772,0.017734,0.011223,0.010664
2020-01-01,0.011801,0.015063,0.007743,0.010653,0.009603,0.011824,0.02278,0.017707,0.011152,0.010597
2020-01-02,0.012182,0.015082,0.007697,0.010678,0.009326,0.011831,0.022221,0.017842,0.012194,0.010135
2020-01-03,0.012136,0.014849,0.007682,0.009467,0.009227,0.011837,0.022031,0.018082,0.012139,0.010036
2020-01-06,0.012689,0.014846,0.008585,0.009676,0.008574,0.012836,0.017734,0.019417,0.012346,0.010309
2020-01-07,0.013047,0.014419,0.009083,0.009886,0.008626,0.012064,0.01598,0.019417,0.012178,0.01023
2020-01-08,0.013039,0.014866,0.009074,0.0102,0.007942,0.011912,0.016882,0.018849,0.012276,0.010162
2020-01-09,0.013702,0.015281,0.009127,0.010338,0.008008,0.012927,0.01685,0.019602,0.012638,0.010281
2020-01-10,0.013281,0.015067,0.009165,0.010468,0.007121,0.012871,0.016779,0.019292,0.012436,0.010468
2020-01-13,0.012569,0.014877,0.009064,0.013317,0.008155,0.012867,0.016116,0.019231,0.01251,0.01049
2020-01-14,0.012644,0.014733,0.008918,0.013292,0.00818,0.012854,0.016116,0.019252,0.012244,0.010943
2020-01-15,0.012309,0.014644,0.008937,0.01335,0.008065,0.010794,0.016113,0.019063,0.011544,0.010941
2020-01-16,0.012437,0.01425,0.008876,0.013319,0.008406,0.010791,0.015149,0.018856,0.011332,0.010594
2020-01-17,0.013459,0.014383,0.009011,0.013316,0.008383,0.010878,0.017907,0.016914,0.011418,0.010284
2020-01-20,0.014462,0.013861,0.009647,0.013319,0.008192,0.010902,0.018064,0.016966,0.011212,0.010301
2020-01-21,0.01442,0.013044,0.00973,0.013402,0.008102,0.010968,0.018062,0.016856,0.01127,0.009627
2020-01-22,0.014419,0.013114,0.009743,0.013421,0.007978,0.011192,0.017862,0.016908,0.011115,0.009513
2020-01-23,0.014412,0.012968,0.009498,0.012594,0.007973,0.011316,0.017791,0.016563,0.012123,0.009485
2020-01-24,0.01429,0.012322,0.009497,0.01251,0.008078,0.011513,0.016848,0.015361,0.012133,0.009174
2020-01-27,0.01428,0.011473,0.010491,0.012622,0.007559,0.011549,0.017079,0.015948,0.012237,0.008882
2020-01-28,0.01483,0.011069,0.010395,0.012107,0.007407,0.011924,0.018172,0.015928,0.01209,0.008695
2020-01-29,0.014769,0.011349,0.010076,0.01233,0.006588,0.011929,0.01815,0.015664,0.012334,0.00943
2020-01-30,0.014621,0.010082,0.010143,0.012565,0.006605,0.012107,0.017703,0.015946,0.012268,0.009594
2020-01-31,0.015007,0.011162,0.010044,0.012656,0.006967,0.012099,0.017768,0.015653,0.01227,0.009393
2020-02-03,0.015045,0.011377,0.010993,0.012851,0.014495,0.012469,0.018309,0.019187,0.016682,0.023222
2020-02-04,0.016066,0.011357,0.012516,0.013605,0.0147,0.013704,0.01847,0.019994,0.016642,0.02452
2020-02-05,0.016397,0.011926,0.012757,0.013653,0.014687,0.01402,0.018936,0.020258,0.016845,0.024546
2020-02-06,0.016103,0.011968,0.012518,0.014018,0.014699,0.01402,0.018597,0.021349,0.016558,0.024603
2020-02-07,0.015929,0.012,0.012502,0.013958,0.014703,0.01363,0.018857,0.020909,0.016542,0.024598
2020-02-10,0.015931,0.012159,0.012443,0.013954,0.0146,0.013541,0.018866,0.020888,0.01665,0.02461
2020-02-11,0.015793,0.012045,0.012378,0.013934,0.014509,0.013591,0.018812,0.021197,0.016644,0.024732
2020-02-12,0.015975,0.012125,0.012409,0.013965,0.016779,0.013936,0.018712,0.021303,0.016626,0.024736
2020-02-13,0.015635,0.012213,0.012372,0.014109,0.01678,0.01418,0.018735,0.021561,0.015822,0.024654
2020-02-14,0.015744,0.011677,0.012516,0.014009,0.016984,0.014253,0.020095,0.02181,0.015787,0.024826
2020-02-17,0.015215,0.011787,0.011911,0.013844,0.016889,0.013555,0.019817,0.020479,0.015731,0.024822
2020-02-18,0.014965,0.011823,0.011506,0.013531,0.017066,0.013506,0.020711,0.020573,0.015751,0.024801
2020-02-19,0.015641,0.011165,0.011733,0.013168,0.017476,0.013516,0.02041,0.020621,0.015251,0.025029
2020-02-20,0.015152,0.011158,0.011586,0.013126,0.018061,0.011544,0.020405,0.020167,0.014814,0.024988
2020-02-21,0.015153,0.011159,0.011427,0.012956,0.018063,0.01135,0.020298,0.020133,0.014752,0.024875
2020-02-24,0.015898,0.01153,0.011422,0.009737,0.018141,0.012744,0.020901,0.020284,0.014915,0.025001
2020-02-25,0.016175,0.012019,0.011438,0.00974,0.018151,0.012749,0.020918,0.020354,0.01506,0.024658
2020-02-26,0.016399,0.012156,0.011436,0.010242,0.01815,0.012967,0.020876,0.02025,0.015624,0.024719
2020-02-27,0.016239,0.012153,0.011408,0.010319,0.018074,0.013242,0.020943,0.020558,0.015629,0.02472
2020-02-28,0.016572,0.014967,0.01174,0.015026,0.019411,0.014551,0.01886,0.023043,0.015828,0.024741
2020-03-02,0.015901,0.014556,0.011388,0.015247,0.019481,0.014946,0.018737,0.02473,0.016155,0.024609
2020-03-03,0.016527,0.015,0.011343,0.015281,0.019457,0.015295,0.018726,0.024812,0.016618,0.024569
2020-03-04,0.016514,0.015323,0.012313,0.015451,0.019448,0.015206,0.018768,0.024852,0.016608,0.025007
2020-03-05,0.016802,0.015816,0.012298,0.015061,0.019701,0.015131,0.01883,0.024542,0.015523,0.025049
2020-03-06,0.01744,0.015819,0.012474,0.015479,0.01988,0.016178,0.01903,0.026755,0.015103,0.025435
2020-03-09,0.027667,0.02001,0.012422,0.01751,0.020722,0.019008,0.020397,0.028561,0.017103,0.025588
2020-03-10,0.0276,0.019936,0.012255,0.01751,0.020721,0.018899,0.018627,0.028583,0.01712,0.025599
2020-03-11,0.028654,0.01988,0.012111,0.017651,0.020871,0.019315,0.018648,0.02889,0.017098,0.024781
2020-03-12,0.03131,0.025917,0.018929,0.022368,0.022552,0.024226,0.021523,0.036754,0.022773,0.03116
2020-03-13,0.032477,0.026025,0.021277,0.022811,0.022543,0.02639,0.023972,0.045463,0.024106,0.032567
2020-03-16,0.035104,0.027803,0.023722,0.027709,0.019737,0.031418,0.025399,0.04608,0.02565,0.030022
2020-03-17,0.034321,0.027893,0.022917,0.027791,0.020726,0.033886,0.025333,0.045843,0.025537,0.028896
2020-03-18,0.034322,0.027482,0.028238,0.028154,0.021821,0.033704,0.026854,0.045627,0.026396,0.029044
2020-03-19,0.034868,0.027495,0.02883,0.028788,0.023053,0.034058,0.027906,0.045395,0.02807,0.032971
2020-03-20,0.041558,0.033649,0.028743,0.032458,0.03195,0.03468,0.029139,0.046093,0.029005,0.037078
2020-03-23,0.04698,0.035572,0.035534,0.036488,0.035716,0.045811,0.03588,0.05113,0.039828,0.042608
2020-03-24,0.049102,0.035927,0.035469,0.043748,0.039223,0.04696,0.03588,0.05093,0.039703,0.042607
2020-03-25,0.057043,0.036385,0.042678,0.044125,0.038476,0.049196,0.038005,0.051879,0.043495,0.042546
2020-03-26,0.057014,0.036671,0.044215,0.0457,0.039629,0.050365,0.042469,0.051701,0.047912,0.044567
2020-03-27,0.056934,0.036943,0.044253,0.045859,0.03982,0.050828,0.042067,0.052017,0.04788,0.045529
2020-03-30,0.05709,0.037026,0.046108,0.046254,0.040012,0.052109,0.042475,0.052331,0.048257,0.045626
2020-03-31,0.059473,0.037457,0.046915,0.046485,0.041107,0.052825,0.042643,0.053635,0.048377,0.048246
2020-04-01,0.059288,0.038964,0.046983,0.047476,0.041969,0.052819,0.043203,0.053884,0.048614,0.048346
2020-04-02,0.05931,0.038933,0.047029,0.047495,0.041826,0.052769,0.043172,0.053471,0.04862,0.048326
2020-04-03,0.059298,0.039177,0.046995,0.047609,0.041879,0.053831,0.043224,0.053906,0.048625,0.050239
2020-04-06,0.059213,0.039142,0.047035,0.047618,0.041794,0.053904,0.043054,0.054014,0.0487,0.050133
2020-04-07,0.063555,0.041558,0.051373,0.050978,0.04853,0.060935,0.047892,0.055744,0.049525,0.050315
2020-04-08,0.063521,0.041985,0.051353,0.050926,0.048529,0.060951,0.047961,0.055599,0.049596,0.050316
2020-04-09,0.063705,0.042668,0.05212,0.050983,0.049074,0.063077,0.049285,0.056167,0.049676,0.050817
2020-04-10,0.063272,0.041804,0.052094,0.04996,0.048541,0.06295,0.049218,0.055654,0.049699,0.050817
2020-04-13,0.063411,0.041799,0.052272,0.049877,0.048576,0.062876,0.049994,0.055237,0.051516,0.050899
2020-04-14,0.06328,0.041623,0.052262,0.049833,0.048581,0.062679,0.049989,0.055142,0.051315,0.050885
2020-04-15,0.063531,0.041345,0.052386,0.049711,0.04966,0.062681,0.049969,0.055157,0.051521,0.05112
2020-04-16,0.063527,0.041083,0.052591,0.049835,0.049816,0.063548,0.049974,0.055653,0.05209,0.051218
2020-04-17,0.063919,0.042454,0.053134,0.049799,0.049931,0.066373,0.049907,0.055245,0.052312,0.050819
2020-04-20,0.0595,0.040732,0.053605,0.049736,0.049715,0.065913,0.049429,0.054322,0.051725,0.051152
2020-04-21,0.059524,0.041475,0.053732,0.050024,0.049763,0.067335,0.049563,0.054622,0.052364,0.051172
2020-04-22,0.061887,0.041639,0.053744,0.049898,0.049939,0.067276,0.049548,0.054702,0.052293,0.051186
2020-04-23,0.059729,0.039428,0.051958,0.048732,0.049435,0.066478,0.048303,0.049329,0.049935,0.046392
2020-04-24,0.059634,0.039779,0.051222,0.049065,0.049483,0.066191,0.047199,0.041813,0.049506,0.045927
2020-04-27,0.057105,0.038032,0.049859,0.04574,0.048608,0.064375,0.045993,0.039858,0.047547,0.04215
2020-04-28,0.057037,0.037734,0.049667,0.044664,0.048508,0.062622,0.045913,0.039681,0.047518,0.042175
2020-04-29,0.056246,0.037889,0.046665,0.043978,0.048105,0.062477,0.044211,0.040212,0.046638,0.042196
2020-04-30,0.05484,0.038982,0.04672,0.044825,0.047358,0.061884,0.043985,0.039077,0.045001,0.040279
2020-05-01,0.052072,0.03502,0.046593,0.04326,0.042644,0.061824,0.043509,0.038613,0.044811,0.037368
2020-05-04,0.044866,0.0332,0.042619,0.040218,0.040346,0.055837,0.036993,0.031643,0.033987,0.030707
2020-05-05,0.043866,0.033091,0.042713,0.034298,0.037596,0.05563,0.036997,0.03274,0.03413,0.03004
2020-05-06,0.036197,0.03299,0.037942,0.034148,0.037302,0.054571,0.035969,0.031952,0.031007,0.031962
2020-05-07,0.036063,0.032816,0.037136,0.032411,0.03602,0.054173,0.032637,0.031772,0.026017,0.030284
2020-05-08,0.036242,0.03267,0.037138,0.032395,0.036957,0.053934,0.031212,0.03175,0.026059,0.029388
2020-05-11,0.03518,0.032465,0.033921,0.031488,0.036913,0.052822,0.029994,0.030784,0.024635,0.02904
2020-05-12,0.035595,0.032174,0.033523,0.031264,0.035586,0.052499,0.030609,0.028971,0.024602,0.026261
2020-05-13,0.03483,0.0296,0.033015,0.028914,0.034435,0.05275,0.029111,0.028845,0.025461,0.02565
2020-05-14,0.036063,0.030064,0.033843,0.030724,0.03446,0.053147,0.029912,0.029479,0.025474,0.025712
2020-05-15,0.03599,0.029347,0.033635,0.030232,0.03452,0.050986,0.03008,0.027544,0.025569,0.022175
2020-05-18,0.0362,0.029625,0.035458,0.030324,0.034586,0.053046,0.030847,0.030009,0.02804,0.022178
2020-05-19,0.030278,0.026761,0.030079,0.025581,0.023035,0.046547,0.031281,0.027383,0.027633,0.02292
2020-05-20,0.030164,0.025518,0.030682,0.025456,0.02306,0.046517,0.031034,0.027347,0.028996,0.023438
2020-05-21,0.030006,0.025009,0.029682,0.02544,0.022403,0.044319,0.029602,0.026699,0.029178,0.026379
2020-05-22,0.030079,0.025064,0.02995,0.025937,0.022537,0.044936,0.029624,0.02667,0.029202,0.026516
2020-05-25,0.02952,0.025028,0.029436,0.025942,0.022537,0.044564,0.028601,0.026529,0.026564,0.02624
2020-05-26,0.029578,0.026234,0.029617,0.026197,0.022515,0.04459,0.030791,0.026567,0.026681,0.026714
2020-05-27,0.028635,0.02652,0.030904,0.026926,0.019087,0.047643,0.030771,0.028311,0.027115,0.025596
2020-05-28,0.028663,0.026368,0.031797,0.026425,0.019053,0.047142,0.030466,0.027393,0.028877,0.025457
2020-05-29,0.02777,0.025091,0.031237,0.026546,0.019591,0.043459,0.030739,0.027196,0.029071,0.026171
2020-06-01,0.028316,0.025831,0.031232,0.025765,0.020083,0.043182,0.030315,0.029314,0.028868,0.025094
2020-06-02,0.028219,0.02415,0.030889,0.025003,0.020066,0.040694,0.030184,0.028497,0.027418,0.025305
2020-06-03,0.021918,0.024039,0.031056,0.025063,0.019189,0.040851,0.030317,0.028687,0.027157,0.025237
2020-06-04,0.022223,0.02184,0.030987,0.022877,0.018606,0.040133,0.030811,0.028648,0.02776,0.025267
2020-06-05,0.021577,0.021302,0.03121,0.022052,0.018622,0.039195,0.030892,0.031434,0.028024,0.025251
2020-06-08,0.021665,0.021318,0.031355,0.022372,0.018471,0.038612,0.030881,0.03145,0.028026,0.025397
2020-06-09,0.022101,0.021278,0.031881,0.022354,0.018371,0.038567,0.031291,0.031378,0.02812,0.025375
2020-06-10,0.022378,0.021068,0.030648,0.022035,0.01792,0.038241,0.031173,0.031006,0.027994,0.025284
2020-06-11,0.022396,0.018902,0.030606,0.019688,0.01772,0.038331,0.031093,0.032656,0.027895,0.025768
2020-06-12,0.023097,0.019093,0.030733,0.019931,0.017721,0.038385,0.031167,0.032744,0.027915,0.025776
2020-06-15,0.022745,0.017379,0.027713,0.016721,0.015141,0.033277,0.030768,0.031261,0.026652,0.025245
2020-06-16,0.022611,0.017412,0.028582,0.017059,0.014692,0.033656,0.030794,0.030007,0.026467,0.025377
2020-06-17,0.022622,0.017108,0.027903,0.016868,0.014378,0.033178,0.030796,0.030001,0.026589,0.023171
2020-06-18,0.022376,0.017083,0.028444,0.016994,0.014318,0.033471,0.030133,0.030782,0.026405,0.023287
2020-06-19,0.02413,0.01708,0.028497,0.017068,0.011758,0.033962,0.030316,0.030695,0.026316,0.023183
2020-06-22,0.02421,0.01679,0.028337,0.016965,0.011134,0.032348,0.030355,0.030718,0.026339,0.02317
2020-06-23,0.021111,0.016762,0.028128,0.017434,0.011452,0.032517,0.029369,0.030941,0.028595,0.022138
2020-06-24,0.020904,0.016762,0.027883,0.017493,0.011602,0.034444,0.030171,0.031188,0.026968,0.022717
2020-06-25,0.019194,0.01627,0.026861,0.014871,0.012034,0.033889,0.029655,0.030362,0.02711,0.024168
2020-06-26,0.019153,0.01848,0.027063,0.018907,0.012064,0.033771,0.029283,0.030296,0.027201,0.025325
2020-06-29,0.019084,0.018043,0.024271,0.019383,0.011863,0.030663,0.028799,0.027957,0.02518,0.025317
2020-06-30,0.018621,0.018177,0.024327,0.019377,0.011407,0.030864,0.019896,0.027731,0.024701,0.0249
2020-07-01,0.018666,0.018182,0.023995,0.019448,0.01147,0.03128,0.01987,0.028264,0.023798,0.025456
2020-07-02,0.018764,0.01868,0.023985,0.020212,0.011416,0.031272,0.019865,0.028109,0.023603,0.02186
2020-07-03,0.018644,0.018812,0.02359,0.019652,0.011445,0.029896,0.021364,0.028059,0.023519,0.021644
2020-07-06,0.019265,0.019379,0.023769,0.019642,0.011545,0.029879,0.021413,0.028095,0.023502,0.021712
2020-07-07,0.019605,0.017657,0.023772,0.020262,0.011509,0.030423,0.01884,0.028099,0.023591,0.021969
2020-07-08,0.019986,0.017629,0.021724,0.020131,0.011635,0.026742,0.018905,0.02715,0.023106,0.02202
2020-07-09,0.019926,0.017712,0.020487,0.020152,0.011713,0.026477,0.019053,0.027659,0.020077,0.021972
2020-07-10,0.020166,0.017346,0.020936,0.019997,0.011622,0.027,0.018807,0.027955,0.019544,0.021148
2020-07-13,0.019816,0.016225,0.020589,0.020136,0.011264,0.027041,0.019059,0.026732,0.019543,0.021154
2020-07-14,0.020073,0.016835,0.020909,0.020467,0.011633,0.026965,0.019053,0.027664,0.01945,0.020968
2020-07-15,0.021745,0.017507,0.020632,0.022824,0.011969,0.026577,0.020675,0.027421,0.019159,0.021073
2020-07-16,0.021493,0.017131,0.020276,0.028175,0.01197,0.026178,0.019474,0.027464,0.018384,0.021415
2020-07-17,0.022229,0.016903,0.020389,0.028228,0.011866,0.026167,0.019118,0.023449,0.017719,0.021413
2020-07-20,0.022068,0.016821,0.020735,0.028476,0.01182,0.026566,0.019358,0.023545,0.017691,0.021333
2020-07-21,0.021712,0.016844,0.019834,0.028389,0.011888,0.026975,0.01874,0.023627,0.018059,0.021333
2020-07-22,0.021602,0.016901,0.02004,0.028821,0.013349,0.02692,0.018742,0.023579,0.018316,0.021689
2020-07-23,0.021063,0.016558,0.019338,0.028665,0.013708,0.026438,0.018045,0.021639,0.018076,0.021415
2020-07-24,0.021501,0.016376,0.019453,0.028273,0.013714,0.027048,0.018043,0.022547,0.018217,0.021454
2020-07-27,0.021497,0.016753,0.019584,0.028275,0.013513,0.028557,0.017759,0.022294,0.017435,0.020587
2020-07-28,0.021442,0.018543,0.018216,0.028238,0.013518,0.028112,0.017693,0.022316,0.017503,0.020452
2020-07-29,0.023053,0.018854,0.018536,0.028445,0.013591,0.028112,0.016587,0.022334,0.01741,0.019933
2020-07-30,0.02286,0.018791,0.017252,0.028439,0.013754,0.027794,0.017146,0.021875,0.017509,0.019731
2020-07-31,0.021017,0.018799,0.017405,0.028157,0.01337,0.027079,0.016704,0.021846,0.017533,0.019475
2020-08-03,0.021787,0.018896,0.018232,0.028296,0.01339,0.027036,0.016581,0.021647,0.017444,0.019588
2020-08-04,0.024513,0.018925,0.019517,0.028365,0.012592,0.02701,0.016599,0.021166,0.012398,0.019591
2020-08-05,0.024753,0.018926,0.019602,0.028291,0.01237,0.023274,0.015563,0.019713,0.012399,0.01885
2020-08-06,0.02464,0.018936,0.019725,0.027933,0.01202,0.023466,0.015564,0.019722,0.012196,0.016334
2020-08-07,0.024615,0.016881,0.019097,0.026362,0.011927,0.023443,0.015663,0.019709,0.011608,0.01495
2020-08-10,0.024662,0.016828,0.018813,0.025784,0.011707,0.023326,0.015519,0.019041,0.013843,0.01504
2020-08-11,0.024417,0.01669,0.018952,0.025873,0.011703,0.023007,0.01555,0.019002,0.013793,0.015141
2020-08-12,0.024391,0.016858,0.01867,0.025735,0.011753,0.022089,0.015586,0.019432,0.01344,0.013233
2020-08-13,0.024379,0.015993,0.01866,0.025414,0.011625,0.022082,0.016094,0.019522,0.015172,0.013308
2020-08-14,0.024388,0.015671,0.018955,0.025434,0.011694,0.022326,0.014084,0.020232,0.015281,0.01406
2020-08-17,0.023894,0.014778,0.018195,0.025418,0.011779,0.022332,0.014187,0.020308,0.015548,0.013989
2020-08-18,0.023649,0.014828,0.018751,0.024716,0.011831,0.02165,0.014137,0.020376,0.015433,0.012979
2020-08-19,0.023369,0.014251,0.018826,0.024183,0.01169,0.021496,0.014528,0.020216,0.015408,0.012849
2020-08-20,0.02365,0.014193,0.018657,0.024275,0.011676,0.021752,0.01462,0.019124,0.015678,0.013068
2020-08-21,0.023282,0.014134,0.01904,0.024373,0.011029,0.0212,0.014471,0.019159,0.015415,0.013052
2020-08-24,0.022744,0.014131,0.019297,0.024297,0.010455,0.021278,0.014069,0.019112,0.015395,0.012699
2020-08-25,0.022698,0.013511,0.018881,0.024086,0.010251,0.02085,0.01405,0.018637,0.015195,0.012664
2020-08-26,0.021708,0.012516,0.018839,0.02183,0.009637,0.020852,0.012646,0.018411,0.015412,0.012377
2020-08-27,0.021927,0.012519,0.018848,0.013348,0.009577,0.02081,0.012661,0.018826,0.015373,0.01155
2020-08-28,0.021062,0.012209,0.017849,0.013465,0.008715,0.021712,0.01348,0.020023,0.015385,0.011611
2020-08-31,0.021386,0.012282,0.016873,0.011985,0.009056,0.022641,0.013381,0.023053,0.016969,0.012291
2020-09-01,0.020901,0.012251,0.016959,0.012296,0.010037,0.021403,0.018135,0.023339,0.0167,0.012313
2020-09-02,0.020984,0.011963,0.016877,0.011905,0.008674,0.021389,0.018197,0.023256,0.016298,0.011618
2020-09-03,0.020526,0.012067,0.016875,0.011915,0.008194,0.021212,0.018631,0.02286,0.01627,0.010867
2020-09-04,0.01917,0.01203,0.016881,0.012019,0.008263,0.021212,0.019113,0.022806,0.016506,0.011708
2020-09-07,0.019153,0.011709,0.015581,0.010896,0.008889,0.017881,0.01925,0.022202,0.016666,0.011715
2020-09-08,0.01919,0.008249,0.015547,0.010907,0.008811,0.017518,0.019937,0.022504,0.016886,0.011715
2020-09-09,0.018515,0.007941,0.015303,0.011008,0.008806,0.018032,0.020121,0.024091,0.01687,0.012275
2020-09-10,0.02244,0.007941,0.01512,0.011204,0.008587,0.017704,0.019852,0.023777,0.016782,0.012032
2020-09-11,0.022013,0.00857,0.014905,0.011228,0.008801,0.017704,0.01986,0.023669,0.016778,0.012003
2020-09-14,0.021281,0.011942,0.014245,0.012805,0.00926,0.017964,0.020636,0.024031,0.017064,0.011949
2020-09-15,0.017308,0.011917,0.012512,0.012723,0.009258,0.017925,0.021251,0.024046,0.017056,0.011937
2020-09-16,0.017108,0.011917,0.012749,0.013091,0.009438,0.017962,0.020854,0.024134,0.017119,0.011956
2020-09-17,0.017303,0.011972,0.012749,0.012251,0.0092,0.01796,0.020853,0.024286,0.017381,0.011709
2020-09-18,0.017293,0.01195,0.013578,0.011699,0.009466,0.017949,0.021784,0.024451,0.01737,0.011695
2020-09-21,0.017646,0.011881,0.013607,0.011745,0.0107,0.020099,0.023635,0.025111,0.015109,0.011569
2020-09-22,0.018074,0.012441,0.013504,0.011735,0.01068,0.0201,0.023689,0.025079,0.015806,0.010572
2020-09-23,0.018107,0.01307,0.013684,0.011849,0.011015,0.020132,0.027267,0.023765,0.015788,0.010407
2020-09-24,0.018616,0.016801,0.013965,0.014473,0.011053,0.021697,0.027546,0.024725,0.013205,0.011598
2020-09-25,0.018652,0.018071,0.013526,0.015898,0.011086,0.022764,0.029375,0.025255,0.016063,0.012392
2020-09-28,0.01853,0.018067,0.013627,0.015903,0.010918,0.024018,0.029457,0.025662,0.015933,0.01254
2020-09-29,0.01853,0.018533,0.013045,0.01583,0.01097,0.023715,0.029423,0.025651,0.0159,0.012942
2020-09-30,0.018555,0.018458,0.013219,0.015723,0.011483,0.023582,0.029485,0.025568,0.015947,0.013367
2020-10-01,0.018281,0.018503,0.013945,0.015738,0.011791,0.024587,0.030061,0.025999,0.015866,0.013267
2020-10-02,0.018201,0.018485,0.013215,0.015655,0.011676,0.024531,0.030071,0.025746,0.015874,0.013173
2020-10-05,0.018243,0.022263,0.012161,0.016447,0.011791,0.024172,0.029947,0.025586,0.015886,0.013177
2020-10-06,0.018181,0.02221,0.0131,0.016261,0.011757,0.024285,0.029973,0.024982,0.015821,0.013268
2020-10-07,0.017965,0.022209,0.013378,0.016206,0.011952,0.024262,0.029742,0.024888,0.015743,0.013268
2020-10-08,0.01786,0.022638,0.014004,0.016595,0.012071,0.024339,0.029807,0.024257,0.015659,0.013374
2020-10-09,0.017881,0.022641,0.015217,0.016309,0.012095,0.023845,0.029312,0.023817,0.016794,0.013307
2020-10-12,0.017529,0.022643,0.015631,0.016411,0.011715,0.022851,0.029386,0.021603,0.01543,0.014015
2020-10-13,0.0178,0.022583,0.015815,0.0161,0.011055,0.02308,0.026185,0.020927,0.015339,0.0141
2020-10-14,0.017525,0.022652,0.01588,0.016773,0.011057,0.023557,0.026008,0.021415,0.015897,0.014097
2020-10-15,0.018773,0.023344,0.017256,0.017742,0.011066,0.024235,0.026289,0.022183,0.016604,0.014225
2020-10-16,0.018692,0.023255,0.017675,0.017297,0.010989,0.023752,0.026213,0.021815,0.016356,0.013756
2020-10-19,0.018694,0.023626,0.017567,0.017365,0.010744,0.025492,0.026187,0.023131,0.016387,0.01387
2020-10-20,0.018697,0.023632,0.017753,0.017302,0.010599,0.025553,0.02617,0.022893,0.016392,0.013869
2020-10-21,0.018294,0.024078,0.01764,0.016937,0.010597,0.025164,0.027024,0.021246,0.016378,0.013403
2020-10-22,0.012476,0.0241,0.017769,0.017452,0.010673,0.025481,0.02766,0.021059,0.016383,0.013389
2020-10-23,0.012483,0.023967,0.017544,0.017454,0.010898,0.025489,0.027728,0.020656,0.016381,0.013697
2020-10-26,0.014156,0.022424,0.017589,0.016814,0.010617,0.025929,0.027065,0.02105,0.016133,0.01383
2020-10-27,0.014058,0.022863,0.01772,0.017386,0.01064,0.025781,0.026593,0.02107,0.016992,0.013824
2020-10-28,0.014057,0.022878,0.017949,0.017398,0.01053,0.026652,0.027874,0.021353,0.016881,0.013876
2020-10-29,0.01418,0.022604,0.018255,0.017374,0.011072,0.026478,0.027864,0.021274,0.019041,0.01385
2020-10-30,0.014492,0.022628,0.017552,0.017494,0.01165,0.026762,0.027852,0.021127,0.01903,0.013968
2020-11-02,0.020702,0.023102,0.017894,0.017539,0.010297,0.027036,0.028165,0.021068,0.018569,0.013783
2020-11-03,0.020599,0.022822,0.017979,0.017646,0.010358,0.028972,0.02815,0.022443,0.01791,0.014267
2020-11-04,0.02169,0.022391,0.017955,0.018257,0.010114,0.029156,0.023997,0.022268,0.017959,0.014166
2020-11-05,0.021965,0.019618,0.017457,0.016044,0.010747,0.027368,0.02309,0.022573,0.017941,0.013645
2020-11-06,0.023125,0.018581,0.017934,0.014858,0.010677,0.026805,0.021684,0.022056,0.016225,0.01294
2020-11-09,0.023191,0.018584,0.018214,0.015175,0.011042,0.026973,0.023336,0.0217,0.016074,0.012718
2020-11-10,0.02328,0.019041,0.019095,0.01719,0.010622,0.02738,0.023165,0.023276,0.02007,0.013285
2020-11-11,0.024382,0.019165,0.019182,0.017798,0.010246,0.02721,0.022508,0.023255,0.020377,0.014785
2020-11-12,0.0244,0.019145,0.019284,0.017833,0.011215,0.027185,0.022103,0.024074,0.020391,0.014869
2020-11-13,0.024489,0.01919,0.019483,0.017823,0.011246,0.027187,0.022207,0.024066,0.020944,0.014931
2020-11-16,0.024491,0.013869,0.019525,0.017105,0.011192,0.027241,0.021839,0.02394,0.020845,0.014757
2020-11-17,0.024489,0.013872,0.019949,0.017098,0.011227,0.027193,0.021997,0.024998,0.021106,0.014762
2020-11-18,0.02405,0.014021,0.019918,0.017228,0.011765,0.027315,0.022062,0.025978,0.023216,0.015222
2020-11-19,0.024044,0.012523,0.020367,0.016822,0.011617,0.028624,0.022528,0.028066,0.023342,0.015229
2020-11-20,0.024803,0.012671,0.019816,0.016717,0.011512,0.028114,0.023128,0.027596,0.023055,0.015514
2020-11-23,0.025461,0.01345,0.019545,0.017286,0.011539,0.028687,0.022758,0.027925,0.023106,0.015056
2020-11-24,0.025157,0.01345,0.019837,0.01678,0.011779,0.028441,0.022838,0.027748,0.022842,0.015239
2020-11-25,0.025123,0.013503,0.020598,0.016918,0.011812,0.02837,0.023271,0.027682,0.023201,0.015052
2020-11-26,0.024487,0.012838,0.01926,0.016247,0.011905,0.027113,0.022139,0.026474,0.02219,0.014504
2020-11-27,0.024459,0.013014,0.018938,0.016084,0.011988,0.02716,0.022344,0.026541,0.022207,0.014654
2020-11-30,0.024458,0.012574,0.018967,0.016083,0.01175,0.025701,0.022191,0.025809,0.022259,0.014558
2020-12-01,0.02462,0.012858,0.018965,0.017194,0.011751,0.025881,0.022728,0.025776,0.022349,0.014448
2020-12-02,0.024535,0.012172,0.019281,0.017115,0.011738,0.025977,0.022104,0.025854,0.022415,0.014438
2020-12-03,0.024528,0.012493,0.019649,0.016989,0.011687,0.025635,0.021849,0.026404,0.022397,0.014457
2020-12-04,0.02454,0.012506,0.01965,0.017016,0.012293,0.026479,0.022309,0.026572,0.022552,0.014412
2020-12-07,0.023542,0.012519,0.019295,0.01697,0.013514,0.025616,0.022789,0.025626,0.022617,0.014442
2020-12-08,0.023792,0.012361,0.019114,0.016571,0.013503,0.025688,0.022943,0.025315,0.022183,0.014309
2020-12-09,0.023897,0.012331,0.0189,0.016597,0.013699,0.024473,0.021847,0.024759,0.022157,0.014026
2020-12-10,0.02393,0.012513,0.018765,0.016666,0.013721,0.024685,0.021817,0.0246,0.019449,0.014543
2020-12-11,0.023791,0.012366,0.018752,0.016439,0.012749,0.024213,0.020374,0.024539,0.019293,0.014618
2020-12-14,0.017532,0.011505,0.018448,0.016376,0.012778,0.022088,0.018159,0.024156,0.020352,0.014754
2020-12-15,0.017373,0.011716,0.018046,0.016362,0.013453,0.01983,0.018072,0.023732,0.020422,0.015015
2020-12-16,0.016314,0.0121,0.01813,0.015631,0.013494,0.019685,0.018388,0.023871,0.020469,0.014947
2020-12-17,0.015859,0.01201,0.018405,0.015637,0.013468,0.019758,0.018403,0.022288,0.020398,0.014549
2020-12-18,0.014225,0.012009,0.018306,0.016241,0.013422,0.019795,0.018166,0.022306,0.020405,0.014392
2020-12-21,0.014797,0.012321,0.018597,0.015994,0.013416,0.020302,0.01782,0.02562,0.02208,0.018061
2020-12-22,0.014391,0.011393,0.017104,0.015276,0.013416,0.018687,0.01793,0.023831,0.018976,0.017354
2020-12-23,0.012329,0.011334,0.017103,0.015159,0.014011,0.018696,0.017504,0.02402,0.018687,0.016423
2020-12-24,0.013159,0.01122,0.017159,0.015423,0.013338,0.018531,0.017805,0.023113,0.018697,0.0163
2020-12-25,0.013072,0.011127,0.017052,0.015429,0.0133,0.01829,0.017687,0.023107,0.018089,0.016239
2020-12-28,0.013099,0.011132,0.017152,0.015417,0.013385,0.018389,0.017704,0.023561,0.018259,0.016223
2020-12-29,0.013154,0.011145,0.015923,0.015422,0.013361,0.018572,0.017494,0.022303,0.017913,0.016251
2020-12-30,0.01315,0.010805,0.015933,0.0152,0.012607,0.018182,0.017372,0.020737,0.014421,0.01577
2020-12-31,0.013118,0.011373,0.015214,0.014889,0.01268,0.016594,0.017058,0.018402,0.014171,0.01569
2021-01-01,0.011028,0.011906,0.014837,0.014887,0.012644,0.016915,0.016209,0.018468,0.014134,0.015807
2021-01-04,0.009933,0.012968,0.014835,0.014282,0.012841,0.016071,0.015941,0.018014,0.014086,0.015771
2021-01-05,0.010144,0.01318,0.013737,0.014262,0.012779,0.015799,0.015936,0.017766,0.014227,0.015439
2021-01-06,0.011147,0.013402,0.01297,0.013659,0.012934,0.015706,0.015628,0.017733,0.01361,0.016348
2021-01-07,0.011134,0.013518,0.012602,0.014104,0.013638,0.01595,0.016782,0.017727,0.013814,0.016556
2021-01-08,0.011158,0.013802,0.012628,0.01516,0.013529,0.015877,0.016725,0.017748,0.014256,0.016564
2021-01-11,0.011684,0.013953,0.012883,0.017004,0.013683,0.015853,0.016749,0.018016,0.014865,0.016574
2021-01-12,0.012852,0.013815,0.013342,0.016336,0.014456,0.015399,0.016691,0.018765,0.014743,0.01689
2021-01-13,0.012963,0.013924,0.012921,0.016344,0.014487,0.015307,0.01693,0.020241,0.014683,0.017297
2021-01-14,0.01312,0.014228,0.012207,0.016317,0.014447,0.015429,0.016653,0.01943,0.014812,0.017411
2021-01-15,0.013201,0.014384,0.012202,0.016958,0.014441,0.014317,0.017157,0.019226,0.015123,0.017559
2021-01-18,0.01388,0.014483,0.012112,0.017829,0.013363,0.014553,0.017551,0.019981,0.015331,0.017112
2021-01-19,0.013805,0.014215,0.012287,0.017815,0.013539,0.015121,0.017321,0.020058,0.015776,0.017121
2021-01-20,0.013906,0.014319,0.011875,0.017772,0.013347,0.015144,0.017276,0.020062,0.015785,0.017034
2021-01-21,0.014283,0.014362,0.011711,0.017675,0.012557,0.014988,0.01816,0.020739,0.015969,0.016197
2021-01-22,0.015011,0.014331,0.012444,0.017616,0.012824,0.016211,0.018271,0.021987,0.016106,0.016086
2021-01-25,0.017904,0.014435,0.0125,0.017866,0.012846,0.015874,0.018221,0.022062,0.014052,0.01626
2021-01-26,0.017843,0.014051,0.012306,0.017719,0.012166,0.0156,0.018238,0.021904,0.014023,0.016157
2021-01-27,0.018339,0.014094,0.013914,0.018177,0.012069,0.016433,0.018305,0.022194,0.013764,0.016366
2021-01-28,0.018368,0.014786,0.014126,0.01858,0.013816,0.016517,0.018285,0.022547,0.013919,0.016711
2021-01-29,0.018594,0.015793,0.013899,0.018968,0.014022,0.016611,0.01919,0.022438,0.014031,0.016873
2021-02-01,0.018895,0.015484,0.017124,0.019048,0.013917,0.026358,0.019106,0.026054,0.019339,0.017807
2021-02-02,0.019138,0.015549,0.019763,0.017962,0.013968,0.026496,0.019695,0.02864,0.020715,0.017869
2021-02-03,0.019131,0.015482,0.019774,0.017416,0.013033,0.026496,0.019726,0.028542,0.020697,0.017578
2021-02-04,0.018499,0.015525,0.019669,0.017228,0.012793,0.026397,0.019875,0.029869,0.020662,0.020651
2021-02-05,0.018498,0.015691,0.019698,0.017274,0.013002,0.02692,0.021017,0.034644,0.020819,0.020836
2021-02-08,0.018687,0.015911,0.019658,0.017802,0.013192,0.027117,0.021452,0.034486,0.020865,0.020906
2021-02-09,0.018661,0.016134,0.019629,0.017763,0.013254,0.027051,0.021411,0.034648,0.020786,0.02123
2021-02-10,0.018737,0.016091,0.02007,0.017814,0.013234,0.027068,0.021584,0.034697,0.020978,0.021279
2021-02-11,0.020172,0.015707,0.020144,0.017798,0.013492,0.027092,0.021389,0.034666,0.021248,0.02119
2021-02-12,0.020228,0.015366,0.020041,0.017931,0.013563,0.027085,0.021857,0.034668,0.021357,0.022201
2021-02-15,0.020252,0.014253,0.020216,0.017503,0.013219,0.027767,0.021907,0.0349,0.021327,0.022209
2021-02-16,0.020212,0.014047,0.020211,0.017711,0.013029,0.028349,0.021829,0.035133,0.021213,0.022133
2021-02-17,0.019568,0.013986,0.020852,0.017679,0.01306,0.028321,0.02161,0.035188,0.021248,0.021416
2021-02-18,0.019645,0.013971,0.021284,0.017491,0.012716,0.028554,0.020756,0.035192,0.021431,0.021237
2021-02-19,0.019583,0.012919,0.021365,0.015896,0.012992,0.029387,0.020845,0.03624,0.021213,0.021375
2021-02-22,0.02038,0.014074,0.02127,0.013305,0.012504,0.029824,0.021119,0.03661,0.022198,0.021681
2021-02-23,0.019644,0.01418,0.02115,0.013321,0.012122,0.029846,0.020277,0.03634,0.022512,0.021447
2021-02-24,0.019783,0.014261,0.02291,0.013174,0.012129,0.030499,0.020007,0.035761,0.022919,0.021046
2021-02-25,0.020927,0.01329,0.022902,0.013066,0.011867,0.030797,0.020094,0.035754,0.022987,0.020902
2021-02-26,0.021494,0.014448,0.02452,0.012986,0.011652,0.032016,0.020029,0.036813,0.024217,0.02115
2021-03-01,0.021139,0.01467,0.024599,0.012499,0.011717,0.031842,0.020957,0.036034,0.02426,0.021281
2021-03-02,0.020968,0.015509,0.024507,0.013682,0.01187,0.031616,0.02116,0.036096,0.023934,0.021457
2021-03-03,0.022252,0.015625,0.024506,0.014414,0.012004,0.03212,0.021211,0.036235,0.02392,0.021436
2021-03-04,0.022099,0.015551,0.024782,0.014529,0.011948,0.032394,0.020881,0.036161,0.024303,0.021167
2021-03-05,0.021583,0.015538,0.024588,0.014645,0.01137,0.031865,0.020943,0.035841,0.024245,0.021023
2021-03-08,0.018895,0.015545,0.02455,0.014732,0.011491,0.031886,0.02096,0.035641,0.024953,0.020857
2021-03-09,0.018895,0.015865,0.025027,0.014787,0.011769,0.032157,0.020967,0.035711,0.024991,0.020859
2021-03-10,0.018224,0.015893,0.02397,0.014631,0.012134,0.031502,0.020897,0.035321,0.025004,0.020759
2021-03-11,0.018041,0.015531,0.023277,0.014099,0.010086,0.03151,0.020896,0.035308,0.024862,0.020428
2021-03-12,0.018129,0.014786,0.02324,0.012783,0.009854,0.031808,0.020229,0.03562,0.024842,0.020219
2021-03-15,0.017857,0.014692,0.020718,0.012524,0.00981,0.022601,0.018105,0.031229,0.019966,0.016598
2021-03-16,0.017753,0.014429,0.017981,0.012515,0.010098,0.022348,0.016896,0.028964,0.01795,0.016629
2021-03-17,0.018312,0.014433,0.017971,0.012432,0.010206,0.022328,0.016531,0.029538,0.018119,0.016778
2021-03-18,0.018841,0.015066,0.017954,0.014256,0.010185,0.022433,0.016617,0.027765,0.018131,0.013833
2021-03-19,0.019869,0.015025,0.017813,0.014206,0.01286,0.022297,0.015811,0.019478,0.018179,0.014124
2021-03-22,0.019867,0.015452,0.018027,0.013951,0.012896,0.022045,0.0147,0.019421,0.017551,0.014336
2021-03-23,0.019953,0.015339,0.018512,0.013953,0.012834,0.022479,0.014694,0.019683,0.01743,0.014304
2021-03-24,0.020289,0.015221,0.018393,0.014125,0.012889,0.023132,0.014612,0.02056,0.01785,0.01516
2021-03-25,0.019492,0.01554,0.018444,0.014415,0.014326,0.023211,0.015008,0.020641,0.017767,0.015552
2021-03-26,0.019464,0.015531,0.018795,0.014233,0.015674,0.022709,0.016001,0.020608,0.018261,0.01377
2021-03-29,0.019451,0.015279,0.018261,0.014233,0.015484,0.02114,0.015717,0.019327,0.018095,0.013732
2021-03-30,0.019565,0.016154,0.019931,0.01536,0.016495,0.021411,0.0157,0.019448,0.018403,0.014099
2021-03-31,0.019564,0.016017,0.020646,0.015506,0.016253,0.021527,0.015696,0.018953,0.018399,0.014468
2021-04-01,0.019617,0.016004,0.020358,0.015577,0.01642,0.021788,0.015812,0.019225,0.018622,0.014492
2021-04-02,0.019578,0.015992,0.020295,0.015571,0.016272,0.021066,0.015732,0.01812,0.01855,0.014239
2021-04-05,0.018696,0.014789,0.020716,0.015206,0.016386,0.021826,0.015778,0.019391,0.017995,0.015283
2021-04-06,0.018652,0.014795,0.020645,0.015206,0.01652,0.021735,0.015838,0.019087,0.017392,0.015241
2021-04-07,0.018402,0.014563,0.01819,0.015306,0.016529,0.020676,0.016009,0.018872,0.016537,0.015264
2021-04-08,0.016685,0.014509,0.018218,0.015298,0.016412,0.020421,0.015856,0.018847,0.016586,0.015277
2021-04-09,0.016104,0.012706,0.016505,0.0148,0.016592,0.018784,0.01422,0.017472,0.014824,0.014466
2021-04-12,0.017163,0.013605,0.017385,0.015012,0.016708,0.020289,0.014066,0.020886,0.016039,0.015821
2021-04-13,0.017326,0.015367,0.018067,0.014835,0.016626,0.021848,0.014558,0.022298,0.016508,0.015891
2021-04-14,0.014745,0.015053,0.017844,0.013896,0.016632,0.020649,0.014444,0.021483,0.016407,0.015891
2021-04-15,0.014797,0.016432,0.018088,0.014644,0.016629,0.021164,0.014316,0.021297,0.015965,0.015985
2021-04-16,0.014774,0.016266,0.017955,0.014539,0.016646,0.021075,0.014119,0.020749,0.016047,0.015996
2021-04-19,0.014813,0.016423,0.018015,0.014357,0.016556,0.021163,0.014754,0.020791,0.015541,0.016124
2021-04-20,0.01481,0.016291,0.017194,0.014392,0.016892,0.020364,0.014734,0.020791,0.015998,0.016221
2021-04-21,0.014834,0.01626,0.017207,0.014048,0.016787,0.020359,0.014671,0.020789,0.015781,0.016185
2021-04-22,0.014871,0.016344,0.017839,0.014048,0.017284,0.021595,0.014671,0.021346,0.015836,0.01633
2021-04-23,0.014572,0.016333,0.017848,0.014192,0.017515,0.021482,0.014947,0.021223,0.01587,0.016295
2021-04-26,0.014956,0.016341,0.017717,0.014272,0.01794,0.022488,0.015037,0.021711,0.015791,0.016294
2021-04-27,0.015857,0.016235,0.018302,0.014212,0.017816,0.022463,0.01505,0.022234,0.017002,0.016148
2021-04-28,0.015439,0.016243,0.018898,0.01425,0.017787,0.023384,0.015216,0.022415,0.016777,0.015947
2021-04-29,0.015089,0.015569,0.018898,0.012592,0.017734,0.023065,0.015225,0.022497,0.016875,0.0146
2021-04-30,0.013708,0.016284,0.020274,0.012562,0.016558,0.023887,0.015281,0.022572,0.016911,0.013761
2021-05-03,0.01396,0.015524,0.020018,0.012025,0.016771,0.023516,0.016957,0.022534,0.016877,0.013416
2021-05-04,0.014173,0.015524,0.019809,0.012388,0.01671,0.023245,0.017134,0.022324,0.016862,0.013204
2021-05-05,0.013845,0.015748,0.019809,0.012305,0.016668,0.022628,0.017111,0.021554,0.016265,0.012538
2021-05-06,0.013059,0.015405,0.019738,0.012293,0.015206,0.022644,0.015987,0.021419,0.016263,0.01217
2021-05-07,0.013053,0.015448,0.01948,0.012365,0.013871,0.022577,0.015476,0.021439,0.015809,0.012434
2021-05-10,0.013056,0.015458,0.019501,0.012502,0.013937,0.022624,0.015484,0.021506,0.01743,0.012437
2021-05-11,0.01262,0.014518,0.017773,0.010467,0.012681,0.02234,0.015575,0.02148,0.017152,0.012011
2021-05-12,0.012548,0.0146,0.016466,0.010258,0.013583,0.022634,0.015678,0.021462,0.01715,0.011403
2021-05-13,0.012385,0.014588,0.016463,0.00994,0.013395,0.022311,0.015668,0.021223,0.016781,0.011273
2021-05-14,0.012659,0.014723,0.01651,0.010008,0.013957,0.022323,0.015689,0.021525,0.017301,0.014154
2021-05-17,0.012632,0.014055,0.017524,0.00957,0.013813,0.02242,0.016012,0.022754,0.01692,0.012713
2021-05-18,0.012884,0.014017,0.018076,0.009728,0.013534,0.022398,0.016633,0.022674,0.017397,0.012902
2021-05-19,0.012796,0.013998,0.018226,0.009292,0.013573,0.022356,0.016539,0.022374,0.017494,0.012997
2021-05-20,0.012837,0.013698,0.018422,0.00917,0.013609,0.022486,0.016709,0.022286,0.017402,0.013003
2021-05-21,0.012751,0.013784,0.020085,0.009492,0.012639,0.023057,0.017122,0.023379,0.017318,0.013152
2021-05-24,0.010921,0.013242,0.018603,0.009368,0.012734,0.020743,0.015343,0.019236,0.015619,0.011432
2021-05-25,0.011006,0.01095,0.018672,0.008951,0.012761,0.019689,0.014547,0.01846,0.015226,0.011067
2021-05-26,0.011018,0.011243,0.018678,0.01022,0.012802,0.019668,0.014547,0.018432,0.015409,0.011072
2021-05-27,0.010974,0.009021,0.018325,0.008965,0.012918,0.019293,0.014622,0.018843,0.015425,0.010917
2021-05-28,0.015353,0.009161,0.018463,0.00889,0.012916,0.019285,0.014689,0.018822,0.015243,0.010962
2021-05-31,0.015787,0.009006,0.018324,0.008839,0.01296,0.019582,0.014431,0.017759,0.013529,0.011116
2021-06-01,0.015763,0.008953,0.018059,0.008733,0.01275,0.02007,0.014399,0.017679,0.013334,0.011
2021-06-02,0.01585,0.009064,0.018112,0.008836,0.012751,0.0201,0.01445,0.017594,0.013364,0.012368
2021-06-03,0.015846,0.008952,0.017804,0.008922,0.012207,0.019241,0.014475,0.017475,0.014044,0.012205
2021-06-04,0.016007,0.008929,0.017962,0.008556,0.011861,0.0191,0.014168,0.017895,0.013974,0.012196
2021-06-07,0.015987,0.009166,0.017895,0.008493,0.011085,0.018088,0.014123,0.017813,0.014026,0.012399
2021-06-08,0.015569,0.009046,0.017571,0.008933,0.011093,0.018124,0.014363,0.017855,0.013093,0.012515
2021-06-09,0.016058,0.009024,0.016912,0.008907,0.010881,0.016979,0.014153,0.017705,0.013705,0.012575
2021-06-10,0.015938,0.009025,0.016902,0.008939,0.011042,0.017012,0.014211,0.017797,0.013387,0.012695
2021-06-11,0.015813,0.007989,0.015006,0.00926,0.010279,0.015786,0.014217,0.017433,0.013276,0.012653
2021-06-14,0.01539,0.007986,0.015053,0.009326,0.009419,0.015719,0.011949,0.017228,0.01329,0.012546
2021-06-15,0.01457,0.008077,0.014597,0.008588,0.009666,0.015774,0.01185,0.017291,0.013283,0.012452
2021-06-16,0.015136,0.007723,0.014563,0.008532,0.009682,0.015601,0.011678,0.017499,0.013644,0.012391
2021-06-17,0.015145,0.007973,0.014792,0.008349,0.009692,0.015727,0.011944,0.017842,0.013679,0.012569
2021-06-18,0.015123,0.008071,0.014782,0.00813,0.010728,0.015749,0.01204,0.018348,0.013833,0.012442
2021-06-21,0.01505,0.008233,0.014799,0.007805,0.010839,0.015662,0.011941,0.018449,0.012168,0.012445
2021-06-22,0.015167,0.008158,0.014623,0.007555,0.010716,0.015616,0.011923,0.0185,0.012556,0.012349
2021-06-23,0.015127,0.008207,0.014595,0.007676,0.008935,0.014982,0.011789,0.018507,0.012893,0.01238
2021-06-24,0.015979,0.010099,0.014748,0.009673,0.008927,0.01517,0.011881,0.018557,0.013152,0.012407
2021-06-25,0.016629,0.009706,0.014594,0.009336,0.008919,0.01566,0.012151,0.018429,0.012812,0.009491
2021-06-28,0.016676,0.010157,0.013019,0.009421,0.008936,0.013597,0.01174,0.015109,0.012188,0.009568
2021-06-29,0.016528,0.010143,0.012226,0.009645,0.009174,0.013684,0.011097,0.015362,0.011678,0.009319
2021-06-30,0.016605,0.010103,0.011987,0.009585,0.009257,0.013758,0.010755,0.015447,0.011586,0.00911
2021-07-01,0.016608,0.009956,0.011587,0.010165,0.00912,0.013591,0.010475,0.015437,0.011664,0.009085
2021-07-02,0.01673,0.010036,0.008193,0.010106,0.009065,0.011903,0.009842,0.013542,0.011697,0.00892
2021-07-05,0.01666,0.010055,0.008261,0.009929,0.008742,0.012022,0.009746,0.013127,0.011576,0.008722
2021-07-06,0.016674,0.010418,0.008684,0.010325,0.009064,0.012013,0.009773,0.013222,0.011567,0.008765
2021-07-07,0.01677,0.01015,0.008675,0.009531,0.00906,0.012042,0.009846,0.013258,0.011329,0.008843
2021-07-08,0.016885,0.010157,0.009026,0.009608,0.009172,0.012515,0.009733,0.012848,0.011462,0.00896
2021-07-09,0.013003,0.010349,0.00899,0.009613,0.009141,0.012284,0.010358,0.012772,0.011444,0.008816
2021-07-12,0.011648,0.010363,0.00904,0.009927,0.009119,0.011088,0.009854,0.012829,0.011354,0.008115
2021-07-13,0.011717,0.010362,0.009226,0.009859,0.009085,0.011797,0.009834,0.012354,0.011421,0.008118
2021-07-14,0.011368,0.010352,0.009183,0.010152,0.009278,0.011784,0.009763,0.012217,0.011946,0.006517
2021-07-15,0.011322,0.010347,0.009341,0.010138,0.009284,0.011798,0.009848,0.011897,0.013262,0.006786
2021-07-16,0.01162,0.010364,0.009008,0.010729,0.009094,0.011766,0.011292,0.011653,0.012958,0.006909
2021-07-19,0.011152,0.010138,0.010982,0.010978,0.009128,0.011756,0.011268,0.011672,0.012844,0.006524
2021-07-20,0.011128,0.010164,0.011328,0.010698,0.009206,0.012303,0.011478,0.01186,0.013012,0.0063
2021-07-21,0.010702,0.010164,0.011327,0.010711,0.009196,0.012162,0.011283,0.011602,0.012442,0.006221
2021-07-22,0.010971,0.010138,0.011355,0.011483,0.010098,0.012736,0.013402,0.010566,0.013661,0.005692
2021-07-23,0.010473,0.009578,0.011346,0.011267,0.010176,0.013805,0.013322,0.010954,0.013995,0.00734
2021-07-26,0.01025,0.009606,0.01136,0.011232,0.010132,0.013799,0.013396,0.011204,0.014097,0.007412
2021-07-27,0.010309,0.009611,0.011289,0.011212,0.009894,0.013552,0.013411,0.011582,0.014089,0.007749
2021-07-28,0.010021,0.00963,0.011593,0.011209,0.009934,0.01353,0.016127,0.01164,0.013787,0.007729
2021-07-29,0.010172,0.009265,0.011405,0.011158,0.01008,0.013307,0.015817,0.013239,0.013759,0.007953
2021-07-30,0.010145,0.009329,0.011313,0.011211,0.008576,0.013377,0.015645,0.013493,0.013614,0.007953
2021-08-02,0.010768,0.009788,0.011237,0.011346,0.008125,0.013399,0.015669,0.013239,0.013524,0.008217
2021-08-03,0.010903,0.010379,0.01137,0.011513,0.009257,0.013517,0.016242,0.014001,0.013194,0.008496
2021-08-04,0.010958,0.01015,0.012072,0.011462,0.009259,0.014483,0.016359,0.014517,0.012963,0.008512
2021-08-05,0.010515,0.007871,0.012047,0.009479,0.009284,0.014875,0.017708,0.015904,0.012721,0.010185
2021-08-06,0.010401,0.008013,0.012036,0.009394,0.008942,0.0145,0.017769,0.015392,0.012807,0.010169
2021-08-09,0.010328,0.007697,0.012092,0.009444,0.00896,0.014526,0.017971,0.015397,0.012853,0.010064
2021-08-10,0.010373,0.00772,0.0121,0.009405,0.008553,0.014146,0.018747,0.01552,0.012907,0.010706
2021-08-11,0.010498,0.007736,0.012191,0.009258,0.008495,0.013997,0.018787,0.015489,0.012838,0.010754
2021-08-12,0.010454,0.007741,0.012132,0.008859,0.008473,0.014054,0.018668,0.015493,0.013419,0.010754
2021-08-13,0.010547,0.009756,0.012446,0.009066,0.008503,0.013897,0.018898,0.015492,0.014049,0.010916
2021-08-16,0.010657,0.009744,0.012334,0.009133,0.008643,0.013851,0.018947,0.015318,0.014057,0.010904
2021-08-17,0.010445,0.009802,0.01152,0.009433,0.009539,0.013879,0.01925,0.015336,0.014262,0.010965
2021-08-18,0.01036,0.009802,0.011501,0.00955,0.009517,0.014388,0.019362,0.015279,0.014296,0.010931
2021-08-19,0.010213,0.009704,0.011281,0.009508,0.009152,0.01387,0.019219,0.014875,0.014086,0.010786
2021-08-20,0.010253,0.009081,0.011051,0.009526,0.013332,0.014022,0.019365,0.015897,0.014933,0.010758
2021-08-23,0.010259,0.009531,0.010929,0.009198,0.013308,0.013902,0.019173,0.015861,0.015055,0.011039
2021-08-24,0.010318,0.009683,0.011509,0.009505,0.013278,0.01327,0.019235,0.0163,0.015218,0.011044
2021-08-25,0.01029,0.009775,0.011502,0.009,0.013098,0.013316,0.019485,0.016274,0.014927,0.010879
2021-08-26,0.01045,0.009714,0.011245,0.00911,0.013104,0.013423,0.021148,0.016416,0.012839,0.01083
2021-08-27,0.010216,0.009738,0.01128,0.008784,0.013102,0.013217,0.02067,0.016441,0.013683,0.010791
2021-08-30,0.010572,0.009799,0.009441,0.008676,0.013033,0.013494,0.021795,0.017098,0.013813,0.010958
2021-08-31,0.010633,0.010331,0.008616,0.008672,0.013092,0.012704,0.024164,0.016884,0.013612,0.011288
2021-09-01,0.010624,0.011221,0.008638,0.009402,0.013073,0.012693,0.024131,0.016954,0.013654,0.011415
2021-09-02,0.010599,0.012307,0.008658,0.008365,0.012563,0.012256,0.023415,0.016952,0.012413,0.011415
2021-09-03,0.012532,0.012267,0.008804,0.008401,0.012729,0.011074,0.023661,0.01671,0.011835,0.010374
2021-09-06,0.012218,0.012116,0.008836,0.008784,0.012605,0.011136,0.023624,0.016521,0.011658,0.010379
2021-09-07,0.011849,0.012295,0.008836,0.009259,0.012571,0.011234,0.023714,0.0163,0.011762,0.010362
2021-09-08,0.011683,0.012683,0.008117,0.009437,0.012572,0.011123,0.022347,0.016205,0.01193,0.010371
2021-09-09,0.011775,0.01263,0.00825,0.009396,0.012163,0.011099,0.022651,0.014618,0.01193,0.010032
2021-09-10,0.011512,0.012377,0.00826,0.009343,0.012152,0.010977,0.022479,0.014043,0.011928,0.009961
2021-09-13,0.012362,0.01232,0.008461,0.009094,0.012402,0.011539,0.022487,0.013982,0.011868,0.009837
2021-09-14,0.012396,0.012054,0.008504,0.008777,0.01224,0.011319,0.022201,0.013041,0.011946,0.009719
2021-09-15,0.01238,0.012122,0.007752,0.009116,0.012121,0.009469,0.023074,0.013151,0.012001,0.009628
2021-09-16,0.012621,0.012616,0.007552,0.009192,0.01195,0.009449,0.02235,0.014214,0.012001,0.014625
2021-09-17,0.012262,0.013418,0.00787,0.009277,0.012609,0.009547,0.022325,0.014518,0.011809,0.014565
2021-09-20,0.012123,0.013463,0.008321,0.009193,0.013349,0.009858,0.022084,0.016072,0.011778,0.014619
2021-09-21,0.012123,0.013498,0.008396,0.009642,0.013294,0.009848,0.021265,0.015772,0.011758,0.015028
2021-09-22,0.012051,0.013527,0.008546,0.009646,0.013592,0.009907,0.021241,0.015765,0.011812,0.014907
2021-09-23,0.012477,0.01353,0.009491,0.009923,0.013612,0.010316,0.021262,0.016347,0.012504,0.014988
2021-09-24,0.01239,0.012435,0.009706,0.009876,0.014001,0.010381,0.021144,0.016759,0.011608,0.015437
2021-09-27,0.012495,0.012648,0.009994,0.010862,0.014352,0.010475,0.02114,0.01664,0.011976,0.015397
2021-09-28,0.012391,0.012519,0.00984,0.010682,0.013858,0.011019,0.022269,0.016575,0.01177,0.015302
2021-09-29,0.01263,0.012521,0.010216,0.010684,0.014211,0.010638,0.022236,0.017522,0.011909,0.015276
2021-09-30,0.012693,0.012572,0.010213,0.010817,0.014216,0.010909,0.022346,0.017836,0.012116,0.015431
2021-10-01,0.012336,0.012826,0.010359,0.010853,0.010496,0.010951,0.022446,0.01671,0.011169,0.015473
2021-10-04,0.012409,0.012395,0.010317,0.010959,0.010552,0.011119,0.022373,0.017173,0.011105,0.015155
2021-10-05,0.012692,0.012579,0.009568,0.010949,0.010641,0.010719,0.022682,0.01692,0.010831,0.015276
2021-10-06,0.013469,0.012494,0.009783,0.010986,0.010752,0.010872,0.022654,0.017264,0.01103,0.015673
2021-10-07,0.013394,0.013018,0.009796,0.011166,0.010724,0.011203,0.020891,0.016986,0.011128,0.0155
2021-10-08,0.014667,0.01296,0.009812,0.01157,0.010879,0.011205,0.020843,0.016998,0.010229,0.015598
2021-10-11,0.014642,0.017614,0.010152,0.01205,0.010861,0.010901,0.019783,0.016985,0.010077,0.016138
2021-10-12,0.014504,0.017134,0.010089,0.012026,0.010786,0.01087,0.015461,0.017609,0.010011,0.01609
2021-10-13,0.014523,0.016801,0.010117,0.011897,0.010926,0.010875,0.01547,0.017631,0.010499,0.016686
2021-10-14,0.014492,0.015666,0.011309,0.011857,0.00978,0.011711,0.015534,0.017807,0.011106,0.017201
2021-10-15,0.012875,0.015658,0.011152,0.011799,0.009582,0.011709,0.01532,0.017826,0.01111,0.01724
2021-10-18,0.012697,0.015786,0.011269,0.013983,0.009524,0.012511,0.015354,0.017899,0.011118,0.017321
2021-10-19,0.012724,0.015723,0.011383,0.013963,0.011877,0.012441,0.014764,0.018379,0.012272,0.021601
2021-10-20,0.012957,0.015657,0.011559,0.014049,0.012454,0.012432,0.016339,0.018721,0.012884,0.02156
2021-10-21,0.014218,0.016024,0.011484,0.015022,0.012483,0.012606,0.016054,0.018713,0.012898,0.02169
2021-10-22,0.014209,0.016074,0.011476,0.015486,0.012541,0.012617,0.016065,0.018713,0.013023,0.022764
2021-10-25,0.013619,0.015763,0.01171,0.015551,0.012549,0.022802,0.016004,0.018701,0.013083,0.022972
2021-10-26,0.014048,0.015554,0.011677,0.015573,0.012529,0.023091,0.016051,0.018712,0.012899,0.023036
2021-10-27,0.014373,0.015076,0.011759,0.015567,0.012626,0.023078,0.013813,0.01841,0.012842,0.023036
2021-10-28,0.014209,0.015257,0.013058,0.015779,0.012625,0.024605,0.014089,0.018241,0.013142,0.022152
2021-10-29,0.014655,0.015,0.012874,0.016225,0.012462,0.024481,0.013874,0.017698,0.014088,0.022193
2021-11-01,0.014657,0.015783,0.012835,0.016601,0.011008,0.024248,0.015737,0.01649,0.01427,0.022308
2021-11-02,0.014959,0.015616,0.012783,0.016272,0.011025,0.024291,0.015736,0.016518,0.014303,0.021379
2021-11-03,0.014926,0.01564,0.012943,0.016278,0.010985,0.024477,0.016194,0.01651,0.015872,0.021395
2021-11-04,0.014288,0.01568,0.012299,0.016053,0.011096,0.024351,0.016206,0.01613,0.014829,0.02174
2021-11-05,0.014276,0.015676,0.011734,0.01588,0.011005,0.024338,0.015855,0.015425,0.014825,0.021564
2021-11-08,0.013935,0.015639,0.011426,0.015545,0.010936,0.024322,0.015997,0.015781,0.014405,0.021754
2021-11-09,0.013903,0.01548,0.011802,0.015057,0.010831,0.024042,0.014509,0.015717,0.014421,0.021757
2021-11-10,0.013977,0.015456,0.011727,0.015063,0.010786,0.02398,0.015501,0.015016,0.014207,0.021833
2021-11-11,0.013961,0.015468,0.011743,0.014944,0.010692,0.023978,0.015524,0.015773,0.014171,0.021796
2021-11-12,0.01421,0.015544,0.011693,0.015574,0.011059,0.023801,0.015401,0.015718,0.014212,0.021922
2021-11-15,0.014082,0.015447,0.0117,0.015541,0.011252,0.023808,0.015508,0.015382,0.014317,0.022284
2021-11-16,0.014177,0.015092,0.01167,0.015502,0.011064,0.023934,0.015017,0.016082,0.014302,0.022332
2021-11-17,0.014292,0.015139,0.011541,0.015318,0.011041,0.023822,0.015108,0.015714,0.013982,0.02235
2021-11-18,0.014277,0.014558,0.011616,0.015298,0.011104,0.023657,0.015205,0.015785,0.015209,0.02239
2021-11-19,0.012166,0.014315,0.0116,0.014946,0.011021,0.023662,0.015194,0.015786,0.015193,0.02236
2021-11-22,0.014352,0.008869,0.011201,0.01464,0.010987,0.023769,0.016608,0.016703,0.015562,0.022389
2021-11-23,0.01445,0.008796,0.011211,0.014852,0.010678,0.023718,0.016911,0.01603,0.015639,0.022236
2021-11-24,0.014338,0.00882,0.011126,0.01532,0.010621,0.023773,0.01692,0.016017,0.01558,0.021462
2021-11-25,0.018555,0.008694,0.009505,0.015565,0.010672,0.023546,0.01685,0.015703,0.015231,0.02089
2021-11-26,0.019323,0.008696,0.010177,0.015923,0.010656,0.02464,0.018238,0.017395,0.016894,0.021507
2021-11-29,0.019501,0.009038,0.010329,0.013538,0.010607,0.0242,0.01814,0.017214,0.01693,0.020891
2021-11-30,0.01947,0.009176,0.00996,0.013268,0.008102,0.024205,0.018431,0.016962,0.015781,0.017816
2021-12-01,0.020147,0.009483,0.010132,0.013163,0.007194,0.024475,0.017081,0.017442,0.0155,0.017825
2021-12-02,0.019597,0.009208,0.010593,0.012758,0.007566,0.024369,0.016891,0.01741,0.015505,0.018148
2021-12-03,0.020255,0.008996,0.010573,0.012302,0.008066,0.024374,0.017319,0.017446,0.015491,0.017434
2021-12-06,0.020435,0.010521,0.010396,0.012984,0.00848,0.01271,0.018147,0.017562,0.015589,0.017522
2021-12-07,0.019968,0.010767,0.01089,0.013048,0.008617,0.01462,0.018103,0.018065,0.015621,0.017475
2021-12-08,0.020174,0.010946,0.011521,0.013523,0.008315,0.01547,0.018527,0.018882,0.015797,0.017839
2021-12-09,0.020383,0.010343,0.010656,0.013249,0.008306,0.013502,0.018196,0.017875,0.016432,0.016886
2021-12-10,0.019945,0.010306,0.010612,0.012578,0.008306,0.013499,0.018172,0.01803,0.015621,0.016779
2021-12-13,0.020248,0.009669,0.010257,0.01226,0.008459,0.013491,0.01679,0.01743,0.015458,0.016621
2021-12-14,0.0202,0.009679,0.010265,0.012268,0.008491,0.013569,0.017035,0.01726,0.015344,0.017293
2021-12-15,0.020176,0.010113,0.009941,0.012437,0.008497,0.013251,0.016692,0.017098,0.013481,0.017498
2021-12-16,0.020301,0.010096,0.009781,0.013001,0.008445,0.013462,0.016707,0.017052,0.013351,0.017186
2021-12-17,0.020817,0.010095,0.0102,0.013868,0.010338,0.013755,0.017169,0.017621,0.013585,0.017641
2021-12-20,0.021298,0.010203,0.011459,0.01382,0.010917,0.014377,0.017089,0.018724,0.014199,0.017931
2021-12-21,0.021458,0.010514,0.011477,0.013858,0.010935,0.014598,0.017264,0.018475,0.014405,0.017934
2021-12-22,0.021856,0.010467,0.011413,0.013888,0.010776,0.015023,0.016977,0.019134,0.015128,0.017802
2021-12-23,0.021846,0.010553,0.011409,0.014159,0.010866,0.014902,0.016969,0.018849,0.015076,0.018503
2021-12-24,0.021626,0.010411,0.011367,0.013375,0.01058,0.014834,0.01642,0.018854,0.014878,0.018331
2021-12-27,0.021619,0.010394,0.011499,0.013368,0.010442,0.015055,0.016394,0.018852,0.014879,0.017745
2021-12-28,0.021411,0.010397,0.011597,0.013495,0.010422,0.014927,0.01642,0.01857,0.015256,0.017861
2021-12-29,0.02108,0.010223,0.01148,0.013481,0.010377,0.01492,0.016277,0.018638,0.015259,0.017627
2021-12-30,0.021298,0.009954,0.011472,0.013431,0.010483,0.01491,0.016268,0.018449,0.014359,0.0176
2021-12-31,0.021318,0.009947,0.011748,0.013455,0.010875,0.014966,0.016333,0.018908,0.014394,0.017741
2022-01-03,0.019891,0.01041,0.012519,0.013231,0.01085,0.015976,0.014678,0.018471,0.014239,0.017139
2022-01-04,0.020231,0.01072,0.012562,0.012917,0.011291,0.016078,0.014076,0.018986,0.014153,0.017164
2022-01-05,0.020022,0.010723,0.013268,0.013311,0.011228,0.016337,0.014116,0.019296,0.013939,0.016924
2022-01-06,0.017161,0.011191,0.013604,0.013457,0.011204,0.016173,0.014342,0.019272,0.014091,0.016674
2022-01-07,0.016172,0.011286,0.012869,0.012956,0.011268,0.014363,0.013053,0.017643,0.012105,0.015694
2022-01-10,0.016025,0.011065,0.012841,0.013352,0.011285,0.014669,0.01305,0.017976,0.012691,0.016117
2022-01-11,0.015823,0.011089,0.012792,0.013294,0.011235,0.014577,0.0128,0.01782,0.012658,0.016156
2022-01-12,0.015883,0.011376,0.012816,0.013391,0.011072,0.014498,0.014572,0.017011,0.012572,0.016158
2022-01-13,0.015874,0.011079,0.013064,0.013108,0.010684,0.014348,0.014342,0.01701,0.013034,0.015915
2022-01-14,0.014765,0.011426,0.013123,0.013219,0.010946,0.014271,0.01417,0.016967,0.013129,0.015643
2022-01-17,0.01424,0.009884,0.013388,0.012211,0.010669,0.014064,0.013186,0.016641,0.012902,0.015374
2022-01-18,0.014444,0.009937,0.013154,0.012441,0.010761,0.012834,0.013736,0.016446,0.013844,0.015566
2022-01-19,0.01423,0.010515,0.012751,0.013126,0.01165,0.012741,0.013345,0.015802,0.01371,0.015132
2022-01-20,0.014372,0.011356,0.012407,0.013897,0.012233,0.012741,0.0137,0.015853,0.012926,0.012286
2022-01-21,0.014372,0.011265,0.012496,0.014458,0.013333,0.012855,0.014627,0.016073,0.013735,0.012281
2022-01-24,0.015774,0.011622,0.013123,0.015261,0.013536,0.012905,0.014566,0.016178,0.014746,0.01288
2022-01-25,0.015617,0.011619,0.013086,0.015313,0.013927,0.012887,0.015393,0.017822,0.014923,0.012454
2022-01-26,0.015607,0.011215,0.013084,0.015201,0.013926,0.012745,0.01528,0.017735,0.014866,0.011993
2022-01-27,0.015643,0.012807,0.013178,0.015303,0.014128,0.012514,0.015289,0.018235,0.014923,0.011982
2022-01-28,0.014879,0.012948,0.012839,0.014315,0.012615,0.012495,0.01472,0.017475,0.014727,0.01161
2022-01-31,0.014482,0.013001,0.011624,0.01534,0.01225,0.011415,0.01476,0.015968,0.013847,0.010757
2022-02-01,0.014289,0.013104,0.011534,0.015782,0.012508,0.012051,0.014801,0.016099,0.015528,0.012328
2022-02-02,0.013636,0.013288,0.012186,0.015805,0.012616,0.011788,0.014102,0.015889,0.015065,0.012671
2022-02-03,0.01385,0.013357,0.012385,0.016122,0.012726,0.011872,0.014014,0.015856,0.015831,0.012057
2022-02-04,0.013931,0.013378,0.012365,0.016106,0.012739,0.011848,0.014009,0.016177,0.015725,0.012071
2022-02-07,0.013969,0.013479,0.014166,0.016259,0.013321,0.012679,0.014519,0.01617,0.016914,0.012589
2022-02-08,0.014149,0.013603,0.014139,0.016051,0.013317,0.012708,0.014495,0.016245,0.016613,0.012471
2022-02-09,0.014318,0.013604,0.014783,0.016272,0.013369,0.012837,0.014643,0.01582,0.016661,0.012133
2022-02-10,0.013916,0.013483,0.015101,0.01669,0.013284,0.012825,0.014663,0.015686,0.016675,0.012152
2022-02-11,0.013907,0.01399,0.014995,0.017311,0.013089,0.013387,0.014873,0.016192,0.016899,0.012083
2022-02-14,0.013916,0.013552,0.015164,0.0176,0.013254,0.014916,0.016229,0.019,0.018047,0.013691
2022-02-15,0.014708,0.013808,0.01614,0.018857,0.013905,0.015779,0.017164,0.020186,0.019762,0.013953
2022-02-16,0.014679,0.013768,0.015498,0.018211,0.013832,0.015591,0.017336,0.020237,0.019765,0.01396
2022-02-17,0.014328,0.013601,0.015269,0.018065,0.013878,0.015892,0.017195,0.020297,0.019678,0.013846
2022-02-18,0.014331,0.013417,0.015226,0.018135,0.013725,0.015734,0.017167,0.020299,0.019655,0.013865
2022-02-21,0.014446,0.013792,0.015239,0.017911,0.013767,0.015186,0.017184,0.019859,0.019128,0.013697
2022-02-22,0.014391,0.015003,0.015258,0.017907,0.013872,0.015184,0.01741,0.020443,0.019168,0.01391
2022-02-23,0.013446,0.014861,0.015264,0.017766,0.013835,0.014812,0.015935,0.020377,0.019205,0.013927
2022-02-24,0.015952,0.01661,0.017855,0.01869,0.015405,0.017057,0.018034,0.022442,0.019471,0.015224
2022-02-25,0.016202,0.017655,0.018427,0.018451,0.015053,0.018342,0.018632,0.022858,0.019417,0.016005
2022-02-28,0.017464,0.017556,0.018582,0.018621,0.014847,0.018735,0.018485,0.022738,0.019806,0.016003
2022-03-01,0.017376,0.017559,0.018539,0.018602,0.014822,0.018688,0.01818,0.022623,0.0195,0.015688
2022-03-02,0.017703,0.017369,0.019556,0.018044,0.014293,0.019548,0.018264,0.022536,0.019667,0.015692
2022-03-03,0.017497,0.016984,0.019548,0.017786,0.014612,0.019823,0.017951,0.022616,0.019819,0.015996
2022-03-04,0.017907,0.016975,0.01943,0.017424,0.014537,0.019902,0.017908,0.02252,0.019801,0.016629
2022-03-07,0.017668,0.016861,0.019738,0.016793,0.015564,0.021521,0.018976,0.023804,0.020708,0.015896
2022-03-08,0.017668,0.018064,0.01975,0.01717,0.014977,0.021874,0.018119,0.022251,0.020751,0.015846
2022-03-09,0.020315,0.018164,0.020826,0.017498,0.015979,0.021919,0.018289,0.022941,0.021207,0.015895
2022-03-10,0.020328,0.017209,0.02105,0.016747,0.01897,0.022198,0.018343,0.023477,0.021723,0.015972
2022-03-11,0.020328,0.017106,0.021033,0.016769,0.018965,0.022118,0.018204,0.023479,0.021719,0.016103
2022-03-14,0.020002,0.017097,0.021737,0.017272,0.019137,0.022712,0.017904,0.023629,0.021795,0.016091
2022-03-15,0.02045,0.016904,0.021787,0.017786,0.018898,0.02197,0.017871,0.023594,0.02005,0.015075
2022-03-16,0.02068,0.016999,0.021586,0.018364,0.019114,0.022216,0.01803,0.023597,0.02016,0.015101
2022-03-17,0.021323,0.016989,0.021942,0.017949,0.019313,0.022556,0.018236,0.023912,0.020144,0.015094
2022-03-18,0.021224,0.016989,0.02191,0.017953,0.019282,0.022565,0.018231,0.023722,0.020065,0.01509
2022-03-21,0.021219,0.017051,0.020846,0.017668,0.019386,0.022333,0.018281,0.023984,0.019474,0.014641
2022-03-22,0.021494,0.017425,0.020841,0.017899,0.01988,0.022385,0.018488,0.024037,0.019595,0.015027
2022-03-23,0.021427,0.017413,0.020446,0.017941,0.0198,0.02219,0.018658,0.023979,0.019529,0.014977
2022-03-24,0.02155,0.017509,0.020609,0.017716,0.019759,0.022342,0.018617,0.023874,0.019482,0.015009
2022-03-25,0.021541,0.017237,0.020639,0.016888,0.019727,0.022193,0.018505,0.023726,0.019399,0.015108
2022-03-28,0.021267,0.017129,0.019957,0.016201,0.01987,0.020916,0.018229,0.021842,0.018146,0.013504
2022-03-29,0.020509,0.016588,0.019295,0.015222,0.019067,0.020136,0.018131,0.019992,0.016185,0.01361
2022-03-30,0.020698,0.016651,0.019592,0.01523,0.019377,0.020457,0.018056,0.019824,0.016458,0.01437
2022-03-31,0.020877,0.016605,0.019579,0.015157,0.019584,0.020214,0.01802,0.019792,0.016425,0.014351
2022-04-01,0.020801,0.016626,0.020086,0.014967,0.019838,0.020276,0.017962,0.020556,0.016549,0.014328
2022-04-04,0.020648,0.016221,0.027154,0.015068,0.020444,0.0204,0.018016,0.020576,0.01693,0.013719
2022-04-05,0.020853,0.01481,0.027735,0.0153,0.020424,0.02042,0.017721,0.019998,0.016856,0.013313
2022-04-06,0.020806,0.015087,0.02856,0.015711,0.020425,0.020354,0.017776,0.020051,0.01675,0.013354
2022-04-07,0.018683,0.012823,0.026948,0.014088,0.019241,0.018081,0.015488,0.017327,0.015648,0.011453
2022-04-08,0.018759,0.011284,0.026592,0.014023,0.019301,0.017215,0.014935,0.01696,0.01554,0.012805
2022-04-11,0.018007,0.011188,0.026396,0.014838,0.019379,0.016984,0.014974,0.016979,0.015819,0.012901
2022-04-12,0.018456,0.011197,0.026403,0.01508,0.019554,0.017004,0.01565,0.017012,0.016172,0.013224
2022-04-13,0.01831,0.011306,0.025716,0.015009,0.019535,0.015386,0.015186,0.016603,0.015934,0.013247
2022-04-14,0.018205,0.011304,0.025704,0.0149,0.018846,0.01463,0.01515,0.016285,0.015579,0.013136
2022-04-15,0.017608,0.011233,0.025685,0.0149,0.01763,0.014258,0.014022,0.016047,0.014939,0.012584
2022-04-18,0.015947,0.013022,0.026608,0.019918,0.016028,0.010289,0.01334,0.01345,0.012446,0.012506
2022-04-19,0.017041,0.011817,0.027603,0.020337,0.017162,0.0101,0.013381,0.013417,0.012775,0.014273
2022-04-20,0.015225,0.012584,0.02699,0.020211,0.017138,0.010668,0.013742,0.012942,0.012387,0.014411
2022-04-21,0.015465,0.013132,0.026973,0.020581,0.014622,0.010557,0.013743,0.011457,0.011957,0.014337
2022-04-22,0.015657,0.01311,0.027078,0.020804,0.015861,0.011382,0.013701,0.013004,0.012141,0.014063
2022-04-25,0.016446,0.013307,0.026387,0.019302,0.015713,0.010494,0.013657,0.011998,0.012552,0.014744
2022-04-26,0.016323,0.01309,0.02632,0.01918,0.016061,0.010493,0.014185,0.012597,0.01351,0.014844
2022-04-27,0.016198,0.012695,0.026105,0.018326,0.015825,0.011179,0.014117,0.012759,0.013614,0.014564
2022-04-28,0.015464,0.012727,0.025727,0.018753,0.017596,0.01105,0.013973,0.012864,0.014022,0.014665
2022-04-29,0.015684,0.01285,0.025816,0.018745,0.01762,0.011111,0.014154,0.013506,0.014226,0.014736
2022-05-02,0.01564,0.012667,0.025952,0.018839,0.016925,0.010821,0.01358,0.012997,0.013972,0.014874
2022-05-03,0.015105,0.012021,0.025923,0.018305,0.015893,0.010688,0.013323,0.012944,0.013806,0.014443
2022-05-04,0.016363,0.012348,0.026548,0.018311,0.016714,0.011531,0.013667,0.013573,0.014561,0.014622
2022-05-05,0.016623,0.012335,0.026216,0.01948,0.016649,0.010939,0.013704,0.013517,0.014559,0.01457
2022-05-06,0.016658,0.012811,0.026569,0.019857,0.016682,0.011151,0.013881,0.013535,0.014516,0.014812
2022-05-09,0.018038,0.012852,0.026571,0.020325,0.016942,0.011044,0.012387,0.013574,0.014508,0.014877
2022-05-10,0.018274,0.012848,0.026632,0.020216,0.017673,0.01097,0.011209,0.013557,0.014481,0.014948
2022-05-11,0.017894,0.012756,0.02642,0.020081,0.017651,0.010198,0.011207,0.013578,0.014531,0.014704
2022-05-12,0.018063,0.012725,0.026667,0.020029,0.017631,0.011176,0.011843,0.014511,0.015201,0.014826
2022-05-13,0.018143,0.012669,0.026169,0.020019,0.018037,0.011907,0.0123,0.014741,0.01497,0.015263
2022-05-16,0.01812,0.012695,0.017509,0.020015,0.017625,0.011673,0.012052,0.015422,0.01434,0.015543
2022-05-17,0.019749,0.013257,0.017189,0.020607,0.017727,0.013981,0.01278,0.016411,0.01645,0.017101
2022-05-18,0.019765,0.013055,0.016287,0.020506,0.018059,0.013986,0.012687,0.016548,0.016477,0.017151
2022-05-19,0.019947,0.015848,0.016234,0.022313,0.018169,0.014419,0.013465,0.016875,0.016504,0.017948
2022-05-20,0.022507,0.01602,0.017204,0.022802,0.01872,0.015357,0.014165,0.018205,0.018441,0.016419
2022-05-23,0.02254,0.016137,0.017214,0.022683,0.018967,0.015284,0.01416,0.018203,0.01848,0.016868
2022-05-24,0.022256,0.016178,0.017442,0.022761,0.019647,0.015219,0.013815,0.018236,0.018289,0.01695
2022-05-25,0.022244,0.01687,0.017302,0.02285,0.019655,0.015323,0.014184,0.018079,0.018957,0.016684
2022-05-26,0.022327,0.017379,0.018216,0.023015,0.019743,0.015902,0.014303,0.01925,0.018952,0.016686
2022-05-27,0.022348,0.017567,0.018588,0.023761,0.020071,0.016198,0.014442,0.01925,0.019558,0.016762
2022-05-30,0.023192,0.017773,0.016445,0.021946,0.020023,0.01633,0.014879,0.019262,0.020828,0.016763
2022-05-31,0.022275,0.017558,0.014856,0.020949,0.019069,0.016229,0.01483,0.019347,0.020573,0.015618
2022-06-01,0.021579,0.016906,0.0148,0.020886,0.019091,0.016025,0.01423,0.019347,0.020534,0.015515
2022-06-02,0.022096,0.016906,0.014657,0.020897,0.019063,0.015948,0.014236,0.019145,0.020382,0.015528
2022-06-03,0.02236,0.016939,0.014428,0.020678,0.017965,0.015605,0.014352,0.018491,0.02037,0.01556
2022-06-06,0.021934,0.016652,0.014383,0.020522,0.017803,0.015576,0.014348,0.018397,0.020017,0.014862
2022-06-07,0.021251,0.017015,0.014536,0.020554,0.018387,0.015816,0.013575,0.017869,0.020165,0.014758
2022-06-08,0.021496,0.017171,0.014548,0.020321,0.018435,0.015332,0.014566,0.018,0.020051,0.015365
2022-06-09,0.02192,0.017175,0.014604,0.02008,0.016443,0.015118,0.015184,0.017577,0.019472,0.015296
2022-06-10,0.022531,0.017425,0.014941,0.020512,0.016438,0.01541,0.015112,0.017256,0.019353,0.015247
2022-06-13,0.022772,0.018916,0.015038,0.021257,0.016436,0.017337,0.015067,0.018212,0.020157,0.015624
2022-06-14,0.022873,0.018909,0.015137,0.021394,0.016567,0.017333,0.015463,0.01826,0.020253,0.015626
2022-06-15,0.022279,0.018702,0.013868,0.021487,0.01585,0.016928,0.01485,0.017908,0.019837,0.015492
2022-06-16,0.022141,0.018831,0.014307,0.020657,0.015844,0.016978,0.016475,0.018279,0.020147,0.015567
2022-06-17,0.022217,0.018643,0.01358,0.020208,0.016081,0.017051,0.016568,0.018175,0.020522,0.015345
2022-06-20,0.021261,0.018707,0.014347,0.020264,0.017447,0.016925,0.016543,0.018117,0.020595,0.015107
2022-06-21,0.021169,0.019768,0.014184,0.02084,0.016611,0.017166,0.01692,0.019485,0.020986,0.01536
2022-06-22,0.021867,0.019758,0.014177,0.020688,0.016536,0.017305,0.01706,0.019499,0.020744,0.015412
2022-06-23,0.02174,0.020414,0.013532,0.020706,0.016817,0.017012,0.017502,0.018848,0.020233,0.015222
2022-06-24,0.021793,0.020423,0.013603,0.020743,0.016676,0.016616,0.017407,0.017392,0.020202,0.014746
2022-06-27,0.021806,0.020369,0.013497,0.02112,0.016629,0.016586,0.017753,0.017104,0.020819,0.014485
2022-06-28,0.02056,0.01993,0.013553,0.020812,0.016517,0.015091,0.017344,0.01643,0.019542,0.012536
2022-06-29,0.020894,0.019976,0.013559,0.020886,0.017485,0.015204,0.017236,0.01613,0.019222,0.012538
2022-06-30,0.020421,0.017342,0.012952,0.018242,0.017355,0.014549,0.016223,0.015688,0.019041,0.011058
2022-07-01,0.021786,0.017461,0.012099,0.018029,0.017158,0.013654,0.016089,0.014532,0.017591,0.012897
2022-07-04,0.021788,0.017958,0.011818,0.017989,0.018244,0.014293,0.016258,0.014705,0.017158,0.013055
2022-07-05,0.021847,0.017894,0.011678,0.017693,0.01744,0.01427,0.016135,0.014724,0.017153,0.013236
2022-07-06,0.02188,0.017158,0.011856,0.017246,0.018755,0.014301,0.016109,0.014966,0.016184,0.013255
2022-07-07,0.021883,0.016892,0.011147,0.017198,0.018804,0.014344,0.01616,0.014013,0.017385,0.013303
2022-07-08,0.02189,0.016841,0.01063,0.016671,0.018507,0.014459,0.016115,0.014018,0.01895,0.013251
2022-07-11,0.020974,0.017586,0.010623,0.015387,0.018505,0.014676,0.018074,0.013878,0.017911,0.013252
2022-07-12,0.020904,0.01763,0.010661,0.015925,0.018824,0.014849,0.018092,0.013679,0.017928,0.013389
2022-07-13,0.021077,0.017769,0.011526,0.015685,0.018672,0.014945,0.018761,0.013682,0.017928,0.01339
2022-07-14,0.019976,0.017256,0.011495,0.015293,0.018513,0.014928,0.018744,0.013986,0.017884,0.013599
2022-07-15,0.019481,0.017178,0.011596,0.015168,0.019061,0.014865,0.018914,0.0138,0.018315,0.013625
2022-07-18,0.019629,0.017891,0.011746,0.017093,0.019076,0.015673,0.019207,0.01437,0.018785,0.013606
2022-07-19,0.01969,0.017661,0.011568,0.016884,0.017931,0.015451,0.019407,0.014573,0.017734,0.013593
2022-07-20,0.020312,0.018426,0.011788,0.017306,0.017853,0.015337,0.018476,0.014743,0.017704,0.012888
2022-07-21,0.019512,0.018386,0.011714,0.017339,0.017844,0.015335,0.018242,0.014587,0.018241,0.012815
2022-07-22,0.018943,0.018092,0.01192,0.016992,0.017855,0.01511,0.018221,0.014342,0.018146,0.012765
2022-07-25,0.019531,0.016434,0.011356,0.015571,0.017957,0.012103,0.01821,0.012397,0.016699,0.011942
2022-07-26,0.019446,0.016679,0.011124,0.016843,0.018822,0.012161,0.018039,0.01259,0.017213,0.01194
2022-07-27,0.019364,0.017252,0.011118,0.016825,0.018807,0.012152,0.018212,0.013242,0.017619,0.011718
2022-07-28,0.019496,0.01729,0.010329,0.017309,0.018829,0.01187,0.016682,0.01223,0.016912,0.011451
2022-07-29,0.019791,0.017049,0.01044,0.017519,0.01829,0.011815,0.01661,0.012421,0.015906,0.011472
2022-08-01,0.020103,0.017031,0.009668,0.017278,0.017723,0.011736,0.017278,0.011824,0.015504,0.011608
2022-08-02,0.0199,0.016084,0.009878,0.016821,0.017824,0.011853,0.017117,0.010531,0.015733,0.011183
2022-08-03,0.019088,0.016267,0.009789,0.016836,0.017863,0.0113,0.016765,0.010367,0.01532,0.010603
2022-08-04,0.018999,0.015571,0.00981,0.017124,0.017609,0.011257,0.01613,0.011006,0.015467,0.010573
2022-08-05,0.019071,0.015542,0.009613,0.017037,0.017301,0.011326,0.01604,0.011148,0.015432,0.010549
2022-08-08,0.019191,0.01551,0.01047,0.016647,0.017302,0.011327,0.01571,0.011896,0.01527,0.010383
2022-08-09,0.019036,0.015511,0.010305,0.016657,0.017288,0.011009,0.015679,0.011909,0.015295,0.010416
2022-08-10,0.018688,0.015469,0.010274,0.016629,0.015546,0.010661,0.015819,0.011903,0.015277,0.010585
2022-08-11,0.018665,0.015791,0.010443,0.016669,0.015797,0.010723,0.015875,0.012082,0.015277,0.011159
2022-08-12,0.012996,0.01566,0.010463,0.016961,0.01559,0.010658,0.015501,0.012148,0.015604,0.008918
2022-08-15,0.013007,0.014923,0.010474,0.016956,0.014016,0.010327,0.015376,0.012029,0.015641,0.007712
2022-08-16,0.012993,0.014878,0.010531,0.016841,0.014249,0.010229,0.015467,0.012199,0.015361,0.006863
2022-08-17,0.012807,0.014709,0.010358,0.016788,0.012644,0.01023,0.016001,0.011957,0.01521,0.006817
2022-08-18,0.012565,0.014714,0.009987,0.017069,0.012436,0.009843,0.015995,0.011814,0.014477,0.006843
2022-08-19,0.013168,0.014637,0.010355,0.017045,0.012909,0.010397,0.015901,0.012703,0.012585,0.007311
2022-08-22,0.013059,0.011731,0.010799,0.016403,0.012915,0.011102,0.012676,0.01319,0.013569,0.007336
2022-08-23,0.013241,0.01231,0.010608,0.01628,0.012756,0.010813,0.012815,0.01354,0.013491,0.007104
2022-08-24,0.012695,0.012069,0.009394,0.016309,0.012323,0.010569,0.011193,0.013608,0.013407,0.007249
2022-08-25,0.01272,0.012101,0.009406,0.016362,0.012382,0.01057,0.011104,0.013226,0.013588,0.006978
2022-08-26,0.012816,0.012082,0.009361,0.01636,0.011265,0.010572,0.011417,0.013228,0.013262,0.006856
2022-08-29,0.012922,0.01266,0.00977,0.016305,0.011212,0.010456,0.011595,0.013147,0.013019,0.006818
2022-08-30,0.013124,0.013409,0.011207,0.016769,0.012643,0.012013,0.011425,0.014044,0.013438,0.007689
2022-08-31,0.012308,0.012329,0.011082,0.016309,0.012403,0.012039,0.011379,0.013574,0.013453,0.007496
2022-09-01,0.013498,0.013143,0.011256,0.0165,0.012983,0.012531,0.011383,0.013545,0.012775,0.00777
2022-09-02,0.013654,0.01314,0.010639,0.01627,0.012761,0.01229,0.011389,0.013572,0.012947,0.008268
2022-09-05,0.012349,0.01314,0.010666,0.016316,0.012711,0.012376,0.011398,0.013527,0.013075,0.008719
2022-09-06,0.012437,0.012804,0.010696,0.015018,0.011662,0.01226,0.012252,0.013452,0.012534,0.008839
2022-09-07,0.012515,0.012115,0.01072,0.014804,0.011404,0.012455,0.012128,0.012679,0.011861,0.008883
2022-09-08,0.012261,0.011405,0.010756,0.013771,0.011097,0.012863,0.012193,0.013223,0.011901,0.008995
2022-09-09,0.011777,0.011514,0.010578,0.013943,0.011056,0.012861,0.012129,0.013401,0.012237,0.008964
2022-09-12,0.01097,0.011622,0.010534,0.014283,0.010637,0.012866,0.011205,0.013305,0.012253,0.008688
2022-09-13,0.011049,0.011638,0.010496,0.014295,0.010191,0.012717,0.011235,0.013058,0.012133,0.008758
2022-09-14,0.01118,0.012762,0.010606,0.016228,0.010225,0.012721,0.011244,0.013729,0.012773,0.008613
2022-09-15,0.011061,0.012707,0.010675,0.016329,0.010243,0.012626,0.01124,0.013396,0.012676,0.008691
2022-09-16,0.01166,0.013665,0.011274,0.017327,0.010362,0.012385,0.011275,0.013866,0.013317,0.00891
2022-09-19,0.011389,0.013746,0.01046,0.017495,0.011081,0.012636,0.011266,0.013541,0.012761,0.00908
2022-09-20,0.01139,0.013797,0.010651,0.017484,0.01109,0.013002,0.011347,0.013528,0.012886,0.009072
2022-09-21,0.01134,0.013898,0.01066,0.017464,0.011472,0.012861,0.011648,0.013418,0.013234,0.009191
2022-09-22,0.011419,0.013195,0.011171,0.017208,0.012257,0.013011,0.011479,0.013136,0.013216,0.008596
2022-09-23,0.011366,0.013213,0.012202,0.017105,0.012197,0.013456,0.012015,0.01427,0.013419,0.008571
2022-09-26,0.01211,0.013281,0.012418,0.017327,0.01231,0.014176,0.012782,0.014516,0.013432,0.011708
2022-09-27,0.012141,0.013454,0.012255,0.01749,0.011885,0.014232,0.012672,0.014613,0.01347,0.011711
2022-09-28,0.012757,0.013527,0.012486,0.017406,0.011662,0.014201,0.011826,0.015159,0.013462,0.013069
2022-09-29,0.012708,0.013621,0.012472,0.017352,0.011661,0.01422,0.011604,0.015117,0.012978,0.01368
2022-09-30,0.01336,0.013637,0.013563,0.017397,0.011163,0.014519,0.014161,0.014854,0.012741,0.013472
2022-10-03,0.01336,0.013609,0.013343,0.017407,0.012286,0.014301,0.014048,0.014993,0.011974,0.014214
2022-10-04,0.013514,0.014999,0.014374,0.017898,0.012428,0.014692,0.013928,0.015204,0.013146,0.014915
2022-10-05,0.013525,0.014944,0.014343,0.017903,0.012419,0.014554,0.013937,0.015166,0.013043,0.014851
2022-10-06,0.013579,0.014854,0.014447,0.018165,0.012968,0.015031,0.014843,0.015229,0.013575,0.014875
2022-10-07,0.013626,0.014977,0.014462,0.018154,0.013012,0.015042,0.014547,0.015416,0.013359,0.01499
2022-10-10,0.013681,0.014515,0.014248,0.016748,0.013015,0.014667,0.014216,0.015053,0.013227,0.015473
2022-10-11,0.013605,0.01398,0.012915,0.016941,0.0121,0.013229,0.014572,0.013937,0.012937,0.015013
2022-10-12,0.013738,0.014138,0.013002,0.016963,0.012504,0.013234,0.01465,0.014117,0.013342,0.015144
2022-10-13,0.012873,0.013413,0.013051,0.016651,0.012078,0.013328,0.01467,0.014726,0.013729,0.01506
2022-10-14,0.012763,0.013415,0.014362,0.01806,0.012101,0.013824,0.014701,0.014827,0.013921,0.014854
2022-10-17,0.012788,0.013473,0.014343,0.01813,0.012149,0.014024,0.014661,0.015903,0.013875,0.014518
2022-10-18,0.013093,0.013606,0.014334,0.018167,0.01201,0.014223,0.014329,0.017071,0.014337,0.015106
2022-10-19,0.013528,0.013611,0.014458,0.018331,0.012077,0.014167,0.014158,0.017267,0.01438,0.015368
2022-10-20,0.013538,0.013723,0.014356,0.018288,0.012109,0.013368,0.013763,0.016825,0.014276,0.01533
2022-10-21,0.013644,0.013466,0.014394,0.017741,0.012632,0.013906,0.013735,0.01667,0.014333,0.015535
2022-10-24,0.013473,0.013463,0.014711,0.017613,0.013857,0.014376,0.013748,0.016941,0.014681,0.015556
2022-10-25,0.013575,0.013447,0.01452,0.017611,0.014654,0.014375,0.013314,0.017091,0.014922,0.0155
2022-10-26,0.013455,0.011895,0.014358,0.015451,0.014625,0.01429,0.01331,0.016515,0.01452,0.015498
2022-10-27,0.013406,0.011853,0.01436,0.014424,0.014652,0.014291,0.013691,0.016517,0.014584,0.015479
2022-10-28,0.01388,0.010249,0.014014,0.012281,0.014476,0.014575,0.013604,0.016418,0.014144,0.015374
2022-10-31,0.013973,0.010306,0.014791,0.012447,0.014113,0.014428,0.013946,0.016093,0.014717,0.015279
2022-11-01,0.014058,0.010869,0.014764,0.012887,0.014174,0.013971,0.013828,0.016113,0.014609,0.01528
2022-11-02,0.014092,0.010591,0.014762,0.01306,0.014052,0.013989,0.014756,0.016079,0.014143,0.01528
2022-11-03,0.013974,0.010874,0.014233,0.013364,0.013282,0.013805,0.014844,0.016416,0.014122,0.015164
2022-11-04,0.013676,0.010685,0.013348,0.013607,0.01337,0.013089,0.014486,0.015556,0.01367,0.015155
2022-11-07,0.01265,0.010691,0.013101,0.013622,0.01337,0.012394,0.013841,0.016267,0.013631,0.013075
2022-11-08,0.012629,0.010659,0.012945,0.013583,0.01328,0.012192,0.013826,0.015981,0.013549,0.013051
2022-11-09,0.011368,0.010732,0.012427,0.013577,0.013214,0.012284,0.013885,0.015198,0.013629,0.012046
2022-11-10,0.01167,0.010421,0.012417,0.013682,0.013233,0.012175,0.013921,0.015561,0.013706,0.011713
2022-11-11,0.011698,0.011949,0.015164,0.015689,0.013238,0.011704,0.011246,0.015556,0.013676,0.01168
2022-11-14,0.011729,0.011806,0.015051,0.015347,0.012723,0.011559,0.011305,0.015267,0.013338,0.011854
2022-11-15,0.01146,0.010195,0.014378,0.014838,0.012203,0.011329,0.011607,0.014889,0.012461,0.011052
2022-11-16,0.011553,0.01021,0.014387,0.01482,0.012353,0.011324,0.011655,0.01491,0.012456,0.011082
2022-11-17,0.01155,0.010246,0.01432,0.014796,0.011918,0.010807,0.01057,0.014914,0.01206,0.010917
2022-11-18,0.011557,0.009906,0.01429,0.014751,0.012073,0.010773,0.010805,0.01457,0.012063,0.010921
2022-11-21,0.011903,0.010229,0.014261,0.015143,0.012154,0.010764,0.011118,0.014723,0.01203,0.010543
2022-11-22,0.01117,0.009762,0.014048,0.014147,0.011604,0.010426,0.01069,0.0146,0.011611,0.010585
2022-11-23,0.011189,0.009694,0.014046,0.01418,0.011207,0.010395,0.010663,0.014645,0.011311,0.010418
2022-11-24,0.011244,0.010316,0.013883,0.014788,0.011518,0.009889,0.010455,0.013696,0.010817,0.010372
2022-11-25,0.011359,0.010283,0.012988,0.013393,0.011527,0.009642,0.010413,0.013737,0.010406,0.010232
2022-11-28,0.012499,0.010265,0.013261,0.013487,0.011501,0.009284,0.010734,0.012806,0.00988,0.010236
2022-11-29,0.012234,0.01017,0.013256,0.013441,0.013986,0.009166,0.010122,0.011427,0.009593,0.009311
2022-11-30,0.01197,0.010037,0.013208,0.013129,0.014286,0.0091,0.010396,0.011134,0.009586,0.008778
2022-12-01,0.012021,0.010725,0.013083,0.013197,0.014354,0.009475,0.010254,0.011196,0.00978,0.008562
2022-12-02,0.011726,0.01088,0.013101,0.013475,0.014284,0.009025,0.010241,0.011145,0.009484,0.008401
2022-12-05,0.012171,0.010916,0.012909,0.01339,0.013091,0.008196,0.010305,0.011095,0.009123,0.0083
2022-12-06,0.011679,0.011229,0.012792,0.013839,0.012218,0.008481,0.010638,0.01126,0.008498,0.008294
2022-12-07,0.012126,0.011242,0.012796,0.01389,0.012626,0.008482,0.010636,0.011291,0.008767,0.00846
2022-12-08,0.012138,0.011408,0.012799,0.013886,0.012633,0.0087,0.010143,0.011343,0.009309,0.008498
2022-12-09,0.011357,0.01194,0.012814,0.015099,0.012649,0.008011,0.010148,0.010913,0.009461,0.008674
2022-12-12,0.011253,0.011855,0.012137,0.015085,0.012592,0.008011,0.009687,0.011002,0.008566,0.008584
2022-12-13,0.011151,0.011518,0.012046,0.014778,0.012591,0.008018,0.009893,0.011009,0.008568,0.008679
2022-12-14,0.011145,0.011572,0.012079,0.014604,0.012455,0.008309,0.008272,0.01112,0.008553,0.008199
2022-12-15,0.011468,0.011897,0.012635,0.015076,0.012471,0.008697,0.008083,0.011159,0.008741,0.008838
2022-12-16,0.011178,0.012472,0.012508,0.015101,0.012272,0.00878,0.008109,0.011561,0.00877,0.00901
2022-12-19,0.011402,0.012629,0.012477,0.01519,0.012587,0.008457,0.008893,0.009695,0.00877,0.009581
2022-12-20,0.011511,0.012862,0.012596,0.01519,0.013026,0.008488,0.009272,0.009695,0.009038,0.009578
2022-12-21,0.011811,0.012885,0.012789,0.015186,0.012885,0.009076,0.009827,0.010206,0.009069,0.008971
2022-12-22,0.011606,0.01288,0.012729,0.015211,0.013012,0.009077,0.009723,0.009819,0.009329,0.008813
2022-12-23,0.011973,0.011312,0.007606,0.012947,0.013122,0.009337,0.009866,0.011382,0.00993,0.009205
2022-12-26,0.012103,0.011351,0.008442,0.012812,0.012602,0.009574,0.009834,0.013426,0.010119,0.00944
2022-12-27,0.012203,0.011362,0.008434,0.012876,0.012768,0.009047,0.009376,0.01326,0.010427,0.009422
2022-12-28,0.012167,0.011274,0.008288,0.012807,0.012749,0.009039,0.009531,0.013258,0.010443,0.009454
2022-12-29,0.012153,0.011302,0.008205,0.01278,0.012723,0.009152,0.010308,0.013643,0.0103,0.009478
2022-12-30,0.012159,0.011314,0.008334,0.01277,0.01265,0.009755,0.010626,0.013614,0.010561,0.009592
2023-01-02,0.011885,0.010846,0.008091,0.012673,0.012604,0.010082,0.010278,0.013537,0.010466,0.009424
2023-01-03,0.011924,0.011071,0.00815,0.012482,0.012636,0.010065,0.010331,0.013537,0.010365,0.009291
2023-01-04,0.012226,0.011066,0.008835,0.01286,0.012627,0.010027,0.010363,0.013479,0.010503,0.009527
2023-01-05,0.012107,0.010287,0.008378,0.011572,0.012725,0.010421,0.010302,0.013468,0.010326,0.010248
2023-01-06,0.011891,0.011578,0.008359,0.011805,0.012705,0.010451,0.010538,0.013522,0.010291,0.010295
2023-01-09,0.010911,0.013262,0.008138,0.012896,0.01307,0.010349,0.011844,0.013694,0.010719,0.010437
2023-01-10,0.011165,0.01337,0.008793,0.0129,0.010508,0.010284,0.013188,0.014206,0.010728,0.010643
2023-01-11,0.011199,0.013607,0.009121,0.01286,0.010456,0.010261,0.01407,0.014105,0.010638,0.010612
2023-01-12,0.011727,0.012735,0.009084,0.012597,0.010375,0.010101,0.01413,0.013996,0.010731,0.010653
2023-01-13,0.01172,0.012839,0.008981,0.012978,0.01016,0.010505,0.014329,0.0141,0.010596,0.0106
2023-01-16,0.011586,0.012977,0.009115,0.013342,0.01033,0.010538,0.014338,0.013796,0.010712,0.010642
2023-01-17,0.011963,0.013003,0.009538,0.013229,0.011227,0.010399,0.014391,0.013908,0.012437,0.010708
2023-01-18,0.011743,0.013005,0.010067,0.01325,0.010681,0.010477,0.014707,0.013905,0.012887,0.010679
2023-01-19,0.011741,0.012923,0.010045,0.013115,0.010957,0.010213,0.014721,0.013819,0.012416,0.010725
2023-01-20,0.011631,0.012481,0.010131,0.011941,0.01283,0.010298,0.014747,0.013748,0.012521,0.010683
2023-01-23,0.011622,0.012714,0.01012,0.012,0.013381,0.010309,0.014921,0.013996,0.01261,0.010788
2023-01-24,0.011565,0.012545,0.01038,0.011624,0.013391,0.010269,0.014737,0.014043,0.012807,0.010724
2023-01-25,0.011741,0.012467,0.011514,0.011625,0.013412,0.010508,0.01467,0.015691,0.012971,0.010727
2023-01-26,0.011561,0.011925,0.010995,0.010711,0.013342,0.010283,0.014673,0.015528,0.012884,0.010147
2023-01-27,0.011938,0.011302,0.011565,0.010868,0.01334,0.012869,0.014666,0.017564,0.012944,0.010541
2023-01-30,0.011788,0.010993,0.011546,0.010956,0.013199,0.01294,0.013996,0.017535,0.013498,0.01018
2023-01-31,0.011577,0.011728,0.011541,0.01098,0.012951,0.013113,0.013854,0.018485,0.01345,0.010899
2023-02-01,0.011411,0.011918,0.011746,0.011151,0.012946,0.013344,0.013534,0.020016,0.013508,0.011348
2023-02-02,0.011417,0.012113,0.012052,0.011671,0.013632,0.013565,0.013715,0.020027,0.013122,0.013827
2023-02-03,0.010327,0.011896,0.013486,0.01127,0.013553,0.013445,0.014143,0.020193,0.012483,0.013204
2023-02-06,0.010151,0.011998,0.013054,0.011884,0.013576,0.01321,0.014146,0.018608,0.012326,0.012717
2023-02-07,0.009935,0.011998,0.013055,0.011867,0.013712,0.013081,0.014121,0.01853,0.012027,0.013847
2023-02-08,0.010792,0.012134,0.013053,0.012229,0.013758,0.013188,0.014128,0.018584,0.012401,0.013853
2023-02-09,0.010814,0.012143,0.013003,0.012516,0.013712,0.013025,0.013591,0.018196,0.012437,0.013919
2023-02-10,0.010836,0.012097,0.012924,0.012496,0.013719,0.012676,0.013357,0.018209,0.012269,0.0138
2023-02-13,0.010514,0.01259,0.012924,0.013376,0.013718,0.012387,0.013217,0.018762,0.012653,0.013817
2023-02-14,0.011573,0.012383,0.012976,0.013662,0.01366,0.01287,0.013296,0.018841,0.012715,0.014655
2023-02-15,0.012177,0.012392,0.012504,0.013139,0.013846,0.012942,0.013524,0.018819,0.012682,0.014271
2023-02-16,0.012177,0.012449,0.012455,0.012812,0.013476,0.012309,0.013494,0.018808,0.012624,0.014052
2023-02-17,0.012068,0.01137,0.012481,0.012483,0.01349,0.012248,0.013381,0.018953,0.013162,0.014063
2023-02-20,0.011227,0.009925,0.012633,0.011801,0.012995,0.012416,0.012143,0.018759,0.012876,0.014058
2023-02-21,0.011132,0.009938,0.012105,0.011742,0.012901,0.012182,0.01066,0.018516,0.012769,0.013736
2023-02-22,0.011617,0.01019,0.012461,0.012003,0.012549,0.012525,0.008697,0.018549,0.013089,0.013608
2023-02-23,0.011027,0.010197,0.012498,0.012088,0.012549,0.012483,0.008726,0.018714,0.013143,0.013456
2023-02-24,0.011128,0.010047,0.012606,0.011799,0.012254,0.012132,0.008654,0.018574,0.013306,0.013542
2023-02-27,0.011065,0.0106,0.012487,0.012555,0.012183,0.012622,0.008626,0.018767,0.013349,0.013762
2023-02-28,0.011159,0.010344,0.012204,0.01268,0.010906,0.012625,0.008818,0.018647,0.011511,0.014232
2023-03-01,0.011349,0.01112,0.011733,0.01271,0.010796,0.012591,0.008634,0.019466,0.010486,0.014226
2023-03-02,0.011398,0.011619,0.011779,0.012991,0.010608,0.012582,0.008886,0.019471,0.010487,0.014252
2023-03-03,0.012286,0.011672,0.012221,0.012964,0.008317,0.012948,0.010713,0.021851,0.010798,0.014721
2023-03-06,0.012403,0.01143,0.012215,0.013166,0.007557,0.012946,0.010535,0.021661,0.010764,0.014712
2023-03-07,0.012357,0.011362,0.011918,0.013152,0.007541,0.012945,0.010508,0.021609,0.010588,0.01474
2023-03-08,0.012092,0.011413,0.01084,0.013224,0.007314,0.012531,0.010505,0.020164,0.010586,0.014754
2023-03-09,0.0129,0.011756,0.01084,0.013288,0.007441,0.013015,0.010641,0.020254,0.010753,0.015087
2023-03-10,0.01274,0.011726,0.011251,0.01305,0.007463,0.010397,0.010631,0.018346,0.011095,0.014838
2023-03-13,0.01294,0.011911,0.011467,0.013473,0.006928,0.010819,0.010773,0.019265,0.010532,0.015047
2023-03-14,0.012947,0.01183,0.011422,0.013556,0.006898,0.010664,0.010888,0.018532,0.010522,0.01489
2023-03-15,0.01325,0.011442,0.011282,0.013313,0.007299,0.010058,0.011469,0.016627,0.010726,0.01428
2023-03-16,0.013244,0.010969,0.011097,0.012594,0.00713,0.009776,0.01151,0.016818,0.010731,0.011461
2023-03-17,0.013237,0.010838,0.009276,0.012672,0.006999,0.010116,0.011265,0.015928,0.010734,0.011803
2023-03-20,0.01328,0.010928,0.009314,0.012468,0.008729,0.009915,0.011254,0.016297,0.010811,0.011836
2023-03-21,0.014553,0.010963,0.009604,0.012508,0.00905,0.010546,0.011267,0.01632,0.011082,0.010765
2023-03-22,0.014054,0.010696,0.009601,0.01183,0.00909,0.010592,0.011015,0.016278,0.01063,0.010723
2023-03-23,0.014202,0.010545,0.009673,0.011183,0.009119,0.010634,0.010983,0.016497,0.010591,0.010763
2023-03-24,0.014545,0.010541,0.009613,0.011324,0.00911,0.01055,0.010905,0.016598,0.011078,0.010699
2023-03-27,0.014865,0.010346,0.00967,0.010805,0.009233,0.010558,0.01088,0.016037,0.010575,0.010643
2023-03-28,0.014166,0.010221,0.009628,0.010113,0.009285,0.010142,0.011186,0.015973,0.010665,0.008814
2023-03-29,0.013408,0.010274,0.009705,0.010167,0.00978,0.010086,0.010893,0.016309,0.010668,0.008882
2023-03-30,0.013412,0.009938,0.009702,0.010103,0.009657,0.010086,0.010898,0.016304,0.010663,0.008881
2023-03-31,0.015777,0.010708,0.010064,0.012062,0.009839,0.01151,0.010908,0.016268,0.009918,0.008879
2023-04-03,0.015683,0.010708,0.009938,0.012041,0.010004,0.011312,0.0113,0.016175,0.00994,0.009139
2023-04-04,0.015588,0.010622,0.009905,0.012036,0.01,0.011312,0.0113,0.016162,0.009929,0.009103
2023-04-05,0.015061,0.010714,0.010458,0.012165,0.010372,0.010748,0.011223,0.016013,0.012088,0.009786
2023-04-06,0.015098,0.010696,0.010426,0.012144,0.010465,0.010993,0.011022,0.016011,0.011687,0.009631
2023-04-07,0.015039,0.010694,0.010249,0.012145,0.010445,0.010992,0.010922,0.016011,0.011417,0.009554
2023-04-10,0.015045,0.010448,0.010313,0.011331,0.01067,0.010534,0.010892,0.015852,0.011449,0.009452
2023-04-11,0.014654,0.010746,0.010304,0.011355,0.010685,0.01087,0.010551,0.015873,0.011473,0.009603
2023-04-12,0.01458,0.010016,0.010508,0.011727,0.010796,0.010974,0.010446,0.015158,0.011581,0.009683
2023-04-13,0.014519,0.009864,0.010334,0.012379,0.010755,0.011056,0.010159,0.015222,0.011929,0.009532
2023-04-14,0.01373,0.009765,0.00979,0.01232,0.01071,0.010676,0.008222,0.011734,0.011709,0.008462
2023-04-17,0.013638,0.009882,0.010198,0.02037,0.010719,0.010671,0.008395,0.012421,0.012297,0.008577
2023-04-18,0.013783,0.009872,0.01024,0.020379,0.01076,0.01073,0.008395,0.012446,0.012295,0.008628
2023-04-19,0.013801,0.009943,0.010252,0.020571,0.010791,0.010771,0.008484,0.012497,0.012062,0.008417
2023-04-20,0.013094,0.009744,0.010265,0.020569,0.011033,0.010137,0.008525,0.012499,0.011969,0.008065
2023-04-21,0.012768,0.010433,0.008944,0.020639,0.011035,0.009854,0.008687,0.011933,0.011661,0.008761
2023-04-24,0.012373,0.010191,0.008583,0.020342,0.011,0.009851,0.008537,0.01098,0.01147,0.008415
2023-04-25,0.012394,0.009513,0.009067,0.020326,0.010977,0.009924,0.008918,0.010995,0.011527,0.00812
2023-04-26,0.011975,0.009563,0.008526,0.020349,0.01065,0.009797,0.008104,0.010545,0.011431,0.008096
2023-04-27,0.011929,0.009547,0.008512,0.020628,0.010408,0.009733,0.008116,0.01041,0.011602,0.008165
2023-04-28,0.012259,0.009703,0.008276,0.020491,0.010406,0.009524,0.008182,0.011049,0.01229,0.008193
2023-05-01,0.012036,0.009446,0.008101,0.020446,0.009187,0.009527,0.008134,0.010183,0.01213,0.008184
2023-05-02,0.010885,0.00914,0.007946,0.020849,0.008493,0.009048,0.008487,0.010305,0.011989,0.008109
2023-05-03,0.01107,0.00937,0.007902,0.020859,0.00882,0.00897,0.00893,0.010502,0.012276,0.008112
2023-05-04,0.010837,0.009619,0.008304,0.020835,0.008926,0.008873,0.009061,0.010084,0.012239,0.008287
2023-05-05,0.010017,0.009615,0.014106,0.020858,0.008932,0.008815,0.009071,0.009658,0.01165,0.008187
2023-05-08,0.009901,0.009656,0.014218,0.020846,0.008904,0.008855,0.009152,0.009722,0.011637,0.008196
2023-05-09,0.009898,0.00976,0.014169,0.020858,0.008813,0.008918,0.00844,0.010404,0.011388,0.009084
2023-05-10,0.009761,0.009703,0.014167,0.020827,0.008078,0.008812,0.008288,0.010193,0.011462,0.009049
2023-05-11,0.009919,0.009714,0.014166,0.020826,0.009531,0.008791,0.00855,0.010175,0.01524,0.009448
2023-05-12,0.006519,0.008985,0.014048,0.01976,0.009543,0.007106,0.008504,0.010022,0.01532,0.009462
2023-05-15,0.006508,0.009055,0.014062,0.019889,0.009666,0.007044,0.008162,0.010029,0.015439,0.009369
2023-05-16,0.007161,0.009054,0.014121,0.019937,0.009681,0.007038,0.008538,0.010037,0.015547,0.009645
2023-05-17,0.007259,0.009216,0.013309,0.01988,0.009239,0.007254,0.008575,0.009857,0.013663,0.009211
2023-05-18,0.007225,0.009167,0.013255,0.019882,0.00948,0.006898,0.008683,0.010769,0.013802,0.010042
2023-05-19,0.007229,0.009265,0.013256,0.020295,0.009513,0.006953,0.008759,0.010758,0.013806,0.010039
2023-05-22,0.007078,0.009936,0.013243,0.020663,0.009156,0.006806,0.008817,0.010708,0.013675,0.010171
2023-05-23,0.007063,0.009492,0.01324,0.020595,0.009157,0.006387,0.008804,0.010641,0.013733,0.009809
2023-05-24,0.007172,0.009381,0.013209,0.020311,0.009093,0.006889,0.008752,0.010463,0.013734,0.00975
2023-05-25,0.007162,0.008851,0.013179,0.019816,0.0092,0.006733,0.009795,0.010459,0.013682,0.010094
2023-05-26,0.008592,0.00902,0.01321,0.019934,0.009921,0.00697,0.0099,0.010486,0.01374,0.010075
2023-05-29,0.0086,0.008476,0.013145,0.00957,0.00989,0.007018,0.009647,0.010219,0.013256,0.010099
2023-05-30,0.008225,0.008451,0.013123,0.009625,0.009836,0.006905,0.009701,0.010292,0.013306,0.010638
2023-05-31,0.009164,0.008184,0.013415,0.008651,0.009796,0.006782,0.011698,0.010058,0.01331,0.010946
2023-06-01,0.009166,0.008312,0.013404,0.008471,0.009386,0.00737,0.012798,0.010016,0.013263,0.011404
2023-06-02,0.00921,0.007875,0.013404,0.008516,0.009418,0.007053,0.012684,0.009986,0.013371,0.011039
2023-06-05,0.009303,0.007945,0.013295,0.0085,0.009607,0.006172,0.0126,0.009417,0.013602,0.011175
2023-06-06,0.009235,0.008628,0.013074,0.009393,0.009569,0.006085,0.01246,0.009263,0.013539,0.011157
2023-06-07,0.009193,0.008857,0.013083,0.009453,0.009594,0.006109,0.012769,0.009232,0.013677,0.011154
2023-06-08,0.009158,0.009124,0.013032,0.009198,0.009381,0.006116,0.012697,0.009208,0.013614,0.011144
2023-06-09,0.008737,0.009091,0.013005,0.009543,0.009923,0.006111,0.012441,0.008852,0.012904,0.010716
2023-06-12,0.008735,0.009342,0.013035,0.010195,0.009913,0.006134,0.012443,0.008853,0.013028,0.010754
2023-06-13,0.008995,0.009345,0.013045,0.009741,0.010027,0.006239,0.012226,0.008826,0.012982,0.011191
2023-06-14,0.009027,0.009043,0.013015,0.009673,0.009869,0.006299,0.012004,0.008659,0.0128,0.011193
2023-06-15,0.008841,0.008778,0.012482,0.009897,0.009873,0.00684,0.01184,0.008773,0.012809,0.011137
2023-06-16,0.008934,0.009078,0.006893,0.009637,0.009916,0.006924,0.011903,0.008832,0.012713,0.01117
2023-06-19,0.008957,0.009246,0.006538,0.00961,0.009967,0.006912,0.0121,0.008573,0.012678,0.011152
2023-06-20,0.008951,0.009107,0.006553,0.009661,0.009999,0.006907,0.012102,0.007958,0.012717,0.010516
2023-06-21,0.00889,0.009277,0.007272,0.009603,0.010007,0.006897,0.012183,0.007953,0.012722,0.010903
2023-06-22,0.009066,0.00934,0.007324,0.009915,0.008967,0.006867,0.012006,0.008028,0.00813,0.010577
2023-06-23,0.00921,0.009411,0.007141,0.010088,0.008787,0.006797,0.012199,0.008318,0.008219,0.010705
2023-06-26,0.009322,0.009471,0.00713,0.009947,0.008395,0.006841,0.012224,0.008265,0.008143,0.010333
2023-06-27,0.008918,0.009482,0.007527,0.009985,0.008343,0.007077,0.012128,0.008708,0.007899,0.01014
2023-06-28,0.009118,0.009113,0.007678,0.009757,0.008308,0.006956,0.012154,0.008801,0.008097,0.010162
2023-06-29,0.009099,0.009095,0.007655,0.009751,0.007929,0.006804,0.01212,0.007917,0.007454,0.00938
2023-06-30,0.00918,0.010247,0.008095,0.010869,0.007953,0.006625,0.012113,0.007965,0.008196,0.009372
2023-07-03,0.01017,0.009487,0.008233,0.01042,0.008068,0.006797,0.012034,0.008867,0.008374,0.010135
2023-07-04,0.010416,0.009702,0.00822,0.010474,0.008022,0.006783,0.012493,0.008839,0.008063,0.010074
2023-07-05,0.010337,0.009713,0.009921,0.010461,0.008679,0.006808,0.012493,0.008841,0.007861,0.010386
2023-07-06,0.010894,0.009691,0.009876,0.010477,0.008524,0.006803,0.011654,0.008822,0.007831,0.010112
2023-07-07,0.009877,0.009504,0.010032,0.010558,0.008809,0.006966,0.011565,0.008727,0.008613,0.010452
2023-07-10,0.011939,0.010019,0.00982,0.010546,0.009295,0.00696,0.011884,0.008312,0.008726,0.010383
2023-07-11,0.012013,0.010017,0.009868,0.010785,0.009473,0.006982,0.011859,0.008387,0.008792,0.009852
2023-07-12,0.01121,0.009931,0.009571,0.010984,0.009487,0.006982,0.009809,0.008365,0.008983,0.009636
2023-07-13,0.011393,0.010757,0.009561,0.011757,0.009348,0.006831,0.00846,0.008408,0.009029,0.009227
2023-07-14,0.01135,0.014235,0.009563,0.014097,0.009388,0.006862,0.008322,0.008298,0.008944,0.009157
2023-07-17,0.01172,0.014264,0.01023,0.014128,0.009285,0.006855,0.008547,0.009815,0.008705,0.009044
2023-07-18,0.011729,0.013781,0.010202,0.014753,0.009279,0.006858,0.00847,0.010188,0.008701,0.009038
2023-07-19,0.011729,0.013773,0.010195,0.014771,0.009148,0.006858,0.008004,0.010492,0.00837,0.009268
2023-07-20,0.011754,0.013522,0.010194,0.015213,0.009059,0.007868,0.008194,0.010771,0.008258,0.010292
2023-07-21,0.013263,0.014473,0.010336,0.021633,0.010943,0.007861,0.008142,0.010293,0.010565,0.010059
2023-07-24,0.01395,0.014401,0.01024,0.02135,0.011051,0.007929,0.008139,0.010291,0.010308,0.012685
2023-07-25,0.013777,0.014391,0.010377,0.021293,0.010807,0.007846,0.008203,0.010609,0.010961,0.012882
2023-07-26,0.013894,0.014422,0.01041,0.021348,0.010737,0.00777,0.008037,0.010684,0.012274,0.013379
2023-07-27,0.014055,0.01439,0.010326,0.021231,0.010756,0.007332,0.00807,0.01002,0.012274,0.013694
2023-07-28,0.014061,0.014367,0.010702,0.021326,0.010643,0.007282,0.007967,0.009986,0.012358,0.013616
2023-07-31,0.013917,0.014635,0.010725,0.021402,0.010731,0.006785,0.00769,0.00993,0.012422,0.013678
2023-08-01,0.014255,0.014675,0.010773,0.0214,0.010737,0.006885,0.007687,0.010329,0.012538,0.013679
2023-08-02,0.014446,0.01465,0.010622,0.021431,0.010847,0.007104,0.008206,0.011234,0.01265,0.013595
2023-08-03,0.014284,0.014797,0.010666,0.021242,0.010818,0.00839,0.008341,0.011487,0.012809,0.013713
2023-08-04,0.014304,0.014836,0.010999,0.02109,0.010798,0.008392,0.008755,0.01245,0.012615,0.013659
2023-08-07,0.014178,0.014785,0.010959,0.021134,0.010923,0.008405,0.00871,0.012582,0.012509,0.013658
2023-08-08,0.014269,0.01484,0.010649,0.021145,0.010922,0.008299,0.008441,0.012344,0.012546,0.013703
2023-08-09,0.014154,0.014861,0.010457,0.021089,0.010911,0.0083,0.008329,0.012292,0.012417,0.013824
2023-08-10,0.014148,0.014936,0.010568,0.021118,0.010941,0.008511,0.008549,0.012293,0.012459,0.014123
2023-08-11,0.014115,0.0142,0.010273,0.020504,0.011057,0.008801,0.008435,0.012256,0.011963,0.014148
2023-08-14,0.013555,0.014059,0.010015,0.020672,0.011212,0.008762,0.008464,0.012259,0.01181,0.01328
2023-08-15,0.013354,0.013954,0.009936,0.020632,0.011214,0.008759,0.007931,0.012173,0.011823,0.013203
2023-08-16,0.013346,0.013951,0.008236,0.020851,0.010536,0.008419,0.008216,0.012282,0.011929,0.012678
2023-08-17,0.013233,0.014029,0.008258,0.020873,0.010523,0.008471,0.008187,0.0125,0.012327,0.013137
2023-08-18,0.01326,0.014555,0.008163,0.021019,0.009979,0.008078,0.008184,0.012496,0.011902,0.013034
2023-08-21,0.011488,0.014259,0.008161,0.021096,0.009676,0.008112,0.008272,0.012497,0.01185,0.013328
2023-08-22,0.011309,0.014318,0.008153,0.020969,0.009434,0.008107,0.008248,0.01248,0.011671,0.013275
2023-08-23,0.011309,0.014299,0.008036,0.020828,0.009459,0.008555,0.008462,0.012807,0.011659,0.013338
2023-08-24,0.011605,0.013631,0.007983,0.020495,0.00942,0.008309,0.008419,0.012766,0.011921,0.013344
2023-08-25,0.011629,0.009555,0.008161,0.018826,0.009313,0.008279,0.008463,0.012941,0.012529,0.013615
2023-08-28,0.011039,0.009502,0.007341,0.018831,0.009298,0.008128,0.00831,0.011763,0.012969,0.013621
2023-08-29,0.01096,0.009493,0.007563,0.017514,0.009466,0.008051,0.008879,0.011533,0.013004,0.013613
2023-08-30,0.010805,0.009458,0.007533,0.017687,0.009487,0.008217,0.008855,0.01131,0.013044,0.013386
2023-08-31,0.010808,0.009609,0.0075,0.01741,0.009262,0.006982,0.008289,0.010992,0.013052,0.012118
2023-09-01,0.009422,0.008302,0.007473,0.008274,0.006637,0.007273,0.00857,0.011268,0.011196,0.01218
2023-09-04,0.008735,0.008451,0.007599,0.008558,0.00647,0.007228,0.008551,0.011457,0.011153,0.010226
2023-09-05,0.00881,0.008466,0.007241,0.008588,0.006458,0.007209,0.008514,0.011285,0.010623,0.010084
2023-09-06,0.008231,0.00844,0.007772,0.008514,0.006483,0.00745,0.008988,0.011094,0.008909,0.009369
2023-09-07,0.008096,0.008527,0.007877,0.008734,0.006514,0.00758,0.008953,0.011515,0.01163,0.009025
2023-09-08,0.007962,0.008225,0.007398,0.008433,0.006428,0.007554,0.009245,0.011648,0.011945,0.008934
2023-09-11,0.008067,0.007687,0.00741,0.008295,0.006473,0.007699,0.009238,0.011909,0.011883,0.009167
2023-09-12,0.008085,0.009144,0.007321,0.008643,0.006967,0.008019,0.009233,0.011722,0.012047,0.009351
2023-09-13,0.007933,0.009149,0.006968,0.008518,0.006854,0.007885,0.010068,0.011358,0.012306,0.009251
2023-09-14,0.007901,0.008838,0.006832,0.00852,0.006765,0.006653,0.009935,0.011081,0.01207,0.009222
2023-09-15,0.007476,0.008755,0.006638,0.008419,0.007097,0.006633,0.010113,0.009572,0.012066,0.009233
2023-09-18,0.007524,0.00854,0.007567,0.008795,0.007031,0.006609,0.010688,0.009428,0.012066,0.009369
2023-09-19,0.007466,0.00849,0.007567,0.008768,0.007033,0.006576,0.010584,0.009339,0.012049,0.009312
2023-09-20,0.008292,0.008466,0.010477,0.00879,0.007133,0.006611,0.010787,0.009414,0.012282,0.008945
2023-09-21,0.008264,0.008462,0.010432,0.008767,0.007102,0.008289,0.010638,0.010318,0.012229,0.008791
2023-09-22,0.008181,0.008489,0.010608,0.008388,0.006709,0.008189,0.010757,0.010729,0.012207,0.008889
2023-09-25,0.007746,0.00864,0.010603,0.008619,0.006272,0.00817,0.010718,0.009807,0.01228,0.008886
2023-09-26,0.00776,0.008639,0.010655,0.008848,0.006281,0.008297,0.010714,0.009804,0.012267,0.008886
2023-09-27,0.008181,0.008637,0.0107,0.008317,0.006356,0.008344,0.010469,0.009892,0.012472,0.009322
2023-09-28,0.008194,0.009008,0.010675,0.009022,0.006972,0.008298,0.010474,0.009689,0.012193,0.009187
2023-09-29,0.008093,0.008122,0.01068,0.008477,0.006919,0.0085,0.010463,0.009998,0.012092,0.009308
2023-10-02,0.007957,0.007959,0.010682,0.008228,0.006876,0.008454,0.010044,0.009979,0.012106,0.008942
2023-10-03,0.008115,0.007917,0.010847,0.008227,0.006878,0.008721,0.010024,0.009937,0.012303,0.008689
2023-10-04,0.008085,0.007957,0.011205,0.008303,0.007513,0.008383,0.009756,0.011022,0.012654,0.008687
2023-10-05,0.007654,0.008263,0.011225,0.008401,0.007551,0.008688,0.009768,0.011156,0.0128,0.008681
2023-10-06,0.007674,0.008325,0.011052,0.008548,0.007586,0.008737,0.009804,0.010887,0.012076,0.008581
2023-10-09,0.007627,0.0083,0.011031,0.008533,0.00764,0.008806,0.009771,0.011286,0.011852,0.008572
2023-10-10,0.007577,0.008343,0.010973,0.008807,0.007362,0.009185,0.00998,0.011437,0.011846,0.008708
2023-10-11,0.008218,0.00845,0.011092,0.008586,0.007919,0.00905,0.010008,0.011203,0.011753,0.008777
2023-10-12,0.008205,0.009004,0.011149,0.009384,0.007643,0.009053,0.010104,0.011021,0.011752,0.008708
2023-10-13,0.008186,0.009032,0.01125,0.010311,0.007679,0.008846,0.010002,0.011228,0.011725,0.008766
2023-10-16,0.008189,0.009238,0.011184,0.00993,0.007728,0.008846,0.010189,0.011066,0.011723,0.008614
2023-10-17,0.008175,0.00929,0.011253,0.009824,0.007728,0.00886,0.010211,0.011036,0.01206,0.008495
2023-10-18,0.008456,0.009363,0.011196,0.009824,0.007675,0.008834,0.009916,0.011075,0.012187,0.008363
2023-10-19,0.008514,0.009359,0.010997,0.00977,0.007571,0.008785,0.010089,0.010724,0.009745,0.008353
2023-10-20,0.008367,0.009542,0.010927,0.009776,0.008501,0.008717,0.009928,0.0109,0.009631,0.009638
2023-10-23,0.008358,0.010339,0.010956,0.00996,0.008358,0.008545,0.010024,0.010928,0.010234,0.00947
2023-10-24,0.008084,0.008736,0.010915,0.009355,0.007924,0.008124,0.01002,0.010915,0.009751,0.009296
2023-10-25,0.00796,0.008765,0.010852,0.009639,0.00791,0.008449,0.009383,0.010613,0.009827,0.009284
2023-10-26,0.008186,0.009138,0.011382,0.009555,0.007902,0.00851,0.009995,0.0109,0.010317,0.009255
2023-10-27,0.00899,0.008899,0.011113,0.010073,0.007572,0.008501,0.009187,0.012069,0.010593,0.009244
2023-10-30,0.009863,0.00907,0.011029,0.009874,0.007442,0.008993,0.00897,0.01203,0.010683,0.009146
2023-10-31,0.00999,0.009063,0.011025,0.009892,0.007453,0.009101,0.009282,0.012034,0.010683,0.009158
2023-11-01,0.009284,0.009205,0.008543,0.009995,0.007325,0.009103,0.009084,0.012041,0.01073,0.009134
2023-11-02,0.009424,0.009412,0.008518,0.010169,0.0077,0.007843,0.009207,0.01164,0.010809,0.009066
2023-11-03,0.0094,0.009315,0.008193,0.010595,0.007838,0.00824,0.009188,0.011356,0.010752,0.00898
2023-11-06,0.009468,0.009476,0.008324,0.010542,0.007877,0.008489,0.009305,0.011351,0.011424,0.009037
2023-11-07,0.009541,0.009445,0.008298,0.010437,0.007877,0.008381,0.00932,0.011508,0.011459,0.009094
2023-11-08,0.009351,0.009479,0.008251,0.010506,0.007876,0.008651,0.009218,0.011434,0.011188,0.008822
2023-11-09,0.009174,0.009302,0.008268,0.010172,0.007905,0.008658,0.009213,0.011445,0.010976,0.008217
2023-11-10,0.009136,0.009313,0.008302,0.010185,0.007925,0.008456,0.00923,0.011095,0.010957,0.008117
2023-11-13,0.009136,0.00931,0.008303,0.010217,0.007957,0.008486,0.009231,0.01112,0.010993,0.008117
2023-11-14,0.008894,0.009304,0.008031,0.010218,0.007956,0.008199,0.009227,0.011012,0.010564,0.007901
2023-11-15,0.009479,0.010142,0.00782,0.011332,0.007434,0.008044,0.009652,0.009866,0.010241,0.008143
2023-11-16,0.00948,0.011063,0.007796,0.011958,0.007391,0.007826,0.009625,0.00968,0.009383,0.008271
2023-11-17,0.009492,0.01092,0.0078,0.01183,0.007735,0.00823,0.009617,0.011721,0.010029,0.007858
2023-11-20,0.009358,0.010924,0.007519,0.011825,0.007884,0.008147,0.009941,0.011443,0.010037,0.007892
2023-11-21,0.009583,0.010925,0.007611,0.011546,0.007878,0.007786,0.008972,0.01121,0.010073,0.007698
2023-11-22,0.009185,0.010959,0.007405,0.01182,0.0074,0.007783,0.008884,0.011199,0.010054,0.007668
2023-11-23,0.009193,0.010477,0.007377,0.011318,0.007401,0.007775,0.008888,0.011208,0.01028,0.007594
2023-11-24,0.009196,0.010678,0.007326,0.010539,0.007343,0.0079,0.008905,0.010826,0.010282,0.007606
2023-11-27,0.009181,0.010428,0.007288,0.010535,0.007306,0.0079,0.008754,0.010827,0.01025,0.007597
2023-11-28,0.009149,0.010424,0.007158,0.010506,0.007311,0.007897,0.00891,0.010923,0.01004,0.007365
2023-11-29,0.008771,0.010625,0.007586,0.010697,0.007375,0.008212,0.009069,0.010958,0.010161,0.007423
2023-11-30,0.008848,0.010647,0.007551,0.01067,0.007523,0.008113,0.009348,0.011016,0.010252,0.007426
2023-12-01,0.008879,0.010522,0.00753,0.010635,0.006489,0.008404,0.009359,0.010931,0.010891,0.008137
2023-12-04,0.008434,0.009463,0.009454,0.01037,0.006867,0.011908,0.009626,0.012558,0.012138,0.00819
2023-12-05,0.00847,0.009495,0.009519,0.010492,0.00752,0.012458,0.009651,0.013079,0.012132,0.008271
2023-12-06,0.008515,0.010025,0.00937,0.01026,0.007485,0.012249,0.009004,0.01308,0.012127,0.009214
2023-12-07,0.007954,0.009443,0.008106,0.010196,0.008384,0.012146,0.009494,0.012547,0.011742,0.009528
2023-12-08,0.007504,0.009439,0.008322,0.010282,0.008381,0.012246,0.009424,0.011837,0.011657,0.010285
2023-12-11,0.006701,0.009387,0.008272,0.010272,0.008507,0.012117,0.009252,0.011822,0.011652,0.010205
2023-12-12,0.006973,0.00938,0.008466,0.010341,0.008504,0.01188,0.008926,0.011864,0.012077,0.010132
2023-12-13,0.006972,0.010063,0.008485,0.010776,0.008463,0.011885,0.0089,0.011985,0.011901,0.010141
2023-12-14,0.007084,0.010528,0.008613,0.012325,0.008133,0.012228,0.008772,0.011927,0.01192,0.010197
2023-12-15,0.007334,0.013852,0.008611,0.015041,0.007982,0.012048,0.009164,0.01361,0.011974,0.010249
2023-12-18,0.007392,0.013864,0.008618,0.015189,0.007972,0.012406,0.009104,0.013484,0.011619,0.010649
2023-12-19,0.007513,0.014096,0.008532,0.015243,0.008152,0.012504,0.009099,0.013502,0.011478,0.010666
2023-12-20,0.008005,0.014317,0.008533,0.0154,0.008007,0.012343,0.009728,0.014789,0.012541,0.01081
2023-12-21,0.007843,0.01408,0.008801,0.015154,0.007315,0.012373,0.009707,0.01481,0.012515,0.010731
2023-12-22,0.007851,0.014022,0.009148,0.015274,0.007432,0.012579,0.009883,0.015045,0.012686,0.010787
2023-12-25,0.007849,0.014015,0.009116,0.015295,0.007386,0.012527,0.009879,0.015057,0.012714,0.010778
2023-12-26,0.007827,0.014166,0.009102,0.015574,0.007393,0.012523,0.009991,0.015047,0.012687,0.010777
2023-12-27,0.007335,0.01378,0.009154,0.015116,0.007518,0.012524,0.010286,0.015235,0.012841,0.010534
2023-12-28,0.007368,0.013084,0.009167,0.014636,0.007664,0.012443,0.010526,0.015219,0.012923,0.010709
2023-12-29,0.007586,0.013108,0.009097,0.014838,0.007474,0.012201,0.010566,0.013612,0.01265,0.010769
2024-01-01,0.007512,0.013107,0.00928,0.014836,0.007273,0.012187,0.011015,0.013638,0.012516,0.010863
2024-01-02,0.007368,0.0132,0.009263,0.015042,0.007927,0.012708,0.010985,0.013617,0.013525,0.01085
2024-01-03,0.007797,0.014056,0.009824,0.015929,0.0079,0.012663,0.011165,0.013514,0.013535,0.011034
2024-01-04,0.00781,0.014067,0.009906,0.016088,0.007983,0.012659,0.011282,0.013546,0.01321,0.011063
2024-01-05,0.007788,0.01409,0.010007,0.016113,0.008152,0.012655,0.011247,0.013571,0.013448,0.011047
2024-01-08,0.008015,0.01449,0.010331,0.016186,0.008745,0.012909,0.011237,0.01448,0.013564,0.01166
2024-01-09,0.008061,0.014488,0.010472,0.016188,0.008731,0.012883,0.011325,0.014511,0.013659,0.011591
2024-01-10,0.009214,0.014377,0.00995,0.01615,0.008688,0.012827,0.011248,0.014591,0.013692,0.011617
2024-01-11,0.009785,0.014284,0.010007,0.016479,0.009086,0.012783,0.010775,0.014512,0.013988,0.011594
2024-01-12,0.009794,0.015793,0.010054,0.021799,0.009005,0.01278,0.010958,0.014807,0.013625,0.010206
2024-01-15,0.009996,0.015784,0.008602,0.022112,0.008817,0.009607,0.011325,0.013175,0.012081,0.010091
2024-01-16,0.010552,0.016,0.008497,0.022227,0.008376,0.008682,0.011401,0.012669,0.01213,0.010153
2024-01-17,0.01078,0.015671,0.017766,0.02215,0.008383,0.009832,0.0115,0.013122,0.011499,0.009387
2024-01-18,0.010739,0.015676,0.018665,0.022083,0.007648,0.009855,0.010415,0.013107,0.011284,0.009153
2024-01-19,0.010737,0.015905,0.018435,0.021974,0.007735,0.009908,0.01193,0.013098,0.011453,0.008594
2024-01-22,0.010751,0.015913,0.018442,0.021961,0.007588,0.009831,0.011936,0.013099,0.011463,0.00853
2024-01-23,0.011816,0.016494,0.019006,0.022,0.015635,0.011288,0.012653,0.014722,0.012299,0.009878
2024-01-24,0.011914,0.015943,0.019517,0.02179,0.016514,0.012506,0.013299,0.015104,0.012081,0.009968
2024-01-25,0.011811,0.01569,0.019391,0.021029,0.016528,0.012123,0.014427,0.015145,0.011989,0.010322
2024-01-26,0.011684,0.012354,0.019346,0.019023,0.016515,0.012097,0.014079,0.013139,0.011678,0.010297
2024-01-29,0.016948,0.012361,0.019624,0.018997,0.016538,0.011844,0.014026,0.013561,0.012963,0.010231
2024-01-30,0.017849,0.012188,0.019626,0.018989,0.016461,0.011794,0.014049,0.013449,0.013583,0.011097
2024-01-31,0.017696,0.012068,0.019833,0.01875,0.016573,0.011837,0.013413,0.01306,0.01514,0.01106
2024-02-01,0.017613,0.012188,0.019443,0.018766,0.016578,0.011844,0.014053,0.013051,0.015769,0.011077
2024-02-02,0.017907,0.01315,0.019498,0.018902,0.016529,0.011674,0.01404,0.012888,0.015518,0.010994
2024-02-05,0.018167,0.013147,0.019491,0.018932,0.01667,0.011676,0.015605,0.013045,0.015609,0.011011
2024-02-06,0.018293,0.014858,0.019386,0.019142,0.016663,0.01168,0.015785,0.013195,0.016294,0.011272
2024-02-07,0.018331,0.015137,0.019125,0.019536,0.016535,0.01166,0.015467,0.014632,0.016072,0.011267
2024-02-08,0.018322,0.015201,0.019228,0.01952,0.016378,0.013093,0.015327,0.015931,0.016307,0.011571
2024-02-09,0.018199,0.015186,0.019201,0.019543,0.016196,0.013583,0.015815,0.016775,0.016293,0.011612
2024-02-12,0.018287,0.015227,0.019211,0.019548,0.016366,0.013848,0.015317,0.017525,0.016322,0.011656
2024-02-13,0.018291,0.015118,0.01925,0.019375,0.016252,0.014115,0.015304,0.0175,0.015816,0.011556
2024-02-14,0.018114,0.014499,0.019176,0.018604,0.016252,0.014118,0.015207,0.018837,0.01582,0.011405
2024-02-15,0.018246,0.014374,0.019606,0.018487,0.016413,0.014175,0.015102,0.019133,0.015774,0.011683
2024-02-16,0.018359,0.014088,0.019689,0.018525,0.016406,0.014174,0.015098,0.019289,0.016176,0.011746
2024-02-19,0.018246,0.013722,0.019669,0.018452,0.016287,0.014368,0.01543,0.018502,0.016321,0.011835
2024-02-20,0.018237,0.014288,0.020476,0.018589,0.016372,0.014351,0.01527,0.018452,0.01605,0.011852
2024-02-21,0.017773,0.01447,0.02046,0.018908,0.016383,0.014195,0.015292,0.018356,0.01632,0.011861
2024-02-22,0.01729,0.014971,0.020528,0.018656,0.016213,0.014252,0.015329,0.018465,0.016735,0.013184
2024-02-23,0.017291,0.013472,0.020553,0.012112,0.016207,0.014139,0.015326,0.018486,0.01641,0.013013
2024-02-26,0.01713,0.013702,0.02009,0.011467,0.016055,0.0142,0.014965,0.018506,0.017034,0.012974
2024-02-27,0.016867,0.014221,0.020031,0.011217,0.016061,0.014213,0.015173,0.018688,0.017071,0.012814
2024-02-28,0.017244,0.014206,0.013397,0.011208,0.016141,0.013449,0.015036,0.018427,0.017166,0.012737
2024-02-29,0.01724,0.014274,0.012096,0.011208,0.016128,0.013457,0.015079,0.018425,0.017112,0.012735
2024-03-01,0.017579,0.013974,0.012587,0.011275,0.016049,0.014464,0.013696,0.018809,0.018881,0.012538
2024-03-04,0.017617,0.013999,0.012592,0.011439,0.016097,0.014458,0.013716,0.018774,0.018889,0.012528
2024-03-05,0.016646,0.01376,0.011415,0.011791,0.008735,0.013589,0.013858,0.016956,0.018316,0.011857
2024-03-06,0.016593,0.013876,0.0108,0.011211,0.007033,0.012305,0.01347,0.016848,0.018273,0.011699
2024-03-07,0.016972,0.013831,0.01047,0.0112,0.007129,0.012394,0.012644,0.016549,0.018345,0.011844
2024-03-08,0.016972,0.013831,0.01047,0.0112,0.007129,0.012394,0.012644,0.016549,0.018345,0.011844
2024-03-11,0.011414,0.013799,0.010411,0.011255,0.007346,0.012532,0.012662,0.017173,0.01748,0.011772
2024-03-12,0.010109,0.014024,0.011129,0.01136,0.007277,0.012548,0.012675,0.017792,0.017109,0.011061
2024-03-13,0.011323,0.014244,0.010887,0.011295,0.008476,0.012463,0.013741,0.018026,0.015773,0.013863
2024-03-14,0.011323,0.014334,0.010893,0.012314,0.008743,0.012438,0.013939,0.018158,0.015459,0.013881
2024-03-15,0.010682,0.013463,0.010594,0.011768,0.008657,0.012458,0.0144,0.018421,0.015894,0.013847
2024-03-18,0.010814,0.013857,0.010628,0.012216,0.008588,0.012452,0.012851,0.018249,0.01576,0.013841
2024-03-19,0.010873,0.014021,0.010635,0.011904,0.008847,0.012452,0.012529,0.018381,0.015537,0.01399
2024-03-20,0.010979,0.013853,0.010738,0.011449,0.008983,0.012403,0.01252,0.01738,0.015435,0.014294
2024-03-21,0.01097,0.013629,0.010277,0.011454,0.008996,0.010641,0.012674,0.016311,0.015198,0.013728
2024-03-22,0.010898,0.013876,0.010291,0.012313,0.009087,0.010094,0.012132,0.014955,0.015369,0.014066
2024-03-25,0.010845,0.013877,0.010095,0.012193,0.008726,0.009586,0.012116,0.014194,0.015253,0.013446
2024-03-26,0.010848,0.013834,0.010378,0.012205,0.008723,0.008883,0.012749,0.01428,0.01538,0.013461
2024-03-27,0.012537,0.013781,0.010411,0.012141,0.008731,0.008889,0.012778,0.012152,0.015362,0.013327
2024-03-28,0.012492,0.013927,0.009713,0.012255,0.008666,0.008845,0.012776,0.012251,0.015453,0.012784
2024-03-29,0.012417,0.013852,0.009693,0.011758,0.00839,0.008822,0.01277,0.012136,0.014915,0.012789
2024-04-01,0.012314,0.014013,0.010051,0.011753,0.008551,0.008193,0.012562,0.012173,0.014817,0.012702
2024-04-02,0.012307,0.013736,0.008947,0.011752,0.008407,0.00884,0.012685,0.012327,0.014997,0.012603
2024-04-03,0.012455,0.013998,0.008701,0.011482,0.008505,0.008873,0.012843,0.012066,0.01455,0.012518
2024-04-04,0.012372,0.01352,0.009806,0.010999,0.008437,0.008696,0.013207,0.012318,0.014243,0.011604
2024-04-05,0.012273,0.013476,0.010035,0.010998,0.008414,0.008714,0.013359,0.012276,0.014625,0.011658
2024-04-08,0.012701,0.013285,0.01007,0.01095,0.008354,0.008613,0.013119,0.012301,0.014336,0.011595
2024-04-09,0.012996,0.012386,0.010041,0.011294,0.008342,0.009138,0.012899,0.012129,0.014362,0.01167
2024-04-10,0.012596,0.012517,0.010052,0.011394,0.008179,0.008707,0.013327,0.012427,0.014307,0.012325
2024-04-11,0.012584,0.012485,0.009977,0.011374,0.008183,0.008685,0.01326,0.01238,0.014316,0.012258
2024-04-12,0.01204,0.012519,0.009813,0.011466,0.008402,0.006455,0.013304,0.011718,0.012488,0.01265
2024-04-15,0.011869,0.012784,0.01035,0.011479,0.008683,0.007755,0.013318,0.011876,0.013095,0.012815
2024-04-16,0.011849,0.012807,0.010433,0.01269,0.00905,0.007948,0.01227,0.011548,0.013318,0.012714
2024-04-17,0.01184,0.012531,0.010437,0.012545,0.009046,0.007768,0.011686,0.011548,0.013216,0.012709
2024-04-18,0.011485,0.01231,0.010633,0.012608,0.008832,0.007865,0.013754,0.011564,0.013084,0.012898
2024-04-19,0.011511,0.012374,0.011449,0.012585,0.009024,0.008172,0.014073,0.011687,0.013165,0.013133
2024-04-22,0.011467,0.012538,0.011441,0.013038,0.008925,0.008717,0.014059,0.011942,0.014025,0.012968
2024-04-23,0.011701,0.012052,0.010812,0.01301,0.009152,0.008725,0.015199,0.011565,0.013993,0.012787
2024-04-24,0.010417,0.012074,0.010815,0.013025,0.00773,0.008711,0.013948,0.011111,0.013352,0.009965
2024-04-25,0.010478,0.011762,0.010786,0.011888,0.007794,0.009132,0.013555,0.014233,0.012902,0.010487
2024-04-26,0.010368,0.011748,0.010775,0.011815,0.0078,0.009175,0.013357,0.014299,0.012591,0.0105
2024-04-29,0.01013,0.011851,0.010922,0.011549,0.007564,0.012473,0.013359,0.015174,0.012615,0.010503
2024-04-30,0.009934,0.009399,0.01102,0.010846,0.00715,0.012629,0.013496,0.014969,0.012383,0.00987
2024-05-01,0.009674,0.009402,0.010692,0.010858,0.006869,0.012631,0.013504,0.014796,0.012382,0.009569
2024-05-02,0.009638,0.009668,0.01064,0.010848,0.006876,0.012782,0.013674,0.014738,0.012119,0.009384
2024-05-03,0.010469,0.0093,0.010781,0.009655,0.006798,0.012732,0.014139,0.014742,0.012781,0.008965
2024-05-06,0.010615,0.010042,0.010776,0.009783,0.007569,0.012734,0.014152,0.01586,0.012893,0.009003
2024-05-07,0.010729,0.010247,0.010722,0.009887,0.0124,0.012925,0.013641,0.015822,0.012634,0.009263
2024-05-08,0.008635,0.010064,0.011047,0.009968,0.012834,0.013037,0.013565,0.015728,0.012944,0.009263
2024-05-09,0.009078,0.009994,0.0119,0.009932,0.012789,0.013031,0.013737,0.01522,0.016404,0.011476
2024-05-10,0.009317,0.010493,0.011966,0.01006,0.013073,0.01303,0.014155,0.01525,0.016394,0.012021
2024-05-13,0.009319,0.010625,0.011827,0.01006,0.01299,0.013103,0.014231,0.015409,0.0159,0.012016
2024-05-14,0.00966,0.010739,0.011787,0.009986,0.013033,0.012756,0.014135,0.015427,0.016858,0.01205
2024-05-15,0.009519,0.010337,0.012115,0.009993,0.013086,0.012727,0.014334,0.015411,0.017021,0.012077
2024-05-16,0.009576,0.010263,0.01103,0.010942,0.013158,0.012753,0.014608,0.015241,0.017279,0.012113
2024-05-17,0.009686,0.010659,0.010669,0.010959,0.013309,0.012749,0.014284,0.015242,0.017143,0.012109
2024-05-20,0.009055,0.01066,0.010672,0.010959,0.01331,0.012746,0.014234,0.015241,0.016738,0.012098
2024-05-21,0.008667,0.01062,0.010668,0.010736,0.01333,0.012454,0.014233,0.015365,0.01673,0.01205
2024-05-22,0.009017,0.010464,0.010603,0.010988,0.013997,0.012563,0.013869,0.015044,0.016772,0.011362
2024-05-23,0.009584,0.010917,0.011481,0.011249,0.014022,0.013132,0.014165,0.01525,0.018189,0.011375
2024-05-24,0.009479,0.011053,0.011693,0.010971,0.01383,0.013106,0.014154,0.014878,0.017991,0.011202
2024-05-27,0.009642,0.01073,0.011323,0.010809,0.013363,0.012281,0.014186,0.014622,0.017592,0.011235
2024-05-28,0.009724,0.010253,0.01121,0.00833,0.013253,0.012095,0.014275,0.01452,0.017312,0.011294
2024-05-29,0.009908,0.010397,0.011561,0.008622,0.013427,0.012865,0.014254,0.014736,0.017367,0.01132
2024-05-30,0.010093,0.010869,0.01142,0.009152,0.013564,0.012771,0.01251,0.014535,0.017367,0.011316
2024-05-31,0.010092,0.011186,0.010705,0.009128,0.013684,0.012683,0.012206,0.014523,0.017327,0.011076
2024-06-03,0.014427,0.011143,0.011419,0.0087,0.013797,0.013741,0.012351,0.021318,0.02008,0.011195
2024-06-04,0.019842,0.011151,0.015624,0.008749,0.017343,0.019863,0.016289,0.034747,0.031025,0.011529
2024-06-05,0.020086,0.011113,0.017762,0.009879,0.018733,0.020849,0.017497,0.034892,0.030992,0.013343
2024-06-06,0.020098,0.01183,0.017769,0.011169,0.019024,0.02066,0.017844,0.034201,0.031262,0.013009
2024-06-07,0.020679,0.012096,0.017809,0.013268,0.018992,0.020714,0.019082,0.034175,0.031303,0.013061
2024-06-10,0.020624,0.012016,0.017767,0.014039,0.019069,0.018763,0.01908,0.03373,0.031271,0.013075
2024-06-11,0.020709,0.01177,0.017712,0.013885,0.019124,0.018727,0.018989,0.033733,0.031334,0.01314
2024-06-12,0.020726,0.011819,0.017727,0.013988,0.019317,0.01873,0.019004,0.033735,0.03137,0.013145
2024-06-13,0.020727,0.01185,0.017695,0.013947,0.019656,0.018754,0.018873,0.033739,0.031569,0.013103
2024-06-14,0.020337,0.012023,0.01766,0.013988,0.019602,0.018745,0.018346,0.033765,0.031109,0.013061
2024-06-17,0.020227,0.011415,0.017664,0.01397,0.01945,0.018726,0.018359,0.033293,0.031021,0.013037
2024-06-18,0.020047,0.011064,0.017509,0.013903,0.016904,0.018832,0.018365,0.033251,0.03093,0.012863
2024-06-19,0.02019,0.011072,0.017892,0.01378,0.016762,0.019094,0.019107,0.033236,0.031274,0.013033
2024-06-20,0.019951,0.011069,0.017092,0.013735,0.016744,0.019127,0.01906,0.033282,0.029009,0.01119
2024-06-21,0.020089,0.010745,0.017144,0.013615,0.016903,0.019127,0.019243,0.03333,0.029234,0.010722
2024-06-24,0.020156,0.010412,0.017093,0.013651,0.016899,0.019128,0.019043,0.03327,0.029236,0.010836
2024-06-25,0.020097,0.010264,0.017422,0.013696,0.016891,0.019491,0.019065,0.033269,0.02902,0.010795
2024-06-26,0.021376,0.010254,0.017112,0.013661,0.016729,0.019666,0.019521,0.03327,0.028994,0.010762
2024-06-27,0.02142,0.010666,0.017092,0.013549,0.016709,0.019658,0.019087,0.033197,0.029001,0.010674
2024-06-28,0.021722,0.010263,0.017237,0.013505,0.016562,0.019968,0.019609,0.033191,0.029011,0.010472
2024-07-01,0.021747,0.010792,0.017271,0.013659,0.016662,0.020017,0.019618,0.033246,0.029045,0.01063
2024-07-02,0.021741,0.01086,0.017274,0.013762,0.016732,0.020256,0.020221,0.033355,0.029443,0.010721
2024-07-03,0.021669,0.011183,0.017486,0.013644,0.016301,0.020185,0.020222,0.033479,0.029454,0.010566
2024-07-04,0.021481,0.011098,0.018035,0.013692,0.016347,0.020364,0.019952,0.033362,0.028841,0.010552
2024-07-05,0.021774,0.010869,0.020132,0.01363,0.016618,0.020346,0.019888,0.033619,0.028897,0.010511
2024-07-08,0.021672,0.01092,0.02021,0.013649,0.016773,0.020328,0.019877,0.033626,0.028872,0.011056
2024-07-09,0.021668,0.010921,0.020212,0.013645,0.016774,0.020343,0.01977,0.033624,0.028917,0.011473
2024-07-10,0.021555,0.011384,0.02003,0.013458,0.016627,0.019814,0.019785,0.033682,0.028902,0.011501
2024-07-11,0.021411,0.010827,0.020051,0.012861,0.01647,0.019829,0.019821,0.033707,0.028946,0.011203
2024-07-12,0.021444,0.015512,0.019988,0.013984,0.016274,0.019877,0.019821,0.033702,0.028929,0.011199
2024-07-15,0.019067,0.015558,0.019451,0.014026,0.016243,0.018993,0.0197,0.029614,0.026491,0.011205
2024-07-16,0.012776,0.015561,0.016113,0.013744,0.01314,0.011892,0.015397,0.011933,0.012006,0.010512
2024-07-17,0.012567,0.015555,0.013895,0.013327,0.010786,0.010503,0.014312,0.011638,0.012014,0.008549
2024-07-18,0.012556,0.016091,0.013903,0.012813,0.010401,0.010527,0.01407,0.01032,0.011479,0.00849
2024-07-19,0.012463,0.015938,0.013868,0.011242,0.010354,0.010504,0.012552,0.010118,0.011444,0.008503
2024-07-22,0.014176,0.015819,0.014291,0.010008,0.010267,0.010648,0.012555,0.010556,0.011531,0.009119
2024-07-23,0.01414,0.015786,0.014604,0.009962,0.010325,0.010892,0.012556,0.010962,0.012637,0.013043
2024-07-24,0.014146,0.015701,0.014689,0.009746,0.01072,0.010946,0.012572,0.011277,0.012552,0.012995
2024-07-25,0.014157,0.015628,0.014734,0.009991,0.010176,0.011495,0.012482,0.011265,0.013094,0.013101
2024-07-26,0.014217,0.015469,0.014627,0.010634,0.01016,0.011503,0.014886,0.011585,0.01344,0.013617
2024-07-29,0.014266,0.015488,0.014712,0.010766,0.010158,0.011492,0.015511,0.011716,0.014226,0.013957
2024-07-30,0.0143,0.015472,0.014708,0.010794,0.010337,0.011294,0.015594,0.01167,0.014228,0.014186
2024-07-31,0.01403,0.015394,0.013504,0.011023,0.009977,0.010854,0.014955,0.011575,0.013243,0.013885
2024-08-01,0.013962,0.015312,0.013713,0.011357,0.00989,0.010779,0.014873,0.011603,0.013348,0.013931
2024-08-02,0.013875,0.016329,0.01391,0.012114,0.009443,0.011027,0.014381,0.011936,0.014188,0.013951
2024-08-05,0.015251,0.017467,0.014677,0.014447,0.009475,0.011548,0.014867,0.014297,0.015865,0.01409
2024-08-06,0.015205,0.017461,0.013999,0.014444,0.009498,0.010676,0.015142,0.014409,0.015793,0.014083
2024-08-07,0.013151,0.017475,0.014282,0.014807,0.009563,0.010211,0.014013,0.014653,0.016093,0.01415
2024-08-08,0.013067,0.01725,0.014481,0.015605,0.009652,0.010245,0.013917,0.014653,0.016551,0.014149
2024-08-09,0.012751,0.017266,0.014464,0.01569,0.009655,0.009919,0.013406,0.015118,0.016643,0.014102
2024-08-12,0.01282,0.017098,0.014303,0.015683,0.009503,0.009898,0.013378,0.015257,0.016635,0.014147
2024-08-13,0.012805,0.017035,0.01523,0.015446,0.009337,0.009401,0.012554,0.015247,0.015815,0.014181
2024-08-14,0.012756,0.01725,0.014558,0.015571,0.009431,0.009273,0.012618,0.014954,0.015808,0.014177
2024-08-15,0.012749,0.017127,0.014046,0.015461,0.009311,0.00776,0.01262,0.014956,0.015675,0.014193
2024-08-16,0.01217,0.017729,0.011759,0.0157,0.008804,0.008884,0.012665,0.01436,0.015465,0.014474
2024-08-19,0.012253,0.017823,0.011674,0.015678,0.008479,0.009009,0.01281,0.01437,0.015473,0.014128
2024-08-20,0.012295,0.017794,0.011694,0.015628,0.00848,0.008762,0.0131,0.014415,0.015395,0.013893
2024-08-21,0.012307,0.017227,0.011713,0.015542,0.008725,0.008761,0.013165,0.014238,0.015436,0.013961
2024-08-22,0.012308,0.017478,0.011717,0.015539,0.008715,0.009186,0.013396,0.014169,0.015379,0.013805
2024-08-23,0.01212,0.013216,0.011741,0.014565,0.008766,0.00939,0.013551,0.014164,0.015312,0.013798
2024-08-26,0.012261,0.013217,0.011856,0.014549,0.008746,0.009512,0.013558,0.013231,0.015479,0.013763
2024-08-27,0.012131,0.013236,0.011855,0.014582,0.008448,0.009604,0.013148,0.013243,0.01575,0.013963
2024-08-28,0.012127,0.013227,0.011856,0.0149,0.008454,0.009611,0.013667,0.013272,0.015771,0.014056
2024-08-29,0.012419,0.011941,0.011838,0.014691,0.007882,0.009479,0.013572,0.012982,0.015748,0.014199
2024-08-30,0.011974,0.012012,0.011801,0.014362,0.007854,0.009548,0.013378,0.013002,0.015646,0.01423
2024-09-02,0.010107,0.012089,0.011152,0.014375,0.007866,0.009486,0.013627,0.012966,0.015613,0.014001
2024-09-03,0.010013,0.012104,0.010871,0.014445,0.007609,0.009576,0.013731,0.012775,0.014438,0.010007
2024-09-04,0.009991,0.012214,0.010734,0.014588,0.007378,0.009724,0.013616,0.012669,0.014559,0.010079
2024-09-05,0.010343,0.012212,0.010656,0.014549,0.00733,0.008866,0.01374,0.012679,0.013708,0.010046
2024-09-06,0.01069,0.011962,0.010709,0.013945,0.007335,0.009786,0.011199,0.014497,0.013559,0.00967
2024-09-09,0.010579,0.011963,0.010627,0.013941,0.008892,0.010549,0.010353,0.014302,0.012596,0.010047
2024-09-10,0.010559,0.012149,0.010578,0.014026,0.008912,0.010528,0.010903,0.014276,0.012632,0.009726
2024-09-11,0.010588,0.012205,0.010612,0.013993,0.008897,0.010513,0.010679,0.014502,0.012777,0.009559
2024-09-12,0.011156,0.012284,0.010592,0.014354,0.00934,0.010688,0.013058,0.015367,0.013584,0.009646
2024-09-13,0.011029,0.011184,0.010356,0.013948,0.009318,0.010434,0.013049,0.015174,0.012459,0.009712
2024-09-16,0.008937,0.009483,0.009088,0.011686,0.010331,0.009681,0.012381,0.01315,0.010554,0.009685
2024-09-17,0.008881,0.009516,0.008898,0.01167,0.010131,0.009573,0.012032,0.012801,0.010399,0.009802
2024-09-18,0.008895,0.011733,0.008983,0.012694,0.010108,0.009854,0.012146,0.012758,0.010072,0.009561
2024-09-19,0.008684,0.011878,0.008859,0.011459,0.010241,0.009667,0.012141,0.01277,0.009348,0.009543
2024-09-20,0.008333,0.011658,0.009423,0.011213,0.010892,0.011309,0.012866,0.012263,0.01059,0.009756
2024-09-23,0.008167,0.011582,0.009533,0.011034,0.011193,0.011691,0.013124,0.013007,0.010518,0.00975
2024-09-24,0.008189,0.011582,0.006635,0.01103,0.012351,0.011664,0.013094,0.012577,0.010421,0.00958
2024-09-25,0.008192,0.010756,0.006657,0.010791,0.012233,0.011515,0.01311,0.012565,0.010397,0.00958
2024-09-26,0.008196,0.010784,0.006628,0.01079,0.012352,0.011485,0.01306,0.012736,0.010572,0.009693
2024-09-27,0.008634,0.009428,0.007274,0.010243,0.012415,0.011641,0.013943,0.012558,0.01098,0.008995
2024-09-30,0.010429,0.008946,0.007708,0.010703,0.012424,0.012589,0.014157,0.012973,0.011078,0.009157
2024-10-01,0.010473,0.008861,0.007763,0.011035,0.012693,0.012593,0.013868,0.013069,0.01113,0.009125
2024-10-02,0.010463,0.00874,0.007582,0.011035,0.012476,0.012543,0.013876,0.013037,0.011077,0.008838
2024-10-03,0.012633,0.008817,0.009099,0.011075,0.012667,0.012733,0.014189,0.012988,0.013588,0.008932
2024-10-04,0.01282,0.00881,0.009495,0.011148,0.012952,0.012915,0.014693,0.012974,0.013586,0.009539
2024-10-07,0.012746,0.008685,0.01037,0.011167,0.012993,0.012885,0.014803,0.014224,0.013409,0.009844
2024-10-08,0.013358,0.0087,0.01105,0.011015,0.012511,0.012748,0.014832,0.014506,0.013495,0.00969
2024-10-09,0.013598,0.008677,0.011236,0.010378,0.012952,0.012782,0.014505,0.014977,0.013649,0.011308
2024-10-10,0.013173,0.008687,0.011704,0.010851,0.012909,0.012777,0.014497,0.014923,0.013691,0.010901
2024-10-11,0.013171,0.008906,0.011779,0.010919,0.013044,0.013109,0.014322,0.014937,0.013704,0.01093
2024-10-14,0.013112,0.008872,0.012379,0.010977,0.01303,0.013175,0.014108,0.014913,0.014296,0.011025
2024-10-15,0.013496,0.008876,0.012359,0.010748,0.013035,0.013384,0.014108,0.014896,0.014285,0.011049
2024-10-16,0.013588,0.00885,0.012449,0.011235,0.01264,0.013403,0.014148,0.014793,0.014197,0.011161
2024-10-17,0.01347,0.008918,0.012823,0.012094,0.012922,0.013523,0.01455,0.014843,0.014301,0.011073
2024-10-18,0.013165,0.009052,0.012801,0.014398,0.012977,0.013707,0.014463,0.012431,0.014086,0.010609
2024-10-21,0.013284,0.009167,0.013689,0.014612,0.011678,0.013177,0.014642,0.01255,0.01409,0.009876
2024-10-22,0.013627,0.008957,0.013807,0.014491,0.011641,0.013221,0.014174,0.013706,0.014553,0.009828
2024-10-23,0.013606,0.009424,0.013913,0.014676,0.011657,0.013445,0.014214,0.013314,0.014539,0.009807
2024-10-24,0.012973,0.009165,0.013781,0.014115,0.014799,0.013244,0.011909,0.01267,0.013774,0.009934
2024-10-25,0.013012,0.009191,0.01381,0.014112,0.015025,0.013246,0.011908,0.013043,0.014975,0.010863
2024-10-28,0.013093,0.009434,0.013864,0.014099,0.015247,0.014208,0.011915,0.013248,0.014721,0.010897
2024-10-29,0.013145,0.009431,0.013947,0.014092,0.015267,0.015175,0.01191,0.01616,0.014815,0.010994
2024-10-30,0.013176,0.007255,0.013847,0.013442,0.015294,0.01522,0.011896,0.016247,0.014776,0.011107
2024-10-31,0.013153,0.008565,0.01378,0.014112,0.015021,0.015487,0.012039,0.016239,0.018903,0.011125
2024-11-01,0.012971,0.008647,0.01333,0.014051,0.014215,0.01393,0.010735,0.016085,0.018022,0.010871
2024-11-04,0.013575,0.008657,0.013388,0.014058,0.013576,0.013902,0.009972,0.015532,0.018177,0.010951
2024-11-05,0.01363,0.008673,0.014198,0.014059,0.01307,0.014213,0.00993,0.015999,0.018173,0.011023
2024-11-06,0.014037,0.011906,0.014149,0.015996,0.013137,0.014218,0.010329,0.015934,0.018592,0.010979
2024-11-07,0.014119,0.011888,0.014163,0.016096,0.012735,0.014551,0.010374,0.015866,0.018544,0.010748
2024-11-08,0.013578,0.011854,0.013834,0.016346,0.013186,0.014502,0.009879,0.016347,0.018366,0.010752
2024-11-11,0.012617,0.012001,0.013698,0.016372,0.01318,0.013829,0.009667,0.015907,0.018373,0.010697
2024-11-12,0.01265,0.011965,0.014607,0.016148,0.013183,0.013828,0.009646,0.016566,0.018437,0.010749
2024-11-13,0.012832,0.012121,0.015121,0.016148,0.013205,0.01404,0.009631,0.017099,0.018559,0.01074
2024-11-14,0.011467,0.01191,0.014426,0.016117,0.01398,0.013807,0.009379,0.017118,0.016837,0.010885
2024-11-15,0.011287,0.011871,0.014154,0.015927,0.0139,0.013576,0.008822,0.017111,0.016835,0.01053
2024-11-18,0.011184,0.013001,0.013394,0.016628,0.014348,0.013555,0.008452,0.016052,0.016786,0.010133
2024-11-19,0.010589,0.01305,0.013455,0.016628,0.014348,0.013571,0.008499,0.016137,0.016562,0.010164
2024-11-20,0.010345,0.01305,0.013246,0.016615,0.014159,0.013529,0.008023,0.015717,0.016388,0.008535
2024-11-21,0.010561,0.013141,0.012918,0.016395,0.014221,0.013529,0.00802,0.016532,0.016368,0.009279
2024-11-22,0.012665,0.014916,0.012818,0.01775,0.015056,0.013708,0.009829,0.01852,0.017488,0.011821
2024-11-25,0.013159,0.015164,0.012843,0.017632,0.015253,0.013997,0.00986,0.019511,0.018653,0.011329
2024-11-26,0.012763,0.015168,0.012823,0.017967,0.015301,0.013612,0.009445,0.019558,0.018858,0.011302
2024-11-27,0.012659,0.015158,0.012975,0.017568,0.015336,0.013477,0.009167,0.019611,0.018819,0.011165
2024-11-28,0.012968,0.015691,0.012764,0.018119,0.01522,0.013521,0.008801,0.0196,0.018835,0.01109
2024-11-29,0.013404,0.015693,0.012753,0.016143,0.015495,0.012769,0.012078,0.019505,0.019033,0.011102
2024-12-02,0.013578,0.015535,0.011819,0.016043,0.015472,0.012737,0.012176,0.01945,0.019076,0.011053
2024-12-03,0.013341,0.015197,0.011822,0.016072,0.015481,0.012699,0.012408,0.018921,0.018995,0.011169
2024-12-04,0.013465,0.015183,0.012054,0.015954,0.015469,0.012458,0.012989,0.018868,0.018667,0.01134
2024-12-05,0.013604,0.015677,0.012009,0.016463,0.011517,0.012708,0.01357,0.018825,0.018671,0.01087
2024-12-06,0.013583,0.015737,0.012042,0.016526,0.011423,0.012792,0.013638,0.018467,0.017291,0.010117
2024-12-09,0.013724,0.01571,0.011998,0.016527,0.012373,0.011712,0.01366,0.01844,0.017525,0.010326
2024-12-10,0.013747,0.015719,0.011927,0.016634,0.012254,0.010383,0.013628,0.016106,0.017613,0.010193
2024-12-11,0.01374,0.015737,0.011748,0.016203,0.012241,0.010011,0.013667,0.015974,0.017646,0.010056
2024-12-12,0.01381,0.014593,0.011772,0.015318,0.012785,0.009568,0.013795,0.016078,0.014193,0.010146
2024-12-13,0.013868,0.014594,0.011796,0.015317,0.01333,0.009764,0.015979,0.01614,0.014218,0.010906
2024-12-16,0.013003,0.014838,0.01147,0.015529,0.013407,0.009467,0.015844,0.016059,0.013897,0.010734
2024-12-17,0.013364,0.015437,0.011207,0.015468,0.013407,0.009318,0.016684,0.015685,0.014413,0.010624
2024-12-18,0.013071,0.013536,0.011476,0.01394,0.013373,0.00972,0.016607,0.015861,0.014273,0.010625
2024-12-19,0.0132,0.01398,0.011588,0.014159,0.013287,0.009899,0.01638,0.015852,0.014447,0.010664
2024-12-20,0.013358,0.014696,0.011813,0.014219,0.013104,0.00944,0.016576,0.016117,0.015081,0.010679
2024-12-23,0.013613,0.014523,0.012131,0.013944,0.013102,0.009397,0.01656,0.016235,0.015005,0.011375
2024-12-24,0.013609,0.014556,0.010938,0.014026,0.01297,0.009397,0.016552,0.015729,0.014873,0.011373
2024-12-25,0.013264,0.014402,0.010046,0.014026,0.012961,0.009018,0.016534,0.015203,0.014681,0.011368
2024-12-26,0.013049,0.014409,0.010075,0.014019,0.011745,0.009016,0.016615,0.015165,0.014639,0.011093
2024-12-27,0.013079,0.014411,0.010076,0.014037,0.011772,0.009097,0.016614,0.015451,0.014693,0.011102
2024-12-30,0.013126,0.0132,0.010313,0.01296,0.011446,0.009298,0.016602,0.015471,0.014765,0.01113
2024-12-31,0.01289,0.013519,0.009593,0.013213,0.011475,0.009485,0.016522,0.015365,0.014686,0.011385
2025-01-01,0.012927,0.013536,0.009635,0.013212,0.011474,0.009484,0.016532,0.015369,0.014954,0.011384
2025-01-02,0.012999,0.013735,0.00968,0.014993,0.011969,0.009519,0.016579,0.014573,0.015005,0.010633
2025-01-03,0.01139,0.011763,0.010763,0.013611,0.011288,0.009413,0.015837,0.012055,0.014007,0.008703
2025-01-06,0.011865,0.011279,0.010615,0.013543,0.011289,0.008762,0.015858,0.010602,0.011992,0.012053
2025-01-07,0.012354,0.011407,0.010627,0.013163,0.011343,0.009048,0.015858,0.010634,0.011973,0.012057
2025-01-08,0.012947,0.012107,0.010311,0.013164,0.01136,0.009279,0.015882,0.010696,0.012186,0.012621
2025-01-09,0.012651,0.011947,0.010493,0.011466,0.011572,0.009081,0.015749,0.010772,0.012553,0.012606
2025-01-10,0.012345,0.015899,0.010493,0.012324,0.01128,0.008978,0.013683,0.011316,0.012147,0.012737
2025-01-13,0.012043,0.015934,0.010656,0.012205,0.011245,0.009324,0.013695,0.01162,0.012601,0.012923
2025-01-14,0.01181,0.016087,0.010549,0.012384,0.012797,0.009482,0.013474,0.011991,0.011725,0.012852
2025-01-15,0.011922,0.015938,0.009711,0.012397,0.012763,0.009373,0.01283,0.012013,0.01199,0.012715
2025-01-16,0.01197,0.015252,0.009783,0.011789,0.012647,0.009011,0.012581,0.012461,0.011747,0.012826
2025-01-17,0.013066,0.015246,0.009828,0.015895,0.012682,0.009497,0.012409,0.012457,0.012123,0.013154
2025-01-20,0.012861,0.01533,0.009881,0.015889,0.011192,0.00962,0.012483,0.013182,0.011439,0.012984
2025-01-21,0.013554,0.015396,0.009866,0.015664,0.011194,0.010714,0.012274,0.013536,0.011616,0.01298
2025-01-22,0.01353,0.016489,0.010435,0.016589,0.01119,0.01079,0.012264,0.01354,0.011625,0.01298
2025-01-23,0.013489,0.016428,0.010446,0.016562,0.010466,0.010787,0.011962,0.013551,0.011439,0.01294
2025-01-24,0.013636,0.016403,0.010303,0.016545,0.010514,0.010564,0.008749,0.013314,0.011404,0.012364
2025-01-27,0.013832,0.016653,0.010405,0.017189,0.010523,0.011096,0.009687,0.013462,0.011421,0.012372
2025-01-28,0.013471,0.016339,0.011418,0.017234,0.010525,0.011525,0.00841,0.013477,0.011222,0.012499
2025-01-29,0.013415,0.016575,0.011352,0.018109,0.010528,0.011325,0.00852,0.013497,0.011363,0.012501
2025-01-30,0.013235,0.016289,0.011442,0.017981,0.010685,0.010756,0.009676,0.013575,0.011304,0.012511
2025-01-31,0.012708,0.0157,0.011323,0.017987,0.011319,0.010753,0.009451,0.013225,0.0134,0.013414
2025-02-03,0.012845,0.015817,0.010963,0.018045,0.011558,0.010665,0.009809,0.013232,0.01946,0.013164
2025-02-04,0.014023,0.015885,0.012086,0.018353,0.011559,0.010933,0.009817,0.013971,0.021401,0.013061
2025-02-05,0.014082,0.015902,0.012257,0.018354,0.012165,0.010932,0.009821,0.014254,0.021563,0.013347
2025-02-06,0.014026,0.0159,0.012271,0.018441,0.01226,0.010961,0.010784,0.014547,0.021599,0.013617
2025-02-07,0.014232,0.016078,0.012274,0.018458,0.012271,0.011039,0.012508,0.014701,0.021593,0.01416
2025-02-10,0.01428,0.016082,0.012234,0.018566,0.012274,0.010965,0.012453,0.01454,0.021566,0.014206
2025-02-11,0.014573,0.01618,0.012302,0.0184,0.012736,0.010907,0.012449,0.014434,0.02193,0.014252
2025-02-12,0.014818,0.016165,0.012263,0.01844,0.012803,0.010899,0.012495,0.014469,0.021895,0.014233
2025-02-13,0.014472,0.015964,0.012199,0.016886,0.012235,0.010838,0.012437,0.014296,0.021699,0.013994
2025-02-14,0.014394,0.015704,0.011395,0.016895,0.01186,0.010384,0.012324,0.014266,0.021625,0.013862
2025-02-17,0.0136,0.015757,0.010955,0.016933,0.011709,0.010463,0.013161,0.013959,0.021514,0.011372
2025-02-18,0.013145,0.015549,0.010967,0.016973,0.011898,0.010257,0.013204,0.013926,0.021345,0.011425
2025-02-19,0.012589,0.015573,0.010758,0.01739,0.012319,0.010426,0.013497,0.013873,0.021617,0.010739
2025-02-20,0.012544,0.015317,0.011233,0.017442,0.011926,0.010562,0.013481,0.013714,0.021404,0.010806
2025-02-21,0.012427,0.010815,0.011163,0.016667,0.011883,0.010698,0.013466,0.013235,0.021548,0.01069
2025-02-24,0.012581,0.011646,0.010893,0.017305,0.011833,0.01051,0.013982,0.012882,0.021466,0.010553
2025-02-25,0.012667,0.011621,0.010778,0.017266,0.01044,0.010422,0.0147,0.011957,0.021513,0.01068
2025-02-26,0.012474,0.011546,0.010765,0.017212,0.010421,0.010419,0.014685,0.01184,0.02137,0.010664
2025-02-27,0.012269,0.011497,0.010891,0.01715,0.010284,0.010278,0.014497,0.011386,0.021359,0.010612
2025-02-28,0.010911,0.012827,0.01117,0.015602,0.011049,0.01006,0.017048,0.011886,0.021113,0.010309
2025-03-03,0.011538,0.012867,0.011652,0.01583,0.011068,0.009992,0.017259,0.011325,0.021189,0.010431
2025-03-04,0.010891,0.01316,0.011608,0.015911,0.011131,0.008356,0.017333,0.012106,0.021143,0.010445
2025-03-05,0.011178,0.011596,0.011579,0.014962,0.011226,0.008367,0.018068,0.012693,0.021232,0.011685
2025-03-06,0.01247,0.012186,0.011576,0.014928,0.012028,0.008371,0.018089,0.012588,0.021289,0.011575
2025-03-07,0.013749,0.012205,0.011438,0.015083,0.011354,0.008321,0.018066,0.012587,0.0212,0.011537
2025-03-10,0.013618,0.011809,0.011181,0.01448,0.011822,0.007802,0.017411,0.01254,0.02147,0.011573
2025-03-11,0.013659,0.011803,0.01025,0.014931,0.012012,0.008636,0.017677,0.01251,0.021433,0.011498
2025-03-12,0.013725,0.011575,0.010586,0.015404,0.01211,0.008608,0.017702,0.012482,0.021306,0.01189
2025-03-13,0.013554,0.011598,0.0105,0.015367,0.01189,0.008637,0.017145,0.012506,0.021276,0.011803
2025-03-14,0.01343,0.011538,0.010473,0.015105,0.010654,0.008628,0.017065,0.012187,0.019521,0.010633
2025-03-17,0.013205,0.011495,0.010211,0.015252,0.010587,0.009063,0.016822,0.011951,0.01356,0.010192
2025-03-18,0.011777,0.011213,0.009066,0.014592,0.010602,0.008791,0.016789,0.010938,0.010312,0.010211
2025-03-19,0.011833,0.011249,0.009605,0.014579,0.010629,0.010834,0.01679,0.012122,0.013308,0.010186
2025-03-20,0.01229,0.012068,0.009923,0.014969,0.011311,0.010868,0.017814,0.011735,0.013332,0.009935
2025-03-21,0.012144,0.012055,0.009838,0.015053,0.011323,0.010887,0.016793,0.011141,0.013752,0.009176
2025-03-24,0.012494,0.012461,0.010046,0.01504,0.011377,0.011002,0.016737,0.012916,0.014138,0.009453
2025-03-25,0.0124,0.012309,0.010032,0.015871,0.010937,0.011106,0.016773,0.012988,0.013133,0.00867
2025-03-26,0.012201,0.012324,0.010211,0.016051,0.010994,0.011193,0.016723,0.013213,0.013005,0.008698
2025-03-27,0.012204,0.012304,0.010229,0.01607,0.010974,0.011165,0.016795,0.013209,0.013151,0.008752
2025-03-28,0.012227,0.01233,0.0102,0.016172,0.011056,0.011161,0.016817,0.013099,0.013042,0.008749
2025-03-31,0.012198,0.012305,0.010006,0.016196,0.011008,0.011028,0.016162,0.013065,0.012975,0.008716
2025-04-01,0.012684,0.012488,0.011881,0.016596,0.010886,0.011816,0.01618,0.01304,0.013406,0.008696
2025-04-02,0.012688,0.011892,0.012213,0.016775,0.010284,0.011656,0.016179,0.013054,0.013157,0.008747
2025-04-03,0.012676,0.013729,0.01131,0.017427,0.010298,0.011483,0.016221,0.013058,0.013157,0.008498
2025-04-04,0.014245,0.014549,0.011467,0.017946,0.010284,0.011096,0.016211,0.013236,0.015678,0.008473
2025-04-07,0.015281,0.013802,0.013003,0.018419,0.010291,0.012892,0.0168,0.01415,0.018746,0.008646
2025-04-08,0.015466,0.013805,0.013031,0.019176,0.010692,0.012959,0.016584,0.014899,0.019563,0.009023
2025-04-09,0.015477,0.013933,0.013049,0.019226,0.011699,0.012956,0.016602,0.016362,0.020487,0.009152
2025-04-10,0.015467,0.013947,0.012934,0.019249,0.011612,0.012945,0.016588,0.016223,0.020478,0.008996
2025-04-11,0.016297,0.012546,0.013196,0.018105,0.010557,0.012574,0.014153,0.015792,0.020702,0.008582
2025-04-14,0.015618,0.012516,0.012689,0.017814,0.01044,0.012584,0.01397,0.015756,0.0206,0.008557
2025-04-15,0.015774,0.012337,0.013824,0.018076,0.010244,0.013484,0.014123,0.015039,0.022243,0.008453
2025-04-16,0.015679,0.012425,0.013559,0.017717,0.01023,0.013484,0.013567,0.014757,0.022266,0.007329
2025-04-17,0.015649,0.012116,0.013711,0.017755,0.009553,0.014786,0.014804,0.015829,0.022264,0.007386
2025-04-18,0.014484,0.012084,0.013698,0.017658,0.009419,0.014743,0.014825,0.015834,0.022246,0.007302
2025-04-21,0.014635,0.0122,0.013713,0.018185,0.00912,0.014725,0.014872,0.016214,0.021957,0.007631
2025-04-22,0.014623,0.012197,0.013882,0.018061,0.009271,0.014229,0.015104,0.016216,0.021991,0.008796
2025-04-23,0.014609,0.013112,0.014437,0.018167,0.009013,0.014192,0.014958,0.016263,0.022105,0.008572
2025-04-24,0.01452,0.013113,0.014455,0.018146,0.011924,0.014647,0.015457,0.016273,0.022098,0.008584
2025-04-25,0.014525,0.013382,0.014493,0.018204,0.011916,0.014635,0.015852,0.01675,0.022173,0.008667
2025-04-28,0.017156,0.013368,0.01449,0.018146,0.01199,0.01469,0.015853,0.017039,0.02233,0.008404
2025-04-29,0.017491,0.013466,0.014586,0.018287,0.011983,0.014684,0.015845,0.017123,0.022336,0.008533
2025-04-30,0.017484,0.0135,0.014305,0.018299,0.01187,0.013525,0.016173,0.017429,0.020736,0.00798
2025-05-01,0.01731,0.013004,0.014171,0.017911,0.011426,0.013516,0.014586,0.017417,0.020665,0.007987
2025-05-02,0.017353,0.013006,0.014191,0.017807,0.011618,0.013272,0.014639,0.017476,0.020344,0.008077
2025-05-05,0.017096,0.012769,0.01398,0.017812,0.011804,0.013169,0.014644,0.016294,0.019994,0.008309
2025-05-06,0.016946,0.012659,0.013896,0.017241,0.011996,0.012958,0.014916,0.016617,0.019994,0.00832
2025-05-07,0.016969,0.012643,0.013788,0.016991,0.011813,0.01287,0.014946,0.016475,0.019969,0.00849
2025-05-08,0.016976,0.012605,0.013857,0.016987,0.011909,0.012873,0.015051,0.016453,0.019698,0.008487
2025-05-09,0.017532,0.012449,0.01443,0.016618,0.012041,0.014299,0.01536,0.01663,0.020859,0.009107
2025-05-12,0.019003,0.015866,0.015742,0.022172,0.012584,0.016205,0.015458,0.017412,0.022216,0.010356
2025-05-13,0.018886,0.016518,0.014772,0.022568,0.01253,0.015783,0.016316,0.017412,0.022023,0.01082
2025-05-14,0.018861,0.01661,0.014635,0.022561,0.012577,0.015764,0.016082,0.017402,0.021989,0.010794
2025-05-15,0.019052,0.01486,0.014733,0.021614,0.012575,0.015976,0.016304,0.017449,0.022077,0.01086
2025-05-16,0.017474,0.013632,0.014617,0.020977,0.012687,0.015974,0.017243,0.017174,0.020099,0.010898
2025-05-19,0.016215,0.013765,0.01304,0.019961,0.01269,0.014272,0.015999,0.016301,0.01634,0.010714
2025-05-20,0.016501,0.013832,0.013331,0.019639,0.012812,0.014382,0.015714,0.015734,0.015855,0.010414
2025-05-21,0.016497,0.013524,0.01331,0.019248,0.011991,0.014374,0.015723,0.014202,0.014138,0.01038
2025-05-22,0.016871,0.013856,0.013354,0.019494,0.012272,0.014393,0.015725,0.014224,0.014405,0.010849
2025-05-23,0.016384,0.013873,0.012798,0.019545,0.012417,0.014369,0.015187,0.014033,0.014216,0.011454
2025-05-26,0.016352,0.013877,0.012791,0.019566,0.012708,0.014372,0.015239,0.014033,0.01427,0.011728
2025-05-27,0.016401,0.014103,0.0116,0.019602,0.012753,0.013719,0.014659,0.013909,0.012152,0.01238
2025-05-28,0.016501,0.014076,0.011555,0.019468,0.01283,0.013722,0.014517,0.013814,0.011911,0.01256
2025-05-29,0.015872,0.014044,0.011234,0.019489,0.012818,0.012059,0.012876,0.012469,0.011909,0.012521
2025-05-30,0.015859,0.01421,0.011342,0.019493,0.012896,0.012159,0.012892,0.012893,0.011887,0.012525
2025-06-02,0.015751,0.014212,0.011257,0.019252,0.012889,0.012164,0.012884,0.012156,0.011844,0.012384
2025-06-03,0.015792,0.014438,0.010761,0.018883,0.01241,0.012269,0.012584,0.012132,0.011695,0.011485
2025-06-04,0.01588,0.013381,0.010285,0.017816,0.012285,0.012269,0.012709,0.01198,0.011679,0.011435
2025-06-05,0.015982,0.013378,0.01028,0.017794,0.009737,0.012264,0.012188,0.011981,0.011659,0.011474
2025-06-06,0.015968,0.013153,0.01058,0.017795,0.00977,0.01227,0.011852,0.011542,0.011426,0.011466
2025-06-09,0.013018,0.013314,0.010561,0.017804,0.009689,0.012343,0.011868,0.010862,0.011177,0.011491
2025-06-10,0.012517,0.013406,0.010584,0.017886,0.009689,0.01244,0.011905,0.010822,0.011153,0.011534
2025-06-11,0.012559,0.013368,0.0106,0.018226,0.009709,0.012478,0.011186,0.009218,0.011156,0.011543
2025-06-12,0.012608,0.013529,0.010626,0.018487,0.010305,0.012502,0.011295,0.009514,0.012085,0.011777
2025-06-13,0.012613,0.01348,0.010911,0.018529,0.010194,0.012549,0.011188,0.009928,0.012132,0.01207
2025-06-16,0.01259,0.013682,0.010952,0.018633,0.009927,0.012631,0.011244,0.009785,0.012206,0.011777
2025-06-17,0.012544,0.013707,0.010955,0.018673,0.00955,0.012637,0.010683,0.008956,0.012235,0.01177
2025-06-18,0.01238,0.014117,0.01088,0.018699,0.009807,0.012695,0.010749,0.00896,0.012278,0.011651
2025-06-19,0.012383,0.014199,0.010757,0.01883,0.009748,0.012694,0.010602,0.008938,0.012278,0.011651
2025-06-20,0.012317,0.014202,0.010386,0.018802,0.009672,0.011332,0.011734,0.008973,0.010725,0.011312
2025-06-23,0.009683,0.010446,0.008253,0.012929,0.008777,0.008143,0.011568,0.007482,0.008776,0.010185
2025-06-24,0.009307,0.009085,0.007635,0.011065,0.008674,0.007855,0.010305,0.007572,0.008759,0.009706
2025-06-25,0.009457,0.009412,0.007696,0.011376,0.008772,0.007839,0.010598,0.007628,0.00878,0.009736
2025-06-26,0.009329,0.009241,0.008278,0.01115,0.008762,0.007357,0.011008,0.007509,0.008709,0.009775
2025-06-27,0.009603,0.009207,0.008348,0.010845,0.008777,0.007928,0.009325,0.007738,0.008707,0.009695
2025-06-30,0.009563,0.009042,0.008487,0.010226,0.008815,0.008175,0.009594,0.008393,0.008722,0.009731
2025-07-01,0.009749,0.00914,0.008104,0.010229,0.00824,0.008249,0.009459,0.00804,0.008525,0.009741
2025-07-02,0.009874,0.009011,0.00851,0.010208,0.008087,0.008217,0.009451,0.008264,0.009243,0.009752
2025-07-03,0.009424,0.008737,0.00846,0.009836,0.007683,0.008214,0.009642,0.008379,0.009051,0.009335
2025-07-04,0.009269,0.008556,0.008394,0.009923,0.007629,0.008452,0.009658,0.008361,0.008729,0.00813
2025-07-07,0.009339,0.008457,0.008395,0.009983,0.009062,0.008371,0.009653,0.008423,0.008387,0.007761
2025-07-08,0.009145,0.008244,0.008307,0.009916,0.009104,0.008233,0.009652,0.008504,0.008479,0.00692
2025-07-09,0.009392,0.008316,0.008306,0.009957,0.009234,0.008267,0.009747,0.008503,0.00858,0.006547
2025-07-10,0.009414,0.008315,0.008344,0.010131,0.009332,0.008304,0.011192,0.008539,0.008566,0.006615
2025-07-11,0.009901,0.010212,0.008549,0.01045,0.01231,0.008211,0.01195,0.007812,0.008651,0.006608
2025-07-14,0.009975,0.010425,0.008432,0.010801,0.012255,0.008184,0.011946,0.007805,0.0089,0.006687
2025-07-15,0.009876,0.010402,0.008423,0.010839,0.012094,0.00811,0.011887,0.007945,0.008899,0.006698
2025-07-16,0.009661,0.01039,0.00832,0.011075,0.012143,0.008082,0.011456,0.008574,0.008903,0.006772
2025-07-17,0.009493,0.010446,0.008371,0.011472,0.012175,0.007491,0.011485,0.008605,0.008938,0.006731
2025-07-18,0.009495,0.010427,0.008431,0.011428,0.012299,0.007528,0.011528,0.008589,0.008883,0.006707
2025-07-21,0.011213,0.010233,0.009338,0.011388,0.012484,0.00859,0.011523,0.008452,0.009072,0.006748
2025-07-22,0.011317,0.009881,0.009235,0.011161,0.012511,0.008455,0.011488,0.008678,0.009221,0.006717
2025-07-23,0.011345,0.00997,0.009182,0.010344,0.012635,0.008575,0.011958,0.008757,0.009313,0.006721
2025-07-24,0.011635,0.009942,0.009213,0.010352,0.012139,0.008564,0.011848,0.008574,0.008503,0.006719
2025-07-25,0.011599,0.009877,0.008811,0.011135,0.012227,0.008506,0.011826,0.008236,0.008633,0.006004
2025-07-28,0.011512,0.009663,0.008702,0.010758,0.012335,0.008506,0.012643,0.008536,0.008321,0.005662
2025-07-29,0.012191,0.009512,0.008697,0.010513,0.012343,0.008491,0.012865,0.008546,0.009351,0.005682
2025-07-30,0.012221,0.009174,0.008697,0.010566,0.012106,0.008359,0.012885,0.008559,0.012973,0.005662
2025-07-31,0.012461,0.009148,0.008759,0.010525,0.013412,0.008357,0.01301,0.008487,0.01303,0.006028
2025-08-01,0.011642,0.009135,0.008429,0.011337,0.013517,0.008288,0.01198,0.008114,0.01309,0.006263
2025-08-04,0.011894,0.010345,0.008502,0.010793,0.013532,0.008309,0.012358,0.008,0.012682,0.005913
2025-08-05,0.012119,0.010337,0.00858,0.010992,0.013495,0.008677,0.012463,0.007989,0.012683,0.006036
2025-08-06,0.011889,0.009748,0.00843,0.01031,0.013498,0.008678,0.012081,0.007985,0.012728,0.006037
2025-08-07,0.011225,0.009868,0.007555,0.010302,0.013633,0.008526,0.011126,0.007949,0.012582,0.005805
2025-08-08,0.011062,0.009844,0.007666,0.010354,0.013686,0.007987,0.012469,0.007719,0.012649,0.005788
2025-08-11,0.011404,0.009716,0.007858,0.010447,0.01363,0.007731,0.01242,0.008199,0.013035,0.00581
2025-08-12,0.010686,0.009675,0.008133,0.010367,0.01397,0.007542,0.012349,0.008226,0.013062,0.005782
2025-08-13,0.010708,0.009698,0.007853,0.010356,0.013967,0.007523,0.012418,0.008048,0.012544,0.00579
2025-08-14,0.010699,0.009686,0.007915,0.010792,0.014054,0.007561,0.012435,0.007975,0.012553,0.005907
2025-08-15,0.01057,0.009553,0.007913,0.010317,0.013961,0.00724,0.012439,0.007919,0.012546,0.005897
2025-08-18,0.010443,0.009548,0.007988,0.010316,0.014326,0.007241,0.012489,0.007815,0.01272,0.006077
2025-08-19,0.011901,0.009595,0.007974,0.010183,0.014373,0.007201,0.012656,0.007739,0.012717,0.00621
2025-08-20,0.011773,0.011139,0.007922,0.012892,0.014824,0.007118,0.012809,0.007735,0.012686,0.006223
2025-08-21,0.011929,0.011156,0.007918,0.01281,0.014873,0.007284,0.01182,0.00774,0.012721,0.006147
2025-08-22,0.011817,0.009769,0.00803,0.012676,0.012571,0.007399,0.011108,0.008054,0.01262,0.006881
2025-08-25,0.011786,0.011003,0.00803,0.013716,0.012562,0.007417,0.011111,0.008054,0.012372,0.006772
2025-08-26,0.01223,0.010905,0.008081,0.013573,0.013163,0.007673,0.011327,0.008103,0.012811,0.006948
2025-08-27,0.012229,0.010901,0.00808,0.01327,0.013123,0.007652,0.011324,0.007268,0.012804,0.006813
2025-08-28,0.012215,0.011404,0.008524,0.013436,0.013434,0.007923,0.011528,0.007349,0.012719,0.006859
2025-08-29,0.012682,0.011373,0.008189,0.013839,0.0133,0.007863,0.011495,0.007275,0.012845,0.008125
2025-09-01,0.011391,0.01139,0.006961,0.014448,0.013154,0.006073,0.011527,0.007331,0.01272,0.008219
2025-09-02,0.011414,0.011388,0.006952,0.014394,0.013218,0.006267,0.011595,0.007073,0.012604,0.008074
2025-09-03,0.011327,0.011341,0.007063,0.014528,0.01301,0.005906,0.010984,0.007217,0.012624,0.008406
2025-09-04,0.011131,0.011214,0.007221,0.014451,0.012929,0.00607,0.010971,0.007161,0.012626,0.008303
2025-09-05,0.01127,0.011523,0.00725,0.014007,0.013049,0.006049,0.011085,0.006885,0.012654,0.009149
2025-09-08,0.011269,0.011189,0.007263,0.014054,0.013015,0.005808,0.010155,0.006536,0.012669,0.009147
2025-09-09,0.010529,0.011273,0.007114,0.016922,0.013033,0.005825,0.009785,0.006525,0.012077,0.009194
2025-09-10,0.010502,0.011841,0.007095,0.017261,0.012924,0.005831,0.009673,0.006821,0.008095,0.009274
2025-09-11,0.010224,0.011802,0.007111,0.017444,0.011604,0.005829,0.009769,0.00677,0.008003,0.009113
2025-09-12,0.010331,0.01158,0.007106,0.016813,0.011804,0.006213,0.009376,0.006725,0.007933,0.008906
2025-09-15,0.010073,0.010876,0.006912,0.016928,0.011776,0.006159,0.0089,0.006723,0.007599,0.008915
2025-09-16,0.00975,0.011012,0.006811,0.016708,0.011751,0.005729,0.009384,0.006786,0.008632,0.008841
2025-09-17,0.009803,0.010887,0.006755,0.016411,0.011787,0.005734,0.009382,0.008641,0.008574,0.008951
2025-09-18,0.009785,0.010869,0.007003,0.016504,0.011747,0.005733,0.009353,0.008689,0.008555,0.008981
2025-09-19,0.009367,0.010854,0.006976,0.016356,0.011834,0.006228,0.007075,0.00877,0.00838,0.008977
2025-09-22,0.009362,0.012291,0.006628,0.017201,0.011785,0.006225,0.00712,0.007984,0.007954,0.009042
2025-09-23,0.009325,0.012308,0.006358,0.017189,0.01207,0.006272,0.007317,0.008486,0.007931,0.009173
2025-09-24,0.009372,0.012422,0.006323,0.017202,0.012195,0.006427,0.007236,0.008583,0.007966,0.009174
2025-09-25,0.009471,0.013264,0.006192,0.017083,0.012171,0.006384,0.007227,0.008659,0.008057,0.009121
2025-09-26,0.009496,0.013712,0.006217,0.01769,0.012344,0.006663,0.007496,0.008732,0.009139,0.009443
2025-09-29,0.009457,0.013704,0.006186,0.017646,0.010487,0.006653,0.007441,0.009144,0.009122,0.009217
2025-09-30,0.007904,0.013696,0.006142,0.017639,0.010194,0.006635,0.00759,0.009139,0.009176,0.009474
2025-10-01,0.007918,0.012747,0.006841,0.016058,0.009136,0.007551,0.007389,0.00935,0.009111,0.009575
2025-10-02,0.007721,0.012738,0.006827,0.016058,0.009057,0.007202,0.007384,0.0093,0.009065,0.009572
2025-10-03,0.007522,0.012484,0.006417,0.016033,0.009039,0.007169,0.007974,0.008975,0.009494,0.008981
2025-10-06,0.0077,0.012606,0.006632,0.015481,0.009033,0.007168,0.008006,0.009028,0.009493,0.00913
2025-10-07,0.006969,0.012552,0.006652,0.015604,0.007907,0.007177,0.008014,0.009036,0.008861,0.008947
2025-10-08,0.007338,0.013066,0.006696,0.016337,0.007939,0.007197,0.008116,0.009203,0.00886,0.008947
2025-10-09,0.00748,0.012766,0.00597,0.016048,0.007799,0.006935,0.007738,0.009039,0.008984,0.00888
2025-10-10,0.006409,0.012906,0.00584,0.015574,0.007852,0.006964,0.007726,0.009676,0.008811,0.007972
2025-10-13,0.006464,0.012827,0.0059,0.015387,0.008177,0.006711,0.007766,0.009674,0.008859,0.007946
2025-10-14,0.006249,0.013097,0.005737,0.015392,0.007918,0.006408,0.007683,0.009787,0.008864,0.007993
2025-10-15,0.006202,0.013176,0.005457,0.015322,0.008067,0.006682,0.007883,0.009792,0.009609,0.007779
2025-10-16,0.006692,0.013178,0.00606,0.015189,0.008754,0.007041,0.007867,0.009727,0.009645,0.007946
2025-10-17,0.00679,0.01291,0.006195,0.015494,0.009071,0.007433,0.008697,0.009649,0.009446,0.007708
2025-10-20,0.009235,0.013232,0.006192,0.015611,0.00907,0.009576,0.009188,0.010153,0.009338,0.007715
2025-10-21,0.009228,0.013108,0.00621,0.012665,0.008967,0.00963,0.009269,0.010149,0.009301,0.007642
2025-10-22,0.009232,0.012545,0.006215,0.012123,0.008965,0.00963,0.009255,0.010067,0.009292,0.007525
2025-10-23,0.009543,0.013202,0.006214,0.01381,0.008885,0.009907,0.009792,0.010051,0.00926,0.007599
2025-10-24,0.009456,0.013198,0.006811,0.013686,0.010329,0.009857,0.00983,0.010238,0.009221,0.007582
2025-10-27,0.010204,0.013213,0.006934,0.013517,0.010329,0.00985,0.010672,0.01069,0.009224,0.007733
2025-10-28,0.010195,0.013138,0.00693,0.013528,0.010368,0.00999,0.010279,0.010688,0.00864,0.007843
2025-10-29,0.010323,0.01302,0.006944,0.013519,0.010361,0.010065,0.010283,0.00949,0.008707,0.007772
2025-10-30,0.010573,0.013062,0.006996,0.013488,0.01032,0.010085,0.010846,0.009558,0.008743,0.00785
2025-10-31,0.010506,0.013158,0.007031,0.013553,0.010179,0.010038,0.010805,0.009483,0.008803,0.007853
2025-11-03,0.010197,0.012205,0.007049,0.012655,0.010114,0.010045,0.010861,0.009442,0.009018,0.008196
2025-11-04,0.01035,0.012287,0.007057,0.012846,0.009569,0.010076,0.011082,0.009092,0.009539,0.008336
2025-11-05,0.010276,0.012189,0.006921,0.012841,0.009309,0.009992,0.011022,0.00898,0.009541,0.008261
2025-11-06,0.010387,0.011266,0.006914,0.012783,0.009305,0.01018,0.011229,0.00881,0.009663,0.008278
2025-11-07,0.010741,0.010676,0.006847,0.011974,0.009144,0.010517,0.014031,0.008817,0.008796,0.008126
2025-11-10,0.010723,0.010818,0.006803,0.012663,0.009107,0.010429,0.013992,0.00863,0.008588,0.008095
2025-11-11,0.010582,0.010833,0.006893,0.012758,0.009143,0.01052,0.013806,0.008628,0.008471,0.007676
2025-11-12,0.01071,0.011762,0.006425,0.012927,0.008963,0.009989,0.01389,0.008296,0.008485,0.007458
2025-11-13,0.010714,0.011923,0.00646,0.01303,0.009021,0.010644,0.013903,0.008365,0.008647,0.007483
2025-11-14,0.010632,0.011867,0.00647,0.013997,0.009156,0.010749,0.013727,0.008611,0.00823,0.007535
2025-11-17,0.010616,0.010695,0.006411,0.013561,0.009156,0.01077,0.013732,0.008585,0.00825,0.007359
2025-11-18,0.010602,0.010694,0.006264,0.013641,0.009126,0.010671,0.013848,0.008199,0.008393,0.007369
2025-11-19,0.010204,0.010786,0.006221,0.014492,0.009563,0.010718,0.013832,0.007993,0.008395,0.007455
2025-11-20,0.01061,0.010629,0.006692,0.014436,0.009496,0.010692,0.013831,0.008062,0.008266,0.007498
2025-11-21,0.010658,0.010385,0.007004,0.014451,0.009461,0.010831,0.013806,0.007749,0.008318,0.00746
2025-11-24,0.010722,0.010298,0.006951,0.014148,0.009142,0.010831,0.013872,0.007811,0.008297,0.00754
2025-11-25,0.010709,0.009915,0.007193,0.014331,0.009124,0.010894,0.0138,0.00779,0.008216,0.007562
2025-11-26,0.011043,0.01012,0.007621,0.014449,0.009073,0.010983,0.014175,0.007715,0.007752,0.007459
2025-11-27,0.010872,0.010295,0.007096,0.014434,0.008728,0.01094,0.014238,0.008163,0.007669,0.007113
2025-11-28,0.010726,0.010262,0.006955,0.013812,0.008194,0.010612,0.013806,0.008182,0.007586,0.006317
2025-12-01,0.008898,0.009824,0.007031,0.013669,0.008185,0.008832,0.013431,0.00766,0.007481,0.006296
2025-12-02,0.009288,0.009793,0.007316,0.013663,0.008279,0.009053,0.013447,0.007802,0.007789,0.006441
2025-12-03,0.009363,0.010057,0.007605,0.013747,0.008507,0.009391,0.01356,0.00853,0.008079,0.006439
2025-12-04,0.009061,0.009663,0.007622,0.012179,0.008558,0.009069,0.013182,0.008559,0.007978,0.00639
2025-12-05,0.009063,0.009619,0.007261,0.012277,0.010998,0.008912,0.013073,0.00938,0.008287,0.006453
2025-12-08,0.008207,0.009577,0.007105,0.012322,0.011104,0.008924,0.012456,0.009316,0.008511,0.006234
2025-12-09,0.008412,0.009576,0.007188,0.012414,0.011086,0.008917,0.012428,0.009232,0.008212,0.006169
2025-12-10,0.008205,0.009672,0.007251,0.012543,0.011084,0.009004,0.012548,0.009069,0.008186,0.005995
2025-12-11,0.007964,0.009531,0.007321,0.012365,0.011062,0.008953,0.012248,0.009,0.008095,0.005913
2025-12-12,0.008025,0.009566,0.007023,0.012228,0.011516,0.008665,0.012492,0.008996,0.00848,0.00592
2025-12-15,0.008016,0.009123,0.007039,0.012238,0.011933,0.008667,0.01244,0.008702,0.00815,0.005471
2025-12-16,0.008064,0.009081,0.006903,0.01212,0.011929,0.008549,0.012278,0.008667,0.007792,0.005043
2025-12-17,0.008058,0.009075,0.007174,0.01212,0.011923,0.00877,0.01229,0.009096,0.007794,0.005098
2025-12-18,0.007615,0.009569,0.007218,0.012307,0.011926,0.008443,0.012264,0.009085,0.007643,0.005088
2025-12-19,0.007515,0.009422,0.007287,0.012311,0.012026,0.007883,0.008889,0.009028,0.007823,0.004877
2025-12-22,0.007489,0.009484,0.007287,0.012727,0.012075,0.008085,0.009679,0.009058,0.007694,0.004889
2025-12-23,0.00754,0.009554,0.007351,0.012989,0.012026,0.008011,0.009831,0.009073,0.007587,0.00531
2025-12-24,0.007475,0.008304,0.007338,0.01286,0.012097,0.008024,0.009465,0.009075,0.007595,0.005321
2025-12-25,0.007473,0.008084,0.007313,0.012762,0.012064,0.007099,0.009349,0.009048,0.007292,0.005287
2025-12-26,0.00743,0.008473,0.007363,0.011714,0.01193,0.00701,0.009467,0.008671,0.007301,0.005277
2025-12-29,0.007633,0.008673,0.007247,0.011861,0.01197,0.006999,0.009634,0.008606,0.007241,0.005301
2025-12-30,0.007674,0.008608,0.007209,0.01186,0.011899,0.006973,0.009193,0.008758,0.007136,0.005346
2025-12-31,0.008449,0.008296,0.007198,0.010045,0.011705,0.006819,0.009155,0.008696,0.007214,0.005375
2026-01-01,0.007689,0.00836,0.006664,0.010091,0.011715,0.006835,0.009173,0.008705,0.007589,0.018477
2026-01-02,0.007889,0.008439,0.006678,0.010105,0.011908,0.007096,0.009161,0.0089,0.007598,0.019422
2026-01-05,0.007966,0.008678,0.008002,0.010927,0.012268,0.007436,0.009128,0.00894,0.007602,0.019405
2026-01-06,0.011513,0.008795,0.008314,0.010673,0.012653,0.008962,0.009079,0.008935,0.007567,0.019625
2026-01-07,0.01086,0.008713,0.008119,0.010612,0.012771,0.008921,0.00879,0.009233,0.007032,0.019558
2026-01-08,0.011509,0.010084,0.007997,0.01105,0.012623,0.0087,0.008871,0.009144,0.009064,0.01948
2026-01-09,0.011518,0.010083,0.008072,0.011009,0.012586,0.009603,0.009422,0.009092,0.009053,0.019478
2026-01-12,0.011594,0.01021,0.00805,0.011238,0.012896,0.009662,0.009538,0.00934,0.009052,0.019528
2026-01-13,0.011932,0.010304,0.007834,0.011229,0.012891,0.009789,0.009527,0.009466,0.010674,0.019547
2026-01-14,0.011971,0.010944,0.007705,0.011053,0.012991,0.009869,0.009428,0.008783,0.010561,0.019559
2026-01-15,0.011975,0.010556,0.007718,0.010839,0.012926,0.009839,0.009258,0.008731,0.010562,0.019457
2026-01-16,0.011941,0.011355,0.007717,0.01481,0.00908,0.00988,0.009237,0.007971,0.010195,0.019442
2026-01-19,0.013011,0.011631,0.007707,0.014833,0.00971,0.010653,0.009078,0.007321,0.010094,0.019744
2026-01-20,0.013123,0.012058,0.007758,0.014994,0.010103,0.010498,0.00912,0.00737,0.010422,0.019914
2026-01-21,0.013188,0.012077,0.007895,0.014891,0.010142,0.010989,0.00895,0.007589,0.010581,0.019791
2026-01-22,0.013101,0.012187,0.007506,0.014856,0.010261,0.010989,0.008918,0.008185,0.010674,0.019802
2026-01-23,0.013034,0.012096,0.007468,0.014863,0.009543,0.010954,0.008531,0.009017,0.010225,0.019807
2026-01-26,0.013036,0.012083,0.007471,0.014848,0.009257,0.010955,0.008482,0.009018,0.010149,0.019714
2026-01-27,0.012999,0.011998,0.007897,0.014759,0.009215,0.011244,0.007883,0.009638,0.010461,0.019733
2026-01-28,0.013271,0.01222,0.007916,0.014889,0.009409,0.011115,0.007898,0.009449,0.01048,0.019927
2026-01-29,0.013257,0.012093,0.007946,0.01468,0.009619,0.011292,0.007955,0.009447,0.012591,0.019861
2026-01-30,0.012938,0.012136,0.007873,0.014782,0.009669,0.011943,0.007918,0.009541,0.012412,0.020085
2026-02-02,0.012791,0.012201,0.007835,0.013627,0.009762,0.011778,0.006236,0.012896,0.012414,0.020177
2026-02-03,0.014524,0.012636,0.008788,0.013809,0.009748,0.012782,0.006937,0.014169,0.013643,0.020022
2026-02-04,0.014797,0.017944,0.008854,0.019124,0.009569,0.012975,0.00754,0.014122,0.013816,0.020327
2026-02-05,0.014847,0.017937,0.008857,0.019169,0.009687,0.013095,0.008009,0.01411,0.013862,0.020286
2026-02-06,0.014901,0.018045,0.00894,0.019196,0.011002,0.01305,0.009132,0.014187,0.013859,0.022918
2026-02-09,0.014953,0.018034,0.008947,0.019194,0.011008,0.013084,0.008924,0.019208,0.013993,0.02292
2026-02-10,0.014948,0.018237,0.008965,0.019087,0.011034,0.013123,0.009025,0.01925,0.01418,0.022921
2026-02-11,0.014485,0.018625,0.008979,0.019277,0.010911,0.013125,0.008998,0.019928,0.014123,0.022809
2026-02-12,0.014592,0.020844,0.009012,0.021624,0.011735,0.013378,0.008985,0.019917,0.013917,0.015157
2026-02-13,0.014709,0.020935,0.00911,0.021546,0.014143,0.013427,0.009005,0.019863,0.013895,0.013812
