Date,RELIANCE,TCS,HDFCBANK,INFY,HINDUNILVR,ICICIBANK,BHARTIARTL,SBIN,LT,ITC
2016-02-16,50.0,50.0,50.0,50.0,50.0,50.0,50.0,50.0,50.0,50.0
2016-02-17,50.0,50.0,50.0,50.0,50.0,0.0,50.0,50.0,50.0,50.0
2016-02-18,95.821503,50.0,50.0,50.0,50.0,6.629817,50.0,50.0,50.0,50.0
2016-02-19,95.884469,50.0,99.518431,50.0,50.0,9.790574,50.0,50.0,50.0,98.464543
2016-02-22,96.148456,97.566425,97.661836,99.745559,50.0,9.743662,50.0,50.0,99.676399,90.637066
2016-02-23,91.685084,71.599486,58.02995,98.508513,85.041893,8.897506,87.079785,83.084075,91.357546,81.640303
2016-02-24,91.782512,55.375778,39.264609,98.518944,84.986957,8.296063,87.662978,78.223607,84.660623,73.579935
2016-02-25,88.59637,55.762439,35.109288,91.375899,85.596133,7.839513,85.468222,69.293951,75.519214,71.854704
2016-02-26,88.899713,55.126389,50.119074,91.835484,86.298732,10.233546,78.51236,72.386847,77.873302,74.075617
2016-02-29,89.671383,46.868743,56.522741,76.770189,75.417594,17.005373,75.010714,74.322997,67.817657,76.086361
2016-03-01,90.322551,64.0511,62.413708,80.595606,72.272192,32.55593,77.322487,76.387496,73.011294,84.347971
2016-03-02,91.150969,68.663608,70.484603,82.841136,76.509351,43.974625,79.537476,84.270451,74.31022,78.634619
2016-03-03,91.586758,73.394098,72.841438,83.7242,76.334185,42.934322,81.911624,84.730341,79.564402,77.274028
2016-03-04,88.907167,70.119022,74.053806,83.815239,76.253554,44.695523,76.299767,86.258208,76.19349,74.354566
2016-03-07,88.907167,70.119022,74.053806,83.815239,76.253554,44.695523,76.299767,86.258208,76.19349,74.354566
2016-03-08,89.991769,69.371198,69.177098,81.012101,64.423395,42.47582,77.27857,78.152129,74.675598,76.143974
2016-03-09,90.69121,69.687183,72.43065,82.341524,67.643013,42.166885,78.590542,78.173995,76.867826,75.749438
2016-03-10,78.633437,67.414479,69.786274,69.7597,66.625342,41.612772,79.296519,73.573816,70.007334,71.422955
2016-03-11,78.910692,69.446858,72.089187,69.828675,69.889179,40.500223,79.699412,72.936252,69.881614,73.641587
2016-03-14,79.458712,66.736057,71.187341,69.216733,71.091817,47.628478,81.154391,73.939427,69.491675,75.140467
2016-03-15,79.540493,60.507626,70.485235,66.833979,63.096695,47.393339,82.007513,76.000606,68.512057,65.934213
2016-03-16,79.685662,59.825232,71.806197,69.805241,63.99026,51.715385,74.567896,75.818669,68.847893,68.621733
2016-03-17,80.368519,63.69497,62.176534,71.235161,65.468655,52.831094,75.777994,76.514849,70.249587,69.3719
2016-03-18,81.688129,72.205896,66.224599,75.489204,64.791504,54.869161,77.589794,79.255354,71.092827,69.904606
2016-03-21,82.810271,74.019032,71.812641,75.672843,72.236699,58.531414,81.512189,81.840169,74.765742,72.986518
2016-03-22,83.918826,76.218072,74.031934,73.710307,67.566629,57.188004,77.230522,82.142402,75.815285,64.213813
2016-03-23,74.742614,76.274387,70.759346,76.115715,68.366469,57.689984,80.203203,80.292163,76.421286,64.817349
2016-03-24,74.742614,76.274387,70.759346,76.115715,68.366469,57.689984,80.203203,80.292163,76.421286,64.817349
2016-03-25,74.742614,76.274387,70.759346,76.115715,68.366469,57.689984,80.203203,80.292163,76.421286,64.817349
2016-03-28,70.217709,76.145657,69.188954,74.728289,62.788888,47.537211,67.532143,63.751863,62.857528,62.657552
2016-03-29,73.347443,74.78509,71.508037,71.04933,61.432853,45.516135,70.354328,64.878402,58.994905,59.739733
2016-03-30,75.25558,77.008,75.082521,72.695646,61.611391,58.564814,69.386916,71.317938,65.308316,65.004793
2016-03-31,74.274638,79.928014,76.823758,74.879567,64.398615,57.668162,65.24626,65.977471,61.892478,65.598017
2016-04-01,68.67303,61.727355,71.045991,68.720547,63.326297,58.981015,49.100804,67.102934,65.520098,70.297724
2016-04-04,68.81441,64.032044,72.571207,75.247077,64.95288,59.35129,58.502439,65.519084,64.876884,63.854269
2016-04-05,64.577649,62.060302,63.488786,65.982875,62.444833,46.221281,45.906897,51.309638,53.623085,59.211332
2016-04-06,66.445396,64.697826,65.129733,59.66131,63.748568,43.800917,48.557441,50.737174,56.924867,58.617251
2016-04-07,67.398211,62.0071,60.77223,54.054916,56.082241,42.051534,46.561151,48.521739,50.246619,52.025633
2016-04-08,66.872401,53.622768,62.505695,49.911564,50.695041,43.08519,48.893523,49.946363,52.197142,53.551779
2016-04-11,68.050632,63.777231,67.207642,54.262416,57.117997,46.796473,57.108112,55.840105,56.355588,58.470451
2016-04-12,70.108563,65.047679,61.514077,53.791084,60.395712,50.848444,58.091293,55.228179,58.041493,53.572765
2016-04-13,74.715673,65.948046,68.328744,51.119099,68.391604,60.393274,58.724687,59.574942,60.321398,60.134794
2016-04-14,74.715673,65.948046,68.328744,51.119099,68.391604,60.393274,58.724687,59.574942,60.321398,60.134794
2016-04-15,74.715673,65.948046,68.328744,51.119099,68.391604,60.393274,58.724687,59.574942,60.321398,60.134794
2016-04-18,73.726368,64.290768,70.438214,65.842254,68.843657,56.371923,63.59474,51.700276,63.871697,63.182526
2016-04-19,73.726368,64.290768,70.438214,65.842254,68.843657,56.371923,63.59474,51.700276,63.871697,63.182526
2016-04-20,55.674085,48.942734,73.800175,66.705689,70.513301,57.22141,60.787936,52.478295,66.368616,63.261001
2016-04-21,57.254963,44.65013,68.229333,60.856466,70.472271,68.299871,61.190451,61.122962,61.425964,56.110978
2016-04-22,56.025346,43.486882,68.610091,56.236488,56.419064,66.99199,56.844511,66.518975,64.1283,51.430204
2016-04-25,45.482229,50.012872,69.049676,57.303428,56.388643,67.596562,61.044547,61.59789,64.210453,46.543475
2016-04-26,45.507236,56.15887,75.865186,60.937424,57.186269,68.320114,62.030953,65.096368,67.331778,52.94665
2016-04-27,46.796744,59.147499,78.434664,62.619103,60.335946,56.622687,69.327737,58.082863,65.525223,58.100053
2016-04-28,37.857456,61.364687,70.436951,53.08266,50.45183,52.052373,68.93308,52.845477,59.174354,48.245709
2016-04-29,33.59499,62.387905,75.304977,52.789472,46.18614,49.066821,59.454835,49.285199,57.418885,50.003552
2016-05-02,35.952518,60.430866,65.960223,50.761703,44.279021,40.888533,54.327443,46.002294,56.026702,46.828422
2016-05-03,32.675091,50.928484,66.068207,44.668149,38.644784,37.19074,60.927972,43.952882,56.219707,42.891942
2016-05-04,34.011417,50.910883,68.905465,47.871033,40.164332,33.366009,55.299064,39.925396,54.40019,40.450694
2016-05-05,33.133754,49.481853,70.320501,48.908672,38.764214,33.587219,50.196316,40.498265,62.156876,45.374557
2016-05-06,31.216247,50.089255,62.493997,45.914909,40.979903,37.967355,53.290759,46.039488,56.985539,45.423162
2016-05-09,39.662433,57.104498,68.902554,51.083032,37.43423,44.637205,57.905266,51.345987,64.972051,51.959246
2016-05-10,39.45964,58.754801,69.796875,54.732649,47.858318,44.827922,59.064759,52.275531,69.528412,50.76059
2016-05-11,36.823352,57.692375,66.222297,51.441191,47.913426,43.575167,51.631099,46.853193,70.765015,45.932584
2016-05-12,46.236927,64.825412,69.100048,53.674262,43.213829,51.037879,53.651396,51.101538,66.376036,46.13321
2016-05-13,40.73363,55.776543,64.396236,52.792068,35.005267,46.560424,48.720367,46.891814,56.745772,47.343194
2016-05-16,39.964341,59.703907,70.225602,55.034947,42.958624,44.384587,47.76822,39.218303,55.788611,56.532492
2016-05-17,37.600638,62.186704,65.309084,54.763769,38.657549,46.537046,46.257461,39.284748,57.646767,57.40859
2016-05-18,38.408338,58.307907,59.199058,53.110435,35.941671,47.038723,46.298174,43.41572,61.778766,59.18064
2016-05-19,32.203832,59.14833,58.576521,51.548783,32.912663,46.198406,41.896255,37.064264,49.615457,51.023151
2016-05-20,27.934353,53.643651,59.12508,49.947781,32.155023,41.377763,40.082803,36.007929,47.104301,55.637145
2016-05-23,26.982578,47.172027,57.016061,45.013815,36.362104,42.562052,43.675563,33.744705,44.069046,65.988698
2016-05-24,33.091112,43.616237,58.252665,44.925978,38.362794,46.572333,43.175179,35.375816,44.333075,66.599149
2016-05-25,38.766163,53.044957,68.442338,53.156943,47.068037,56.483192,49.01658,43.060912,55.980809,70.411717
2016-05-26,37.384345,56.043186,70.737137,60.845732,51.514483,61.06116,50.037708,52.824623,75.970102,73.060904
2016-05-27,49.737024,59.072255,71.532563,64.162304,55.751701,62.444809,48.63897,61.948017,76.018293,69.750641
2016-05-30,47.560132,65.823661,67.602525,68.489922,52.624874,63.390416,52.771157,63.838865,76.832088,72.393086
2016-05-31,43.824783,55.467717,68.176817,61.009856,49.917911,63.50041,48.688727,67.441577,73.835215,66.717813
2016-06-01,42.419363,61.683537,64.322434,63.191578,52.868419,57.7693,57.92054,60.331663,71.939649,71.31658
2016-06-02,43.633117,63.118108,64.206424,63.953599,57.885433,58.898317,59.856828,61.819705,73.010665,67.992915
2016-06-03,45.228459,60.110318,62.274254,65.192799,63.259162,60.97268,52.726786,60.369425,69.132476,64.112683
2016-06-06,43.34403,61.084953,61.866937,65.12523,60.512336,60.62942,45.857531,62.004833,69.917951,65.004491
2016-06-07,43.474729,62.91398,62.911751,60.886862,65.677397,68.680472,46.178878,68.78919,71.91315,68.544852
2016-06-08,43.067972,59.975943,55.873083,53.191661,65.718269,70.831745,49.029345,69.079861,74.101042,68.568785
2016-06-09,51.785832,54.529192,53.997431,41.764796,55.805775,66.533987,47.93575,68.147816,69.181548,60.008315
2016-06-10,54.242085,51.508047,54.988993,40.565728,55.03039,63.907202,47.812663,63.246499,68.255087,57.012634
2016-06-13,56.149314,50.287048,49.963109,40.677919,54.825284,53.570151,41.205439,58.542075,63.030642,56.300469
2016-06-14,53.502146,48.565172,49.359465,39.112759,50.961536,54.641462,41.455858,62.780695,61.708882,58.663737
2016-06-15,57.239971,51.784214,58.469368,44.898439,54.590352,57.294487,49.948241,67.798477,68.478243,62.661257
2016-06-16,52.704582,51.997472,54.088499,43.716405,56.451535,52.875636,45.773792,67.739574,63.993785,58.155148
2016-06-17,51.956729,58.095075,57.708497,41.767778,57.199344,52.208495,53.850392,64.655018,60.935177,61.342136
2016-06-20,58.831441,64.338815,58.625898,52.112089,56.13387,51.797927,58.594272,66.245362,64.450506,59.56559
2016-06-21,57.05014,62.896899,55.227295,51.22426,51.305037,51.48651,56.670385,63.846163,61.716672,59.878423
2016-06-22,53.346843,64.630408,57.604429,48.985857,50.529162,52.889706,57.229314,62.436301,60.977677,55.942273
2016-06-23,53.318645,60.503739,65.229251,53.037538,55.417868,55.195527,58.418551,65.867572,62.039548,60.070698
2016-06-24,40.070354,49.586269,50.422691,47.332935,50.016023,43.255558,50.660463,58.12128,48.368016,54.029032
2016-06-27,42.306178,40.89399,49.584502,39.688822,49.88832,45.488994,47.121513,62.561781,54.15232,57.646715
2016-06-28,43.468869,37.966486,52.628726,38.043432,61.977035,46.076762,51.719628,61.083989,55.242756,63.703769
2016-06-29,48.224914,43.303355,56.998436,44.288205,59.851722,50.543359,50.997275,62.08703,56.634936,61.521057
2016-06-30,49.359351,49.351534,59.984336,42.70383,64.717137,55.01487,58.371936,63.33941,58.648373,62.830218
2016-07-01,51.544464,44.080738,58.930042,43.281623,64.177677,54.741516,59.335661,63.980109,64.762249,68.41085
2016-07-04,57.613703,43.444773,57.973207,47.405533,61.532125,62.555148,62.362601,66.647852,67.606587,58.051309
2016-07-05,60.206423,42.559696,53.976323,44.822623,59.867495,58.315503,55.708632,67.034526,68.468184,56.38503
2016-07-06,60.206423,42.559696,53.976323,44.822623,59.867495,58.315503,55.708632,67.034526,68.468184,56.38503
2016-07-07,56.925228,37.094825,62.357719,39.480894,69.349405,57.942224,53.44489,61.3434,63.204039,59.804512
2016-07-08,51.412738,36.801377,56.399588,39.883773,70.001304,53.651694,46.781568,58.624496,58.319326,58.167469
2016-07-11,57.92523,42.544564,64.759765,46.663371,72.301199,61.923324,50.616159,64.773616,62.225847,61.430234
2016-07-12,62.149018,42.664155,65.447511,47.233853,69.593369,70.444043,53.224886,66.451552,63.343343,60.27945
2016-07-13,64.056279,46.854362,63.019345,53.405959,70.223154,69.664809,53.531409,67.290515,59.50556,58.242865
2016-07-14,61.648806,50.814973,63.872368,47.339056,71.830481,73.879599,56.051266,70.68523,61.481327,60.032655
2016-07-15,64.382226,41.881168,70.461353,27.476712,74.165206,69.879686,63.820054,69.778363,64.536969,60.204882
2016-07-18,60.591589,40.683744,71.364689,30.330247,61.59456,66.674208,50.696434,64.850421,61.715942,60.266318
2016-07-19,64.910538,45.317391,66.083596,31.865971,49.266886,70.267984,51.780629,65.657748,61.312656,60.463543
2016-07-20,66.680987,49.078179,69.752353,31.293979,53.647183,68.001804,51.120276,67.13987,60.791178,62.085313
2016-07-21,56.798936,50.493748,67.702428,30.799107,54.77449,60.831292,54.22857,57.634585,57.21712,62.567512
2016-07-22,60.053651,51.673526,68.315308,29.624595,51.822865,62.024882,53.814564,54.39283,60.324121,60.783328
2016-07-25,62.854652,57.724521,72.448216,32.739121,53.306331,65.791132,57.062881,61.360122,62.448737,63.61411
2016-07-26,63.310594,56.759356,67.652369,35.607196,51.3755,57.520938,55.155675,56.696316,63.646705,63.61411
2016-07-27,56.968004,59.61669,66.575094,34.9228,51.883386,63.788617,57.139131,59.347969,65.303239,53.382692
2016-07-28,61.93705,63.909372,69.795039,33.307312,54.3608,64.666824,56.491458,61.108005,57.826101,63.430051
2016-07-29,55.927043,63.914382,68.406498,32.55327,59.660505,55.281732,47.671313,58.609505,52.997058,59.713962
2016-08-01,53.300258,71.427086,65.957316,37.325775,60.578994,44.939128,49.357096,55.407426,40.197011,56.169988
2016-08-02,54.700516,69.834048,66.29057,36.967483,61.503665,42.269775,44.453652,56.325162,42.415503,67.590655
2016-08-03,46.182321,62.695864,64.356661,37.457918,53.802256,40.305389,45.442155,54.087409,38.473345,55.273607
2016-08-04,45.795278,62.011689,64.57155,34.058938,55.670333,39.231606,51.934432,52.483422,37.057179,54.481614
2016-08-05,55.602373,61.523912,67.714385,33.120123,58.81428,44.341514,49.986721,61.266112,46.685177,55.002433
2016-08-08,59.964145,61.568842,67.84475,38.279271,60.436706,43.845188,40.856051,61.801573,45.800128,51.347092
2016-08-09,60.431027,61.65314,65.880755,40.452129,62.334229,43.941735,39.543938,63.846814,44.680265,48.289943
2016-08-10,48.959227,64.659297,52.134413,40.11241,56.609493,39.548848,37.682194,57.479734,41.548003,46.789831
2016-08-11,52.695286,68.3207,52.839153,38.456,61.042543,42.976599,38.986604,50.957571,40.098309,53.722829
2016-08-12,59.349371,70.998557,53.087053,33.98282,60.637182,46.165766,40.529292,66.263128,44.331069,56.618643
2016-08-15,59.349371,70.998557,53.087053,33.98282,60.637182,46.165766,40.529292,66.263128,44.331069,56.618643
2016-08-16,54.85433,61.178042,52.098904,30.950062,54.912766,48.821443,36.572239,68.684439,47.916925,57.866677
2016-08-17,50.47313,50.395361,56.800468,26.557577,47.742251,47.891819,40.325191,67.923571,47.047422,55.461059
2016-08-18,52.158207,52.283648,65.295826,24.54968,44.696274,53.241189,48.07928,69.488733,46.533295,52.841852
2016-08-19,50.920893,47.41706,61.312038,24.132865,46.869216,54.196615,46.559125,75.529391,49.892934,50.840146
2016-08-22,49.691739,40.992557,62.761951,22.963279,56.410864,52.297787,45.496745,70.05742,49.428725,55.595445
2016-08-23,49.105822,48.211235,63.29423,36.642778,52.075938,49.955898,49.190208,69.983645,45.291393,51.038105
2016-08-24,53.357602,44.932131,67.761802,44.436391,50.915216,47.980697,48.054168,69.43235,44.349942,49.18872
2016-08-25,49.875092,42.668709,65.083183,38.353761,46.722125,46.291164,42.051705,62.94813,39.754258,54.165861
2016-08-26,55.913709,39.973649,63.869923,34.543607,43.871729,44.43754,40.365129,58.069782,34.196972,54.688686
2016-08-29,64.793597,37.583698,50.568857,35.647725,44.278584,51.085206,39.248813,60.353377,44.099385,52.834348
2016-08-30,66.963997,44.023926,63.669678,42.817409,54.271405,57.185228,31.724639,63.17441,48.289498,59.490651
2016-08-31,63.928968,40.622933,69.991775,41.529164,50.421035,58.866521,31.60329,63.393567,56.415307,62.933376
2016-09-01,51.768793,40.235712,65.885211,42.228543,54.358276,61.603707,22.122817,62.591272,54.956722,64.069326
2016-09-02,46.831952,41.391635,66.282857,40.48031,51.801431,61.927459,30.777666,65.06696,54.425619,66.294298
2016-09-05,46.831952,41.391635,66.282857,40.48031,51.801431,61.927459,30.777666,65.06696,54.425619,66.294298
2016-09-06,49.155774,37.818654,70.623319,46.415715,59.316484,71.123684,33.544204,69.946443,57.088209,65.550965
2016-09-07,48.373654,33.42326,62.849915,50.217116,56.619994,74.317534,32.810954,74.600741,57.523821,65.826058
2016-09-08,53.902904,24.927552,63.685562,44.187447,63.461654,71.504498,37.446723,75.544354,62.262455,68.656308
2016-09-09,57.38274,29.847848,64.014567,43.463913,52.983115,68.037856,35.999135,68.07648,55.430547,53.624679
2016-09-12,57.980193,30.908411,58.066732,50.912292,48.400828,59.844443,33.54044,53.006324,42.789761,44.09443
2016-09-13,57.980193,30.908411,58.066732,50.912292,48.400828,59.844443,33.54044,53.006324,42.789761,44.09443
2016-09-14,57.146417,28.584862,52.442428,47.609301,44.51809,62.71305,35.80059,57.608983,45.96278,43.501646
2016-09-15,63.658995,28.471901,56.817409,46.299906,47.056607,61.476121,39.319284,55.711462,44.844896,50.724965
2016-09-16,66.514187,34.892596,63.346568,53.561182,46.114976,56.858276,40.429679,53.625214,45.676114,57.200021
2016-09-19,68.258023,42.808079,59.274455,53.953423,46.24091,60.985389,41.138476,55.06427,47.579474,54.595791
2016-09-20,63.963811,42.257533,58.382012,49.2401,42.379911,61.452607,36.884531,53.475752,46.554818,51.40331
2016-09-21,62.949607,43.351175,60.112785,51.550102,47.658537,58.152801,40.435501,49.266605,45.499437,46.335346
2016-09-22,67.676492,39.244734,64.913327,52.809726,46.351907,63.522248,46.710521,56.763211,53.679204,48.962722
2016-09-23,70.98286,42.571253,66.713503,45.954508,46.569475,57.492988,46.659062,52.608422,52.77561,46.221081
2016-09-26,71.964048,43.072092,57.627685,43.467749,38.93756,47.544588,40.348464,49.247856,44.262507,39.140482
2016-09-27,72.709346,48.695337,58.329414,45.312831,41.634811,45.082225,35.94583,46.335173,38.071486,36.67546
2016-09-28,62.027614,46.837653,56.83575,44.984247,37.756194,45.968573,44.162324,51.834132,43.714019,38.752447
2016-09-29,54.169719,49.196672,48.378341,41.075417,34.7192,37.041088,39.421742,45.033717,40.028092,37.256952
2016-09-30,57.734007,48.105626,46.429157,44.710416,31.497385,39.240482,38.181463,49.430533,39.163287,32.549539
2016-10-03,59.827558,45.162588,52.755192,45.788209,32.081927,43.928227,43.476149,53.487437,49.14697,34.496071
2016-10-04,61.485833,44.164706,53.719085,51.321674,29.561591,46.218414,48.801528,57.519968,44.621237,33.297852
2016-10-05,58.297946,41.341285,52.04052,47.685507,36.364049,43.643258,46.743392,58.478278,45.81808,32.202726
2016-10-06,64.415721,41.852344,50.01605,41.839789,43.837995,39.979541,47.36699,53.677032,45.962198,29.297228
2016-10-07,63.570917,38.684205,49.343508,36.732438,41.067602,39.427891,44.690173,55.522023,46.642905,32.906044
2016-10-10,57.831025,41.528462,51.302198,45.176931,40.645054,38.982299,41.541004,53.008995,44.914334,35.535112
2016-10-11,57.831025,41.528462,51.302198,45.176931,40.645054,38.982299,41.541004,53.008995,44.914334,35.535112
2016-10-12,57.831025,41.528462,51.302198,45.176931,40.645054,38.982299,41.541004,53.008995,44.914334,35.535112
2016-10-13,42.854876,33.538491,40.137213,54.863705,34.895974,31.11968,33.860042,44.654686,41.693208,33.877133
2016-10-14,50.128382,42.225363,39.727824,45.189982,28.746903,32.108286,32.893654,47.77916,53.080109,36.512434
2016-10-17,45.011887,41.636178,31.067915,43.628474,33.226631,52.785541,30.08532,49.166686,45.948323,38.458706
2016-10-18,51.433685,49.304935,42.377656,50.133139,37.090564,61.419951,37.574914,53.629775,55.577831,50.858089
2016-10-19,53.231319,48.380097,42.62916,51.136154,33.896982,56.349461,37.976001,51.649939,56.162148,40.247862
2016-10-20,53.29092,49.58816,41.516663,49.142793,32.12819,63.940641,40.907397,57.106897,58.789349,40.109272
2016-10-21,45.933488,54.769956,49.139969,53.942804,38.714115,63.750389,41.802946,54.750031,60.255101,41.835379
2016-10-24,45.671701,55.760845,46.096111,49.489151,37.68448,67.476513,38.784259,59.465885,54.93599,44.422878
2016-10-25,44.921283,49.593927,41.024751,45.883151,32.464221,69.682582,45.788099,57.298198,52.587429,40.245366
2016-10-26,42.818478,49.153429,37.350953,44.817537,38.486458,59.627481,52.494053,53.516591,52.082658,40.245366
2016-10-27,41.184963,53.563521,43.671998,41.146617,37.609325,62.773234,57.656742,49.179646,50.069651,49.466268
2016-10-28,43.878568,49.461616,46.810268,39.207414,36.282337,56.759215,52.793846,52.403537,51.623019,49.466268
2016-10-31,43.878568,49.461616,46.810268,39.207414,36.282337,56.759215,52.793846,52.403537,51.623019,49.466268
2016-11-01,42.453482,40.444749,47.178563,36.528541,40.027194,55.517219,51.145874,53.649588,46.205055,43.408096
2016-11-02,34.20104,34.123672,41.540746,33.923793,43.655383,52.662898,43.034119,43.460623,42.258714,39.072592
2016-11-03,34.302013,37.641186,46.019262,30.026068,42.844262,50.906384,42.433962,38.129992,41.098648,45.686142
2016-11-04,29.776247,40.123066,41.628588,32.468199,48.09813,50.94733,40.336991,35.685848,35.365668,59.495943
2016-11-07,28.797801,33.253693,44.54111,36.467236,42.97783,57.713018,39.314243,48.252346,31.180692,67.153664
2016-11-08,30.118536,34.638972,46.945703,39.066961,47.05377,60.667058,38.642644,48.200886,31.035571,65.541524
2016-11-09,30.765964,24.532632,45.606479,31.754136,39.857833,58.942585,35.050414,55.686117,29.776139,53.988113
2016-11-10,34.226127,23.59094,57.337707,27.450312,36.283375,65.643359,45.711215,69.459381,38.409189,57.154228
2016-11-11,31.682957,20.409587,56.026764,24.124598,31.106838,52.290365,39.152238,61.445092,33.619052,47.353006
2016-11-14,31.682957,20.409587,56.026764,24.124598,31.106838,52.290365,39.152238,61.445092,33.619052,47.353006
2016-11-15,27.245137,24.775365,46.574531,25.30059,33.52927,47.673549,40.84935,64.427374,30.155943,41.764212
2016-11-16,28.008882,37.325235,42.738078,34.748986,35.700564,45.370568,49.366222,63.411553,32.287602,36.193271
2016-11-17,25.778637,32.803614,38.135344,31.963461,37.628973,46.507232,38.661128,63.566189,31.393342,37.015797
2016-11-18,32.2185,31.844296,33.043572,29.699868,34.270417,44.413924,45.394261,61.712151,31.280551,34.133182
2016-11-21,34.721027,33.200377,30.118056,27.776037,32.462096,42.137011,42.183149,45.670751,26.997986,31.492078
2016-11-22,40.596052,33.58356,29.971788,29.48941,45.83107,43.512858,46.45425,45.670751,24.105758,34.340181
2016-11-23,44.665607,37.508266,27.074602,32.837802,51.355372,45.602286,43.792376,46.800774,35.362436,33.205628
2016-11-24,36.866298,42.965303,23.52943,38.096645,48.468254,41.455497,45.618302,49.498335,33.877752,32.294332
2016-11-25,40.1664,57.04659,34.88231,55.657721,52.219764,42.256194,44.4418,48.810498,41.236837,40.410998
2016-11-28,37.803727,54.738004,33.781681,56.294257,54.06391,38.825197,58.941563,42.87532,38.242767,46.765147
2016-11-29,43.421326,51.842205,32.484435,53.658323,51.471403,38.9919,62.521804,42.239966,37.2886,44.030642
2016-11-30,40.681833,53.719731,41.355835,54.602806,56.410488,49.058154,62.280193,47.7794,46.896485,45.894856
2016-12-01,44.478792,52.020961,40.706606,54.619678,58.077607,44.093426,56.282333,45.532124,48.467935,47.200978
2016-12-02,43.315484,46.762999,38.452055,50.160182,49.755269,44.424643,56.563928,44.245554,42.116618,41.771175
2016-12-05,42.952487,42.752599,41.55311,49.052741,55.324538,45.759584,61.942027,47.150682,40.875821,47.08146
2016-12-06,48.781275,42.35435,40.970516,51.03398,51.27447,45.915012,63.206185,49.382409,42.786571,44.543042
2016-12-07,46.078644,39.347867,37.174366,50.989909,50.250622,43.84029,62.461338,46.050714,40.809956,41.469284
2016-12-08,55.293277,45.519966,44.841397,58.095234,54.230109,48.272663,65.176013,50.471795,45.110493,49.152685
2016-12-09,58.54227,45.459542,44.449766,59.715025,55.083067,53.799353,64.649106,56.498398,43.870585,52.302943
2016-12-12,57.655048,47.408024,40.097007,53.978039,49.098965,50.154619,61.270812,53.38904,44.816253,47.978476
2016-12-13,62.107923,46.320794,40.906919,58.568381,48.438897,49.701342,61.910066,55.582794,48.471203,51.719162
2016-12-14,67.807886,47.518386,37.690454,61.63123,44.303218,45.880936,53.612804,52.146737,43.885178,48.893613
2016-12-15,64.342251,55.150111,38.137368,58.05011,41.932146,45.635634,49.598219,54.477928,43.022256,45.221948
2016-12-16,65.557846,58.11271,41.022311,62.147284,42.451306,41.178179,42.781449,53.744845,44.44521,41.929375
2016-12-19,67.110281,58.895348,39.109904,61.893025,39.415282,43.088741,39.403061,49.957832,39.960215,42.79957
2016-12-20,64.417707,64.6342,41.82021,64.255633,36.183267,38.190592,37.426357,43.374995,44.058465,46.703317
2016-12-21,66.102812,60.031647,41.09349,58.714838,34.504755,40.380226,36.85266,44.304799,40.270469,42.810315
2016-12-22,60.402198,58.993028,38.478174,51.162409,31.200862,40.102051,31.138194,39.463423,33.909711,44.516034
2016-12-23,61.817072,55.554505,45.585665,52.623011,32.938583,39.040119,34.932538,38.926905,42.11763,41.478456
2016-12-26,56.404723,56.255095,41.200347,50.167021,40.995755,35.623015,35.569794,35.022126,42.16853,41.927677
2016-12-27,62.583185,60.334728,46.249272,56.395691,43.916128,43.408302,39.621926,40.891459,48.06848,53.518631
2016-12-28,55.250484,58.39897,46.993965,56.185592,45.98112,41.602274,39.545409,40.035525,46.466023,55.014454
2016-12-29,60.485754,63.260831,54.989328,53.265262,50.513445,40.939882,43.64782,39.945463,43.495012,55.618712
2016-12-30,65.203697,64.860191,55.382216,59.92228,54.453318,46.830818,46.602386,43.438955,46.864501,61.360608
2017-01-02,65.902095,63.950982,51.018533,55.491215,53.865043,43.13509,52.066503,37.378287,50.252839,60.319396
2017-01-03,67.036784,64.823247,47.808948,52.312053,56.160368,46.462699,45.876924,39.178355,52.60851,62.65899
2017-01-04,56.550038,66.257011,45.908169,53.843944,51.137115,42.827378,54.315101,37.397321,55.420283,64.624376
2017-01-05,59.679265,56.342849,46.274029,53.090417,56.943596,50.586755,59.496505,40.939266,59.718955,65.823611
2017-01-06,58.593075,47.371932,50.140296,43.334941,57.22787,51.621548,58.164423,41.736213,59.190406,59.101654
2017-01-09,59.484418,50.913277,50.931396,42.663789,55.453258,52.279214,56.352861,43.454333,55.178045,62.324364
2017-01-10,63.248851,52.703822,59.485296,42.764219,55.112412,54.11143,58.034124,45.341076,57.25339,65.228197
2017-01-11,61.329573,54.104453,66.029206,42.186964,60.795589,59.175476,60.075549,50.787605,63.801572,62.871448
2017-01-12,59.912658,57.118987,66.327245,55.878239,50.906821,62.764807,58.968142,49.544725,70.939644,58.18192
2017-01-13,62.332308,42.721453,64.796624,46.57188,52.011513,62.280108,57.060376,49.042104,66.871295,63.268947
2017-01-16,55.183508,44.195626,69.404678,40.531362,51.736342,63.54335,55.139304,55.742425,67.634989,61.890628
2017-01-17,42.269959,47.380455,63.95924,40.461262,58.625545,61.935032,55.014559,56.063115,68.209902,64.938998
2017-01-18,39.778143,49.874176,65.273943,39.120156,67.778536,61.992585,49.473183,59.06578,69.533499,63.04251
2017-01-19,40.279313,49.243887,61.558017,42.383787,64.823176,63.47931,53.018445,59.129747,68.165054,66.22882
2017-01-20,37.943334,48.3375,61.576677,39.451029,64.876414,52.435217,56.55746,47.398351,54.74369,67.376177
2017-01-23,35.189195,52.948307,64.65014,41.312005,65.604664,44.554835,55.385405,51.746778,48.465141,70.985496
2017-01-24,40.541261,54.767076,71.438299,39.004259,64.100036,44.071237,51.372481,52.764142,55.301071,71.147287
2017-01-25,37.607485,59.750168,76.359189,36.272826,67.559243,48.30125,45.560366,58.205114,61.565325,75.331686
2017-01-26,37.607485,59.750168,76.359189,36.272826,67.559243,48.30125,45.560366,58.205114,61.565325,75.331686
2017-01-27,41.440915,60.450047,76.62263,39.328602,57.875793,62.468818,58.630238,65.888351,58.441415,60.696001
2017-01-30,49.825722,55.096994,72.002909,43.137672,56.301654,60.685299,71.598913,61.677823,59.099401,58.724136
2017-01-31,49.982348,39.499822,72.440628,36.102817,57.266558,57.938937,72.673115,56.116602,59.912642,60.832374
2017-02-01,51.785276,33.388523,76.814854,32.811894,56.289811,68.073904,69.244358,65.693694,68.511423,70.306037
2017-02-02,49.148586,39.826968,72.275285,42.011237,50.301415,71.064849,72.888197,67.606256,63.898646,73.086101
2017-02-03,45.180584,43.510274,75.074038,42.100346,53.037701,65.237226,73.097502,70.501217,64.680927,71.137135
2017-02-06,48.796358,44.710506,75.725807,41.806129,58.94562,70.585338,73.730862,69.711962,65.278883,73.426594
2017-02-07,44.544632,45.298197,71.160038,45.202379,55.270899,67.762624,71.119437,70.320276,68.350542,73.606943
2017-02-08,42.415842,49.272374,70.176435,42.98331,53.706369,64.843074,69.913152,69.089576,69.503841,69.700863
2017-02-09,46.083559,55.409135,65.015753,47.563421,52.184457,63.813173,71.579886,66.666225,63.371849,71.704609
2017-02-10,45.026961,63.64953,66.961759,56.414336,52.283709,59.488795,72.80343,67.126144,65.64561,64.74728
2017-02-13,44.899017,65.05515,69.020362,61.456967,59.214531,59.53221,73.074836,58.899839,64.950774,60.691475
2017-02-14,54.214397,63.752087,69.301334,62.433896,49.586954,62.153926,78.185212,56.595471,61.987558,60.883425
2017-02-15,54.832672,64.465847,72.601088,59.570157,50.744895,56.985386,73.176583,54.61191,57.289839,63.385966
2017-02-16,60.96389,67.605435,74.138382,67.751146,48.262833,54.543136,73.377887,56.641285,53.886871,53.768457
2017-02-17,63.592115,60.831357,82.997208,62.368594,45.330919,58.65338,75.275909,54.68762,56.118153,55.388376
2017-02-20,63.534571,68.798726,86.294173,64.908093,53.593895,57.7826,77.889409,55.12244,57.448593,52.609069
2017-02-21,67.581251,63.37364,86.846967,65.730127,57.902346,60.182219,62.650234,56.689143,57.641874,48.9559
2017-02-22,84.663763,56.377738,78.209925,55.865174,58.600626,61.481359,60.755618,59.035889,55.012395,49.347765
2017-02-23,75.746432,62.238423,75.80884,60.904187,54.498441,58.949645,64.075733,55.304567,58.137731,52.243063
2017-02-24,75.746432,62.238423,75.80884,60.904187,54.498441,58.949645,64.075733,55.304567,58.137731,52.243063
2017-02-27,81.009304,62.900301,75.421213,61.862844,59.112052,50.664519,53.522727,50.870045,49.552849,50.640851
2017-02-28,80.72375,59.601803,73.40045,61.862844,58.682341,47.484311,59.894372,52.636172,50.815653,47.086118
2017-03-01,79.463901,60.847888,73.736071,65.397112,63.650358,51.118982,57.729789,57.094565,53.420464,55.847532
2017-03-02,79.680371,62.878284,66.956902,64.463664,64.605085,50.503006,52.688592,48.512512,52.473134,50.488625
2017-03-03,81.693728,61.713663,65.223665,66.652693,64.286802,46.854928,52.107223,44.842316,50.883034,46.397305
2017-03-06,85.105705,58.325583,66.358197,67.392031,60.568718,48.052341,56.094717,53.009823,56.848712,49.882569
2017-03-07,84.960008,61.229483,67.992364,59.920829,59.606035,46.983594,55.721218,49.629753,57.14291,50.088206
2017-03-08,79.894672,62.50737,69.735489,54.394038,58.886301,44.699616,55.324441,52.940017,52.296985,49.94111
2017-03-09,78.268309,63.300605,70.315828,55.767061,57.882578,43.420953,54.799138,57.714213,52.554411,51.176233
2017-03-10,76.35002,65.633796,72.020137,59.384007,61.358376,39.438666,58.762502,55.540624,58.467409,48.747486
2017-03-13,76.35002,65.633796,72.020137,59.384007,61.358376,39.438666,58.762502,55.540624,58.467409,48.747486
2017-03-14,77.341359,68.260209,75.009945,63.710945,77.956397,62.199822,54.29822,59.384309,74.887456,54.801046
2017-03-15,79.19023,55.697284,76.514175,52.985016,67.262168,59.187392,56.275182,62.96506,70.721811,56.469702
2017-03-16,76.033386,58.390662,76.706121,58.543963,69.21846,58.247052,53.262183,65.341557,74.412314,56.859527
2017-03-17,76.455659,58.967173,78.818981,61.836346,66.478972,52.824324,40.595219,55.256634,66.834765,71.119691
2017-03-20,68.032588,51.69128,81.051085,54.221965,63.441582,46.228492,43.279579,54.814421,61.410771,71.632462
2017-03-21,61.771792,52.613487,82.016729,57.615267,65.511136,43.096025,43.815691,52.033607,63.829431,75.888421
2017-03-22,60.329676,51.391495,73.641879,55.601324,66.13047,36.787491,35.387107,44.436996,57.313885,62.368692
2017-03-23,63.383187,48.48103,73.641879,59.386309,63.707233,39.428623,35.728424,46.181608,60.492047,59.194336
2017-03-24,66.157552,43.72809,68.365284,55.753099,62.209102,48.667574,38.077526,57.640624,62.072121,62.315582
2017-03-27,54.393644,41.715303,58.390658,54.736994,61.007632,47.081165,36.774806,60.943029,59.50905,62.855472
2017-03-28,52.874129,44.940042,62.58666,56.830416,63.349183,51.202998,39.320933,63.682119,59.595192,61.126388
2017-03-29,55.595781,47.500383,65.617221,55.385442,67.909936,56.168814,44.163983,69.247648,62.606038,63.761622
2017-03-30,58.880537,46.922912,75.272377,52.613182,70.67529,55.180315,50.723811,71.194071,62.824365,62.995073
2017-03-31,68.023761,45.403913,63.242593,51.200688,64.019157,50.148527,49.587631,72.865827,66.863481,58.847363
2017-04-03,74.544097,42.190469,59.213523,45.729027,67.90754,58.968463,42.272131,72.384442,78.991971,60.284172
2017-04-04,74.544097,42.190469,59.213523,45.729027,67.90754,58.968463,42.272131,72.384442,78.991971,60.284172
2017-04-05,78.381972,40.4638,58.81842,40.887438,73.411643,56.7803,45.333184,75.533098,82.117369,55.601102
2017-04-06,80.249586,40.260032,60.853598,42.741906,72.771604,52.264304,42.884299,66.751465,77.477777,48.095643
2017-04-07,71.251118,47.182316,60.971798,36.62328,64.051382,48.62042,46.243305,60.982588,77.713139,46.092384
2017-04-10,65.034811,45.841009,58.420621,29.524803,64.702121,48.949002,47.392158,60.816135,73.58985,47.552603
2017-04-11,62.927461,45.240067,60.449237,36.045418,62.802488,55.129009,52.329601,65.968669,77.11343,58.880969
2017-04-12,58.747565,40.225897,62.016138,36.823701,62.828589,51.914211,52.96348,58.920853,76.366506,58.640232
2017-04-13,60.41416,31.038681,59.945762,28.574151,62.884641,53.943925,42.310067,60.387627,68.156789,54.2607
2017-04-14,60.41416,31.038681,59.945762,28.574151,62.884641,53.943925,42.310067,60.387627,68.156789,54.2607
2017-04-17,64.571865,29.376299,57.648301,27.341162,53.67266,53.420865,43.619074,57.577541,68.608696,54.175372
2017-04-18,59.211471,28.651872,62.31472,26.908367,52.572599,54.605844,41.220798,58.086791,64.440691,54.083901
2017-04-19,58.871115,27.487426,63.025097,26.22287,49.072918,50.650977,42.779307,48.326073,64.645658,53.403147
2017-04-20,59.007094,35.228137,68.043048,30.687356,54.6122,41.740856,46.499,49.424369,66.739605,54.803155
2017-04-21,64.550408,33.10501,76.890963,29.82358,47.391622,38.384681,46.565933,45.790962,67.948927,45.3563
2017-04-24,66.740648,37.852076,82.433034,31.468157,46.086035,37.928478,49.098221,51.479109,74.97837,49.707084
2017-04-25,68.880703,35.26598,82.91719,33.126295,58.902844,43.496459,59.491385,51.479109,76.615772,56.739797
2017-04-26,64.16047,35.08728,84.483101,29.044825,66.543359,49.114385,62.668944,52.084985,77.238266,67.170431
2017-04-27,62.208912,33.849307,86.271768,35.298935,68.692995,46.033752,62.973004,45.373857,79.024804,59.027834
2017-04-28,58.280986,29.548678,74.834043,33.478875,60.066396,51.243428,59.399786,56.047038,72.318477,49.203684
2017-05-01,58.280986,29.548678,74.834043,33.478875,60.066396,51.243428,59.399786,56.047038,72.318477,49.203684
2017-05-02,51.748737,34.987904,71.883328,35.706357,55.576711,47.684332,48.823998,53.753273,65.561276,50.66862
2017-05-03,51.634998,47.371325,72.612609,42.368162,58.456878,44.419178,47.386315,55.769874,61.434229,48.234265
2017-05-04,48.532296,45.939766,67.753347,44.152342,67.253922,66.276811,46.969241,65.701983,63.805056,53.144945
2017-05-05,41.90374,44.029438,66.442708,41.605717,65.413831,66.699068,45.431384,60.849916,61.237974,48.105996
2017-05-08,40.52893,49.22812,67.127517,48.839846,65.756164,69.140296,53.941175,64.038187,56.26156,43.499721
2017-05-09,43.153395,51.46214,67.389323,49.394514,63.753348,66.342948,46.697379,59.581239,63.770323,42.004398
2017-05-10,50.6823,47.027312,71.517331,47.934671,76.137482,64.028021,67.839131,56.583357,62.004214,45.418508
2017-05-11,50.792152,50.882502,68.380949,48.182122,66.427025,65.07134,61.401442,60.403603,61.193032,48.982986
2017-05-12,48.442156,53.294374,69.769022,57.841629,66.802679,60.613164,60.576099,60.091585,62.028905,46.90589
2017-05-15,46.814577,54.255502,70.237993,51.344899,67.623279,64.392049,59.664297,63.631988,62.447008,50.865482
2017-05-16,50.271611,65.317914,71.913916,52.892882,71.838737,64.977874,65.64349,68.823176,61.755402,57.17149
2017-05-17,49.36522,68.656919,70.211042,51.762033,73.768849,69.493094,66.482793,68.940563,65.34214,54.697302
2017-05-18,42.694507,76.254143,70.17494,55.893446,63.755795,67.130153,61.24605,61.167927,53.343396,49.856472
2017-05-19,40.737587,69.715451,71.474828,53.787031,68.080508,65.92314,62.470509,65.649303,53.884705,58.59155
2017-05-22,42.507101,71.878819,75.553125,55.452219,70.355426,61.677013,62.258584,49.096114,60.772049,70.280036
2017-05-23,38.196645,69.739377,70.476863,53.012936,71.629075,63.421387,61.528462,44.309741,57.023177,66.2848
2017-05-24,36.51376,73.087036,68.781997,51.542109,74.182007,63.943603,57.55761,39.925654,42.747573,65.992144
2017-05-25,38.285619,77.725068,79.930203,63.854241,75.162887,71.388025,59.424398,46.83311,59.226763,66.088888
2017-05-26,49.435887,68.6963,81.199747,67.699619,73.765606,73.453899,61.66517,47.725897,61.853602,71.380498
2017-05-29,54.423444,67.709548,82.016507,61.686679,79.023436,64.756572,61.039267,43.99885,60.685948,74.568138
2017-05-30,55.020626,63.738109,80.204061,65.175513,79.073946,68.662373,57.996394,48.700891,57.355838,69.160655
2017-05-31,49.683402,62.915581,81.319407,55.707874,75.9241,71.321571,58.780109,48.206594,55.833887,69.351049
2017-06-01,46.444433,63.700223,76.392443,58.8164,80.219778,63.970854,52.958498,47.405744,61.049962,70.687448
2017-06-02,45.545555,64.987796,77.484659,57.878965,75.631938,61.862282,58.939156,47.009977,58.993016,73.299477
2017-06-05,46.997546,69.070662,77.73981,52.897266,77.397337,62.941627,57.878363,47.247081,62.246465,74.859439
2017-06-06,42.596887,76.135234,78.428466,60.030062,74.233611,61.996828,53.71411,47.310575,55.496902,66.452546
2017-06-07,50.499065,62.622245,78.812519,52.524712,76.683748,65.952657,57.403004,51.404336,57.728558,67.196397
2017-06-08,48.495861,51.259297,79.645777,50.6907,70.422234,60.633301,51.473687,48.947043,54.583601,66.338403
2017-06-09,49.673889,49.743961,83.537943,47.782688,70.792029,62.061242,51.579323,48.882507,55.305335,59.31123
2017-06-12,45.155328,47.685043,83.8324,53.378263,71.678264,55.008694,48.616693,44.349251,46.858935,57.439126
2017-06-13,43.80845,46.816521,85.009568,51.041459,72.330103,54.078008,46.408479,43.035958,47.358482,58.194123
2017-06-14,55.816626,49.101208,80.635232,51.344844,74.557637,57.67664,49.262519,43.608141,52.46128,51.896101
2017-06-15,61.278989,42.832397,75.429445,48.704493,69.239852,55.128863,49.018042,43.340279,46.867032,53.93426
2017-06-16,62.201784,41.714416,76.593628,44.238144,63.140494,54.845337,48.435658,46.773824,45.319991,58.4644
2017-06-19,65.892659,45.94254,81.218657,40.709725,64.211929,58.606087,52.04879,51.482555,51.160699,61.845443
2017-06-20,66.427836,47.642371,76.828828,46.736448,62.882542,61.646162,50.748298,53.396351,50.11088,59.067007
2017-06-21,68.105539,43.368658,79.150771,46.661929,70.557635,59.695816,51.757992,54.629825,50.868864,59.29084
2017-06-22,69.893646,42.163634,78.662007,45.413458,61.709503,57.518395,50.022436,59.787777,47.156888,61.42598
2017-06-23,70.430086,38.801834,66.440437,46.895788,62.708979,59.882199,50.022436,50.29484,44.467256,60.986213
2017-06-26,70.430086,38.801834,66.440437,46.895788,62.708979,59.882199,50.022436,50.29484,44.467256,60.986213
2017-06-27,70.67625,36.863594,60.267008,40.268279,59.973884,53.788373,58.347836,38.435,40.373677,62.391286
2017-06-28,55.802078,38.134743,59.616303,39.398416,58.971006,56.729681,65.187784,35.302206,40.80682,55.960215
2017-06-29,53.966586,36.298249,62.403628,42.52743,58.025536,59.976902,70.027467,31.899005,40.926146,59.603765
2017-06-30,50.082097,41.549137,56.342104,45.476469,53.865026,55.207503,64.935063,33.981221,37.648347,69.634565
2017-07-03,50.399927,43.488533,58.901937,53.354077,60.39512,55.055436,67.134497,36.085721,37.57765,78.590474
2017-07-04,60.856544,42.575741,56.064435,57.499669,55.867359,54.171453,62.216353,34.271869,36.749739,72.20311
2017-07-05,64.89071,41.083043,53.62676,52.033614,58.829675,58.537985,57.286062,37.733535,41.036345,65.439115
2017-07-06,64.856033,39.909471,57.676424,50.250266,56.82356,59.650283,62.604882,47.32519,41.853155,68.536565
2017-07-07,72.55406,37.764882,61.190557,45.279342,58.701156,52.787544,66.711721,46.19458,44.309571,65.605953
2017-07-10,72.778704,54.970879,64.408211,54.354888,57.944492,55.186703,77.941323,53.447543,53.029816,64.544586
2017-07-11,72.98877,59.726497,65.761329,60.342245,61.685971,52.245786,65.603446,50.744193,55.452448,61.439947
2017-07-12,75.282443,54.237296,66.053046,58.976403,69.01931,56.030822,66.52214,55.691764,54.924146,59.784655
2017-07-13,78.050618,55.08708,66.875384,60.485386,69.773334,62.594017,70.194468,56.941443,65.206341,66.071817
2017-07-14,79.318585,48.285354,64.2516,58.039611,70.922884,62.969403,72.000775,60.082736,63.148585,64.321594
2017-07-17,81.132161,48.024365,65.230972,62.009948,74.073776,68.135146,72.672491,61.565958,63.164635,52.985344
2017-07-18,69.515945,49.90463,65.736423,62.50351,75.116179,68.495777,72.47874,58.236708,65.327547,32.26565
2017-07-19,71.327385,55.454305,69.246856,59.419575,72.862521,65.217113,77.944662,60.858067,66.413383,36.789696
2017-07-20,69.938457,54.679368,75.089368,54.209854,71.900409,62.020234,76.121743,56.926443,67.802874,36.05676
2017-07-21,76.705325,60.342628,69.121089,58.247022,73.400646,63.704031,66.328208,56.425273,63.632132,35.82026
2017-07-24,79.39829,65.058106,77.117987,61.805463,73.585618,64.861099,70.531246,61.206537,62.819262,38.946528
2017-07-25,75.336579,68.587446,77.989462,62.881343,66.637066,66.139778,73.666542,62.946679,58.237204,38.096606
2017-07-26,77.302877,65.865463,79.452733,62.949412,71.137477,72.265804,72.016283,62.363572,62.146384,39.816818
2017-07-27,69.237278,54.666557,85.127172,51.292417,73.061447,65.756679,62.149297,65.305495,62.863311,37.287498
2017-07-28,69.140036,54.955103,78.911509,60.337131,62.111612,49.0619,59.771569,66.143732,50.944077,39.713501
2017-07-31,71.680546,55.828709,79.753903,64.116094,62.744543,56.072532,62.911171,76.887798,62.888605,36.518617
2017-08-01,68.295637,57.0082,81.482168,61.540158,68.221011,56.072532,61.181952,70.586874,60.973029,38.710026
2017-08-02,71.494757,52.722066,78.358856,56.282046,65.268997,55.050779,60.059125,68.346567,54.859045,37.425729
2017-08-03,73.817566,54.779489,72.085669,52.574537,65.623324,47.420172,64.887906,57.530982,53.957517,35.297521
2017-08-04,66.064515,58.885614,74.054891,52.47503,71.638063,48.112799,61.712427,61.809242,54.390583,34.953935
2017-08-07,64.549363,55.724058,73.137691,46.586139,68.276929,52.855519,58.489767,66.420985,56.050055,34.453951
2017-08-08,60.966744,55.657443,67.498582,45.040807,69.524715,47.30367,58.725273,57.013024,51.72475,31.391103
2017-08-09,59.992333,56.89746,61.091822,47.389954,66.155985,42.265673,56.98458,55.499294,44.425151,30.720363
2017-08-10,56.260904,56.792289,59.28947,52.154924,58.271434,40.511363,57.140937,49.614621,46.220327,31.025592
2017-08-11,47.815981,53.796011,54.366743,54.55748,50.372183,38.822934,55.300941,37.095961,41.681733,30.111246
2017-08-14,53.143806,48.980087,57.10851,51.840989,51.518865,45.423402,49.270496,35.945164,48.597982,29.962634
2017-08-15,53.143806,48.980087,57.10851,51.840989,51.518865,45.423402,49.270496,35.945164,48.597982,29.962634
2017-08-16,51.560566,53.167347,64.424088,49.010869,62.218906,49.525361,48.453394,41.256143,46.604164,40.746261
2017-08-17,51.783141,51.829956,57.467483,64.32876,58.138763,47.335946,56.755477,39.631223,43.216569,41.718707
2017-08-18,53.685441,56.75217,52.375997,38.026248,64.949434,47.335946,60.463369,38.08752,41.865956,44.007144
2017-08-21,50.8236,59.147758,49.204735,31.044316,60.382042,47.85573,58.320938,35.298281,40.464049,43.757096
2017-08-22,49.695417,52.609733,50.573129,31.58703,62.533222,48.55886,60.711636,34.790174,36.89108,45.491504
2017-08-23,55.121372,51.035007,58.614223,36.285515,57.785983,55.270258,67.4012,41.008568,40.756833,45.088371
2017-08-24,51.327234,52.389824,54.856736,41.127655,54.497765,53.806995,68.029307,42.513433,45.003213,43.775398
2017-08-25,51.327234,52.389824,54.856736,41.127655,54.497765,53.806995,68.029307,42.513433,45.003213,43.775398
2017-08-28,50.891993,50.290958,54.754524,47.965611,60.644867,58.353467,68.98636,41.61375,49.042877,45.45013
2017-08-29,42.078748,46.7251,48.484689,45.304082,56.821461,55.767422,60.510754,39.39293,44.696952,42.453913
2017-08-30,50.630235,49.910265,56.028808,45.144809,60.805966,56.941686,61.243257,39.011311,49.88487,45.530046
2017-08-31,57.117721,52.542261,58.345601,42.776204,64.717345,52.703746,59.525521,40.787397,48.186206,45.974412
2017-09-01,60.020953,44.10353,54.858453,44.125374,63.136117,53.121198,53.164006,40.948405,49.780379,48.420937
2017-09-04,60.619097,44.055682,48.917101,40.103285,55.438424,50.803132,46.740172,40.828845,45.349993,47.561845
2017-09-05,64.050157,50.547625,50.456907,40.605176,57.786776,51.748002,38.645042,39.344021,43.403605,47.111803
2017-09-06,66.161289,44.406961,52.048331,39.291301,58.140882,47.341801,35.936856,36.596901,39.294671,36.47938
2017-09-07,63.284641,45.972501,54.356249,39.341613,58.868563,42.648859,32.726103,36.537226,46.257164,30.910596
2017-09-08,62.520941,48.356058,60.802553,36.831686,58.311134,41.580339,39.649547,33.694592,63.31692,34.851143
2017-09-11,62.922517,45.062929,68.824949,35.634257,62.271009,39.607179,39.263466,32.723611,73.003861,37.319081
2017-09-12,65.266906,52.410684,70.950299,37.71755,69.760181,40.618834,41.761516,38.350894,74.947615,44.637195
2017-09-13,73.15631,52.561408,72.099792,37.643977,70.006744,42.686358,39.033716,38.281895,71.847649,37.481148
2017-09-14,69.679719,52.029061,70.985449,41.2053,68.387948,46.915941,37.016658,40.136986,67.840189,38.346539
2017-09-15,68.288641,56.094889,72.753367,47.160356,67.386365,42.721712,34.9647,36.184217,67.048112,35.489695
2017-09-18,69.488649,54.278995,74.74869,47.467613,74.723566,46.176343,35.823393,34.685514,72.039437,33.219292
2017-09-19,64.608825,54.06362,69.616444,48.659208,74.326889,50.003575,34.429953,31.377464,66.893107,34.877504
2017-09-20,67.62128,52.739794,69.211764,48.837789,64.516559,42.009756,37.338535,36.978905,68.889295,41.666876
2017-09-21,63.662585,59.809682,64.575113,47.5901,63.320948,34.012007,41.74996,34.867423,65.543786,39.282821
2017-09-22,50.512597,53.908906,58.123727,43.332602,55.947492,26.419134,37.585205,27.588834,50.954374,37.995123
2017-09-25,52.3493,55.496116,49.481523,42.264786,58.321875,31.45707,33.360008,24.971847,45.961439,31.689891
2017-09-26,51.628274,46.74341,47.170737,47.269131,47.900205,37.67992,31.714542,24.567065,45.39924,32.081406
2017-09-27,42.516903,51.396929,42.624153,44.848544,44.60231,31.636457,30.761392,19.282462,39.574265,28.595229
2017-09-28,38.124454,47.33658,48.931504,43.35905,43.724506,31.253968,28.217199,24.098215,38.771737,34.51275
2017-09-29,36.356756,39.921259,52.070401,45.364687,36.510856,32.523073,38.594829,26.936743,41.651378,31.515629
2017-10-02,36.356756,39.921259,52.070401,45.364687,36.510856,32.523073,38.594829,26.936743,41.651378,31.515629
2017-10-03,45.560849,43.1113,53.083428,47.386716,41.345545,36.300372,34.809103,24.824768,39.864378,37.518156
2017-10-04,53.980909,41.931645,48.896687,45.427219,45.358815,33.704167,29.877632,29.274259,41.157252,47.169582
2017-10-05,55.880814,39.526356,49.476126,47.470277,42.586704,29.461697,30.65366,27.782971,39.477151,44.516045
2017-10-06,60.189042,44.157425,50.047936,56.219337,49.249861,29.793871,36.938199,38.621524,43.361453,45.888314
2017-10-09,57.204501,46.099896,48.244713,57.87628,53.112085,29.593815,34.487023,38.813516,43.10166,48.697212
2017-10-10,61.26102,47.460504,51.208058,62.574362,49.640641,27.645341,41.533876,39.019041,43.847384,46.185102
2017-10-11,59.77808,56.826053,46.238402,59.628973,52.328106,25.597687,57.893361,32.843064,40.92625,45.072258
2017-10-12,68.543429,64.712767,56.594495,57.541061,58.511352,25.551298,55.006842,32.261408,45.274137,47.782198
2017-10-13,69.359562,66.159684,64.759797,58.819854,60.345519,35.045326,69.97866,34.311498,43.514376,46.172291
2017-10-16,69.440363,69.500771,66.12173,62.668562,67.087842,41.378444,76.209345,34.249495,46.23739,48.90896
2017-10-17,68.087314,70.725443,63.659995,57.172752,67.243709,40.869356,78.875689,33.090132,48.042939,48.480831
2017-10-18,76.253288,68.408473,67.473,53.515877,60.621928,29.047181,75.976084,25.45923,45.083608,53.87281
2017-10-19,73.919482,67.598339,59.622672,54.831262,58.491847,25.179938,78.488417,24.63256,44.42225,52.535725
2017-10-20,73.919482,67.598339,59.622672,54.831262,58.491847,25.179938,78.488417,24.63256,44.42225,52.535725
2017-10-23,78.80208,68.244292,63.294268,61.007886,55.678125,34.191037,82.687776,32.738102,42.662211,47.461521
2017-10-24,75.979593,64.93367,64.188624,52.933147,60.927652,40.733085,83.383485,48.562652,46.539973,47.366657
2017-10-25,76.895123,61.061025,42.872899,57.074794,61.513775,71.058641,85.244803,83.407064,67.800654,52.009533
2017-10-26,78.088968,54.638051,42.943809,62.005135,61.834828,65.144548,82.030581,79.772369,71.607532,50.207678
2017-10-27,69.092372,63.552992,41.979385,61.37511,56.346362,66.041133,66.300552,72.468169,71.821263,52.200924
2017-10-30,71.62957,68.266933,48.866965,59.900431,47.627557,65.468438,68.218975,72.738418,74.070064,43.844752
2017-10-31,70.813001,69.311852,47.228308,54.068099,48.698148,65.013078,69.284402,68.044271,67.192083,45.084548
2017-11-01,73.150282,63.230791,50.7064,56.624928,57.057397,71.354945,77.277848,72.392301,64.127932,53.437399
2017-11-02,70.076894,66.697348,50.953031,54.039677,51.803864,72.659155,77.884352,68.465094,62.228544,45.838318
2017-11-03,69.390988,64.984081,53.355227,55.994801,51.188616,71.846222,76.833881,71.669949,67.890503,45.424284
2017-11-06,62.865658,71.008718,52.676855,57.069935,51.52958,71.936379,72.15795,72.78853,63.500295,44.557325
2017-11-07,52.208652,75.460521,51.045752,68.057396,49.368786,67.676365,63.457545,64.67581,58.135148,45.454258
2017-11-08,46.050092,77.542695,51.784061,65.888996,49.758789,60.348042,55.86477,60.006373,60.039701,45.690765
2017-11-09,50.293152,77.657226,52.436321,66.67511,55.64512,63.864664,58.384121,61.62499,59.108135,36.557389
2017-11-10,45.266706,70.056042,50.18517,69.290791,65.092103,67.694885,58.065097,68.245021,69.851259,40.507144
2017-11-13,42.88273,74.866148,47.043243,62.251597,60.962123,63.421517,55.826799,66.684758,61.233086,35.590029
2017-11-14,46.892906,64.941004,43.184251,60.387363,61.987082,63.269748,55.87721,65.428204,52.548388,33.346267
2017-11-15,45.981983,63.053365,42.480618,61.561693,55.273588,64.13265,51.103811,62.719579,52.363932,29.612537
2017-11-16,52.637186,67.567415,45.851394,73.172691,58.23739,66.237752,52.315964,65.822182,54.758462,34.018929
2017-11-17,55.021337,60.04858,52.963933,63.347647,58.660718,69.656493,53.727765,67.246508,55.616578,40.483702
2017-11-20,57.578139,59.352623,57.234226,58.321484,57.277661,62.408257,53.326334,64.089553,57.358507,42.973545
2017-11-21,60.72147,54.01251,59.763073,60.186078,58.108185,63.256913,57.58293,62.440969,54.984581,38.108967
2017-11-22,59.985073,55.110573,62.422099,60.202814,55.305111,62.13789,55.450748,64.392738,54.998631,42.918575
2017-11-23,64.20553,55.200319,56.848055,67.565631,54.103442,62.530512,54.023235,64.122648,52.615187,42.918575
2017-11-24,65.202776,56.26777,59.531397,71.70107,53.446467,59.798674,54.230852,62.079516,53.436279,48.094308
2017-11-27,65.266308,55.804447,61.391215,66.326366,51.014376,59.549596,54.816857,63.668418,55.472458,45.529393
2017-11-28,61.402176,55.680874,63.671496,60.022686,54.02496,54.873648,51.28142,60.597481,50.506027,41.918177
2017-11-29,62.20051,49.823176,65.88328,59.160753,57.143487,56.471905,53.30834,58.037101,52.657219,44.14462
2017-11-30,51.596756,45.782291,56.71541,56.288099,55.341458,48.318153,53.69561,51.565668,52.141343,40.926465
2017-12-01,47.511892,44.48727,54.426739,49.50304,46.060942,46.061639,46.411273,46.592383,50.147115,39.604975
2017-12-04,44.683717,45.056891,48.970917,57.892007,53.052295,45.07594,46.506576,47.205657,52.483723,39.443559
2017-12-05,49.309442,45.854978,44.337211,57.504541,50.115115,46.313189,50.518536,51.117142,49.253888,37.392809
2017-12-06,53.765617,45.356096,39.305157,59.252173,55.241793,40.643747,46.280167,46.588879,42.36436,33.969127
2017-12-07,55.364516,41.857842,41.933023,61.943288,60.177417,48.135155,61.412232,49.466982,52.730332,38.672304
2017-12-08,51.254599,38.703306,52.628966,62.51856,68.193894,53.139589,64.966137,47.206934,53.378895,55.813394
2017-12-11,49.437683,53.105919,54.394231,63.517998,67.104078,53.818231,67.308744,51.073248,53.902767,61.162963
2017-12-12,49.224635,43.968272,46.204738,65.031537,63.172398,49.566542,62.06949,51.109678,46.754209,53.124811
2017-12-13,48.83305,47.215314,46.677809,61.466737,63.271105,44.947891,58.469604,47.215704,42.392935,49.336368
2017-12-14,51.809643,37.144135,51.921771,64.379489,64.927164,46.562346,59.614404,47.797902,42.25298,56.25332
2017-12-15,50.99353,35.726011,60.7365,67.179785,65.677832,45.335092,58.237257,46.419528,48.279249,56.677922
2017-12-18,51.580198,42.490303,61.905043,63.712126,67.505715,51.879929,61.61046,52.07524,53.376932,54.40311
2017-12-19,53.932422,41.784631,63.098623,57.314939,71.570714,56.555982,65.367094,52.801373,54.056481,55.834871
2017-12-20,49.824952,44.395086,57.393744,61.256033,74.089155,58.457871,60.614864,50.687705,58.19162,54.177318
2017-12-21,47.241908,45.691973,57.431808,63.164273,67.072649,58.002149,57.794144,49.98507,65.226665,53.725327
2017-12-22,51.149371,54.361278,59.593662,67.913266,68.872355,59.129643,59.667978,52.891928,66.902841,53.808322
2017-12-25,51.149371,54.361278,59.593662,67.913266,68.872355,59.129643,59.667978,52.891928,66.902841,53.808322
2017-12-26,55.926132,54.803637,56.297562,65.781344,64.599651,60.775781,65.428359,49.958938,67.772992,55.741792
2017-12-27,52.376312,49.182711,51.971259,64.990436,65.783468,52.861692,60.100195,47.540561,61.920788,51.33427
2017-12-28,52.617164,50.487393,58.306997,64.37282,66.354449,55.760671,58.07522,41.476838,59.538029,50.686761
2017-12-29,50.684433,61.654392,56.189596,67.315772,69.879906,53.904281,57.009562,43.28846,61.268961,53.62614
2018-01-01,44.385631,52.166389,49.995109,61.989366,58.361434,48.91285,55.87299,40.752505,62.047851,51.387806
2018-01-02,45.292727,50.019511,55.28856,59.685617,55.85614,48.134472,49.043678,37.49953,56.572005,47.876517
2018-01-03,47.688321,51.139832,49.109763,54.892654,59.577684,54.953727,50.000485,37.167558,64.454555,48.847946
2018-01-04,51.159094,53.896176,51.268228,51.749283,60.162524,54.516814,52.778287,44.624212,72.846945,49.854241
2018-01-05,52.96175,58.303448,52.378278,49.973106,61.51955,51.852803,61.034844,42.554661,72.482071,53.200819
2018-01-08,56.09692,61.421227,51.356766,60.341226,65.052331,53.550288,48.365333,42.017768,76.22578,59.082287
2018-01-09,62.409671,60.379152,52.390016,62.200372,61.414161,51.142453,45.545505,40.516511,73.683026,67.216778
2018-01-10,63.055555,70.213844,52.56505,65.755871,62.833002,50.201574,44.107937,37.443086,69.592001,64.031893
2018-01-11,59.441581,67.248414,55.506706,71.904862,66.608732,46.372934,48.414255,39.151761,69.499624,64.659151
2018-01-12,64.76105,64.663636,52.464402,72.503111,64.072114,57.753589,46.035487,39.23297,70.67305,58.481172
2018-01-15,64.827345,59.406769,62.398177,73.131025,60.446913,68.07507,43.785518,39.838652,69.038496,58.575883
2018-01-16,47.893107,68.850372,63.013835,80.526594,65.07813,71.209551,40.709346,33.260302,69.098664,45.410907
2018-01-17,48.746119,71.451885,58.842251,83.878582,59.594495,76.03908,42.3049,48.736358,74.818472,53.677291
2018-01-18,46.222599,73.295697,68.904379,83.939659,53.222266,77.33668,40.153225,44.802579,76.124405,63.684062
2018-01-19,52.607752,75.673308,71.925131,78.972841,55.212688,80.289749,42.032342,51.387877,77.889676,64.959494
2018-01-22,67.159918,82.419635,73.642768,79.880659,52.026638,77.234722,38.776907,48.530053,81.649031,63.092031
2018-01-23,70.05429,80.314799,68.747591,83.126607,56.859709,81.197173,39.75398,58.910483,82.995621,66.492413
2018-01-24,61.639534,82.71195,69.883661,84.018043,55.741499,69.652306,28.391242,66.34594,78.050859,71.191761
2018-01-25,61.42797,75.416875,72.786124,78.667525,58.215853,73.121503,26.678322,51.969752,80.106492,70.75105
2018-01-26,61.42797,75.416875,72.786124,78.667525,58.215853,73.121503,26.678322,51.969752,80.106492,70.75105
2018-01-29,60.676489,78.597532,76.531408,79.746285,66.094782,69.515147,23.724441,51.163734,82.072794,58.910199
2018-01-30,53.568441,72.615268,74.671945,73.232684,66.902406,64.713951,25.814132,52.264697,80.929825,58.069088
2018-01-31,57.694337,67.727442,76.202325,63.875534,52.733278,64.387472,25.614561,52.003519,73.703982,51.396322
2018-02-01,50.029808,69.175628,69.729867,61.530609,53.387019,57.372973,25.208781,46.054127,79.465293,56.873699
2018-02-02,37.791244,70.006644,54.850344,60.954837,53.731498,48.094083,21.204441,40.086393,63.967049,56.940661
2018-02-05,37.244747,63.797477,46.409717,58.740443,47.222184,44.337327,33.799192,40.751639,50.329114,61.911068
2018-02-06,34.771146,53.138305,42.863238,47.52839,38.048542,45.191167,33.460382,36.792153,48.07058,52.321606
2018-02-07,35.821642,49.584753,38.413423,47.98493,34.990425,46.816389,30.655339,37.875538,44.182781,54.499587
2018-02-08,40.384565,51.180268,40.666032,55.979317,41.704961,47.983775,30.516049,46.034397,47.421646,52.845191
2018-02-09,38.441679,50.953576,35.300313,48.056683,43.0177,42.497654,28.271732,42.536697,43.783668,48.67772
2018-02-12,45.834548,50.529283,42.369773,46.272487,47.188933,42.132316,29.720496,37.80391,48.741768,46.522554
2018-02-13,45.834548,50.529283,42.369773,46.272487,47.188933,42.132316,29.720496,37.80391,48.741768,46.522554
2018-02-14,52.620613,45.043186,44.06671,44.740357,49.066568,36.778859,37.707656,31.199295,51.252477,41.736338
2018-02-15,53.314717,46.623181,43.799606,50.569049,52.295086,46.505464,35.278875,33.684751,48.650173,44.664515
2018-02-16,47.893387,47.456737,43.057586,54.754563,49.937802,41.162011,31.791936,30.354533,43.804608,42.303375
2018-02-19,50.065416,46.431735,42.962555,55.849875,44.193818,40.308849,29.948216,28.976116,37.737514,39.130632
2018-02-20,47.842324,49.082504,39.447503,57.410225,42.850358,38.649736,32.886268,30.221926,36.917359,38.019913
2018-02-21,51.111294,59.128063,38.147927,60.436493,42.443768,40.699986,34.116185,34.168842,35.591385,47.38611
2018-02-22,49.102722,59.819455,37.192265,63.95964,40.994659,40.071383,32.640725,33.774298,38.401724,45.732175
2018-02-23,53.037966,62.059137,46.576995,61.699311,39.830431,44.822255,40.07081,37.598824,41.309403,49.12232
2018-02-26,54.732217,56.243081,54.817768,54.734696,45.004548,49.071412,38.897362,36.544758,52.010552,45.22196
2018-02-27,58.960253,57.28425,52.295613,58.192407,50.85615,44.834348,44.279143,32.361838,50.575132,44.991119
2018-02-28,60.329813,56.295487,47.497237,63.923314,40.648365,38.356251,43.192234,32.845227,46.127966,42.870191
2018-03-01,57.207858,56.588416,45.104855,59.292753,43.427588,33.495576,42.728789,29.52225,45.491016,41.241756
2018-03-02,57.207858,56.588416,45.104855,59.292753,43.427588,33.495576,42.728789,29.52225,45.491016,41.241756
2018-03-05,46.242113,63.820961,43.957742,57.321848,36.048595,32.572714,38.915435,31.380286,42.171235,35.635074
2018-03-06,41.563754,54.735344,38.3068,55.459259,34.36727,28.227972,34.896101,27.378588,38.556028,31.084193
2018-03-07,35.418591,52.765813,35.477961,52.530468,34.692846,24.6638,30.144299,22.898992,34.821017,38.724888
2018-03-08,44.50579,49.810879,42.287048,56.785026,34.494391,35.440005,29.379246,34.696245,41.089099,37.347799
2018-03-09,45.137939,53.415447,41.864152,58.917725,38.600364,33.312292,30.232321,32.80558,43.017882,38.248637
2018-03-12,51.357995,55.476873,47.001414,65.06549,49.183655,40.507541,46.204308,32.590081,48.333402,56.514727
2018-03-13,51.887388,38.617347,45.145065,64.163341,47.802611,43.559724,49.2668,34.725699,46.585934,55.456424
2018-03-14,50.811581,38.629445,46.525945,62.722402,46.39947,44.95702,47.021313,37.437169,46.727973,53.147845
2018-03-15,44.667246,37.263464,51.562514,63.226374,40.459765,41.93196,45.71737,35.192898,44.643505,49.208475
2018-03-16,41.027848,33.955769,43.958085,57.964508,40.198186,39.830052,43.482627,34.268341,38.750615,42.375696
2018-03-19,39.679631,34.707504,42.559907,47.799656,45.095366,37.67481,34.973743,31.49934,42.024791,40.746877
2018-03-20,37.995118,39.44864,40.681814,53.954151,46.855967,36.161216,35.569246,33.039771,46.237151,40.837652
2018-03-21,41.33586,38.724054,46.988201,54.903122,47.952995,34.521142,47.790233,32.291736,50.62656,40.636667
2018-03-22,46.275136,36.462379,49.619568,52.456278,46.310244,31.275112,46.405648,28.252583,47.196778,39.5876
2018-03-23,41.507883,35.308142,42.840045,54.667151,42.086782,27.651433,44.844988,24.761894,40.761004,36.477726
2018-03-26,44.612662,35.203549,55.740455,49.780106,52.45571,34.159686,50.306395,38.862243,48.613245,41.032538
2018-03-27,44.156886,40.286867,55.519474,49.299709,55.66382,36.431185,45.709109,46.153717,51.018929,42.717695
2018-03-28,38.574672,40.523972,53.763968,41.618407,55.871179,33.37267,39.003235,43.021395,51.82068,37.776671
2018-03-29,38.574672,40.523972,53.763968,41.618407,55.871179,33.37267,39.003235,43.021395,51.82068,37.776671
2018-03-30,38.574672,40.523972,53.763968,41.618407,55.871179,33.37267,39.003235,43.021395,51.82068,37.776671
2018-04-02,43.885509,50.728917,63.708209,44.233637,62.940936,25.441683,37.306076,40.153222,58.20898,44.286637
2018-04-03,47.05954,50.968647,59.067021,45.845215,61.234057,33.854652,42.610033,44.754344,56.423914,44.851408
2018-04-04,45.123067,50.910292,50.596002,39.753262,64.471836,33.166547,39.02912,42.184999,46.871216,45.091306
2018-04-05,51.296457,57.88659,55.941724,50.028784,71.48609,42.202983,38.469172,53.066441,54.738108,47.664706
2018-04-06,52.507757,56.481108,58.664599,43.066972,67.213488,43.838511,34.339762,53.381445,51.648043,50.518814
2018-04-09,54.675526,51.80637,61.434934,38.630076,71.393646,44.009168,32.394156,54.168111,54.226365,60.168793
2018-04-10,55.138675,53.937047,56.67763,39.545736,71.335227,50.453086,36.751279,56.37939,58.811089,61.633856
2018-04-11,60.806648,63.616187,56.162941,44.079774,75.186916,47.317901,36.630251,50.224652,59.37869,57.697754
2018-04-12,59.54443,73.438882,58.196781,56.498718,75.898158,49.081796,34.158156,47.331132,60.349105,50.524001
2018-04-13,63.406349,74.278769,57.107132,58.774065,74.492794,50.303549,33.074108,44.888878,59.502244,48.108457
2018-04-16,62.271117,76.255557,60.675451,47.266712,76.406873,49.746505,32.470975,43.24468,62.398137,55.217946
2018-04-17,64.972758,72.574584,61.951298,45.270356,80.89956,53.302046,37.752053,42.513682,59.444346,60.215278
2018-04-18,60.896354,71.254715,57.003223,45.50273,81.615969,51.688749,39.817033,41.020226,59.576871,69.294284
2018-04-19,62.633359,73.474638,58.442074,47.702877,82.154755,51.246542,49.008358,40.748179,65.133444,71.12559
2018-04-20,53.984931,82.868176,62.053127,59.37543,84.009734,44.464887,53.582111,36.452563,58.227362,68.592354
2018-04-23,57.536752,83.057759,55.824632,61.264102,74.749661,42.242659,54.148271,38.223592,56.591647,67.027512
2018-04-24,68.532575,79.541187,55.600933,51.93182,76.052949,47.107956,56.436931,36.597932,60.816936,67.596187
2018-04-25,68.648129,82.479605,51.387544,53.282225,75.778164,42.811156,64.1462,33.756399,55.901134,63.139859
2018-04-26,69.929716,84.442251,53.895896,56.873187,81.032848,42.770726,55.816107,30.733155,51.261709,68.088323
2018-04-27,74.734156,73.26027,51.819565,58.729843,71.958291,51.661651,55.488209,43.531949,58.482318,69.317601
2018-04-30,58.797993,76.355955,57.2331,61.63662,77.451863,48.354169,55.983288,47.73617,62.960389,71.430327
2018-05-01,58.797993,76.355955,57.2331,61.63662,77.451863,48.354169,55.983288,47.73617,62.960389,71.430327
2018-05-02,61.509422,72.430743,63.040242,60.785947,62.450765,42.175628,55.007657,42.518877,63.405328,76.695657
2018-05-03,56.759397,70.277934,62.460311,55.871067,56.186536,47.156167,51.452436,43.624799,55.325963,71.212621
2018-05-04,53.682448,70.139977,66.706818,52.870683,58.885039,48.071444,45.473957,43.689647,52.74691,56.134499
2018-05-07,59.015182,62.909609,62.597768,55.562955,65.341061,54.306145,46.779776,49.391929,57.561017,61.794368
2018-05-08,57.387589,64.253371,58.951387,50.127321,64.740151,66.470224,49.307349,53.360363,50.934364,62.257096
2018-05-09,60.290726,67.285367,61.593473,51.631204,64.722861,64.113784,50.44363,50.879212,53.49051,61.543445
2018-05-10,61.596767,62.751084,64.678232,50.766996,61.362416,64.141186,57.973811,50.817159,49.981929,57.714481
2018-05-11,63.922856,63.151745,68.327761,54.629492,64.98907,66.404746,40.472644,53.734506,55.828012,61.873197
2018-05-14,62.587224,60.28545,70.075663,57.062308,64.784504,65.481899,38.767475,57.417946,54.295728,63.155313
2018-05-15,58.769697,63.962732,72.681497,58.532601,67.201047,63.416128,38.165174,50.027108,52.232658,57.786735
2018-05-16,49.147811,64.789184,67.022655,56.700526,75.925681,52.7586,34.949063,44.615553,49.080587,62.448044
2018-05-17,45.359513,64.498346,67.843672,53.915199,74.362582,51.6954,31.583416,44.19526,47.416166,51.818462
2018-05-18,41.675767,65.317003,61.954568,54.018775,78.376355,44.113183,29.145757,40.263783,38.533444,55.756025
2018-05-21,40.898237,69.375338,55.591821,52.453924,69.53481,46.827922,28.631716,47.569704,38.095879,55.814062
2018-05-22,39.440064,62.487163,54.596011,57.585715,68.207136,47.683149,30.442169,57.103872,40.286577,50.660954
2018-05-23,35.181974,60.617923,48.009798,53.693155,66.265081,49.222382,28.329523,64.035194,42.432735,44.191941
2018-05-24,37.000535,68.582977,53.04757,64.203734,64.047749,53.934723,41.420473,67.27997,45.892203,46.148112
2018-05-25,39.513504,66.206007,58.377078,65.889778,66.56897,52.047347,45.036233,65.421045,47.104906,49.995812
2018-05-28,39.37679,56.36384,64.738273,60.0864,67.749402,55.023816,43.993866,68.504596,56.303511,53.806297
2018-05-29,38.323918,58.082583,61.822495,60.703068,64.256397,46.88421,46.933233,59.780548,57.267554,52.027331
2018-05-30,37.825393,57.02264,64.636671,58.583768,66.646508,43.203617,44.812067,61.711604,52.752376,49.024829
2018-05-31,41.03729,56.664271,76.856993,64.021809,70.768099,44.054926,43.424048,63.309203,53.993488,48.673107
2018-06-01,46.274941,54.547531,69.671387,59.423233,63.341072,47.359544,50.937332,60.102171,54.53511,46.243378
2018-06-04,51.472198,56.925176,56.886072,64.11667,56.139695,45.261861,43.857683,56.127022,49.93031,44.757366
2018-06-05,54.595106,51.370243,59.071481,57.031661,56.032679,43.124138,39.688813,56.58666,43.394403,42.783031
2018-06-06,57.517643,52.288776,57.935491,61.16706,57.838957,42.95923,49.643907,61.763639,48.45932,47.908744
2018-06-07,63.815952,54.475971,58.600799,64.492453,63.934692,50.145125,49.759547,61.168529,49.78413,49.011249
2018-06-08,67.763486,56.978905,56.070369,66.077545,61.691386,47.695479,48.325735,63.69266,46.640359,44.135908
2018-06-11,66.738139,57.544774,54.675406,66.574352,62.786195,46.005775,54.887585,64.435853,46.443095,46.588109
2018-06-12,70.796999,63.729997,54.940825,64.875957,68.900153,47.096761,49.940027,70.241196,53.458452,48.395172
2018-06-13,72.147472,70.173623,52.302085,68.493633,63.656328,50.691185,47.133064,72.856218,51.077435,44.503589
2018-06-14,73.492331,60.377454,53.457224,66.365184,60.331098,44.817862,47.671543,66.262353,46.486861,43.560556
2018-06-15,74.984022,67.414162,51.689964,74.171878,62.461132,42.814489,48.827156,60.325032,43.02318,39.435787
2018-06-18,75.307263,64.805489,49.336721,68.467445,58.758552,53.304483,44.392829,59.654455,41.327214,39.547883
2018-06-19,62.703928,63.723965,50.35009,59.31543,56.618233,53.104627,44.61395,54.99099,38.226897,42.958371
2018-06-20,69.289263,63.20647,57.25982,59.664323,56.931425,53.480266,45.161877,55.606536,37.366101,39.297423
2018-06-21,72.184599,62.381479,57.542377,60.464974,57.654426,57.802543,43.06459,50.650838,33.583966,35.22161
2018-06-22,62.470819,59.792506,62.3086,60.785563,61.036998,60.073339,47.833979,54.759385,37.615778,44.425642
2018-06-25,58.9359,61.495497,64.255198,66.346232,62.585932,48.640935,47.540727,50.066415,31.184955,40.729756
2018-06-26,49.399991,66.751336,63.872366,67.437773,64.027663,47.226621,52.303515,49.033429,31.936127,44.982321
2018-06-27,47.254771,67.623249,67.067231,64.179047,59.379521,40.12076,48.720906,43.755576,25.948372,41.96116
2018-06-28,41.15894,63.080417,69.84072,68.298257,57.033469,35.287423,50.564256,39.938239,26.819938,38.874986
2018-06-29,50.252402,63.941445,62.844847,71.470726,65.611159,39.398383,53.682635,42.63314,40.566983,49.090257
2018-07-02,46.889649,64.575739,53.736029,75.582518,66.048284,41.402838,43.430358,42.199286,36.997123,44.649395
2018-07-03,50.134455,68.355529,53.018892,77.952971,66.058483,38.330812,45.603491,40.986543,36.199907,48.473975
2018-07-04,55.301762,65.727056,59.398922,74.459108,71.909305,38.711735,43.376961,40.939592,38.754929,46.945617
2018-07-05,48.006671,68.09366,62.702773,55.339455,73.711259,37.500159,40.814523,39.95431,37.72783,57.957857
2018-07-06,51.517679,72.766481,60.447584,55.389939,69.812709,36.417192,40.081448,41.099259,41.636556,58.131192
2018-07-09,56.280603,63.569321,62.233553,58.345855,72.045125,37.89805,39.980542,47.367985,48.065187,60.192984
2018-07-10,62.140288,61.366142,65.544692,58.858593,70.035503,40.741179,45.584811,50.251751,47.188181,63.152032
2018-07-11,64.488123,74.160477,65.832393,62.565963,74.840038,36.896164,41.353522,44.679504,44.646557,60.765656
2018-07-12,70.939958,72.063713,68.538437,55.223563,77.815996,41.440023,41.504726,49.420555,51.750003,62.469226
2018-07-13,73.052564,73.001154,70.652666,59.719447,77.850988,37.693682,39.183449,43.873575,51.366673,51.234351
2018-07-16,66.058186,73.788114,66.758566,62.441558,78.878943,31.89297,32.186411,38.194975,47.107645,52.846013
2018-07-17,68.295284,75.406779,68.003629,61.018852,56.172409,40.276964,29.781481,47.123288,48.240435,50.238428
2018-07-18,68.323126,74.848796,67.813137,59.44228,48.045252,37.675596,27.187812,47.66968,49.87441,48.33056
2018-07-19,70.064356,69.36499,69.470462,57.687128,48.822786,36.655771,35.777641,48.415933,40.933945,55.047764
2018-07-20,73.140933,71.197555,69.966709,63.855881,50.628985,41.853812,36.173213,49.953092,44.769767,55.956557
2018-07-23,70.406973,72.261441,58.625878,65.221038,57.178166,51.027162,47.883518,55.304272,47.411897,66.523865
2018-07-24,67.370276,70.209156,59.344238,68.663241,52.364446,49.98198,46.427993,55.828601,58.348069,67.755155
2018-07-25,68.037169,64.979241,61.647839,69.669695,49.29258,50.256276,43.450872,60.783337,57.402184,68.175339
2018-07-26,66.469656,60.332897,66.002174,66.036048,52.691167,59.111009,47.741327,71.642325,53.247103,69.086376
2018-07-27,69.679453,55.046864,67.69749,66.072299,50.350303,63.865499,52.821143,70.384294,54.567654,78.690424
2018-07-30,72.823987,55.218278,57.305622,58.513032,56.05315,70.733855,63.009766,75.564402,50.106075,76.199146
2018-07-31,76.956227,54.068875,59.308011,61.492882,62.721647,67.697903,66.13082,70.68836,51.933121,70.807546
2018-08-01,77.628545,61.23796,53.457856,57.978252,63.093744,63.044761,61.493509,71.50085,50.696105,73.18616
2018-08-02,69.388437,54.187153,46.665437,57.849336,65.103777,62.345513,55.292447,69.935101,46.380182,69.43673
2018-08-03,70.59301,59.707609,44.825301,60.330546,67.075782,65.853065,56.087252,72.7954,48.672783,72.445624
2018-08-06,72.698432,58.750049,43.246683,59.093736,58.981217,70.488807,61.600973,76.889252,48.812319,69.128228
2018-08-07,69.809416,56.69119,47.724573,60.91932,58.922656,68.553742,58.876459,71.328227,50.378371,68.035878
2018-08-08,74.210968,57.977381,49.14343,58.90275,63.188234,70.994358,60.5364,73.486194,51.353148,67.788652
2018-08-09,74.241193,58.047963,44.849999,63.23761,62.428184,76.134066,49.083578,76.977489,46.804741,69.040433
2018-08-10,69.42837,61.755517,43.912578,64.526078,62.019697,71.911736,50.600201,63.560889,41.015819,70.850627
2018-08-13,64.06166,63.076835,38.973939,69.416587,55.77158,68.472703,50.801025,55.304472,42.690901,71.740352
2018-08-14,67.783754,63.727673,38.453119,69.218032,58.66716,71.470827,48.874944,55.755143,42.771527,73.232319
2018-08-15,67.783754,63.727673,38.453119,69.218032,58.66716,71.470827,48.874944,55.755143,42.771527,73.232319
2018-08-16,64.469765,64.776074,35.556975,73.385485,56.750527,72.221516,52.210518,53.906037,36.367022,72.211859
2018-08-17,65.024125,65.69291,36.194159,73.530824,65.2111,74.4521,51.773974,60.00901,40.164046,77.035889
2018-08-20,70.294322,64.501731,43.114774,54.924034,63.037481,72.741595,51.121873,63.114327,63.327836,76.020613
2018-08-21,72.083131,66.310878,43.07481,54.82662,56.613157,72.914526,49.312006,62.502198,62.96658,75.073682
2018-08-22,72.083131,66.310878,43.07481,54.82662,56.613157,72.914526,49.312006,62.502198,62.96658,75.073682
2018-08-23,75.214362,70.290442,38.598825,58.634375,60.483166,70.766583,50.762336,57.940133,68.340519,72.710134
2018-08-24,76.252185,71.908262,36.086074,51.939216,61.950516,63.915642,49.87739,56.005056,65.181108,68.576572
2018-08-27,77.979098,73.464509,40.486865,61.205363,63.95779,69.501574,58.285521,61.264391,67.514296,71.812339
2018-08-28,80.914946,76.686332,45.933287,63.124611,57.848144,68.333164,55.956531,58.615735,67.330358,67.449156
2018-08-29,71.639196,77.143473,41.31054,58.252471,53.82036,69.305663,54.075153,61.55405,65.766381,68.791053
2018-08-30,65.226347,78.806311,38.172894,59.653559,57.361281,71.311627,60.281799,60.386466,63.796307,75.467916
2018-08-31,56.224863,76.500926,36.977621,64.841176,58.811789,69.014288,60.803584,61.10871,68.474677,75.467916
2018-09-03,53.211001,63.707479,42.461475,62.461964,41.731221,59.111819,60.746254,57.443136,65.864369,61.15507
2018-09-04,55.822428,72.607093,36.689841,69.50707,35.217441,53.576343,54.696323,47.95838,64.371501,55.066367
2018-09-05,52.160623,65.246552,35.365,64.76766,30.930026,54.510043,48.662977,48.097471,59.905899,55.919701
2018-09-06,58.849564,63.845579,37.940397,63.012509,30.615043,53.502317,48.903922,48.005346,59.551573,56.669648
2018-09-07,61.730792,64.783754,39.870611,65.104719,37.303018,58.793849,62.141178,43.679748,59.665797,56.016529
2018-09-10,56.132502,64.97722,35.873894,63.764148,33.975094,56.434807,60.961399,38.40081,55.178286,49.211395
2018-09-11,52.074979,52.959643,28.061017,65.132196,31.860899,50.176613,52.315466,36.815327,52.345005,37.461334
2018-09-12,54.93554,52.265575,32.508801,68.340801,39.348749,46.953457,50.718215,40.015824,59.434943,50.523474
2018-09-13,54.93554,52.265575,32.508801,68.340801,39.348749,46.953457,50.718215,40.015824,59.434943,50.523474
2018-09-14,55.072198,58.19154,39.260422,61.337865,39.867509,52.263502,56.083067,46.270143,61.380914,50.956728
2018-09-17,48.44303,60.353813,31.997115,56.120825,36.587301,49.660516,54.644033,41.599118,55.279698,44.749112
2018-09-18,46.507178,59.075338,31.493837,51.91763,48.067124,43.613514,47.563563,33.719226,49.01024,46.454169
2018-09-19,45.08789,60.948715,27.214154,52.282876,45.411115,45.792715,44.829115,32.397478,50.793683,42.396259
2018-09-20,45.08789,60.948715,27.214154,52.282876,45.411115,45.792715,44.829115,32.397478,50.793683,42.396259
2018-09-21,47.063887,67.114291,30.704143,43.721088,41.561494,42.315506,45.278896,31.831202,49.508467,48.614308
2018-09-24,51.144933,79.968947,24.397852,51.401977,37.470971,35.941167,35.401226,28.151359,45.145111,41.829291
2018-09-25,50.725175,74.922197,33.246926,55.424024,45.09228,38.738151,39.663659,36.44372,45.464199,46.14634
2018-09-26,56.268851,63.334938,37.880494,50.679741,42.328033,41.095421,40.450842,32.14355,51.383945,38.46157
2018-09-27,56.859409,69.175438,40.132367,54.194293,44.046362,36.250884,37.487862,33.929872,42.979628,38.667832
2018-09-28,57.952271,67.891186,47.797024,56.704189,42.346138,35.482653,28.401638,34.116638,33.248827,44.599591
2018-10-01,49.51037,74.894557,54.029226,63.512168,48.543898,45.106403,24.300431,43.664097,28.791689,43.931285
2018-10-02,49.51037,74.894557,54.029226,63.512168,48.543898,45.106403,24.300431,43.664097,28.791689,43.931285
2018-10-03,42.273406,56.465976,52.956917,52.953554,44.68978,37.251185,21.739587,41.852939,28.305756,41.807337
2018-10-04,28.36579,44.104312,38.799801,43.759524,38.402777,49.111501,19.523837,41.550755,33.94614,34.213172
2018-10-05,21.589227,48.767035,40.560037,51.211672,36.505818,42.84339,16.936877,32.240469,28.11145,27.239898
2018-10-08,35.317196,46.025121,37.441793,47.276416,36.680797,45.722105,16.254123,40.423814,26.195794,25.497554
2018-10-09,33.310146,47.818945,36.78177,48.657789,31.244634,42.719646,15.061748,38.527787,28.671896,23.219561
2018-10-10,35.758523,42.65522,43.279451,42.387817,34.62623,52.624979,21.187611,52.09559,39.94067,25.654664
2018-10-11,34.155944,36.976808,38.525315,34.818778,34.440175,47.341635,18.847798,41.682994,34.957541,23.225343
2018-10-12,41.77139,32.468297,47.772045,37.245676,43.597722,52.222088,23.247919,42.875365,38.109545,36.450968
2018-10-15,44.141466,36.676348,52.338219,45.295314,37.919801,48.424495,24.236267,42.553284,34.499157,44.030713
2018-10-16,48.272564,38.373,49.610519,44.211218,41.679052,52.877319,27.03101,47.985327,37.29891,44.178086
2018-10-17,46.353717,35.723624,46.513608,48.022606,44.550012,49.210665,25.13715,42.418563,34.821725,47.918462
2018-10-18,46.353717,35.723624,46.513608,48.022606,44.550012,49.210665,25.13715,42.418563,34.821725,47.918462
2018-10-19,39.136741,34.36855,45.27653,41.009303,47.652227,49.660502,24.699266,42.387405,33.633056,50.929022
2018-10-22,34.64628,33.506736,51.582902,39.971183,48.873074,57.009557,24.114932,41.890242,33.861624,49.944477
2018-10-23,33.78753,29.216405,48.848509,34.185302,43.368216,53.91716,24.301602,38.817698,32.565905,47.350329
2018-10-24,32.801816,30.061376,50.341597,32.421402,49.668558,53.294509,50.487191,38.869074,40.171417,49.334142
2018-10-25,31.166224,30.88592,45.781123,35.198069,48.733211,51.742518,40.309166,34.978879,36.00268,49.106384
2018-10-26,34.484286,26.809287,44.377942,31.634042,46.41476,48.548865,41.802937,34.112013,35.076344,42.140869
2018-10-29,43.420778,38.475172,38.536905,36.713069,45.477535,66.188542,40.070564,51.710675,54.646852,45.401754
2018-10-30,39.278382,41.783009,36.526715,42.807325,53.127133,63.613643,39.385769,55.132689,56.830731,41.042432
2018-10-31,40.127154,47.336865,36.375894,51.823848,57.688947,67.080218,39.265314,59.937246,62.025808,42.544049
2018-11-01,39.428859,47.069202,36.502925,46.073833,54.868733,66.131748,40.171698,62.308139,66.817692,39.970151
2018-11-02,43.386363,44.548046,46.097848,44.862993,59.538494,66.426682,46.557429,61.826533,71.047985,47.396116
2018-11-05,46.495019,42.087623,47.597324,46.1474,59.771351,62.665544,49.077087,66.669132,68.636075,43.758838
2018-11-06,49.187614,47.833307,45.625296,46.309019,57.952931,64.233093,50.35469,59.474938,70.473225,41.592748
2018-11-07,50.471356,49.062235,48.402566,49.586219,59.883839,65.499198,51.209784,59.53022,70.756002,45.092432
2018-11-08,50.471356,49.062235,48.402566,49.586219,59.883839,65.499198,51.209784,59.53022,70.756002,45.092432
2018-11-09,46.881137,44.794903,45.439371,44.070676,64.457165,65.973157,46.209806,56.574115,71.160216,42.112785
2018-11-12,44.238707,45.667513,40.286043,45.97177,59.785177,61.652629,43.700244,52.099325,70.60501,38.763228
2018-11-13,48.738329,48.770191,42.22746,46.595684,62.474252,66.183961,44.925201,52.176146,74.292689,43.066244
2018-11-14,48.413881,41.822136,50.057565,42.220146,68.474177,68.828466,48.290679,56.361366,71.698742,42.636008
2018-11-15,48.160683,40.920316,53.955441,43.678362,66.05349,70.319479,50.958655,57.655649,73.821273,40.511536
2018-11-16,55.172815,43.243657,59.638763,41.712262,61.831187,67.802691,67.482172,61.420818,73.905264,43.688327
2018-11-19,59.533643,45.885575,61.331541,42.141824,63.647194,62.721069,69.103495,58.614411,76.576228,53.956965
2018-11-20,56.248252,42.62334,60.915919,38.444673,61.743845,58.589001,64.936446,54.067498,74.715761,53.104264
2018-11-21,50.421643,35.237537,62.116984,31.916145,60.674453,57.545668,65.281536,56.829907,69.815005,50.336661
2018-11-22,48.215276,35.337756,58.074862,32.82511,56.790376,53.363074,61.094106,52.705193,71.298664,48.709366
2018-11-23,48.215276,35.337756,58.074862,32.82511,56.790376,53.363074,61.094106,52.705193,71.298664,48.709366
2018-11-26,49.958834,41.715786,66.522105,33.263619,67.860951,56.70225,64.719818,55.865122,73.520702,55.572191
2018-11-27,54.381756,48.863861,68.699169,43.21246,65.072653,55.024858,59.058108,58.298045,75.196103,54.355484
2018-11-28,59.491464,60.054802,72.165325,54.679183,64.777967,58.414816,48.936982,53.192899,62.655456,50.417878
2018-11-29,62.429372,56.721718,76.754524,52.459855,69.660529,60.758082,50.935007,54.818212,66.696035,57.164493
2018-11-30,62.138455,57.558234,75.916057,54.822146,65.740358,53.593187,48.495975,52.945438,68.624796,54.549804
2018-12-03,58.697041,59.121958,71.046087,55.891642,73.631448,53.883876,52.622909,54.980391,66.559613,50.498742
2018-12-04,57.416587,62.142042,63.065837,61.000264,69.320696,55.963737,51.765272,50.345354,63.434658,48.986523
2018-12-05,58.092672,61.437689,65.140044,59.095666,73.137331,49.532029,47.749435,47.890086,54.357595,41.146015
2018-12-06,48.859649,58.970579,64.525379,53.111992,63.35839,46.254484,42.336279,43.596937,49.690064,38.780796
2018-12-07,51.532725,59.283848,66.210353,58.168522,65.769931,50.531655,42.306933,43.36432,55.212157,40.385398
2018-12-10,41.5077,55.727592,60.665801,52.382735,60.417235,45.516166,37.295469,42.200656,46.54188,36.660104
2018-12-11,43.492102,59.029248,53.229845,54.290823,60.250459,42.74368,34.966092,50.590152,45.037543,43.308562
2018-12-12,46.931656,61.192896,58.106524,55.732535,65.313918,49.425624,46.648009,54.61532,54.69782,45.273544
2018-12-13,46.126166,54.843432,60.838896,61.952233,66.998823,49.080491,45.246435,58.064387,59.811434,44.353765
2018-12-14,47.572691,55.874292,59.379101,64.282503,67.515336,51.23466,54.871916,58.246666,55.900546,45.074784
2018-12-17,52.312029,56.553941,64.957468,58.835618,65.345517,56.729367,52.384854,58.53776,55.025212,51.27036
2018-12-18,53.958059,55.254577,65.728738,51.636402,63.138106,59.575188,53.831557,61.65639,59.176095,48.811737
2018-12-19,54.063148,51.427464,62.350677,47.504209,63.675934,62.542394,56.513227,67.997537,60.376795,55.910151
2018-12-20,51.424709,48.729463,64.634297,48.337848,61.172049,57.861032,52.399407,59.181052,63.357264,54.677613
2018-12-21,43.661105,39.664359,57.569964,41.596296,54.450887,50.43157,47.195554,56.624747,54.833344,46.53072
2018-12-24,41.050526,44.033807,50.655337,42.750941,50.768427,49.190926,47.967567,57.677776,51.174245,45.60053
2018-12-25,41.050526,44.033807,50.655337,42.750941,50.768427,49.190926,47.967567,57.677776,51.174245,45.60053
2018-12-26,44.268211,39.727059,58.549516,41.085421,52.152116,52.111944,55.158888,58.787682,55.242017,46.672026
2018-12-27,51.09562,43.722589,54.643825,46.831221,56.560113,51.904624,52.573539,55.916375,55.775575,52.965119
2018-12-28,52.625934,41.774676,57.773733,46.896798,57.843521,56.641671,52.467629,58.788587,58.927949,55.054822
2018-12-31,51.238117,41.313741,57.486559,47.821489,57.232191,55.943541,49.563662,59.954898,58.35044,54.020932
2019-01-01,51.153652,43.496023,61.966217,50.644188,52.605151,59.193334,54.274359,63.678485,59.358953,55.592626
2019-01-02,46.348595,47.884095,57.151401,52.460283,48.824042,59.94464,49.410936,55.167946,54.045706,51.780469
2019-01-03,42.343837,43.719366,53.347807,52.507352,49.720361,58.11457,50.009539,51.525088,45.829685,48.778498
2019-01-04,44.57309,40.011703,54.452239,48.334545,48.120001,60.013508,55.923595,58.438815,44.181528,52.348517
2019-01-07,46.860769,44.62059,55.100506,53.560314,48.977904,62.368961,57.438282,56.645567,43.15935,53.511618
2019-01-08,46.826675,43.870443,50.805152,52.671394,45.465321,71.403282,59.985348,64.472578,42.758237,57.646823
2019-01-09,49.254034,42.697662,53.835475,55.582268,49.388281,72.59829,62.904308,64.472578,44.104262,65.47069
2019-01-10,47.996879,43.09488,51.769914,57.266442,49.718541,68.558124,64.396001,64.678016,46.413024,63.819155
2019-01-11,44.444651,35.480816,52.572617,59.032267,45.264414,67.167484,62.276991,60.461129,40.143025,69.729503
2019-01-14,43.981006,31.64555,49.877429,66.294881,43.878513,59.994075,58.953265,57.096527,32.74809,67.559289
2019-01-15,56.750786,43.821139,54.806756,73.170603,51.434094,59.208262,62.718401,58.421927,35.266167,69.733268
2019-01-16,58.680665,44.28152,54.32375,75.402203,46.900836,61.515208,59.110474,60.018188,35.728972,64.556651
2019-01-17,58.033709,49.619696,57.214156,73.184876,42.044966,60.503652,57.334543,51.80755,37.236502,64.350931
2019-01-18,70.207651,50.765494,56.56102,71.60736,40.459044,56.769616,42.28475,48.747492,31.494012,59.264736
2019-01-21,77.666946,52.248357,60.771326,75.004177,41.360479,56.337645,42.440478,45.776185,30.8836,56.293916
2019-01-22,76.678741,50.85508,56.704371,75.08411,42.465798,52.534131,38.778837,43.276448,28.503837,56.001277
2019-01-23,73.197726,45.771256,48.118734,66.161534,47.912788,50.259043,38.151675,39.47733,28.636411,38.238138
2019-01-24,76.001678,50.978463,47.320569,67.489828,45.797845,46.818398,37.002866,41.623644,27.518959,40.835464
2019-01-25,75.419053,54.471055,45.700702,66.424702,45.046909,38.517532,42.338793,38.81764,25.76195,41.333684
2019-01-28,68.961266,59.932738,42.715229,64.822261,41.318033,28.681638,40.842225,35.157606,32.76638,36.433242
2019-01-29,62.355151,63.734307,36.898917,64.787167,46.089108,33.127644,43.321155,34.242586,28.449554,42.533752
2019-01-30,57.650496,63.419145,32.755936,63.311798,40.10433,51.805558,40.511219,44.833971,35.182499,39.295664
2019-01-31,63.832512,67.599544,45.723931,71.559571,49.200852,50.646059,43.097198,52.319616,42.264334,44.18229
2019-02-01,67.532658,69.423459,48.219299,73.587385,57.568201,43.551055,48.010008,42.954682,45.58639,47.368725
2019-02-04,72.8961,71.626591,51.522553,72.731217,58.246225,43.484083,44.028995,42.555637,41.311576,42.875606
2019-02-05,72.97241,70.099272,53.543514,71.908307,61.982965,42.158204,45.542926,43.435988,40.643347,39.68643
2019-02-06,75.141174,73.347337,55.42435,74.416647,63.566385,48.120761,46.066603,48.752357,44.054122,44.989192
2019-02-07,68.827721,74.156919,53.947426,74.618835,65.235799,47.604165,48.398545,46.969543,39.479644,48.556624
2019-02-08,65.061184,68.232766,55.232146,71.90854,58.3537,44.777163,50.418645,45.450785,32.654185,43.011161
2019-02-11,58.431584,68.794647,59.100547,72.566185,54.777075,41.0431,49.37774,39.981288,30.157764,45.255552
2019-02-12,59.011098,64.86807,56.047917,62.348115,51.951508,37.235603,48.404113,35.692123,30.289427,43.194569
2019-02-13,59.011098,64.86807,56.047917,62.348115,51.951508,37.235603,48.404113,35.692123,30.289427,43.194569
2019-02-14,50.641562,62.832098,50.159221,54.810343,49.248342,36.993346,38.67517,29.682036,27.036889,47.221074
2019-02-15,54.9672,58.614863,47.525576,55.860202,45.91334,35.706635,43.149877,27.214486,33.252092,50.423287
2019-02-18,49.364916,45.502863,44.681715,55.206048,40.83278,33.347238,41.395091,25.560252,33.800634,43.454206
2019-02-19,48.490598,35.952377,43.167918,44.70984,37.824193,39.084417,42.800383,30.062105,39.112239,45.264623
2019-02-20,52.614263,38.078575,50.64772,53.943064,36.890502,41.436845,48.883946,36.763463,45.356462,45.199762
2019-02-21,55.266333,38.003403,52.729423,49.970264,43.984967,48.178561,49.859239,37.168695,47.743945,44.109339
2019-02-22,51.656662,40.628671,45.967435,50.777999,48.090641,48.956615,54.006729,41.161371,46.65362,43.060626
2019-02-25,51.644085,52.002538,54.661627,60.022431,48.559608,52.585429,57.282119,40.411406,45.316162,47.372674
2019-02-26,48.596187,59.518996,50.834498,53.319411,49.208413,45.348288,55.047099,36.966007,42.406905,45.516552
2019-02-27,49.462497,61.849848,46.464179,49.816504,39.967717,43.06266,59.491638,38.885653,49.047333,44.885315
2019-02-28,51.507122,49.935135,43.264026,49.358808,39.115821,47.965286,56.789854,40.970524,51.673712,46.773371
2019-03-01,50.062628,51.54436,44.877316,53.072598,39.833223,51.937627,45.716909,46.451036,56.264237,50.875246
2019-03-04,50.062628,51.54436,44.877316,53.072598,39.833223,51.937627,45.716909,46.451036,56.264237,50.875246
2019-03-05,53.566496,50.396703,51.434883,48.021033,37.273517,59.758567,45.951984,51.169587,55.192438,58.398074
2019-03-06,60.544374,52.202085,50.656048,48.021033,31.836714,65.587999,47.837042,53.260571,58.647669,62.899116
2019-03-07,61.785757,54.334639,56.228155,43.178728,34.171655,64.262713,45.890919,57.587117,67.245158,67.971979
2019-03-08,60.59899,55.791994,56.631118,38.533899,33.337123,64.020494,47.276891,56.734898,62.136099,69.90734
2019-03-11,68.301177,54.225624,56.694337,38.076237,38.975472,67.485574,68.22709,63.279036,63.766675,70.855723
2019-03-12,72.556198,53.742354,65.816187,36.262799,46.254684,73.862582,75.688028,62.533595,71.574774,72.384802
2019-03-13,74.697145,51.241191,73.626582,37.383044,50.366056,75.418088,63.210861,68.145544,67.750644,72.781681
2019-03-14,72.501302,48.572619,73.044177,37.335996,47.234762,70.53114,65.252467,66.0158,67.956551,73.399199
2019-03-15,65.342219,58.018075,76.223022,44.956559,37.701616,73.900503,61.535347,71.077742,70.872779,61.607296
2019-03-18,69.908904,54.50006,77.09313,40.603393,37.523341,75.04252,56.349959,71.465054,64.255484,65.136608
2019-03-19,73.427323,54.50006,77.747046,48.372661,38.29941,75.1913,59.527837,74.23488,57.386932,71.244056
2019-03-20,73.045442,52.821396,80.691335,56.805121,35.558917,68.300616,57.495607,74.71833,60.217779,70.01276
2019-03-21,73.045442,52.821396,80.691335,56.805121,35.558917,68.300616,57.495607,74.71833,60.217779,70.01276
2019-03-22,61.654842,50.627839,72.550871,58.747029,33.383786,66.878947,55.536602,64.034962,65.152069,68.271141
2019-03-25,56.761384,45.94958,73.206974,53.818272,32.439089,57.203831,51.993525,57.769493,59.189285,60.926321
2019-03-26,64.308644,45.610134,76.705536,49.54166,36.988462,64.305801,52.566485,66.138813,57.932765,57.440262
2019-03-27,59.597193,42.4945,72.65924,50.639848,36.197046,63.344621,48.441394,69.741639,55.879033,56.803948
2019-03-28,61.415309,50.494515,73.08966,55.01943,37.68087,67.603365,53.91589,75.208684,60.667496,66.105213
2019-03-29,61.415309,50.494515,73.08966,55.01943,37.68087,67.603365,53.91589,75.208684,60.667496,66.105213
2019-04-01,66.582502,57.17939,74.347653,63.124018,40.821689,64.868165,60.923942,76.981947,66.048826,60.121453
2019-04-02,65.940554,64.930663,67.908756,64.820657,39.812272,63.543962,68.390673,79.600852,65.126977,61.019549
2019-04-03,61.62512,64.930663,67.1329,60.563688,34.535359,57.718798,63.043911,68.23092,54.522269,57.27912
2019-04-04,55.635425,50.510121,63.841778,56.995124,33.299765,54.171124,66.056797,68.961154,51.840896,54.503487
2019-04-05,55.812891,55.999339,67.998417,62.075427,31.193038,55.745056,65.929143,63.241301,53.193178,53.981927
2019-04-08,49.613828,59.233754,62.233272,65.16589,34.658817,52.054905,64.40958,58.561055,53.145832,50.252379
2019-04-09,50.853953,62.013106,61.488302,60.709241,42.978286,60.299555,61.406043,60.02292,53.604583,56.618177
2019-04-10,50.075456,52.493679,47.326077,55.825081,49.086718,57.190781,52.309795,55.834852,52.305853,53.307232
2019-04-11,53.91179,49.200506,52.121654,50.307718,55.23476,53.047295,56.13998,59.033128,54.40795,56.235647
2019-04-12,52.860798,48.412401,53.861515,52.842436,58.932172,56.747279,52.965677,59.310799,48.326659,68.089323
2019-04-15,51.990576,61.526957,58.765194,43.303834,59.061618,54.854567,56.432559,59.605596,47.003242,67.562423
2019-04-16,53.007216,63.403083,61.783341,41.935024,64.090651,64.638301,57.055072,59.740229,55.111819,69.30211
2019-04-17,53.007216,63.403083,61.783341,41.935024,64.090651,64.638301,57.055072,59.740229,55.111819,69.30211
2019-04-18,63.512535,65.336895,58.310657,38.972762,64.504477,61.804072,55.479021,52.981493,47.92645,62.861899
2019-04-19,63.512535,65.336895,58.310657,38.972762,64.504477,61.804072,55.479021,52.981493,47.92645,62.861899
2019-04-22,50.833016,66.614956,51.030399,41.683403,64.47253,51.778133,57.339262,51.948668,47.734779,57.143301
2019-04-23,55.219887,65.162355,45.315885,46.277155,66.046155,53.422003,52.78681,45.795952,43.647983,59.580204
2019-04-24,60.484334,68.450084,53.560997,51.066654,68.91008,57.048747,59.251451,52.707723,48.58659,63.805214
2019-04-25,55.776647,69.702189,49.739577,46.766965,57.474321,51.679007,62.049498,47.3308,46.641889,58.81276
2019-04-26,59.796853,73.907568,53.569615,51.97594,62.29078,60.060122,58.737574,54.284825,47.887514,59.407571
2019-04-29,59.796853,73.907568,53.569615,51.97594,62.29078,60.060122,58.737574,54.284825,47.887514,59.407571
2019-04-30,59.796853,75.853354,60.796162,58.611345,65.82397,60.263326,53.179017,51.116664,44.10904,52.387418
2019-05-01,59.796853,75.853354,60.796162,58.611345,65.82397,60.263326,53.179017,51.116664,44.10904,52.387418
2019-05-02,62.546891,64.373718,67.046149,47.014506,48.451692,48.793976,56.771851,48.785744,49.038451,58.824088
2019-05-03,63.383563,49.427451,68.746066,43.748382,38.771257,53.751664,62.528381,51.246392,51.240361,57.115375
2019-05-06,55.037947,53.064869,58.229233,41.505705,32.946444,53.307036,63.954367,49.515293,46.389005,61.528112
2019-05-07,44.203201,52.143097,56.784576,45.090831,43.54419,42.183463,54.467343,45.176512,52.557649,51.039426
2019-05-08,36.067341,52.279338,53.261674,42.7074,41.377188,39.598056,54.010572,37.463307,49.783812,48.841793
2019-05-09,30.22014,55.279231,49.668509,43.754117,46.299281,39.11769,45.708331,39.096367,48.078696,47.434129
2019-05-10,29.583526,49.080665,50.890647,41.72582,42.1696,42.586653,53.125026,50.65957,47.650518,43.860471
2019-05-13,27.347664,47.969418,48.772754,43.635291,46.736574,37.163093,48.618479,49.333875,34.477211,33.065784
2019-05-14,35.190953,42.605771,48.944915,40.688239,45.799623,40.937149,60.502549,57.42072,44.937108,42.218431
2019-05-15,34.686865,43.17903,48.643037,42.302253,39.167592,38.882277,56.321314,54.347046,40.342136,46.435665
2019-05-16,37.000193,45.734203,54.654881,52.761917,44.568238,43.822748,51.949144,57.826913,44.664626,43.52168
2019-05-17,37.577761,43.629278,64.318234,47.720178,56.38522,49.617201,54.014365,60.904365,52.710848,52.753595
2019-05-20,51.300102,52.258324,72.831611,46.932771,62.679054,60.567523,60.558287,75.120795,69.813878,58.853228
2019-05-21,53.893611,46.816217,65.923514,40.627366,64.641544,55.152824,53.862615,67.67528,69.107566,57.288568
2019-05-22,54.007486,42.878892,66.170783,40.920976,60.115871,57.941657,56.338273,69.302136,70.735773,57.018411
2019-05-23,52.495051,39.352953,51.666299,37.100802,56.485131,60.723725,58.293078,69.809172,72.674563,42.915685
2019-05-24,53.136519,38.606311,57.310425,42.514793,55.424932,69.090703,64.958747,75.103257,79.356405,45.731634
2019-05-27,47.0591,40.053965,61.426298,41.989451,59.708052,70.312732,62.207645,77.183882,82.806288,46.239317
2019-05-28,50.130348,43.768605,62.304159,53.290454,60.610806,69.367616,59.354249,75.420146,77.055837,44.074521
2019-05-29,47.69641,49.850231,62.386332,53.123274,61.354928,61.241399,54.647506,64.460335,71.566737,43.181315
2019-05-30,51.642747,55.757736,65.042706,55.974033,62.019992,62.489025,58.740953,66.700262,72.16236,44.021171
2019-05-31,51.736635,62.007755,62.082525,57.983972,62.879894,60.67581,59.78018,65.744033,71.885461,34.063004
2019-06-03,58.291132,66.629874,65.827408,61.124084,71.308217,60.075043,61.732609,67.168142,72.088681,34.063004
2019-06-04,55.962301,59.547245,64.785676,55.113259,63.94801,57.179147,61.447972,64.19659,73.258792,35.240511
2019-06-05,55.962301,59.547245,64.785676,55.113259,63.94801,57.179147,61.447972,64.19659,73.258792,35.240511
2019-06-06,49.450564,56.664744,58.328983,55.276918,67.521358,51.462869,62.255323,50.919597,58.514253,31.933571
2019-06-07,46.467214,58.649184,61.772807,57.235875,65.318039,54.723371,64.160599,54.30143,58.035822,31.479116
2019-06-10,47.628759,64.253219,60.132006,64.18641,68.732216,54.334195,67.554511,55.736439,61.086193,39.211759
2019-06-11,50.35798,66.355508,61.348914,64.785644,64.725506,57.733108,67.338174,57.523922,59.108562,40.002422
2019-06-12,51.180031,67.14678,56.512262,63.881175,65.954059,54.923913,63.661465,54.881414,55.382915,40.188535
2019-06-13,49.731578,65.748842,59.36452,63.31091,65.416338,56.02449,65.961696,56.612417,56.99294,41.460185
2019-06-14,46.901809,65.793899,57.168243,61.315218,58.212017,54.37145,55.662455,54.194159,58.685407,38.043214
2019-06-17,38.359626,64.580007,54.220499,61.374758,56.749592,51.246684,48.417065,49.20597,51.776329,34.392124
2019-06-18,38.084158,64.797869,53.150189,66.681443,54.219686,57.181427,49.295994,51.001766,53.187352,34.613665
2019-06-19,37.274718,66.031241,55.367172,67.556537,54.759514,55.048233,46.303751,49.9641,53.149033,39.253278
2019-06-20,44.077801,68.408843,57.89578,69.05681,56.443875,63.528073,52.06742,55.125975,63.079492,38.969678
2019-06-21,39.930766,61.224458,54.772624,64.059026,45.428839,61.153011,48.493369,58.254713,58.611343,35.203421
2019-06-24,36.286164,64.852863,55.569222,59.427114,44.888377,59.900766,49.514772,60.880976,58.837554,39.763007
2019-06-25,46.56122,62.948701,57.860781,61.102636,42.890115,62.475221,52.259675,63.08576,57.220814,44.495093
2019-06-26,46.153803,59.618869,64.957986,53.029557,44.405982,65.329051,49.722585,64.125786,60.385885,42.727929
2019-06-27,41.548227,59.209373,63.317537,46.587055,48.722619,66.587829,52.259452,66.655002,60.296963,37.101511
2019-06-28,37.326358,53.171068,58.084044,47.733315,52.624881,62.497471,50.489434,65.535441,60.774065,37.891959
2019-07-01,42.069584,55.549442,65.086756,47.206569,50.3133,63.683098,52.105364,65.741983,61.521081,40.425669
2019-07-02,44.824824,57.889984,66.451303,54.000386,53.016406,61.21499,56.336262,67.786505,63.100476,38.724379
2019-07-03,45.985927,54.342004,64.904642,47.427596,51.50757,60.31985,55.919075,68.904341,66.059366,45.163837
2019-07-04,46.420609,55.361428,63.173227,49.335861,54.279051,60.514148,62.970345,69.76043,63.603182,47.157308
2019-07-05,41.320076,40.042247,59.823979,39.561961,53.465697,60.638743,64.290847,71.924686,58.664789,50.806387
2019-07-08,38.807276,42.683135,45.510137,39.349357,41.846015,49.034392,55.549558,52.729394,41.141929,46.928581
2019-07-09,47.364232,36.727186,40.455662,38.18946,38.666039,51.520229,59.694714,56.175734,49.7575,39.811404
2019-07-10,47.048464,33.698465,42.619445,39.782423,34.120646,53.762132,56.112992,51.111716,44.52054,39.924124
2019-07-11,47.857085,33.039293,46.623002,43.58522,38.541098,49.311069,57.715923,58.030519,43.723542,45.43003
2019-07-12,47.552983,34.276725,44.229766,47.9574,34.910886,49.825213,53.285951,58.312916,38.843236,44.378771
2019-07-15,46.227363,42.856843,44.426878,71.65741,36.280145,45.140432,48.540204,54.789626,34.952973,37.921364
2019-07-16,51.786743,37.98203,43.73183,73.03994,44.45231,47.704503,48.674447,58.09259,40.029031,40.206602
2019-07-17,48.242897,40.351017,45.352621,75.239354,49.95869,47.818751,44.890601,63.472663,39.111562,42.376836
2019-07-18,42.610339,33.977557,49.010074,74.222605,44.662365,41.86274,41.963067,55.180265,35.983638,42.612972
2019-07-19,39.425322,36.300858,41.505405,69.156197,40.626633,35.323452,40.050365,49.136129,32.694923,35.293065
2019-07-22,49.408405,42.794769,30.594127,68.466638,33.686047,38.074873,42.907784,45.521264,31.660577,30.596499
2019-07-23,47.546516,43.276703,27.270541,70.270112,37.358339,38.649747,44.067288,40.175046,33.338582,43.55897
2019-07-24,43.846884,40.994113,31.407588,67.510211,46.29573,35.89811,40.137882,38.703659,32.711655,43.919989
2019-07-25,37.797301,46.979168,32.629277,70.26075,48.102809,36.602546,40.259925,40.244652,30.487498,39.807537
2019-07-26,34.509056,44.061869,31.599579,64.852927,46.830036,45.336291,36.934791,41.456742,36.618679,44.559463
2019-07-29,33.996208,47.931869,28.009588,66.500431,43.265133,57.915836,36.656417,42.613842,33.310427,40.942149
2019-07-30,29.087645,55.678697,30.07069,66.968784,44.980958,53.981144,49.715017,33.079035,34.800242,43.100893
2019-07-31,27.038026,59.209305,30.000895,67.342526,46.754443,53.250589,42.800437,37.395758,38.159318,45.52484
2019-08-01,31.971296,54.677654,27.180111,51.09152,47.998128,46.437753,34.191604,30.531353,33.233825,41.631272
2019-08-02,35.718805,58.078954,26.379338,54.32246,49.672271,41.547393,49.790905,27.400242,36.892681,37.641198
2019-08-05,29.318597,63.181793,22.948833,54.846005,50.714283,36.451889,57.58739,24.81689,32.990723,32.475623
2019-08-06,27.379228,57.332486,25.862513,53.495492,51.549674,43.576153,62.368263,25.872434,41.613051,31.581863
2019-08-07,25.131023,57.08748,25.328425,54.382507,59.914152,42.332035,60.755988,22.474399,38.663802,26.926642
2019-08-08,37.658824,62.411845,38.50746,60.589559,64.989901,47.560987,63.380603,26.497333,38.8243,34.986293
2019-08-09,40.108837,60.274436,48.278242,61.085392,70.86793,52.048318,62.634935,25.535313,39.938889,31.723629
2019-08-12,40.108837,60.274436,48.278242,61.085392,70.86793,52.048318,62.634935,25.535313,39.938889,31.723629
2019-08-13,60.768324,52.101575,39.168962,45.826971,65.345884,44.452685,49.472195,22.957541,31.332165,25.569534
2019-08-14,62.440445,52.830056,40.940283,51.094533,67.68208,50.043631,54.513755,29.121929,37.141723,30.098394
2019-08-15,62.440445,52.830056,40.940283,51.094533,67.68208,50.043631,54.513755,29.121929,37.141723,30.098394
2019-08-16,60.181739,46.340105,40.676157,50.951512,64.040583,51.37219,54.705791,30.284355,37.605736,37.722162
2019-08-19,62.275012,46.014742,37.565998,52.717853,61.390022,54.858877,54.317638,28.510925,42.596147,36.268827
2019-08-20,58.498151,50.266797,40.781706,60.230301,65.813992,49.298496,52.178914,27.17785,40.595125,31.689438
2019-08-21,57.372857,50.168218,42.009894,63.03658,67.008084,45.58573,49.918711,24.691263,34.812294,27.896277
2019-08-22,52.144543,55.283237,34.429742,60.464874,70.699068,37.471025,48.378324,21.689213,32.263674,26.933734
2019-08-23,57.195868,59.98828,33.016395,63.262648,66.324,35.52522,51.135055,24.536268,31.104782,24.378032
2019-08-26,55.242869,63.699474,50.833283,63.412753,69.137179,48.238213,54.201866,33.787488,44.229633,35.120177
2019-08-27,56.660459,55.925702,51.399402,51.761652,63.876814,52.547728,45.303942,38.680391,49.363275,39.461349
2019-08-28,54.016915,56.322367,49.392867,59.711317,54.128205,48.977755,43.73859,38.237762,46.908552,40.108666
2019-08-29,49.387124,55.194198,46.187689,61.418332,55.200578,44.095588,42.290897,32.957863,46.463476,35.761743
2019-08-30,50.819524,59.165675,46.369989,64.326327,64.277664,47.552699,45.09869,32.65437,43.588756,42.093466
2019-09-02,50.819524,59.165675,46.369989,64.326327,64.277664,47.552699,45.09869,32.65437,43.588756,42.093466
2019-09-03,42.228013,57.36166,43.465639,63.869846,53.912388,38.377904,38.541318,29.970677,37.221971,38.082499
2019-09-04,41.291603,55.938227,50.66881,66.63542,54.842445,42.058442,46.054595,36.8426,40.966556,40.609495
2019-09-05,40.818186,49.51403,48.395111,70.964074,50.916946,38.158818,47.613157,35.825485,44.184221,42.106262
2019-09-06,46.956888,46.13956,50.438516,72.783397,48.56209,39.820155,48.84666,36.507162,46.331513,41.71005
2019-09-09,46.891194,43.511276,51.155417,64.855834,51.927709,42.711782,54.23708,40.731459,52.949943,44.290822
2019-09-10,46.891194,43.511276,51.155417,64.855834,51.927709,42.711782,54.23708,40.731459,52.949943,44.290822
2019-09-11,50.181153,38.501984,51.529048,58.805569,49.47121,42.223949,53.022106,47.924631,54.47706,41.9356
2019-09-12,44.348709,35.398674,55.723161,56.473123,45.024712,48.285312,46.718792,49.561358,54.121503,38.186807
2019-09-13,48.440883,37.615156,52.377731,62.115058,45.066888,55.001222,43.406607,53.617063,54.390886,37.172859
2019-09-16,44.97292,39.76088,49.219164,61.058068,48.139324,54.117071,44.304321,47.433747,48.584186,36.557936
2019-09-17,42.068123,35.316283,42.424611,62.579745,52.135339,46.681976,41.227704,39.835944,41.412402,33.900619
2019-09-18,44.464382,39.547126,38.325109,61.558104,51.560985,45.914046,38.294818,45.47883,42.721876,38.394304
2019-09-19,38.871133,34.029443,41.995427,55.213843,46.97732,39.11731,40.442012,41.365414,38.949933,35.189592
2019-09-20,55.79231,29.594879,69.150834,46.381107,72.293395,56.084361,55.956658,58.827787,62.056379,38.133618
2019-09-23,52.635407,24.850854,76.176983,32.074043,77.460623,65.683516,49.724013,63.876828,73.473501,61.54477
2019-09-24,59.128876,31.712493,75.075021,45.340506,78.131983,62.907022,50.186354,56.920971,64.979095,62.588416
2019-09-25,59.258295,40.560754,70.581063,44.895397,78.20059,59.543884,45.349426,46.087266,60.037977,51.523659
2019-09-26,61.895725,40.451087,70.952902,41.713747,74.121472,64.898,47.227398,46.866927,63.813408,54.448637
2019-09-27,63.693181,36.516939,71.191009,41.603742,68.809285,63.495939,51.039878,46.572276,61.122487,56.951463
2019-09-30,66.879711,44.493305,65.49479,50.940822,62.834969,56.134667,61.646126,42.020213,61.286041,62.892744
2019-10-01,60.174728,39.606193,68.909546,46.7841,63.810957,52.301031,50.978787,36.52981,59.565811,57.961109
2019-10-02,60.174728,39.606193,68.909546,46.7841,63.810957,52.301031,50.978787,36.52981,59.565811,57.961109
2019-10-03,61.189478,39.664783,60.67375,44.045414,57.850036,53.396245,47.403918,35.870933,58.446607,62.875747
2019-10-04,60.394502,43.428226,51.745243,47.324361,54.392476,47.559782,44.410403,34.315645,52.569472,57.350514
2019-10-07,60.766625,39.078375,51.075703,45.885771,53.590636,48.554034,45.809435,33.994407,48.301417,51.432411
2019-10-08,60.766625,39.078375,51.075703,45.885771,53.590636,48.554034,45.809435,33.994407,48.301417,51.432411
2019-10-09,63.666713,35.483892,59.933432,43.562258,55.062555,57.337859,56.79112,42.671546,52.952531,46.445329
2019-10-10,69.884933,33.59678,53.016989,43.321954,58.740875,51.376355,64.53162,39.465369,52.745552,42.812962
2019-10-11,66.605959,31.563924,52.602472,56.875321,64.200715,53.326062,66.572853,39.752141,53.19096,43.724385
2019-10-14,67.480178,39.245727,53.846049,46.135635,65.514841,53.450415,70.069489,40.435854,52.423494,43.916945
2019-10-15,68.491805,42.560023,57.815523,40.968592,71.417603,54.748625,63.427477,42.767373,54.005336,48.356703
2019-10-16,69.839104,44.384113,57.260978,42.202289,72.094642,56.259366,64.021062,41.372156,52.192784,44.112437
2019-10-17,73.441072,50.055226,56.929237,41.622409,75.238255,58.548914,64.255366,48.463711,52.224978,46.9075
2019-10-18,75.98018,54.517488,59.020966,41.107682,75.509582,56.855724,62.537644,51.298267,57.087376,47.739115
2019-10-21,75.98018,54.517488,59.020966,41.107682,75.509582,56.855724,62.537644,51.298267,57.087376,47.739115
2019-10-22,75.05791,53.27336,61.502429,19.759295,77.466445,62.803765,55.637748,51.918991,55.617626,51.024118
2019-10-23,66.46703,56.623672,62.054948,24.908194,78.966306,64.369001,47.399506,55.477668,52.629707,53.8243
2019-10-24,73.165822,58.655151,59.84303,23.278187,78.975232,64.111552,53.825371,45.905112,52.744152,50.908421
2019-10-25,71.336756,65.02255,57.017595,24.015659,80.045717,69.497884,55.200608,57.517664,50.622126,48.97962
2019-10-28,71.336756,65.02255,57.017595,24.015659,80.045717,69.497884,55.200608,57.517664,50.622126,48.97962
2019-10-29,76.073744,72.900148,61.070724,28.990972,81.453174,72.287868,46.460144,56.848997,59.931384,56.78615
2019-10-30,77.424252,77.437056,62.711658,32.574862,82.273555,67.296145,50.8814,61.768432,62.690714,63.45834
2019-10-31,72.062255,78.56097,55.025988,40.67649,82.803393,61.380496,54.077534,70.560339,62.26938,60.591509
2019-11-01,69.446232,64.453829,58.012328,41.374395,83.167593,60.811875,53.365256,70.928304,54.494411,64.222068
2019-11-04,69.566054,63.217803,56.675302,47.478982,74.197946,64.467343,55.943147,71.181308,55.207397,63.276114
2019-11-05,65.736092,64.061433,57.547939,44.432727,76.035986,62.822694,58.885206,72.844103,51.368466,65.420349
2019-11-06,61.3763,61.494733,62.773269,48.869355,76.957732,67.890056,51.156351,71.351185,54.971613,62.583318
2019-11-07,66.015546,60.875212,64.696943,50.901976,62.375789,66.198425,51.321487,71.579281,49.595763,67.050806
2019-11-08,61.61055,51.11793,60.808962,47.768868,49.630464,70.246219,49.751581,69.445553,46.329255,58.15989
2019-11-11,56.157903,46.881928,63.478919,46.79542,48.589135,72.626634,51.20447,70.438671,44.748883,56.574359
2019-11-12,56.157903,46.881928,63.478919,46.79542,48.589135,72.626634,51.20447,70.438671,44.748883,56.574359
2019-11-13,65.150753,57.753521,59.763268,43.239222,50.87357,63.735828,49.169707,59.101203,38.635003,48.410984
2019-11-14,62.202037,59.828783,64.801703,47.805445,45.879741,68.57269,45.10912,58.394076,35.874857,48.482452
2019-11-15,63.702616,56.179086,65.92587,47.393377,43.501913,68.987083,62.023885,66.877327,35.269405,44.196068
2019-11-18,60.012329,52.788756,58.018718,47.842927,43.183309,67.783965,67.691813,68.279129,32.495771,44.359088
2019-11-19,68.530882,46.704114,61.138187,50.522509,39.365138,63.903245,75.148754,70.505597,33.034831,42.423929
2019-11-20,73.14936,46.671088,61.590659,50.576158,37.204927,64.578661,73.899811,68.932581,39.318504,44.922229
2019-11-21,70.206929,48.180344,64.647702,50.672087,43.749904,66.060488,67.424489,70.078336,43.808211,38.497415
2019-11-22,71.307631,41.965801,55.758311,43.396054,39.669159,64.758839,64.307571,67.910043,40.041298,41.982474
2019-11-25,73.116361,43.619902,57.887295,45.457283,48.368414,65.267136,71.916687,71.103897,40.898237,42.163559
2019-11-26,72.690158,39.327215,59.202556,42.883193,47.491325,71.064938,62.961629,70.437717,36.357727,44.761647
2019-11-27,73.900198,40.706668,60.33395,45.178787,55.055187,66.263238,63.220526,73.962344,30.702371,41.599204
2019-11-28,75.188945,44.780322,54.024515,47.852268,53.601859,71.673818,64.112048,76.149737,36.290623,41.242606
2019-11-29,65.476697,41.564918,57.546395,45.688827,43.169735,66.188268,65.686354,68.160132,32.498261,40.790708
2019-12-02,70.459942,37.672649,53.350348,44.258752,44.92837,64.802067,69.675368,64.86444,33.579814,38.590015
2019-12-03,68.181286,43.017546,49.019965,47.022992,42.296548,63.496318,69.792446,62.672634,29.870346,37.246827
2019-12-04,60.872804,47.471804,47.515041,51.806208,46.749063,71.450292,70.359378,65.772673,25.619917,35.901017
2019-12-05,60.380684,53.556691,45.108982,54.343034,44.742596,70.494391,62.627045,60.328804,31.964494,44.945786
2019-12-06,61.121716,53.866028,45.330812,54.450571,42.61434,67.695482,61.335414,48.048863,30.119959,39.289549
2019-12-09,64.267523,45.004346,44.011761,55.423424,39.441819,68.39172,61.675887,45.995032,27.871291,36.666883
2019-12-10,61.065801,39.702449,47.488562,53.867505,43.773369,69.313438,62.089346,43.970874,29.027931,30.021854
2019-12-11,61.153856,44.035702,47.127646,56.997353,41.035108,71.300349,59.533173,43.595252,26.763262,34.399011
2019-12-12,62.336297,41.702586,54.50045,46.98833,40.467979,72.024341,57.091276,50.468797,32.688004,36.432952
2019-12-13,65.225418,48.718089,54.615259,51.446244,40.245737,72.724168,51.115995,57.121817,41.203339,42.587364
2019-12-16,59.752103,55.128203,51.013186,52.703253,34.642618,73.643078,48.140445,56.586299,40.705109,36.69197
2019-12-17,58.487525,58.933031,57.411872,59.301371,32.562432,74.443794,56.446274,57.233939,45.332388,44.056113
2019-12-18,61.450068,59.206148,65.017157,60.344869,28.112658,74.553353,55.572484,52.458343,45.759271,50.217337
2019-12-19,67.856372,64.734437,62.993296,59.390688,34.717711,72.937095,60.07067,53.304591,43.761567,49.081519
2019-12-20,64.200572,63.800251,65.56227,59.690984,33.540316,75.723567,61.699894,59.569399,43.707531,44.723886
2019-12-23,55.917821,64.587701,67.32475,61.633334,35.68374,69.457856,62.082909,55.096709,43.620367,41.906544
2019-12-24,49.698384,61.933289,59.678698,59.819699,35.017231,69.20094,63.018887,54.330954,40.641304,41.71787
2019-12-25,49.698384,61.933289,59.678698,59.819699,35.017231,69.20094,63.018887,54.330954,40.641304,41.71787
2019-12-26,42.823811,59.527582,50.323754,56.518357,34.744525,65.879866,56.420597,52.894946,34.804841,39.066089
2019-12-27,49.370079,58.904964,52.283744,60.715701,36.561469,72.354901,59.970375,58.374689,43.044897,39.279264
2019-12-30,49.795032,56.10193,55.27027,57.680047,33.959207,65.504264,62.333608,55.687792,44.057744,42.114247
2019-12-31,43.401737,52.333193,50.487006,56.368709,31.260066,59.849662,59.065125,55.065299,42.812721,41.315184
2020-01-01,42.53372,53.26111,53.301939,59.591286,36.433784,57.571037,57.342766,55.640365,47.400037,42.258962
2020-01-02,48.891052,51.442404,56.631206,57.855442,36.999189,60.473078,58.337149,59.507443,58.250451,46.325839
2020-01-03,49.325654,58.1008,48.284385,63.820603,34.653829,58.514013,58.260133,53.687766,54.725339,43.765123
2020-01-06,41.927115,58.061049,39.019521,58.206719,32.167912,46.359946,54.072545,42.059755,49.021527,38.0588
2020-01-07,47.429534,58.881774,46.877604,50.83226,34.385632,44.252245,50.790245,41.663075,50.167673,38.691897
2020-01-08,45.146138,65.527278,45.809923,45.350945,37.983195,47.074848,58.907929,43.013528,42.266981,36.827594
2020-01-09,52.622401,57.27378,50.95022,50.852277,40.305859,61.193287,59.561029,51.917821,49.539191,41.081162
2020-01-10,52.544893,57.12231,54.661762,56.231715,47.363899,56.378149,57.135783,53.461409,51.785783,46.423086
2020-01-13,51.62145,52.762038,55.715683,68.594473,58.700203,55.104549,63.311584,52.142361,54.399144,49.239208
2020-01-14,48.311132,55.378741,56.861073,69.151173,61.731258,54.303992,63.525603,49.720255,51.823363,57.023645
2020-01-15,47.050008,58.379078,54.58069,64.408848,64.328318,52.656222,62.222675,46.545125,51.066443,55.090269
2020-01-16,50.56779,60.098327,55.816542,64.087467,69.168174,53.82558,65.312903,45.748087,49.721199,51.443968
2020-01-17,59.464484,55.976083,51.592399,64.383212,70.87215,49.493706,74.878395,41.480488,45.216532,49.725578
2020-01-20,48.790207,47.325382,43.013089,64.604901,71.266801,51.787821,77.125478,38.557153,47.063542,53.778582
2020-01-21,49.103692,47.450967,39.780527,60.579489,68.352853,48.563858,77.876918,38.33891,44.875922,46.617917
2020-01-22,48.989046,53.557801,38.740232,63.729077,66.890281,42.426021,78.560758,41.262768,42.485242,45.855409
2020-01-23,47.575958,51.581442,40.650318,68.681232,67.929019,46.715646,80.698609,48.78821,54.648652,45.554634
2020-01-24,46.400699,50.205947,40.548283,67.557988,71.08517,51.636233,80.833589,49.626186,60.930966,46.188298
2020-01-27,43.151646,47.641534,31.611701,64.268481,65.947298,54.156747,71.940019,42.680297,57.547993,39.20944
2020-01-28,36.726513,50.435393,36.424876,64.196078,65.637142,47.117836,56.270251,41.7975,56.92186,33.328082
2020-01-29,39.003044,45.212471,41.987106,68.646129,68.528499,45.980011,55.705772,43.346286,61.346296,46.557764
2020-01-30,33.259457,42.489662,39.130861,62.237981,61.889515,50.486789,55.436295,38.630944,62.330563,42.550782
2020-01-31,29.148983,34.609943,39.244417,59.102178,53.604467,45.685842,58.621974,46.999687,61.990647,44.7185
2020-02-03,26.297665,39.433913,30.920786,53.843334,75.251201,39.455277,64.250487,33.919618,40.268796,22.162592
2020-02-04,36.723317,40.492404,44.837027,62.449466,69.60736,50.444508,67.361737,41.001317,41.627974,32.824681
2020-02-05,41.535705,47.758619,49.25555,60.48949,70.093594,55.209615,71.693513,44.719662,46.345969,33.795213
2020-02-06,43.48363,44.983863,47.905899,53.285326,69.105549,56.564367,75.017164,52.19885,48.205943,31.990827
2020-02-07,39.777414,46.492299,48.655623,55.838466,69.526588,53.007441,70.168509,51.24419,44.145737,31.895979
2020-02-10,40.220463,50.976008,48.065917,53.662074,69.340245,51.32039,69.67361,49.80784,41.381106,30.071428
2020-02-11,44.114629,49.473073,48.172658,53.827509,67.351574,54.90623,66.701539,53.788609,41.839171,33.038514
2020-02-12,47.857907,52.531281,51.199413,57.342344,78.237669,60.115864,68.447502,50.715655,44.85583,33.703544
2020-02-13,48.670122,56.033026,48.442881,61.994947,79.790765,54.249738,68.56473,55.498725,43.671335,32.80692
2020-02-14,51.511865,54.451681,41.467171,58.440231,72.899699,56.87083,75.562395,49.727904,44.576468,29.699234
2020-02-17,49.461878,57.618028,40.835406,59.72659,72.318563,53.957859,75.454047,46.373505,40.925589,27.744949
2020-02-18,47.118465,59.602453,39.681167,63.0894,67.981932,53.675907,64.444493,48.770982,42.9939,27.115489
2020-02-19,54.847327,55.276548,45.603871,64.188936,73.426908,55.909144,61.61579,50.752789,41.727565,32.092921
2020-02-20,50.917268,47.679237,42.360717,61.748033,64.453722,57.265044,62.421569,55.577734,41.514719,33.382251
2020-02-21,50.917268,47.679237,42.360717,61.748033,64.453722,57.265044,62.421569,55.577734,41.514719,33.382251
2020-02-24,42.756034,40.853967,40.023827,60.853444,58.231051,44.807562,53.181617,51.789006,35.957854,29.524796
2020-02-25,38.16836,48.646387,37.05295,62.162526,60.519121,45.624623,55.593828,54.523781,32.055659,28.566192
2020-02-26,34.73773,43.699837,36.733366,50.91067,60.844624,41.286419,55.913896,55.51205,26.610887,26.129793
2020-02-27,33.96301,41.191619,36.845088,47.982133,63.200916,36.930878,53.369213,50.260917,26.485428,25.365336
2020-02-28,27.376521,30.292932,30.519311,30.302604,49.483761,29.633202,48.832932,38.400077,23.138164,25.365336
2020-03-02,26.189529,30.50913,31.649749,35.488851,47.371531,36.264855,46.162779,31.756308,19.962393,23.646054
2020-03-03,32.883477,36.903244,32.97477,38.618905,48.485934,42.016837,47.629856,33.696523,28.097864,22.583704
2020-03-04,32.508901,44.332016,25.120729,44.360329,49.94448,39.198139,45.426199,31.883584,27.413794,18.635199
2020-03-05,29.256025,49.979401,26.550168,42.836287,56.079963,37.565521,51.484403,34.550591,29.712263,19.940768
2020-03-06,25.405959,48.881911,23.386545,37.591454,51.396003,31.008602,47.177938,27.92689,26.098688,16.645784
2020-03-09,16.352421,35.010325,19.243437,29.125401,42.53481,23.922713,37.260278,23.358807,19.820799,14.750117
2020-03-10,16.352421,35.010325,19.243437,29.125401,42.53481,23.922713,37.260278,23.358807,19.820799,14.750117
2020-03-11,24.219633,33.579944,22.970694,25.555727,47.729664,29.112064,36.313113,21.373124,25.308986,14.11502
2020-03-12,19.646365,23.421431,13.454106,18.358541,37.061543,21.219581,27.460666,15.758166,16.947283,8.856147
2020-03-13,26.617278,28.067623,29.861808,23.103776,35.119914,31.927075,41.725585,32.924922,26.088568,19.368503
2020-03-16,22.220033,23.448245,23.042644,17.340778,28.636143,24.542441,34.399836,28.90149,20.365013,15.02762
2020-03-17,21.885426,22.080801,21.230492,15.373567,37.14325,20.444343,32.131451,27.320662,19.693103,17.548356
2020-03-18,20.204552,21.951559,15.83357,14.111155,31.861695,19.259152,26.666058,27.346753,17.047214,19.642627
2020-03-19,18.261973,21.719791,19.99329,18.058878,27.392579,17.759616,34.561422,25.10445,14.566156,32.855049
2020-03-20,32.129947,39.912691,19.293997,30.230544,47.272082,20.643062,40.944952,28.493882,19.027205,44.81705
2020-03-23,25.826999,33.302957,14.505642,24.43807,37.773231,15.56993,30.912303,23.31615,13.927429,34.528466
2020-03-24,32.177828,36.278628,14.372762,38.190939,47.622311,19.866527,30.43308,24.156754,13.751444,32.770535
2020-03-25,44.212427,40.320353,30.281146,41.175834,50.818631,26.445293,38.257721,27.729388,23.53883,31.877623
2020-03-26,43.256929,43.639438,36.598788,47.323148,55.944199,30.468281,48.597605,29.255957,33.663639,38.794045
2020-03-27,43.219323,46.294253,37.062741,48.840753,52.920205,33.293681,44.410013,31.017857,33.600636,43.440706
2020-03-30,40.972251,43.283773,31.643827,45.09088,55.029851,29.711407,41.259017,28.830941,31.069429,41.447375
2020-03-31,47.887191,47.116112,35.841478,47.559067,60.053724,32.760163,43.629247,34.314352,32.474629,49.27984
2020-04-01,45.588037,39.949325,33.480914,42.21541,53.368634,30.997452,40.16514,31.600119,30.17768,46.443068
2020-04-02,45.588037,39.949325,33.480914,42.21541,53.368634,30.997452,40.16514,31.600119,30.17768,46.443068
2020-04-03,45.360493,36.921598,32.273185,39.917049,51.927429,27.643265,40.889047,28.768805,30.227959,53.219636
2020-04-06,45.360493,36.921598,32.273185,39.917049,51.927429,27.643265,40.889047,28.768805,30.227959,53.219636
2020-04-07,56.226901,47.213379,44.385051,49.797413,64.560288,39.806796,52.695786,35.391328,35.105631,55.301458
2020-04-08,54.950734,42.871092,43.649178,48.60242,65.101989,38.542178,50.680478,34.31948,36.077047,53.272949
2020-04-09,57.043133,47.404555,48.285206,49.423748,59.647921,44.813748,56.366078,37.181804,37.136915,57.127356
2020-04-10,57.043133,47.404555,48.285206,49.423748,59.647921,44.813748,56.366078,37.181804,37.136915,57.127356
2020-04-13,53.830521,46.913762,44.775243,49.654501,58.006735,42.275232,60.90683,35.573136,46.618558,54.256791
2020-04-14,53.830521,46.913762,44.775243,49.654501,58.006735,42.275232,60.90683,35.573136,46.618558,54.256791
2020-04-15,49.689252,45.025426,41.041447,50.03381,64.246377,41.528096,60.379675,35.09662,49.104309,59.293652
2020-04-16,51.548269,43.529985,43.639289,46.553887,60.704454,46.083718,57.226288,39.745115,54.042834,56.69141
2020-04-17,56.829254,51.68634,48.203792,47.814019,57.324164,54.773894,57.699735,43.132866,57.069167,57.853404
2020-04-20,58.551039,52.702427,52.854107,53.703395,54.240173,51.01295,53.803533,42.72442,53.954147,51.554299
2020-04-21,57.743128,45.934199,49.631783,48.843256,53.025897,44.250609,56.461513,38.651276,46.764114,50.671105
2020-04-22,67.264539,48.722728,50.603345,50.902488,56.76781,45.337022,56.698254,41.701885,44.271829,52.770262
2020-04-23,67.717505,56.897273,54.209685,58.661238,52.288645,49.712841,54.773786,40.601019,42.618174,51.26316
2020-04-24,70.494028,51.996736,51.607293,53.484314,50.153181,45.533475,54.132548,36.950609,44.587161,50.803618
2020-04-27,71.231003,53.306214,50.321917,54.814953,52.425039,48.87101,54.054657,37.944826,45.358613,50.608186
2020-04-28,70.991414,54.952245,50.59173,53.834942,50.404742,51.784572,50.751777,40.911501,45.740278,50.192299
2020-04-29,70.798981,58.242659,57.305025,57.1852,46.706021,54.273714,54.445273,45.682038,49.387076,52.999871
2020-04-30,73.331573,64.72176,60.43413,64.083201,44.486175,56.487442,60.137779,46.005782,53.493086,52.880969
2020-05-01,73.331573,64.72176,60.43413,64.083201,44.486175,56.487442,60.137779,46.005782,53.493086,52.880969
2020-05-04,67.941445,56.82671,47.542086,53.379334,38.070685,45.419189,65.159409,38.29555,44.623377,43.770855
2020-05-05,69.909577,56.981441,45.993357,53.379334,36.021647,43.837189,63.067398,33.862599,42.403485,43.619129
2020-05-06,69.917414,54.324017,51.176327,51.517081,34.500589,46.763239,67.587836,34.53863,42.493124,34.926498
2020-05-07,73.359818,53.22805,48.130508,51.282441,33.614198,45.634712,59.71648,34.349576,40.067542,32.880118
2020-05-08,76.760011,53.376408,48.752151,53.503277,42.196698,45.921855,60.271687,32.130862,38.92495,31.023802
2020-05-11,77.601943,56.900913,46.776986,55.55544,39.836407,41.555381,62.005694,31.489749,40.423104,31.327434
2020-05-12,61.897177,58.058086,44.680434,56.67966,37.83234,41.911274,67.822072,33.223562,39.177503,40.617904
2020-05-13,64.393844,58.070904,49.173819,58.236444,36.964247,47.442069,66.026997,41.183305,50.740286,41.073148
2020-05-14,56.619132,52.615129,44.150259,47.957181,37.96359,44.554566,59.075841,37.113826,52.509017,39.579251
2020-05-15,58.700544,51.572683,43.370235,46.520209,40.531394,43.301995,62.80799,36.144439,50.878894,40.810916
2020-05-18,56.383495,56.722414,36.862146,49.73633,38.750996,37.462132,56.552312,30.08435,41.1838,40.963401
2020-05-19,52.567393,57.007389,36.180946,51.021526,36.824093,38.130484,69.098163,28.908724,38.549455,49.3878
2020-05-20,55.114802,57.496503,41.328218,51.292596,38.520091,40.176968,67.457957,29.619538,46.870286,55.133577
2020-05-21,55.891453,61.115296,41.796502,52.089267,37.120748,39.845343,67.54529,28.86831,44.43915,66.081183
2020-05-22,54.584684,63.695947,38.9667,57.748085,39.149369,36.390611,67.022331,28.282271,43.632323,62.829244
2020-05-25,54.584684,63.695947,38.9667,57.748085,39.149369,36.390611,67.022331,28.282271,43.632323,62.829244
2020-05-26,53.463781,52.893035,41.950412,53.45967,38.298009,37.171456,54.675221,29.116673,45.967041,66.735781
2020-05-27,56.238123,58.93424,51.590019,60.179598,41.071743,48.054805,55.672509,39.105131,51.521309,67.049456
2020-05-28,59.469641,58.803904,57.726436,60.658716,42.691265,50.859265,55.552851,38.778194,60.876623,64.854034
2020-05-29,58.110982,54.644997,58.595978,57.965051,48.75786,52.615588,52.058077,42.771395,64.488968,69.636437
2020-06-01,64.360741,61.360056,63.183452,60.316586,54.375976,55.089863,54.036845,52.240432,63.520878,71.622549
2020-06-02,65.865423,61.519923,64.743493,62.57149,54.232117,58.046889,53.685413,52.434173,65.85037,66.771928
2020-06-03,66.456599,61.967321,67.13098,59.769531,55.670528,60.625304,51.248153,56.819721,67.874485,65.970064
2020-06-04,70.03953,65.849713,62.708515,61.525805,55.681989,56.632958,57.887692,55.806823,60.427813,68.523685
2020-06-05,70.210195,59.60072,66.381851,59.626822,51.000453,59.608826,61.147823,66.279051,63.854133,68.283729
2020-06-08,67.549425,61.723708,62.713918,64.488777,54.039536,60.422124,61.364339,65.071364,64.672623,64.475021
2020-06-09,60.953138,61.751349,57.141051,62.954956,53.271807,55.239178,54.296483,62.202949,62.656243,65.230434
2020-06-10,64.941967,65.073266,57.783788,62.098413,55.006055,56.817104,54.026117,64.531548,60.940551,65.738159
2020-06-11,58.596866,58.903416,53.378769,56.472464,52.954102,51.640564,48.374618,53.096084,56.935789,57.805186
2020-06-12,64.186425,55.053299,55.597319,51.452358,53.006192,52.803196,51.340138,54.73372,55.939891,57.262568
2020-06-15,66.631135,53.762721,49.677991,49.654798,49.166656,47.358303,47.959704,49.64683,49.801715,47.977926
2020-06-16,66.928547,55.618501,55.908882,54.811974,47.872972,52.163591,45.94935,48.927988,48.747431,45.376256
2020-06-17,66.452689,55.858452,53.931455,55.68928,48.223654,51.734398,52.76854,48.977719,46.506703,41.218516
2020-06-18,70.367631,54.324156,59.554756,59.253691,45.963032,55.680886,51.801025,55.263173,49.402385,48.447368
2020-06-19,77.564445,55.211936,61.232584,55.347748,53.541362,59.833636,55.77352,59.18305,49.785272,45.595817
2020-06-22,75.051433,52.402202,60.307716,54.490685,54.866739,61.081687,58.489158,61.575299,52.114146,46.850946
2020-06-23,70.372323,53.526592,62.122632,60.522333,62.714795,63.855423,57.488742,64.866935,63.853841,48.006683
2020-06-24,70.909925,54.610527,59.986242,57.381575,57.690306,51.070459,48.901495,56.285533,60.646189,55.382361
2020-06-25,68.980134,49.872078,59.148065,51.354521,63.020377,52.137407,49.526092,56.795195,57.435838,64.616773
2020-06-26,71.008282,63.353026,63.23474,65.135598,59.453271,51.347408,50.083556,56.090933,60.859025,56.186468
2020-06-29,67.316207,60.423673,65.838852,58.934832,62.885558,48.831089,52.772058,50.536185,54.529021,57.942076
2020-06-30,63.646409,57.194715,63.325061,59.982339,62.302894,52.332107,49.65548,49.742909,55.889703,54.935447
2020-07-01,67.048402,58.409831,65.902277,58.434452,60.343048,57.101813,49.787584,55.688619,51.347958,61.722741
2020-07-02,69.768905,65.371243,66.550319,64.458303,56.616934,56.521736,49.002645,56.259068,54.821517,63.821074
2020-07-03,72.065635,69.0173,62.437032,65.777362,59.765861,55.584295,58.528916,55.373272,55.416342,65.011393
2020-07-06,76.521172,73.508843,66.615222,66.066437,57.296937,55.945826,56.14718,58.515246,56.857553,67.031717
2020-07-07,71.102614,73.937861,66.908605,71.977665,55.769294,61.573257,51.729897,59.025308,54.772453,59.654781
2020-07-08,66.54701,65.273222,67.649052,64.207168,60.611687,57.610678,49.152008,62.041001,54.111667,61.346886
2020-07-09,68.76961,63.004763,69.699173,65.644673,58.409753,58.182152,52.364068,67.637506,55.031535,60.219094
2020-07-10,72.76372,64.641924,63.781145,65.676463,64.870714,52.715258,54.890011,62.791101,51.207273,58.714853
2020-07-13,76.229314,64.242246,57.229874,68.826476,69.30922,49.344856,59.513987,59.017698,50.037028,61.711313
2020-07-14,73.064841,56.543588,52.252412,63.159171,63.001486,45.600364,60.434448,51.391158,45.744927,59.320525
2020-07-15,61.850799,62.742704,50.98058,71.802131,67.252785,45.738056,48.454618,49.080191,45.551759,62.010196
2020-07-16,61.766933,63.27665,53.011801,80.198041,68.478977,45.171586,48.115568,51.63079,48.543375,55.201799
2020-07-17,67.218907,58.068056,59.85382,77.75312,72.549273,50.431983,49.89248,53.622021,49.9979,55.419172
2020-07-20,67.812345,58.835392,65.124681,80.317351,71.779764,55.096858,53.732086,56.163481,48.021065,53.531036
2020-07-21,71.332701,60.693559,65.89129,80.507652,68.946895,61.753848,50.060051,59.577971,54.083513,52.88418
2020-07-22,73.307886,55.344183,62.603994,74.536493,56.140988,62.622575,50.695022,56.46368,48.429228,58.094635
2020-07-23,76.231849,52.460277,63.25927,71.52105,50.718266,66.58492,49.74624,62.029997,47.084592,62.414691
2020-07-24,80.089162,50.480851,60.095119,73.265297,50.428759,60.149144,46.056766,54.470052,43.455375,60.630442
2020-07-27,80.477291,56.769166,50.552245,75.98658,52.178049,48.818964,46.084546,49.518172,43.277975,55.646924
2020-07-28,81.316371,66.357402,52.03333,77.381253,55.120725,46.242319,48.97146,51.780242,47.042002,54.149123
2020-07-29,69.235669,61.545381,47.3256,74.563609,53.235317,45.815074,49.878204,53.488032,50.145618,55.814175
2020-07-30,69.959127,61.850342,44.577751,75.373885,49.012757,43.311508,42.944367,48.566065,45.490702,50.704175
2020-07-31,64.379574,62.028964,41.275256,75.889442,51.28397,44.305487,44.273045,53.429277,47.483437,51.838199
2020-08-03,57.506132,57.845802,36.280718,72.615185,50.371496,42.756194,40.711471,54.190841,48.439815,49.464001
2020-08-04,66.807351,57.167757,45.434492,70.092082,49.201723,47.104815,41.820306,53.426383,51.670243,51.097972
2020-08-05,64.225321,58.326207,43.065211,68.227201,48.612016,47.766489,48.12148,53.239726,55.143722,49.697124
2020-08-06,64.690862,63.586062,45.898746,72.262762,53.405068,51.344163,47.205192,52.580301,53.572463,53.78989
2020-08-07,65.472003,61.396798,46.584527,65.434488,51.430404,50.885729,50.583069,52.16282,50.760047,54.875307
2020-08-10,62.276296,59.234768,48.113608,65.513642,50.656184,53.983065,49.376836,56.103749,64.477913,59.021487
2020-08-11,63.288317,58.720239,51.622645,64.488689,51.463652,56.010347,44.80392,57.596607,64.916513,64.317648
2020-08-12,62.485976,54.738529,50.938575,65.780951,48.084576,55.662896,42.925655,65.851199,59.702925,65.627563
2020-08-13,61.731534,54.22917,49.818075,64.326535,48.909243,56.362582,36.878183,63.588944,68.798273,59.95906
2020-08-14,60.560965,52.018604,44.269776,64.861984,43.697097,51.511051,34.05426,55.648068,65.716668,51.211313
2020-08-17,57.372821,53.87074,43.905887,65.761348,48.941333,50.663585,31.300957,51.303868,69.111548,54.535492
2020-08-18,60.112618,56.498972,50.079763,68.031984,52.848912,56.648332,35.144089,53.598567,69.782888,54.197022
2020-08-19,61.389901,53.842084,52.475358,64.264257,48.332269,59.426116,41.958876,55.78621,70.617331,54.016557
2020-08-20,56.242567,53.075475,50.511123,62.392437,46.695827,54.30254,37.394962,52.63415,64.95002,49.328084
2020-08-21,54.090711,52.168772,56.640164,59.534942,50.435907,56.358804,35.269116,56.805208,64.284098,51.054562
2020-08-24,55.757743,52.056237,62.528614,58.894578,48.713627,61.41787,39.886761,59.976873,63.065583,50.867807
2020-08-25,53.695731,50.769281,62.985478,54.686162,45.376344,64.322635,41.077972,65.748871,58.403256,48.391188
2020-08-26,60.118774,53.247385,62.597821,58.995156,46.333829,65.712631,35.03295,67.236302,53.914778,47.528457
2020-08-27,56.06754,51.924191,60.558461,57.263631,43.755474,67.026912,33.766044,71.329412,56.02841,46.150286
2020-08-28,56.720412,49.372986,61.074658,52.083373,39.77254,73.694667,42.052115,76.371813,57.979083,49.102116
2020-08-31,51.460022,53.994686,61.380777,49.372602,33.82768,62.03739,37.770217,60.394666,45.223397,40.847911
2020-09-01,52.33953,51.068227,63.969205,44.012256,45.135223,59.583889,53.945387,64.221193,48.605819,39.405104
2020-09-02,57.521739,55.543641,65.460632,48.145093,41.672921,60.256321,55.559013,62.256612,48.722272,42.213773
2020-09-03,54.990152,62.324275,64.104838,52.566628,41.246991,53.836441,50.047506,58.999703,50.648809,42.833954
2020-09-04,49.873355,59.290724,59.377589,46.503299,38.771845,48.013465,44.430901,52.723591,44.634362,34.921279
2020-09-07,50.639774,65.715166,56.003648,48.791677,47.629626,48.5132,41.810748,53.774624,41.676616,40.699511
2020-09-08,54.064413,68.66034,56.59219,53.918858,43.957247,49.916249,36.576707,50.214258,37.664286,39.215276
2020-09-09,60.596804,62.997783,50.626136,49.585323,42.23407,45.240575,39.469299,42.904108,35.928342,33.237946
2020-09-10,72.463207,63.549122,48.569067,53.840113,42.633709,47.27606,37.407898,45.943987,40.615733,35.898713
2020-09-11,72.795572,69.54636,44.6607,55.68999,48.525405,47.154288,35.746979,49.904294,39.647288,34.615652
2020-09-14,70.071253,79.47733,38.810179,64.545897,41.97779,43.090013,31.15959,46.516522,35.696652,33.794039
2020-09-15,71.172269,79.47733,43.631492,65.466498,42.200861,48.597931,36.853234,48.009725,39.052255,31.700827
2020-09-16,71.566189,80.21723,51.260332,69.527128,46.633872,50.661487,35.795113,46.362312,43.818436,30.206025
2020-09-17,67.096945,70.32017,48.209901,71.270751,43.732761,46.985723,35.011672,44.065869,39.470529,27.698522
2020-09-18,67.682446,67.947748,41.28595,67.302898,38.72991,47.382409,42.654641,41.757391,38.003312,29.241418
2020-09-21,59.503508,69.492545,39.430829,68.933981,30.876949,37.127934,35.012151,36.803402,33.490555,25.339897
2020-09-22,53.285436,74.45577,36.372682,67.805925,29.705369,39.878393,36.47573,37.274767,28.576095,23.760267
2020-09-23,55.487478,63.709912,40.602094,70.462794,35.842441,38.624297,28.462004,35.560771,30.356096,22.130749
2020-09-24,49.184931,46.212464,36.851084,53.309624,37.740587,31.802876,26.055819,30.82271,28.508549,17.585068
2020-09-25,51.630339,55.064608,41.545094,61.511491,41.773253,40.827228,34.433558,37.827725,43.044918,28.715649
2020-09-28,53.34644,55.415551,44.855852,61.174383,39.389027,48.897096,35.969196,43.176955,47.129189,34.499604
2020-09-29,56.62667,60.565585,47.478379,60.696788,35.248459,46.090359,34.231562,41.501733,45.228661,30.432537
2020-09-30,55.077248,60.871329,52.185415,60.424693,42.790028,45.014691,31.27088,41.888014,47.136636,35.27833
2020-10-01,53.730734,63.317221,59.149589,62.683139,47.788112,52.512938,35.915702,47.149851,47.520766,34.326703
2020-10-02,53.730734,63.317221,59.149589,62.683139,47.788112,52.512938,35.915702,47.149851,47.520766,34.326703
2020-10-05,51.631348,74.24675,60.874709,69.377714,50.780345,54.456958,34.065434,45.633977,45.645435,32.417659
2020-10-06,51.325183,74.626281,66.922445,70.664561,51.681422,58.016431,35.113508,48.887892,44.24714,34.022982
2020-10-07,58.138253,75.61208,69.972005,72.566493,55.886768,58.960565,34.024586,47.912637,42.724232,33.495682
2020-10-08,54.933183,79.21683,74.150515,76.662651,59.370155,61.184603,35.033737,48.888659,40.534531,30.504665
2020-10-09,53.915902,77.46503,78.667245,78.342956,54.777107,66.780867,35.432564,56.371999,51.288882,32.439923
2020-10-12,54.47937,78.160518,72.192119,81.163647,54.508627,67.694483,32.522597,56.772922,50.323084,43.052765
2020-10-13,60.746545,77.638424,67.614246,83.512788,54.462798,62.070984,32.669273,52.85015,47.037523,39.873849
2020-10-14,61.632757,76.841934,69.407909,75.325083,58.246469,66.165102,32.053988,57.442022,53.613233,36.542818
2020-10-15,47.791727,66.586442,58.174454,65.732147,56.819268,56.354289,28.141954,48.945353,45.119082,33.062122
2020-10-16,43.778828,68.09501,62.794404,68.614325,56.288807,58.49368,29.751945,52.222206,46.936649,34.646563
2020-10-19,43.844975,61.300068,63.401871,68.101666,61.55521,65.904651,28.637888,59.492849,49.903392,40.588329
2020-10-20,41.195456,63.387038,66.281566,69.860021,60.207877,64.429782,33.587327,58.364091,54.396496,39.378817
2020-10-21,37.438773,55.869405,69.192803,71.445554,57.345976,66.282493,41.908629,58.981652,56.48348,39.861199
2020-10-22,35.474238,55.396563,65.600075,64.904919,60.627376,61.783311,47.772923,58.382152,59.769518,42.094733
2020-10-23,36.710312,56.844823,65.955255,65.865423,51.311759,63.253449,49.538791,57.680638,61.091229,47.252216
2020-10-26,28.592628,56.979413,59.379362,62.470057,56.007626,56.082508,49.370985,49.815996,63.807502,43.116524
2020-10-27,29.66995,50.015021,62.928212,55.810899,57.907217,58.321451,49.013439,47.473367,70.242175,40.759247
2020-10-28,27.745719,49.129413,57.228476,51.868842,58.231447,51.215147,57.726831,43.010683,70.411021,37.94562
2020-10-29,30.977028,50.373317,52.360267,51.403997,48.030796,52.926057,57.130086,41.269884,53.010609,35.392078
2020-10-30,36.445015,54.097996,51.590215,47.556744,39.150502,49.389199,48.383494,42.063519,51.590759,39.134792
2020-11-02,23.554336,46.991135,57.444303,50.811936,39.31692,59.34823,57.990941,50.898455,51.531291,42.948265
2020-11-03,22.258952,50.370744,62.484147,48.130877,36.792454,66.818434,56.64661,59.423842,56.51056,50.419586
2020-11-04,31.656255,52.56624,63.817723,56.154583,37.937742,63.577657,55.874431,61.295523,59.039294,49.790786
2020-11-05,37.105856,56.052203,65.468407,58.374092,47.835706,63.978853,57.581822,69.213959,63.202866,58.899451
2020-11-06,45.420015,58.25971,70.233694,60.260251,46.294319,65.202939,53.686577,69.530885,63.778584,57.096622
2020-11-09,47.588507,60.157252,73.591819,64.91685,53.801603,70.242775,61.900772,69.714035,64.916288,54.51357
2020-11-10,50.889117,50.262771,77.921215,52.299657,54.523602,74.474271,59.116573,76.025196,75.804623,63.172766
2020-11-11,43.309586,54.280415,76.974274,58.328551,53.316005,74.963714,63.149334,77.079248,78.528183,70.695946
2020-11-12,41.983565,52.285931,72.306639,57.153591,63.146405,69.712075,63.546091,67.604647,79.833571,73.003232
2020-11-13,43.751928,50.588989,69.116279,58.379631,61.599382,71.634815,61.217866,69.070837,72.357115,70.99654
2020-11-16,43.751928,50.588989,69.116279,58.379631,61.599382,71.634815,61.217866,69.070837,72.357115,70.99654
2020-11-17,43.456871,51.765409,74.198056,58.229742,59.653364,71.833993,64.459269,74.500471,75.903052,71.251121
2020-11-18,42.859045,46.643923,74.221036,54.284727,49.721927,74.396442,60.644478,78.882739,81.689141,63.346876
2020-11-19,41.43346,48.083007,65.571534,50.423788,49.458877,63.881668,55.027447,66.169324,77.544579,67.830639
2020-11-20,34.883412,51.30492,68.900751,52.175669,47.359783,64.298557,61.009335,67.548707,76.954699,71.532295
2020-11-23,41.774526,58.843899,66.753525,60.490775,49.376079,58.323683,57.50254,63.768641,74.924479,69.602963
2020-11-24,43.454828,58.508586,71.38074,60.531261,55.041111,61.529201,55.893318,66.347544,75.946915,73.809281
2020-11-25,41.870848,55.307193,63.636473,53.347496,50.371564,58.835373,50.721362,65.518637,69.757313,70.03429
2020-11-26,42.537156,57.629408,66.290032,52.671566,53.961493,59.732862,52.717463,66.805918,70.140337,70.929094
2020-11-27,40.181163,51.513442,67.796801,49.064456,50.529377,58.69919,50.099984,65.51578,70.639181,68.271467
2020-11-30,40.181163,51.513442,67.796801,49.064456,50.529377,58.69919,50.099984,65.51578,70.639181,68.271467
2020-12-01,44.13188,57.531888,65.978274,58.512762,49.357403,63.155003,57.752553,67.79957,68.237068,69.14587
2020-12-02,44.641735,60.105067,59.935837,59.17005,50.847308,60.378798,59.976321,66.428098,67.395272,70.929021
2020-12-03,45.612034,53.905122,53.930545,54.745022,48.034859,60.93557,57.011424,71.673222,69.495313,71.217949
2020-12-04,43.21987,56.106028,55.292638,56.722945,59.752115,67.936797,62.536086,74.922398,73.431612,73.488075
2020-12-07,45.265886,57.336263,52.629393,58.815088,69.264801,70.319036,67.47616,77.298232,76.177856,78.093341
2020-12-08,51.151412,63.759178,53.363276,61.070765,69.677734,68.972201,64.264086,78.139189,76.398984,76.08068
2020-12-09,55.918621,65.042843,58.629487,65.575008,72.951303,69.910709,63.927211,76.093455,77.659923,78.585483
2020-12-10,52.596924,60.511704,54.085153,62.902621,77.651706,66.720732,64.688413,75.002029,78.845406,83.257701
2020-12-11,52.395305,60.392007,53.447779,61.260394,79.270063,69.518856,64.167596,76.32756,79.344105,84.996238
2020-12-14,49.905933,62.021345,51.179895,61.581042,78.265337,72.545799,63.181608,77.116148,84.764082,83.953091
2020-12-15,47.089496,55.695199,54.88675,57.786802,66.72197,67.167141,63.693396,71.884776,83.317838,77.903899
2020-12-16,47.503612,61.805736,58.337875,60.696109,69.040102,63.503305,68.598605,70.082044,85.090454,78.227418
2020-12-17,49.262813,64.227694,63.198301,58.167898,63.343802,62.16644,67.695766,67.599115,85.866073,75.707317
2020-12-18,50.438693,66.407073,56.275767,65.461334,65.297127,64.794496,64.024473,70.114398,86.069503,76.928989
2020-12-21,41.427922,59.422077,48.938751,60.798172,60.073681,51.793439,50.845197,51.050914,68.135086,53.74402
2020-12-22,40.971863,64.565971,49.021963,69.013646,60.695444,54.321006,55.536526,53.296105,71.89603,54.321642
2020-12-23,42.593971,67.626236,49.524066,73.517087,67.167329,55.74285,58.655765,57.529945,72.162851,59.576588
2020-12-24,52.486017,67.676038,53.658636,67.96166,70.024304,59.805343,62.772628,60.223671,71.260785,60.532061
2020-12-25,52.486017,67.676038,53.658636,67.96166,70.024304,59.805343,62.772628,60.223671,71.260785,60.532061
2020-12-28,54.152702,69.493403,56.680345,68.648564,67.186759,62.437735,64.51717,65.696463,75.045335,61.645321
2020-12-29,51.343981,69.594372,59.285269,70.264066,66.19149,65.655162,63.510918,67.264872,73.306281,64.1274
2020-12-30,52.436691,65.119564,60.236339,68.925349,68.618521,65.620322,60.428292,66.060149,74.320393,63.26695
2020-12-31,50.165872,56.525274,60.940788,70.482684,66.053792,67.926357,55.836787,63.66569,72.487376,58.707916
2021-01-01,50.662172,63.770748,57.682638,71.283405,64.241335,62.514626,58.692811,66.637654,73.948922,64.859586
2021-01-04,51.454999,72.231771,55.129094,75.553421,68.813815,64.222289,59.697085,67.69284,76.469441,63.908319
2021-01-05,45.622191,75.231646,57.523254,76.310727,71.257674,66.400438,57.31157,68.153041,72.887957,59.814008
2021-01-06,36.330781,69.009494,55.684223,71.296491,63.812417,69.774696,63.100025,70.300821,74.099844,49.268004
2021-01-07,35.86052,66.346815,54.375221,63.620171,54.823393,65.572269,70.663324,71.937544,77.59471,45.551074
2021-01-08,41.765224,71.85644,58.167962,71.805354,57.778067,65.946966,66.959051,69.29909,81.338955,43.772866
2021-01-11,35.99666,74.672134,62.485875,78.492786,62.282907,67.025056,69.34713,64.087612,72.478909,45.534229
2021-01-12,48.551607,74.441125,67.823852,77.125156,53.632656,68.368113,74.663253,70.83596,72.406254,51.938631
2021-01-13,45.611031,72.055502,64.369077,78.520008,53.102647,71.579038,77.488817,77.381369,72.802305,58.348061
2021-01-14,49.542286,76.954573,63.727264,73.314843,56.51789,68.749675,77.9755,77.552131,76.099794,61.673617
2021-01-15,45.759753,74.459382,62.979947,66.076064,49.495354,60.464829,82.002079,73.064446,67.847606,65.46246
2021-01-18,53.44807,72.760592,66.312742,58.118586,47.032419,53.789273,71.93989,62.326348,62.009312,67.252782
2021-01-19,57.929657,74.836482,69.983669,58.864526,51.327972,60.18178,73.149011,64.786888,67.613779,65.520181
2021-01-20,62.516387,77.152079,65.588008,62.435673,50.292784,62.112674,74.016679,66.996344,69.451728,63.182998
2021-01-21,67.033801,71.969683,59.724481,62.474123,51.987277,62.837818,65.283202,59.198544,65.881483,56.090412
2021-01-22,58.565491,73.569825,50.832588,62.663576,57.54294,51.123165,62.85476,50.10426,63.052044,51.373589
2021-01-25,45.165718,71.78938,55.262569,58.32161,55.913865,53.234464,64.101135,48.13999,62.799562,47.238156
2021-01-26,45.165718,71.78938,55.262569,58.32161,55.913865,53.234464,64.101135,48.13999,62.799562,47.238156
2021-01-27,40.602175,66.970637,42.895507,51.935551,54.393498,44.921136,58.311707,44.2614,62.275101,51.672119
2021-01-28,38.904285,58.027126,36.579609,46.315288,41.185443,48.195219,58.35245,49.770782,57.137226,45.783965
2021-01-29,35.874471,48.763525,41.232726,39.431668,37.271786,52.687052,49.370027,49.573852,53.637008,41.564771
2021-02-01,43.217519,51.503601,56.716735,44.642926,35.7387,72.37783,59.327811,66.097818,72.841292,57.539716
2021-02-02,46.957065,57.152873,66.070645,46.970483,33.954491,74.679784,65.161674,73.439032,78.762742,59.644593
2021-02-03,47.548634,56.77516,67.362311,49.907058,34.420662,75.491442,67.521149,74.204391,79.330701,57.660791
2021-02-04,46.8125,55.428934,67.761134,48.757007,36.966457,76.45855,63.499176,78.655074,79.419433,68.071768
2021-02-05,46.744998,51.941559,69.48864,47.156177,41.555908,69.440904,55.138802,84.405035,75.69584,70.66147
2021-02-08,50.607848,57.27138,70.199755,54.183649,37.515078,72.417708,59.866292,84.86154,78.567987,68.950473
2021-02-09,51.253947,53.071966,70.831387,54.597119,35.22764,73.102594,60.32488,83.364578,79.643157,63.517639
2021-02-10,53.768895,56.437872,64.153168,52.297053,39.00696,72.482361,56.629398,81.607519,75.839568,61.66707
2021-02-11,62.991036,55.57695,62.181406,51.306832,44.030868,71.663898,59.067475,80.110099,69.928919,60.233328
2021-02-12,60.731127,53.738694,63.417983,55.361536,41.181526,75.08732,54.150128,80.656169,67.605905,49.99226
2021-02-15,59.269465,48.007053,67.54313,55.318178,37.933906,79.278524,56.596561,82.972072,69.546697,51.135497
2021-02-16,62.197977,44.866424,68.647446,49.911957,35.734174,71.598676,56.680081,79.553055,70.905637,50.755183
2021-02-17,64.616888,41.504359,59.881789,47.546351,32.330304,71.123032,56.633125,81.253069,70.589412,50.181029
2021-02-18,61.827316,40.077567,53.933764,50.633673,30.66475,65.199381,54.307745,81.849536,63.95711,51.481417
2021-02-19,63.213125,42.052547,51.341258,50.304855,37.617396,56.918379,50.710612,70.838999,59.923443,47.929423
2021-02-22,51.64347,32.915165,52.772699,43.412999,36.081584,52.014171,46.00161,64.809682,48.196791,43.67811
2021-02-23,53.588373,35.796676,49.454322,43.778555,38.418073,53.954865,44.105627,66.664294,54.033187,45.706421
2021-02-24,58.034839,33.509036,60.440083,46.357897,38.366238,60.559636,47.720722,69.669751,59.797832,46.210027
2021-02-25,65.854734,39.61935,60.43091,46.441116,36.314031,55.990912,50.603374,69.943777,56.015221,46.666676
2021-02-26,57.718358,32.695406,48.941865,40.666377,32.546374,47.145934,41.517427,59.96703,46.057647,40.177804
2021-03-01,59.192821,36.247489,52.267393,45.381761,35.176961,50.119485,34.484595,61.621869,50.550384,44.923861
2021-03-02,59.603098,44.858088,53.505309,55.748296,42.524986,50.725026,38.663225,61.196202,52.352832,49.193517
2021-03-03,67.473959,49.568303,55.971355,63.51428,45.518371,56.445601,40.961118,64.966409,53.94184,49.264142
2021-03-04,63.816333,48.768816,50.580438,59.700211,46.178341,52.965959,38.899314,59.566631,48.618097,48.898305
2021-03-05,64.044229,45.283852,47.461185,55.958162,47.032076,49.682151,36.870802,53.458033,48.768929,47.16316
2021-03-08,65.074913,45.192019,46.006218,59.750072,42.448645,49.274549,34.828574,55.87434,56.282031,46.316716
2021-03-09,65.06678,49.596072,52.436751,61.582476,47.425963,54.202434,33.70988,54.843618,55.119125,45.99347
2021-03-10,63.517344,51.503638,51.401864,65.484982,52.811852,54.342475,36.007465,54.888433,57.308166,43.851003
2021-03-11,63.517344,51.503638,51.401864,65.484982,52.811852,54.342475,36.007465,54.888433,57.308166,43.851003
2021-03-12,55.982301,50.074925,50.747914,66.649706,48.295672,49.834612,35.434248,51.013737,55.301361,41.603543
2021-03-15,51.70743,50.998273,46.815151,66.200809,49.523212,46.770575,34.944115,52.544288,49.738563,42.216722
2021-03-16,50.506318,55.71974,44.202759,68.124317,55.68934,44.100387,39.266705,49.370165,46.113797,47.876716
2021-03-17,44.444685,56.021167,41.654014,68.678063,52.029804,42.437208,36.66357,43.82772,42.448447,53.497537
2021-03-18,39.258434,46.94738,40.994906,52.378899,49.824861,39.249098,39.56262,43.299208,41.058621,64.165836
2021-03-19,49.30078,48.555461,42.460099,54.106571,64.114639,42.674329,41.409606,46.003935,38.653841,69.778945
2021-03-22,47.04858,56.743936,38.025105,59.745168,68.251805,38.810208,40.465236,43.703417,37.098505,72.453121
2021-03-23,50.186923,57.919627,44.813071,59.896208,65.127435,44.152972,41.387982,47.580771,38.12783,64.763917
2021-03-24,45.532335,55.235421,41.446169,54.655067,61.558227,38.824904,38.508391,40.764458,33.320766,54.516214
2021-03-25,39.98406,48.855892,39.153619,49.434026,48.957647,40.482305,31.753238,38.609008,33.818567,48.736012
2021-03-26,40.431945,49.075461,45.072731,50.052151,58.112116,43.339651,41.930037,40.076654,40.492098,47.856687
2021-03-29,40.431945,49.075461,45.072731,50.052151,58.112116,43.339651,41.930037,40.076654,40.492098,47.856687
2021-03-30,45.536122,58.741607,56.124155,61.282372,65.324755,48.612458,41.444125,42.925009,46.319748,52.986364
2021-03-31,42.566093,60.442485,46.440496,56.477943,67.747366,45.32045,39.379913,45.630854,45.437237,57.822113
2021-04-01,45.314987,58.707166,45.469687,59.848235,63.05388,50.107086,41.97362,50.240116,50.9944,59.579086
2021-04-02,45.314987,58.707166,45.469687,59.848235,63.05388,50.107086,41.97362,50.240116,50.9944,59.579086
2021-04-05,41.703754,65.3438,40.219753,64.446976,59.248427,42.068542,47.517084,39.722747,42.941863,48.290455
2021-04-06,40.712282,67.318623,38.999269,64.649999,62.547333,40.453368,50.231818,38.211395,42.446476,48.43076
2021-04-07,43.921136,67.831264,40.4459,67.933503,62.077139,45.41063,56.057121,44.297621,43.23973,50.10727
2021-04-08,44.358237,71.171261,38.413263,69.472307,62.539499,45.083795,56.866847,42.630114,46.986991,49.28211
2021-04-09,41.139874,71.510927,36.881506,69.66731,68.432184,41.526715,58.200008,41.159494,43.858419,49.044877
2021-04-12,33.23738,59.789774,30.415847,64.051466,66.061806,33.933969,43.520621,30.600227,34.241167,38.631256
2021-04-13,37.0313,44.877848,37.588961,55.108734,64.750695,42.900091,51.445352,39.069401,40.989978,44.193619
2021-04-14,37.0313,44.877848,37.588961,55.108734,64.750695,42.900091,51.445352,39.069401,40.989978,44.193619
2021-04-15,39.446966,55.302558,43.611719,45.69234,65.405554,48.289263,53.223376,40.252604,41.222803,41.620055
2021-04-16,37.918009,53.063905,43.391946,44.13065,65.041183,45.666458,54.016706,38.912328,38.550587,43.821996
2021-04-19,34.345653,50.009153,40.903968,46.601441,60.431749,43.448451,45.52377,34.991347,31.615975,40.713047
2021-04-20,34.282707,48.455212,37.881169,43.938073,53.269025,43.244276,47.839814,34.289691,36.899615,38.169091
2021-04-21,34.282707,48.455212,37.881169,43.938073,53.269025,43.244276,47.839814,34.289691,36.899615,38.169091
2021-04-22,35.589206,45.9818,44.877663,43.873194,45.587649,51.43065,48.2818,40.305511,38.291855,42.91157
2021-04-23,35.294172,45.086683,43.462277,39.522001,40.179213,47.999451,43.269835,40.19468,36.045595,42.097734
2021-04-26,43.532976,44.219429,41.869845,42.95573,48.531218,55.33665,46.835808,46.42308,39.613397,42.01968
2021-04-27,53.253287,48.076685,49.145194,44.673137,51.194685,57.663552,51.328697,52.376676,49.961742,42.250211
2021-04-28,54.683746,47.186932,55.835383,47.26399,54.704959,63.683085,57.111356,58.281967,49.001847,42.496434
2021-04-29,58.874808,46.156341,54.956601,47.387702,54.842475,63.707695,54.696937,55.421724,45.577193,40.277236
2021-04-30,53.039214,38.09698,44.417401,46.712804,46.965274,55.265483,51.8893,51.413709,42.224179,37.30521
2021-05-03,47.018239,38.293893,44.824361,45.903126,54.115477,53.888952,62.933575,49.518125,42.735228,34.633845
2021-05-04,41.014123,40.226487,40.908517,38.775454,54.064885,51.956366,58.729025,50.132587,41.783885,32.578357
2021-05-05,41.675475,46.705054,43.795467,43.796252,52.114006,55.661057,61.938199,52.813044,42.081405,37.872825
2021-05-06,43.789076,48.755187,43.522324,50.98677,51.39958,57.360716,61.119281,52.917836,42.458473,41.57832
2021-05-07,43.939621,51.4921,46.452793,48.008562,54.464496,56.882384,65.150831,54.861569,43.348049,48.009745
2021-05-10,43.021439,53.077387,47.532379,44.030053,57.424301,58.943776,66.695621,57.28804,56.787204,48.4796
2021-05-11,44.583127,49.886478,44.447981,41.494784,52.234658,57.312428,63.585247,59.302569,53.791755,45.079388
2021-05-12,41.092693,45.394334,43.689329,40.465712,42.427553,50.612803,58.849243,61.333203,54.179948,43.490046
2021-05-13,41.092693,45.394334,43.689329,40.465712,42.427553,50.612803,58.849243,61.333203,54.179948,43.490046
2021-05-14,46.91307,40.980123,41.145478,37.346238,49.612109,51.718189,57.834936,53.916788,60.939743,62.091507
2021-05-17,51.807425,43.947713,53.463575,43.135938,49.528587,61.331307,50.387983,67.243218,52.933579,62.606987
2021-05-18,56.928077,46.946203,59.668648,47.403836,49.23168,64.138122,43.009357,66.466455,59.084919,56.571186
2021-05-19,58.494036,46.000302,55.615367,46.343726,47.029778,60.330893,39.219292,67.489479,55.540861,51.727137
2021-05-20,55.702007,42.982599,50.539222,47.316535,44.71279,57.104341,36.049999,67.563823,56.809917,50.217079
2021-05-21,58.818314,46.504292,60.418868,53.337447,47.918898,64.269368,42.83662,74.527436,58.490965,54.156414
2021-05-24,54.732228,46.677319,62.021118,50.690054,44.015913,65.542797,40.950928,77.862679,63.177182,58.393777
2021-05-25,49.774558,54.278355,56.034717,55.668201,45.41311,66.321024,40.626042,77.948647,64.496094,57.004133
2021-05-26,51.233392,60.027177,55.680025,65.528506,47.292736,66.921038,40.453299,78.311482,68.013415,56.28305
2021-05-27,52.535241,62.481702,56.553059,66.649055,42.882005,66.775473,37.530752,81.494968,69.488961,57.34833
2021-05-28,69.652298,56.190856,59.726263,67.290178,42.160972,61.475295,40.487796,78.154563,67.879121,60.635558
2021-05-31,75.00819,58.130232,61.530142,68.170329,45.980289,67.435759,48.321785,78.836677,64.363289,66.5122
2021-06-01,75.616657,57.054466,60.552613,64.843772,49.548578,60.918037,47.139036,81.102198,65.64399,62.82676
2021-06-02,77.80566,53.008931,58.689493,60.6811,49.646591,60.053294,45.117282,82.27354,64.35389,49.227328
2021-06-03,78.349183,54.740664,61.435979,63.892615,50.568286,60.705461,46.95485,83.762996,71.112963,49.321876
2021-06-04,73.905663,55.118004,56.633893,61.91234,46.227452,56.741258,47.437911,77.162526,74.593416,48.73569
2021-06-07,76.653303,60.688198,56.367608,63.142565,45.679769,58.849423,50.252753,75.728534,76.869628,54.030859
2021-06-08,73.752256,62.823157,52.321307,69.352538,50.229445,55.763222,57.083963,70.453978,73.826931,57.851112
2021-06-09,65.493851,62.835987,51.667489,69.903247,49.54891,52.540057,52.02891,64.910242,64.359574,55.265569
2021-06-10,66.314472,64.988381,51.844248,71.980118,54.58536,54.474251,55.260273,69.728315,64.425398,60.035154
2021-06-11,69.956454,71.17943,53.14809,76.38665,51.593153,51.98066,52.104432,67.286962,59.608196,56.743956
2021-06-14,72.637174,71.42292,51.204293,78.758448,54.886358,51.682533,51.009975,67.632369,61.928652,55.343616
2021-06-15,73.053113,68.11793,54.037772,80.473673,60.171682,56.626735,53.231527,66.771893,60.424209,54.73748
2021-06-16,65.036934,69.417808,52.325939,81.370707,62.901385,53.600571,48.874579,63.157691,54.673847,56.383677
2021-06-17,65.46732,73.732808,47.068191,83.194859,64.510722,49.695665,43.476237,57.752377,53.746565,50.901006
2021-06-18,66.561873,68.806324,50.995162,84.106923,72.92603,48.307725,50.776987,51.617697,50.562513,48.368468
2021-06-21,67.835382,63.407331,53.413135,82.303104,75.895251,48.811041,51.346572,56.278917,48.180575,48.133998
2021-06-22,65.184818,66.676991,51.894943,83.748283,69.596419,48.571381,49.045768,55.356629,56.168402,49.836141
2021-06-23,60.657049,58.679507,52.400456,78.545033,67.167769,44.919236,47.367115,55.499425,50.922805,46.90331
2021-06-24,50.966839,69.709647,58.177337,85.007658,68.345216,50.95686,43.731862,53.965835,56.376831,45.1612
2021-06-25,43.832919,70.258314,60.385713,86.205203,58.610677,58.743861,48.801736,61.930357,60.181524,50.275798
2021-06-28,41.48098,62.76744,57.875549,85.034858,60.30532,59.348299,46.056964,59.956147,57.61248,46.512347
2021-06-29,41.809038,63.161111,57.931568,80.731409,64.668435,52.810469,41.98187,55.11088,56.6293,45.749429
2021-06-30,45.951259,63.655771,56.259175,82.649658,60.002834,47.705835,42.59444,53.086809,53.74937,44.18809
2021-07-01,44.073437,62.867368,51.921994,73.582965,60.959247,47.678906,40.615075,54.03537,51.501104,45.195187
2021-07-02,49.514291,59.852225,49.577845,74.668553,62.306524,53.053118,42.855277,57.145716,49.696561,43.504336
2021-07-05,52.872164,59.007397,54.787779,76.252037,63.997104,56.907174,42.091295,62.745203,55.346808,47.879204
2021-07-06,48.684309,49.150349,64.957265,69.248801,57.699841,58.101273,44.281643,59.787916,54.620864,44.467556
2021-07-07,46.386576,51.048177,65.965477,69.678551,59.190254,59.908152,47.746884,61.857466,57.315387,48.742827
2021-07-08,43.755479,48.512562,58.74208,68.036,51.857337,52.009183,44.116834,53.780546,52.487739,43.673509
2021-07-09,40.706187,41.687428,52.720835,68.482783,52.580876,50.041985,53.757946,53.157621,52.157315,41.929125
2021-07-12,43.272571,39.88128,48.37896,61.954612,51.034714,54.319037,48.344136,56.054946,52.494034,41.246782
2021-07-13,46.299597,39.206635,52.545645,60.75267,49.43701,62.676252,48.681498,57.32265,56.203203,44.1816
2021-07-14,44.07528,44.155646,51.728127,68.095566,44.988527,62.282444,48.681498,58.834073,63.608835,51.937786
2021-07-15,43.476019,43.504391,57.422215,68.861374,44.495182,63.556298,44.78128,59.350833,73.601725,57.950558
2021-07-16,49.556869,42.313857,57.832349,58.955298,45.788502,58.637465,57.342678,57.324029,74.689964,61.890874
2021-07-19,47.113767,40.808316,43.718251,54.385318,43.880726,55.776679,55.024519,54.832894,71.595981,61.328263
2021-07-20,46.175082,45.174109,38.26391,56.586179,50.538469,47.787716,45.67153,47.433418,65.452957,57.747725
2021-07-21,46.175082,45.174109,38.26391,56.586179,50.538469,47.787716,45.67153,47.433418,65.452957,57.747725
2021-07-22,51.971776,47.412803,39.994152,65.790645,38.95193,55.248174,59.003411,48.751111,72.749779,58.341523
2021-07-23,48.814783,46.731045,38.740602,65.839175,35.826786,63.518813,59.814451,55.850337,64.182058,70.42689
2021-07-26,43.359383,43.768579,37.018544,68.435485,34.431936,63.553841,56.610711,49.779348,60.604337,65.677143
2021-07-27,39.737251,41.091525,38.874147,67.877883,33.490941,63.815868,54.0435,55.90856,62.30737,57.346919
2021-07-28,37.045143,44.790476,34.190589,68.502321,38.913344,66.621547,66.737332,51.388822,62.95427,58.370468
2021-07-29,40.927687,44.386219,34.549927,70.788188,34.646454,68.181835,66.19733,63.005256,63.263678,49.67041
2021-07-30,38.073047,39.011655,37.711581,67.768327,34.425284,64.531686,62.221491,54.487125,64.237606,46.952279
2021-08-02,46.414592,50.774213,36.823841,71.942746,34.343907,63.7235,63.715009,56.500776,66.435564,52.884188
2021-08-03,49.422274,60.989914,41.524581,75.743758,48.518397,67.328991,69.329802,63.082917,69.707625,58.423538
2021-08-04,52.438646,58.793196,51.411654,73.062071,46.565453,74.642118,65.145963,67.808638,65.924709,54.945164
2021-08-05,57.626414,60.20297,56.475086,73.784442,42.86797,66.568894,72.605042,56.544986,66.658728,66.072824
2021-08-06,49.082159,63.663506,58.340419,72.160928,46.143905,63.651896,74.803617,52.675915,60.92177,63.531768
2021-08-09,47.102059,65.285781,60.940526,74.521834,49.104542,65.419723,69.181816,51.30397,56.929621,62.369338
2021-08-10,49.126539,66.676782,61.796428,76.780064,48.508087,64.159605,74.629651,47.213459,54.258243,53.172691
2021-08-11,54.19292,67.948747,57.22304,76.827657,50.579152,59.506579,73.803263,48.236648,52.733397,50.725614
2021-08-12,52.874594,68.886258,58.887213,78.713893,51.032789,62.605873,74.324944,47.676837,61.757049,51.229192
2021-08-13,58.495099,78.773931,64.591122,81.7194,54.029382,63.921222,77.270813,50.463012,68.912621,56.151715
2021-08-16,62.328782,79.377646,65.505557,77.644499,58.892614,62.447092,75.263691,46.300088,65.311447,54.865386
2021-08-17,60.335378,83.592599,59.506502,82.20736,68.344966,61.41825,70.22182,44.227196,60.508196,50.978305
2021-08-18,61.538368,83.923891,58.905571,78.413288,68.649336,53.04553,68.053913,43.110379,58.921282,50.412667
2021-08-19,61.538368,83.923891,58.905571,78.413288,68.649336,53.04553,68.053913,43.110379,58.921282,50.412667
2021-08-20,55.833785,83.649805,59.409802,78.158172,81.122905,48.525647,62.013379,35.583925,49.005191,50.283274
2021-08-23,58.242707,87.035062,62.219837,79.011152,81.977097,49.739364,65.229303,38.090937,46.260334,43.963299
2021-08-24,61.653259,81.396962,69.997553,69.933886,81.66689,56.263973,63.577783,44.785668,51.914673,42.739518
2021-08-25,64.423429,83.566683,69.346756,72.707001,82.414841,54.076361,58.770396,43.932955,49.241826,44.698691
2021-08-26,68.082387,84.12608,68.123419,69.044744,83.692574,58.077515,46.20448,40.545895,49.695068,40.560063
2021-08-27,67.266445,86.048505,65.103063,61.068953,84.353402,58.554197,49.927383,42.033447,58.38616,44.553002
2021-08-30,72.290731,81.880905,69.62536,57.033378,84.909307,64.851702,59.242704,50.134803,62.053807,50.354838
2021-08-31,69.066919,85.336042,72.201919,59.29682,86.795496,66.952515,69.703026,52.472703,63.936423,57.823373
2021-09-01,70.128072,72.785083,71.066358,49.669277,87.211618,67.283995,70.14774,55.079304,66.064288,53.128479
2021-09-02,73.153367,78.56782,73.032285,52.924472,89.87338,69.330182,70.167823,54.952881,66.005267,53.690876
2021-09-03,80.488466,78.779156,66.652549,56.040276,80.750443,68.582269,66.303858,56.145603,66.851128,55.639791
2021-09-06,82.516677,79.193863,61.991705,62.859155,81.565895,65.7515,64.475204,55.808056,67.297542,52.032939
2021-09-07,83.288163,73.575681,62.948789,55.462664,80.796889,62.031297,68.367556,53.865003,63.063183,57.609999
2021-09-08,80.888766,67.602441,64.867488,51.761918,82.23955,64.114936,67.028702,55.778175,58.277183,56.174567
2021-09-09,79.405621,68.731935,61.147333,51.307995,82.823589,63.466634,71.152179,56.596591,59.05038,59.237131
2021-09-10,79.405621,68.731935,61.147333,51.307995,82.823589,63.466634,71.152179,56.596591,59.05038,59.237131
2021-09-13,66.176412,72.242143,55.024028,51.397888,75.634607,52.224177,72.699297,57.129348,59.4611,62.494068
2021-09-14,65.502314,74.554416,52.015302,49.511302,69.29075,52.25963,72.896352,57.283298,65.113789,66.267243
2021-09-15,66.664169,77.909431,51.260486,56.99147,70.724062,56.999653,78.663864,66.622507,68.981257,65.90115
2021-09-16,71.838678,70.44223,56.381682,53.866266,68.794095,64.140337,74.88098,76.671375,69.728674,81.839892
2021-09-17,63.792698,61.150327,63.377647,50.328737,57.919579,58.409498,76.561045,66.278578,67.643005,82.084479
2021-09-20,64.228164,60.653571,54.007091,49.231672,67.354891,51.302375,74.756817,52.888402,62.889294,83.627885
2021-09-21,65.447161,63.54585,51.123281,57.980419,68.532099,52.438289,75.092619,53.705063,66.436899,87.174671
2021-09-22,68.343087,63.443932,45.12855,57.440387,62.890514,47.012195,75.113608,53.737056,62.546258,87.902991
2021-09-23,73.78966,63.995482,56.144235,63.498489,62.454628,55.055223,75.124874,60.219565,72.678037,85.294826
2021-09-24,72.168813,64.163629,63.08152,67.620282,55.716619,58.044719,77.849247,53.541944,72.337635,75.521692
2021-09-27,75.525854,59.177354,67.246342,54.366502,49.699436,61.327025,75.527365,56.871174,62.640564,75.706705
2021-09-28,77.200045,51.872543,63.931793,46.533838,51.862037,53.163033,59.797817,55.623731,61.889634,73.434996
2021-09-29,72.620941,53.243601,57.493951,47.759788,46.124865,48.982412,58.774173,63.319843,57.035763,73.747551
2021-09-30,70.698235,51.228231,57.731756,44.150573,48.738752,44.701949,55.860711,58.274358,52.116148,68.884727
2021-10-01,71.124264,46.024392,54.101303,42.129593,49.101423,40.917919,50.138356,57.325643,50.542527,66.934717
2021-10-04,74.083262,51.107712,54.862385,45.748596,46.30271,45.505793,52.464353,62.87088,54.982465,68.438055
2021-10-05,78.04433,57.15678,57.288112,49.277773,50.151006,44.051028,59.128293,63.558237,55.323783,63.69738
2021-10-06,67.681364,54.448271,61.729312,44.962187,46.535519,40.622395,55.446982,57.966471,49.312263,56.098288
2021-10-07,68.815392,61.618308,60.204244,49.29695,44.017819,47.917551,55.861672,58.334908,53.669512,58.712151
2021-10-08,75.968225,64.734856,57.475936,56.278141,39.917856,48.560661,57.036217,58.391029,56.977154,56.06875
2021-10-11,72.594084,42.829046,64.375035,49.001261,40.937192,53.645823,54.61045,64.227608,54.098735,64.750886
2021-10-12,73.621786,40.877938,62.893406,47.827131,46.902222,51.06487,52.292613,69.802983,54.421092,68.21337
2021-10-13,75.401932,41.085346,64.922103,52.869841,42.523037,51.782441,53.953012,68.712559,61.920315,74.71518
2021-10-14,75.755621,38.789362,72.773632,54.169144,43.068227,59.917439,51.714444,71.943829,68.133779,79.015756
2021-10-15,75.755621,38.789362,72.773632,54.169144,43.068227,59.917439,51.714444,71.943829,68.133779,79.015756
2021-10-18,76.278265,42.414893,66.613338,66.617849,44.046599,66.727926,48.739791,74.469237,67.840849,81.926129
2021-10-19,77.998514,41.452069,69.595761,70.057169,30.465578,67.385526,49.043318,65.984355,75.521598,57.970561
2021-10-20,70.825035,39.569458,64.581546,65.276903,25.15542,66.257271,62.22044,70.350091,64.234656,58.482494
2021-10-21,56.872788,34.48017,65.029219,55.284992,23.065359,69.566846,55.245124,71.381271,63.986048,56.322985
2021-10-22,57.440732,32.496392,65.872932,49.601713,24.773705,70.782124,54.423845,71.381271,60.407774,48.158487
2021-10-25,53.47844,32.147152,57.850812,47.690995,25.14888,84.881004,52.577326,72.664561,58.301096,45.36103
2021-10-26,60.303605,31.507467,56.524275,49.610506,24.842083,78.770679,55.041354,74.743168,60.516275,48.672351
2021-10-27,55.338069,32.506591,53.434953,53.749553,21.941267,79.494429,57.883236,76.814438,57.344103,50.3894
2021-10-28,51.43443,28.275702,41.389027,49.413136,21.47497,64.212497,50.798495,62.037868,62.690504,39.526505
2021-10-29,44.170064,26.949963,39.304177,43.907728,22.369688,64.883441,48.563126,62.388039,51.540717,38.262237
2021-11-01,44.380316,37.358446,45.480642,49.338941,25.989496,65.270648,60.200912,67.805311,56.557616,42.093965
2021-11-02,40.462095,38.297497,45.863802,48.998848,29.004924,64.057703,60.712167,69.874425,59.733125,41.151991
2021-11-03,38.749364,39.30869,40.513349,49.796239,28.212881,58.141163,53.177952,71.809321,68.697374,38.795946
2021-11-04,41.128767,41.414789,43.989991,50.910185,31.290835,56.693755,54.005777,72.697992,70.556497,43.342758
2021-11-05,41.128767,41.414789,43.989991,50.910185,31.290835,56.693755,54.005777,72.697992,70.556497,43.342758
2021-11-08,41.663022,40.823757,45.840181,56.151857,33.878158,55.876679,57.452061,66.450859,72.097993,46.964867
2021-11-09,45.082418,41.275065,39.581994,57.010064,33.764638,58.015413,59.202266,68.815697,73.895293,45.942945
2021-11-10,49.622898,38.954014,36.338259,56.450875,29.383568,55.459646,66.956842,64.852262,74.503436,48.362974
2021-11-11,50.351927,39.620385,35.072861,54.76444,26.52053,51.382418,62.98747,54.348954,69.585886,47.437276
2021-11-12,56.031895,45.803781,36.67871,62.929883,34.740604,53.393356,67.500614,55.271415,72.571151,50.890913
2021-11-15,53.419747,49.79035,38.167988,63.967873,39.740585,51.911677,64.137329,52.158196,69.229572,56.420355
2021-11-16,44.644628,50.238802,36.17385,64.755414,36.953383,47.899212,60.201325,45.565182,70.175397,53.136837
2021-11-17,38.513839,45.381064,32.747562,63.351115,34.708469,46.742462,55.056907,47.469972,69.506102,57.233239
2021-11-18,40.043708,39.82722,36.011122,60.987105,36.905463,47.536351,52.37652,50.897721,56.087389,54.690838
2021-11-19,40.043708,39.82722,36.011122,60.987105,36.905463,47.536351,52.37652,50.897721,56.087389,54.690838
2021-11-22,29.88511,37.817396,31.114247,55.066356,35.103786,42.527871,62.644785,41.277481,49.627176,46.743773
2021-11-23,33.54756,38.939547,31.198058,49.271021,36.833132,42.461567,67.248764,45.515972,53.504595,47.613241
2021-11-24,30.842995,36.40581,32.306504,40.854174,33.521457,47.379543,67.248764,45.579615,49.06502,43.365326
2021-11-25,49.026953,36.954082,35.824725,47.132092,29.719097,43.038412,68.902442,44.136766,46.85316,47.979035
2021-11-26,42.237796,37.167274,28.536122,41.594156,27.871114,32.825854,56.032651,34.948951,36.705772,40.732763
2021-11-29,45.178385,48.131092,33.147697,42.702333,27.128785,31.756958,56.232741,32.958987,35.449688,38.583621
2021-11-30,42.282706,52.523081,31.655271,46.493939,25.602137,30.612805,51.558171,31.33973,35.152569,38.279096
2021-12-01,48.364381,59.191518,36.120266,47.015145,34.716747,38.480832,49.178385,41.391914,39.773363,39.383138
2021-12-02,49.829236,66.060773,43.655654,54.14538,44.946828,36.701527,53.174147,42.437958,40.461394,44.44823
2021-12-03,43.564852,65.613299,40.6685,51.313508,38.284415,34.712115,47.615889,40.667737,43.097542,40.542996
2021-12-06,40.23174,50.089709,38.406671,43.541082,33.303419,32.605921,40.889747,37.2554,40.14301,37.08063
2021-12-07,42.238645,55.348823,45.710375,47.049607,36.89718,45.780233,41.426513,44.53404,43.601593,41.056059
2021-12-08,45.921165,59.409244,53.353581,54.769858,41.190987,53.148145,48.051244,52.296926,49.123842,46.724277
2021-12-09,49.583204,56.147801,46.580291,56.426927,41.056419,53.726022,47.624172,50.801611,58.099698,57.436368
2021-12-10,49.821732,59.485918,45.585902,55.51606,39.908157,54.850461,46.42088,53.771314,56.837361,58.044926
2021-12-13,45.272674,55.933989,42.967019,52.352434,35.527834,53.001122,43.643876,50.059984,54.467633,56.190978
2021-12-14,42.756886,57.362883,41.029809,53.808625,39.059848,54.904582,39.767216,50.460194,55.177941,49.394803
2021-12-15,42.162466,50.678017,40.476372,49.879512,39.735289,51.795329,37.831893,48.372683,57.730943,44.954458
2021-12-16,45.750278,51.947361,40.511631,56.935467,37.786533,46.840835,36.569708,46.362221,56.156915,43.880736
2021-12-17,40.199839,52.27071,34.54795,64.102271,27.671086,41.850009,32.186708,39.840115,50.408042,39.506811
2021-12-20,35.577192,48.744644,27.037066,59.360775,36.627361,35.958081,30.205594,32.896437,42.132157,35.262684
2021-12-21,39.595911,54.882024,32.42741,61.151286,37.432724,41.025767,35.036228,31.867377,47.603301,35.397354
2021-12-22,45.517839,57.287683,33.540516,62.963886,38.509896,46.485079,43.568729,38.268647,54.708612,35.005262
2021-12-23,45.443495,60.514327,33.349126,67.113953,43.526825,45.933373,41.580637,41.824268,55.814997,42.301137
2021-12-24,46.282858,61.321989,32.407584,67.810556,42.920136,44.346291,41.009632,39.811362,52.297063,43.207929
2021-12-27,46.025278,63.774186,36.804792,68.137001,43.932393,48.413801,40.551093,40.510634,53.425507,42.742866
2021-12-28,49.3745,64.771593,40.318406,70.769404,45.725834,48.328283,42.828364,42.568512,58.591475,46.206774
2021-12-29,49.862493,62.664522,38.707598,70.070385,45.270196,48.282447,41.552675,39.400023,57.630178,42.547712
2021-12-30,44.925939,66.528621,41.479038,70.989861,49.76318,48.282447,42.981586,38.184707,55.693902,41.738719
2021-12-31,46.1238,66.962397,47.464942,69.386137,56.800471,50.699088,45.534087,44.192523,57.411703,44.826643
2022-01-03,50.680578,73.375963,57.894218,70.872861,57.016317,61.412013,49.627055,50.34059,61.643228,46.393841
2022-01-04,56.677103,77.368498,59.794831,70.972186,63.785554,64.193686,52.761758,56.651253,63.758486,48.131552
2022-01-05,57.847096,73.17077,66.447293,55.192277,65.89231,68.722217,54.038937,60.444802,65.307226,48.599706
2022-01-06,50.998381,64.676315,59.158268,49.368597,59.627663,66.923168,58.917415,60.00004,59.350096,45.851606
2022-01-07,53.190095,68.108287,61.133887,48.647996,63.426084,69.289663,55.443861,59.695945,54.959307,45.403265
2022-01-10,53.420251,69.909771,62.681879,55.871888,61.148111,73.626345,55.567616,64.965112,62.338269,53.415657
2022-01-11,55.488151,72.221676,63.897316,56.743843,60.276949,73.56243,54.588091,65.856764,63.416273,51.186816
2022-01-12,62.232349,63.996126,60.966907,60.527937,61.909686,76.447368,66.073437,67.520986,65.157362,52.45298
2022-01-13,63.521759,66.762463,52.878014,63.567559,62.095219,76.646404,66.617265,67.951342,70.311156,54.365059
2022-01-14,63.867893,71.172256,56.590836,68.027746,49.590149,73.344248,59.435007,65.405939,72.885981,51.839343
2022-01-17,65.143511,73.881508,50.662731,69.290274,54.62724,72.840907,62.541588,67.848652,75.064657,55.162836
2022-01-18,59.909166,69.920025,52.421588,64.243443,50.418965,73.8885,54.530681,61.854712,64.394771,48.258997
2022-01-19,59.875067,61.34943,49.759378,52.458743,40.445035,63.779006,49.434335,65.908902,64.124422,47.592596
2022-01-20,52.751575,52.495239,47.486893,45.24353,34.511441,64.376325,54.468776,62.416236,60.465273,44.920351
2022-01-21,52.806322,53.070632,50.718583,40.044154,45.828272,60.624444,45.97851,56.087379,51.786745,42.208559
2022-01-24,40.248432,47.526639,42.842745,34.542936,40.940635,56.868992,44.016684,50.651646,43.779062,35.151335
2022-01-25,39.774518,47.402207,43.223049,33.076852,47.271321,58.339035,52.896734,60.529034,47.717421,40.272562
2022-01-26,39.774518,47.402207,43.223049,33.076852,47.271321,58.339035,52.896734,60.529034,47.717421,40.272562
2022-01-27,36.052964,37.842451,40.312003,28.854674,43.249767,53.695972,50.933172,66.02974,45.609393,40.921899
2022-01-28,35.821879,42.095313,37.859533,30.521393,41.83204,46.079311,54.326874,62.426257,43.695992,47.113543
2022-01-31,44.466803,46.554524,44.799117,40.412096,40.640602,50.374979,59.13317,67.572002,45.839345,51.825913
2022-02-01,43.484856,52.092918,47.949945,46.313381,46.029268,60.016167,56.185345,63.771821,57.887381,62.324049
2022-02-02,44.298135,56.299546,56.11447,48.614082,49.474649,61.314945,56.925339,66.321515,56.586812,66.85698
2022-02-03,40.329238,53.425697,52.040346,42.314363,45.309786,58.46928,55.217994,66.423281,49.11395,68.959378
2022-02-04,37.78987,52.539002,54.003121,42.734076,46.682662,56.187528,54.467697,60.039317,51.139828,68.653486
2022-02-07,36.166403,49.279616,42.040013,39.561034,40.356081,46.784974,47.851826,61.246752,42.966167,60.725198
2022-02-08,43.354932,46.221544,40.938306,39.983958,41.531607,49.74709,49.02006,59.989486,41.953274,61.937446
2022-02-09,47.815162,47.896477,49.091112,43.674735,43.878702,54.366068,53.866152,61.726228,44.059621,59.853158
2022-02-10,47.456009,48.879022,54.315261,49.11695,44.864314,55.520251,55.896769,64.012394,46.009634,62.451067
2022-02-11,46.738451,42.273459,52.984531,42.509426,41.292956,48.350367,51.292726,56.503063,42.150995,62.698594
2022-02-14,41.268337,46.295472,44.502022,38.037999,37.525928,35.788719,40.91462,42.632409,34.568614,49.198682
2022-02-15,53.549788,53.804188,52.500844,46.684525,48.168457,45.050577,50.225965,52.953069,45.77183,54.194287
2022-02-16,52.80102,53.355027,52.124739,46.073057,47.657063,41.582531,53.896459,49.624993,44.149988,53.793095
2022-02-17,56.777689,50.559554,50.371337,44.983503,50.936983,37.987128,51.963949,48.117223,45.239019,53.622111
2022-02-18,53.729722,51.478431,51.482887,42.699786,51.710982,37.616434,50.167972,49.159687,47.23354,52.279934
2022-02-21,50.020299,44.619212,53.357939,46.585375,48.76951,40.028868,49.100209,47.646106,44.891872,45.852637
2022-02-22,48.418729,35.52004,50.881806,47.178176,44.917396,39.104559,44.867881,42.192097,42.577129,41.423001
2022-02-23,46.23226,34.242178,48.786018,48.608631,43.49553,37.140096,47.225801,42.350637,39.837499,43.476532
2022-02-24,33.384945,26.794141,35.638651,39.778394,33.008701,28.561074,36.338696,33.707422,33.742688,34.623507
2022-02-25,37.820639,37.540446,43.07769,42.63189,32.941469,37.958129,43.739438,39.007754,36.991483,43.661416
2022-02-28,47.846661,40.195754,39.117424,46.140385,33.234475,42.506727,43.086067,39.134961,43.051583,46.441244
2022-03-01,47.846661,40.195754,39.117424,46.140385,33.234475,42.506727,43.086067,39.134961,43.051583,46.441244
2022-03-02,52.435272,39.724412,32.989911,44.228297,30.679794,35.80427,39.215173,36.016277,39.474689,45.684429
2022-03-03,49.976578,39.615641,32.645699,47.530416,25.373768,32.522447,38.545412,33.7964,36.237365,51.967845
2022-03-04,44.166722,38.321119,32.145594,47.98062,20.642347,30.648718,33.418601,32.101125,32.610406,59.478569
2022-03-07,36.680066,35.839621,27.882963,51.036916,17.029006,25.379359,43.063078,26.429521,27.051905,58.589014
2022-03-08,36.367428,46.683013,28.616355,57.29773,18.06152,29.651473,46.012623,26.429521,30.992989,60.826057
2022-03-09,49.848239,49.301664,38.369338,62.083346,27.472922,30.583573,49.183343,33.594386,36.015897,63.392615
2022-03-10,53.277202,48.388461,42.570038,63.64975,42.584588,34.09544,51.44162,42.575459,41.298062,66.184581
2022-03-11,53.891257,46.64722,43.360969,62.781734,41.902352,34.601712,50.324068,43.37594,41.361063,70.072827
2022-03-14,55.682048,50.505277,51.403957,70.431063,38.790916,41.406215,52.452937,50.095611,43.965137,72.172081
2022-03-15,49.821845,46.454512,48.40268,60.42478,37.011697,41.83473,53.496972,50.395461,43.585095,69.881273
2022-03-16,53.608732,51.720276,52.30679,65.560731,41.649205,45.635057,56.85976,53.369574,45.543699,73.607594
2022-03-17,59.993582,53.071005,56.941445,59.759391,45.457825,49.659335,60.616041,57.047327,50.175322,75.207121
2022-03-18,59.993582,53.071005,56.941445,59.759391,45.457825,49.659335,60.616041,57.047327,50.175322,75.207121
2022-03-21,58.295276,48.748175,57.900748,59.487469,40.273088,46.569965,53.350404,51.257116,45.683334,74.29887
2022-03-22,63.285054,55.09882,59.065656,63.455978,35.346605,49.277691,57.476524,52.676198,48.473776,78.046291
2022-03-23,63.872833,56.004185,55.82562,60.661476,34.179941,49.314791,51.169003,51.099901,47.467673,79.430522
2022-03-24,66.687528,58.921616,48.751267,62.36311,33.181938,44.381565,51.7275,49.252491,48.199837,81.059584
2022-03-25,67.863137,54.514016,46.705024,60.367097,32.150993,42.764188,52.968926,51.180003,44.988512,77.577223
2022-03-28,69.615439,54.535614,47.091732,59.828693,35.829373,47.393773,61.411642,54.681476,43.537337,79.874041
2022-03-29,69.656409,54.274767,50.926509,61.516459,37.793298,49.360904,67.26025,53.171602,44.561066,74.43679
2022-03-30,72.954585,56.758088,55.522013,63.937029,42.378144,55.063778,64.6348,52.73252,49.792713,64.082515
2022-03-31,67.009381,57.554,54.090465,64.327406,47.140918,54.808109,66.061468,52.234807,48.70003,65.471413
2022-04-01,68.534662,59.357053,60.077938,63.485226,51.064567,56.943071,66.995433,60.147137,52.899914,67.913429
2022-04-04,69.106918,60.472729,74.956531,58.349639,56.934513,60.44375,69.373254,62.08617,58.769573,69.78082
2022-04-05,63.17269,64.494969,66.379176,53.414064,58.154268,58.085127,68.685647,59.846276,60.198935,72.936542
2022-04-06,62.104956,56.250616,57.937795,47.083623,58.405763,57.983616,71.018755,62.080684,62.609437,73.05018
2022-04-07,55.443947,48.289145,53.578664,43.976912,60.960727,60.563262,63.552951,62.573602,56.753195,67.083545
2022-04-08,59.750764,48.454685,53.312641,44.768423,62.928006,62.608696,63.390462,63.166595,57.472562,75.296633
2022-04-11,58.969144,49.697363,50.914353,37.211449,59.39566,64.439488,61.118604,62.061645,47.963539,74.756175
2022-04-12,52.321616,49.069213,50.563482,34.102094,54.337094,65.882102,52.857638,60.126514,42.737426,69.893641
2022-04-13,51.134352,45.651777,46.819747,35.569645,56.891654,64.816141,52.392623,63.061012,45.228365,73.196725
2022-04-14,51.134352,45.651777,46.819747,35.569645,56.891654,64.816141,52.392623,63.061012,45.228365,73.196725
2022-04-15,51.134352,45.651777,46.819747,35.569645,56.891654,64.816141,52.392623,63.061012,45.228365,73.196725
2022-04-18,49.959479,32.618523,38.216708,22.515874,60.434214,61.366649,46.674301,54.579008,41.375907,73.615361
2022-04-19,61.729591,28.893259,33.185316,19.006611,49.36641,65.17862,43.897789,56.352328,36.51239,58.356427
2022-04-20,68.184356,40.043098,35.270735,24.490137,56.291995,57.457137,52.017954,53.889476,34.610694,55.460504
2022-04-21,72.307448,47.540083,38.685692,30.612337,60.035132,60.634023,50.239351,59.258644,40.052375,56.449693
2022-04-22,68.79292,46.147626,36.733924,27.991459,50.094979,51.65406,51.720799,46.250607,37.124746,57.290876
2022-04-25,60.168989,40.98093,38.541563,26.225927,47.002277,53.928477,52.02842,42.50645,32.436291,48.806305
2022-04-26,65.975561,40.8356,39.693325,30.105848,52.713984,54.710111,59.817545,50.445335,41.583613,53.497212
2022-04-27,66.153469,42.556558,39.789781,27.869092,52.299529,45.554362,57.561082,45.278085,38.561275,51.505412
2022-04-28,68.849353,45.21705,39.625968,33.492429,61.902175,50.970193,54.557294,51.873983,46.30602,55.895848
2022-04-29,64.879958,41.8217,42.443229,32.130066,60.946232,49.034936,50.001317,45.430262,42.871947,53.643927
2022-05-02,63.573093,41.438432,46.330944,29.825231,60.32268,47.865706,51.235563,42.725573,40.916528,57.887536
2022-05-03,63.573093,41.438432,46.330944,29.825231,60.32268,47.865706,51.235563,42.725573,40.916528,57.887536
2022-05-04,52.674435,35.882624,38.749968,29.324426,51.967741,39.841877,41.625834,37.221805,35.226296,52.612099
2022-05-05,47.360661,40.49717,38.318211,39.311785,51.324919,42.65405,40.149371,37.489214,36.005664,55.562329
2022-05-06,45.464549,34.142843,33.639963,34.795794,49.028951,38.577784,36.621784,40.566193,34.185842,60.816577
2022-05-09,37.329721,35.820571,34.19067,39.649663,44.975873,35.201502,37.471829,36.611044,33.431662,55.166411
2022-05-10,34.494976,35.328182,39.302214,37.740821,53.145462,35.846945,42.853676,36.279803,32.428819,50.772977
2022-05-11,32.930946,33.25451,41.058037,34.995686,50.984388,37.880948,44.8604,37.455081,28.288639,45.746044
2022-05-12,30.043357,32.993331,36.482001,33.21649,47.917485,31.135683,37.190835,31.095405,24.276953,42.6928
2022-05-13,33.467975,34.034213,34.85322,32.776605,54.514503,26.114344,31.963448,25.141992,26.379576,50.123508
2022-05-16,33.54531,30.884377,38.337415,31.227907,56.971609,29.845611,34.087578,33.07618,28.529568,45.146507
2022-05-17,45.194539,42.195418,40.553654,37.343845,59.776543,44.317123,42.238369,41.069957,41.853229,56.183278
2022-05-18,46.112527,41.918833,40.536033,36.249701,64.002104,43.371449,38.231425,37.429581,37.922149,57.986783
2022-05-19,41.36756,28.496661,36.009742,28.322712,60.069569,37.784959,31.720402,33.788094,35.159221,64.59974
2022-05-20,53.974511,32.371742,44.444388,33.65458,65.317578,46.20928,38.725005,42.358129,45.904415,67.322407
2022-05-23,52.499081,35.83918,41.499003,36.07776,69.147451,46.813646,38.092962,41.771963,50.722506,60.9405
2022-05-24,53.201657,33.657573,44.963432,33.363965,59.872164,45.743609,35.748216,42.429734,48.294159,57.073801
2022-05-25,52.839624,28.228686,47.182856,30.600142,58.551898,48.037129,40.871792,42.04577,42.035203,58.510717
2022-05-26,50.448442,35.032999,54.744787,33.232277,56.293297,54.122086,43.515402,50.453267,40.90556,58.913171
2022-05-27,49.290724,38.66069,58.975578,40.019308,60.736826,58.066493,40.227953,50.479429,46.34781,60.989358
2022-05-30,57.197591,48.861964,60.467194,49.662627,62.241944,60.856787,47.050663,53.466709,54.06407,60.790889
2022-05-31,53.950581,48.038982,57.482005,48.724757,62.603755,62.210746,47.55677,49.748619,53.199962,62.203836
2022-06-01,54.024908,47.31845,58.514792,45.504904,56.526931,62.104431,45.306287,49.864125,52.278843,63.27289
2022-06-02,61.223511,52.94965,56.090064,49.712267,53.570606,60.489428,45.951435,50.808026,50.700782,64.749253
2022-06-03,64.828897,54.280939,54.884358,51.584889,54.347948,57.464991,42.066768,47.485006,52.807541,63.41812
2022-06-06,63.453431,53.407999,54.39896,52.740045,52.822843,58.470279,40.67561,46.99011,50.942992,65.427332
2022-06-07,63.813209,47.326927,50.295037,49.204582,44.694716,52.230514,42.042032,46.79316,43.808873,63.809815
2022-06-08,58.049379,50.977615,51.48859,48.206025,43.183552,49.392318,34.119274,52.445657,43.180122,54.191106
2022-06-09,63.495923,52.923091,54.039061,50.622054,43.275813,51.012636,41.198007,49.337537,45.010096,57.577068
2022-06-10,54.824714,47.036738,47.145526,44.880349,43.609653,44.934384,40.13051,45.902785,43.577434,56.509758
2022-06-13,50.326867,37.627051,41.850084,38.450187,43.235981,33.988361,39.379607,37.161994,36.872407,48.847453
2022-06-14,47.483742,37.111321,39.036247,41.232868,40.046011,33.305753,45.1731,38.923308,39.262778,49.911275
2022-06-15,44.982947,36.855882,38.174779,39.058644,39.381797,34.300461,45.199279,41.475047,42.199675,47.202162
2022-06-16,42.247728,33.13887,33.587309,36.253906,39.411552,31.750666,35.105538,36.542534,38.042121,43.827893
2022-06-17,45.212735,30.411243,36.253105,35.176676,34.94263,36.594567,32.179162,36.256798,33.948279,47.704668
2022-06-20,41.61211,33.038063,45.316781,40.353201,49.483693,36.295523,31.44338,33.311224,32.142953,48.873916
2022-06-21,45.685019,42.875409,48.801033,46.481346,50.74626,42.046741,38.787961,45.466393,37.741687,56.472316
2022-06-22,39.946528,43.856844,47.378724,44.730113,50.425616,38.539717,35.30725,43.805636,35.365587,50.111257
2022-06-23,37.331499,50.941302,48.632697,47.299402,57.169994,45.059169,43.570602,46.358182,38.380207,50.372972
2022-06-24,40.927442,49.70605,53.20376,45.594983,62.791184,51.386822,48.097162,48.280995,38.489486,50.858865
2022-06-27,40.401107,51.450337,53.785553,51.186121,64.432589,52.977452,52.821166,52.730719,46.147195,56.26121
2022-06-28,44.069975,51.738199,50.906211,52.065082,63.889016,49.804967,51.708114,54.57765,48.78,58.536142
2022-06-29,49.117843,49.219084,50.359163,49.162312,50.907052,46.587493,54.177706,50.957142,48.198131,61.06151
2022-06-30,50.538542,47.127637,51.524223,48.927622,50.532774,48.691458,52.928455,55.184522,50.043167,60.076419
2022-07-01,37.087878,51.664706,53.203496,52.118263,56.750862,47.206428,48.108026,55.758268,52.490507,70.267169
2022-07-04,37.56644,44.765617,53.773322,53.650722,65.202488,54.536707,51.596355,59.625575,54.152353,75.041346
2022-07-05,39.504321,43.306809,52.664649,51.179094,67.160115,54.2115,52.631225,58.540119,50.786813,67.330851
2022-07-06,38.109884,47.661117,58.323002,54.143328,73.152851,56.974861,56.373367,62.903761,49.076074,68.978538
2022-07-07,36.567233,50.173725,64.362106,55.451305,69.56245,62.924734,52.980889,66.239729,58.524772,70.733711
2022-07-08,36.949125,48.117516,64.654164,58.312096,71.001879,67.10621,56.289139,67.083551,67.537546,71.455664
2022-07-11,40.73363,37.047849,66.700205,49.360717,70.068649,70.691936,42.838818,66.734325,62.829031,72.739481
2022-07-12,40.456044,35.366506,60.700251,43.363576,64.108866,65.354732,43.861738,63.431608,61.09372,68.808471
2022-07-13,37.072672,32.832698,49.382297,44.591143,67.594217,61.845226,38.028559,64.33807,59.842889,69.838828
2022-07-14,39.559687,31.154242,47.473002,41.978311,67.59774,61.421121,37.518793,57.283966,59.620451,64.407828
2022-07-15,40.163896,30.93339,50.787727,42.328182,72.191166,60.748147,42.104471,57.048432,64.605602,66.756798
2022-07-18,42.868811,38.702747,46.612087,54.150466,69.926168,67.412848,46.767803,64.158226,69.142839,68.220777
2022-07-19,44.819521,39.839849,46.774563,53.020267,70.874201,69.715746,50.525382,68.048647,69.355359,66.950695
2022-07-20,52.560569,48.505162,52.11181,58.119807,73.177386,70.354748,49.662997,72.520523,70.392057,70.039884
2022-07-21,50.622464,49.584718,50.726286,60.714541,73.360499,71.131269,52.642007,73.79976,74.728378,71.129675
2022-07-22,52.519232,49.02682,59.32586,55.152872,75.393289,74.602207,52.837179,74.413259,74.946049,71.943787
2022-07-25,43.63368,48.629353,60.289697,54.606087,72.344498,74.799612,52.626949,75.921987,76.194513,72.404685
2022-07-26,43.769978,44.029789,59.238828,45.226023,60.490253,71.558137,55.065725,71.91239,68.403407,73.553148
2022-07-27,43.532996,51.165844,61.910506,48.818275,63.430055,72.720555,50.543021,76.999642,72.767123,74.966036
2022-07-28,48.482853,56.968928,64.813877,56.048541,66.379247,76.232399,46.912251,78.285423,73.17142,73.231236
2022-07-29,54.425565,59.931711,68.425904,60.261456,67.653153,77.131807,52.029315,73.988335,73.790851,72.202975
2022-08-01,60.548276,59.600754,70.659934,60.432204,61.239698,78.198018,59.455817,75.867208,74.413017,76.205766
2022-08-02,61.385429,58.811097,64.155528,58.927688,64.671787,73.834307,55.805765,78.458287,68.695489,78.077479
2022-08-03,63.245236,62.461001,64.888862,62.004224,63.398262,75.659493,58.104915,77.123375,67.852687,73.50284
2022-08-04,58.433545,63.58646,64.171413,66.110953,63.537257,72.160994,58.525704,69.392432,65.278397,74.700112
2022-08-05,53.601997,64.339257,62.062914,67.959131,65.09429,76.732085,61.878389,67.289648,66.321052,75.874124
2022-08-08,56.95457,65.06309,69.779595,68.265122,65.543783,77.565823,62.125218,58.109773,71.59514,77.767005
2022-08-09,56.95457,65.06309,69.779595,68.265122,65.543783,77.565823,62.125218,58.109773,71.59514,77.767005
2022-08-10,58.562543,61.930094,70.621172,63.902485,64.084048,80.160164,66.090579,53.573175,74.404176,72.197277
2022-08-11,59.47587,67.60587,74.158688,66.297286,58.661234,82.215478,62.563534,59.566878,75.62574,60.375825
2022-08-12,63.676566,64.43049,73.887112,59.968537,55.407875,84.532112,62.497646,62.641888,69.466841,63.376464
2022-08-15,63.676566,64.43049,73.887112,59.968537,55.407875,84.532112,62.497646,62.641888,69.466841,63.376464
2022-08-16,65.488659,62.981182,76.917872,60.367426,61.886391,85.266478,58.495664,58.521182,69.80443,65.975084
2022-08-17,66.837075,63.813219,78.162205,62.065019,66.174696,85.862623,66.314852,59.838938,70.770282,68.390342
2022-08-18,67.316993,60.360717,78.452725,55.930961,65.659522,86.141918,69.661834,62.301187,75.576953,71.73899
2022-08-19,58.358973,60.877478,68.311594,58.606545,56.938044,73.685507,69.013366,52.413555,79.462193,63.243625
2022-08-22,57.108466,55.477403,58.413989,53.32163,55.623052,61.802425,65.58038,46.428977,64.671863,66.087389
2022-08-23,61.973903,45.691539,56.642443,46.344971,50.221062,65.63349,69.102108,53.173165,63.8403,67.766035
2022-08-24,60.674048,42.329106,58.73086,45.402201,49.534391,68.388418,69.488736,51.461816,65.97362,63.691943
2022-08-25,59.213233,38.458184,55.465961,41.787119,47.357156,67.796891,70.272517,52.163284,62.226219,59.920118
2022-08-26,56.538321,39.103961,55.549127,42.651208,46.938137,66.814195,62.475799,54.358855,65.935229,60.707599
2022-08-29,52.816714,31.20194,46.032838,33.291361,47.736868,57.793165,55.749087,48.1004,60.385737,61.666238
2022-08-30,58.625029,42.225254,59.582526,40.613838,60.424835,67.654164,58.561692,57.708857,65.716516,70.073836
2022-08-31,58.625029,42.225254,59.582526,40.613838,60.424835,67.654164,58.561692,57.708857,65.716516,70.073836
2022-09-01,45.990047,35.54811,54.814673,36.349698,51.190517,60.863477,62.459005,58.814223,63.411389,63.349958
2022-09-02,42.212551,35.449246,58.257201,34.816152,50.817865,59.888742,62.421604,60.651229,67.006788,69.401132
2022-09-05,48.231455,35.892069,60.57139,36.93943,50.32449,63.163285,64.868977,61.83736,70.195213,74.12617
2022-09-06,51.941692,35.339594,58.487201,35.99619,45.923875,63.545947,72.3553,60.849641,68.643327,70.623438
2022-09-07,49.796178,38.934345,55.924121,36.712003,44.624917,59.418953,66.398972,56.478103,67.527201,68.471312
2022-09-08,50.330277,42.020778,60.019004,41.734256,47.008111,66.522,71.564484,63.255087,69.593538,71.818294
2022-09-09,47.909229,48.704995,60.278775,50.089574,49.176089,67.192407,68.802108,67.298229,63.058578,72.318031
2022-09-12,52.319949,51.855531,58.221596,54.875124,47.666855,68.825162,69.854118,67.974369,64.812501,72.665994
2022-09-13,55.39035,50.075048,63.425417,56.476842,48.927848,69.592097,74.040814,69.339702,68.692519,75.560807
2022-09-14,50.338927,38.631591,66.951484,43.315546,46.001668,71.756705,73.386561,74.527036,59.680376,76.294605
2022-09-15,46.600384,37.280037,63.576794,37.544266,43.953046,71.418698,73.870045,74.661338,60.220637,73.1808
2022-09-16,38.898306,30.444017,53.388214,31.608776,38.534782,65.749275,69.62797,65.097264,52.351309,66.621902
2022-09-19,39.449874,33.215561,56.060658,34.268538,49.217085,59.795503,70.660053,69.36439,50.585834,70.930788
2022-09-20,39.522246,34.815773,60.537975,34.080034,50.004481,65.721403,73.590673,70.043759,54.495248,71.301958
2022-09-21,40.835879,32.00759,59.687579,32.824362,56.733474,64.841717,64.73782,66.221873,47.657112,75.474809
2022-09-22,37.804979,32.93129,49.400043,31.786343,65.394007,58.212649,66.168235,64.142365,46.396397,78.290672
2022-09-23,32.661064,31.072388,40.20677,31.497981,63.283223,48.652159,57.899125,51.923814,41.429721,79.139899
2022-09-26,27.321651,33.054943,36.615872,35.243241,59.151543,41.32572,49.3996,47.650842,40.623051,55.317554
2022-09-27,31.015023,36.713855,34.441476,38.497482,61.505656,38.802715,51.984207,44.017066,39.068098,57.560593
2022-09-28,26.178777,39.524407,30.712643,38.783915,64.219116,37.908379,52.385357,38.587805,38.185056,46.499614
2022-09-29,25.695211,35.905933,29.687045,39.820752,63.890173,36.256082,53.945281,37.270445,35.211397,54.2465
2022-09-30,35.157422,37.07869,41.150413,43.670322,62.971129,44.653076,66.834792,43.229076,42.935722,53.373136
2022-10-03,34.415073,35.203304,39.693999,40.002239,49.219568,40.337551,67.785104,38.411727,38.568184,46.046565
2022-10-04,41.465615,49.969064,49.157356,48.441982,55.63252,47.991199,69.256242,46.128211,48.872637,53.494384
2022-10-05,41.465615,49.969064,49.157356,48.441982,55.63252,47.991199,69.256242,46.128211,48.872637,53.494384
2022-10-06,42.915099,51.278473,45.806074,53.877013,47.393038,54.266516,57.762558,48.772337,55.70088,56.617748
2022-10-07,44.616211,46.757339,44.538933,52.954804,45.47062,53.141503,59.387579,45.093415,57.416971,53.996974
2022-10-10,41.19223,53.193018,41.396193,55.341056,46.436077,52.816255,58.980296,45.436743,54.496672,48.118004
2022-10-11,35.84718,47.540824,38.723672,46.687955,39.433866,48.37198,52.723929,43.646482,48.970157,46.758306
2022-10-12,38.937888,51.103541,41.324869,47.796643,45.936622,47.503338,50.452041,47.872241,54.229333,50.454591
2022-10-13,40.286057,51.394055,38.230535,45.948542,42.896108,42.158532,47.374282,41.417954,48.392693,49.055104
2022-10-14,38.807266,50.864374,49.616469,57.005683,44.389544,49.11805,46.032714,45.127395,53.800932,52.435591
2022-10-17,45.573105,53.436593,51.226575,59.578116,46.743201,54.420985,46.060588,54.08474,49.339969,52.582901
2022-10-18,51.962026,57.288041,50.603781,61.737299,48.60137,58.101276,54.704438,61.766288,54.349273,59.782316
2022-10-19,57.370106,53.955122,53.911538,57.357944,45.771634,56.099901,54.818129,56.836888,52.245046,64.183703
2022-10-20,58.166868,58.034326,51.442524,59.948159,48.759204,54.643031,59.025866,57.641414,52.121585,66.377861
2022-10-21,53.505485,55.084169,48.942878,59.846759,56.415993,60.558137,60.903866,59.838299,47.687339,61.418696
2022-10-24,54.61964,57.898555,54.216,62.785868,45.302132,65.564337,62.781277,63.452669,52.886103,62.945673
2022-10-25,48.776087,57.945323,51.620241,64.161741,38.464783,64.984503,62.863883,66.186449,58.218156,61.206398
2022-10-26,48.776087,57.945323,51.620241,64.161741,38.464783,64.984503,62.863883,66.186449,58.218156,61.206398
2022-10-27,50.321082,57.082145,52.529178,66.587118,40.554972,64.639773,68.805583,66.582612,60.202722,60.513843
2022-10-28,60.376508,57.922288,53.680567,63.109133,41.3828,56.431126,68.605904,60.415407,61.646248,60.513843
2022-10-31,62.904703,62.014996,62.367304,67.303225,45.500348,56.735037,73.605033,61.723829,67.236634,63.306731
2022-11-01,59.463466,69.196491,65.40993,72.229208,48.199898,56.684939,74.624695,63.060339,67.38049,64.061921
2022-11-02,61.287982,65.584722,65.581943,66.239996,43.868788,54.658083,57.351556,60.810496,64.847892,68.54918
2022-11-03,62.384269,59.131111,63.212156,60.097048,48.075982,56.360086,60.705499,65.599003,63.782696,66.890031
2022-11-04,66.435743,60.409539,59.58589,55.946733,44.729383,54.491881,59.418872,68.945728,64.652617,66.706887
2022-11-07,67.811011,62.350705,62.201735,54.365575,46.644641,59.727381,61.856627,74.831403,65.0132,66.510913
2022-11-08,67.811011,62.350705,62.201735,54.365575,46.644641,59.727381,61.856627,74.831403,65.0132,66.510913
2022-11-09,67.211425,58.734211,62.021875,55.206159,43.290684,55.480085,59.456753,75.209062,61.008012,73.108504
2022-11-10,60.259577,56.649072,65.892214,52.630892,44.155645,55.577295,62.344747,67.566063,54.413069,64.215041
2022-11-11,67.148408,69.155525,78.388002,65.426872,42.617257,52.991902,62.834139,64.367269,60.38129,64.560882
2022-11-14,64.557146,70.765442,78.766179,67.533432,36.709551,46.482984,59.229945,58.502472,57.636187,50.75524
2022-11-15,62.176038,70.180213,79.163833,68.708638,36.673319,55.065608,65.002179,62.036042,56.835834,48.380777
2022-11-16,59.184785,72.127334,80.544612,69.895697,40.939236,55.929009,67.229132,61.291194,58.192039,46.98483
2022-11-17,60.110951,70.738901,74.874366,65.232058,38.489959,58.716586,68.99665,60.790901,62.822495,46.482526
2022-11-18,59.805589,69.48003,73.273738,66.178898,43.337084,58.964536,62.505613,62.50916,61.383561,43.187747
2022-11-21,50.566953,57.563399,67.24501,58.921164,46.714379,59.465104,67.652836,58.999989,57.752373,38.876378
2022-11-22,52.936737,61.312137,66.409497,61.927746,49.341371,60.59888,65.157954,59.531866,61.238013,43.673611
2022-11-23,51.43543,60.103075,67.184928,61.38223,47.857668,62.443357,62.174409,63.849797,59.847024,43.135658
2022-11-24,55.20624,67.548663,71.607138,68.678128,55.131262,67.434254,64.241729,64.657261,64.735142,44.68464
2022-11-25,60.912902,68.388699,68.729811,69.457422,52.906562,60.897795,63.148589,62.921189,66.441561,44.072198
2022-11-28,70.400817,68.899746,62.459412,65.767489,50.604152,64.016971,56.612432,63.569418,66.721028,43.713747
2022-11-29,70.79545,69.101457,61.624305,66.647588,65.140808,67.673965,55.59601,63.519634,62.162963,47.826462
2022-11-30,72.426044,67.62811,63.918853,67.584736,69.576977,69.844867,61.751079,57.588341,66.474852,44.265958
2022-12-01,70.640543,75.050104,66.188553,70.89161,65.715851,60.76914,61.644106,61.20205,70.809148,43.582324
2022-12-02,70.37367,67.844108,61.512466,64.727492,58.015549,54.95591,61.667943,60.660177,65.034442,40.031392
2022-12-05,61.705876,65.389638,62.846037,65.042912,58.536074,56.360811,58.126782,66.347982,65.050828,39.454361
2022-12-06,62.672397,58.423516,62.132655,57.067176,62.220723,50.205769,50.716845,58.541718,66.389587,40.719529
2022-12-07,55.01239,57.648872,61.838748,55.063138,67.022844,49.937559,51.122585,56.901136,71.007248,46.813027
2022-12-08,54.785366,52.87202,64.197298,58.1932,66.694358,54.98686,50.164647,59.835789,76.07834,43.86494
2022-12-09,47.9411,45.126637,67.000538,46.17153,68.179584,53.788393,51.76382,62.71817,71.85082,49.86513
2022-12-12,48.629629,44.363725,69.800463,42.100807,67.21878,54.004303,47.158351,59.449809,72.993339,53.104208
2022-12-13,50.717994,50.847662,70.757732,47.706213,65.830201,55.488148,53.738842,61.75186,74.073749,57.085264
2022-12-14,49.005268,54.964624,73.528311,49.243904,60.835163,48.383777,47.853192,66.583232,76.550074,56.653458
2022-12-15,42.903571,47.242838,60.135074,42.091999,56.952497,41.730805,46.102007,57.975537,70.771631,44.726589
2022-12-16,41.016059,40.627022,62.054022,39.207173,58.037432,38.720051,43.915967,48.978863,69.961345,39.587973
2022-12-19,47.580501,37.312382,63.290375,36.991557,63.756476,41.685113,55.145899,49.712537,71.213939,48.7237
2022-12-20,51.464349,42.822745,58.706154,36.984032,56.094975,43.823014,48.378298,49.712537,64.532542,48.214712
2022-12-21,45.45216,45.833258,52.955816,37.603408,54.736826,36.158097,41.258722,42.579274,59.612522,41.539529
2022-12-22,44.447734,44.916988,51.06375,41.069385,51.390901,35.544219,42.834328,42.579274,50.687293,38.44431
2022-12-23,35.038606,41.734202,46.428623,36.688745,47.735987,31.336641,39.357977,32.951773,41.912374,32.833321
2022-12-26,39.054195,45.01974,55.940012,38.196831,47.191932,40.558825,40.885247,48.022257,47.752737,44.761857
2022-12-27,42.661648,45.902927,56.372846,41.709325,43.640717,44.724154,43.36889,50.511437,53.617821,43.243836
2022-12-28,42.628782,45.615875,55.906879,40.767356,42.274618,43.967001,38.346385,50.054308,53.035814,44.976347
2022-12-29,42.466578,47.336915,59.125667,42.951925,40.096556,48.949033,48.284911,55.535122,51.008512,46.317409
2022-12-30,43.255161,45.725133,54.248954,40.899406,39.119343,41.447771,41.985331,56.44485,46.316762,41.916397
2023-01-02,48.815672,46.498428,54.4183,45.627687,38.734491,47.312089,45.829846,55.479833,47.079017,43.880925
2023-01-03,45.651536,53.92537,57.684454,45.269775,36.357975,46.833053,47.89023,55.58886,46.98063,41.829902
2023-01-04,39.955135,54.376437,47.582707,38.96909,35.504309,45.811375,45.267179,50.768499,43.386263,37.417217
2023-01-05,39.337254,53.766716,44.610789,35.238525,46.356108,37.913595,43.202164,50.702761,47.347276,46.906155
2023-01-06,44.067063,40.164425,43.125413,30.899033,45.111142,34.968455,38.710774,47.739396,47.177975,48.973046
2023-01-09,54.157523,53.854297,44.293733,41.368457,53.870903,36.865148,50.414136,52.478188,54.820763,52.691687
2023-01-10,48.159395,50.038462,36.655404,38.781095,56.94869,33.034126,40.876616,44.706627,51.392026,46.977066
2023-01-11,43.774522,54.42329,44.616066,39.198963,48.113725,35.989134,33.796539,45.774709,55.145882,45.162081
2023-01-12,37.547124,54.991479,47.298708,41.863028,47.610672,34.137474,31.910588,44.694972,61.097657,42.98247
2023-01-13,37.130019,58.916029,47.699929,47.921051,53.201216,41.482995,35.240012,48.475978,59.527419,41.758121
2023-01-16,34.691651,62.044367,43.33701,52.928338,48.761294,38.519201,33.994188,50.508213,55.601422,44.021676
2023-01-17,40.866912,65.663877,50.78949,55.856956,58.523836,38.483087,37.042685,44.027388,66.686921,47.148885
2023-01-18,40.381016,66.562058,57.955883,57.069199,60.660689,41.07097,41.834919,43.137753,71.986462,50.626549
2023-01-19,40.049601,63.937972,59.47751,55.268458,54.726297,39.686346,40.444573,42.15908,72.567356,47.146478
2023-01-20,36.473131,62.370991,63.046443,51.662924,42.36006,42.312202,38.177295,44.162734,67.296333,50.721451
2023-01-23,35.05691,66.896493,65.412004,56.770327,48.296013,43.168675,42.003252,50.628608,63.752671,54.941457
2023-01-24,33.432504,68.577865,69.312263,57.608244,48.784779,42.688396,43.353223,46.354394,58.508582,56.470795
2023-01-25,29.953501,67.448587,55.273407,54.988678,51.420282,35.72648,43.759412,33.534347,52.627314,56.864963
2023-01-26,29.953501,67.448587,55.273407,54.988678,51.420282,35.72648,43.759412,33.534347,52.627314,56.864963
2023-01-27,25.748263,63.961554,47.456863,48.179702,50.026547,24.362997,42.919536,24.666389,49.988924,65.109168
2023-01-30,30.923967,66.233614,47.096617,53.309488,44.431897,28.41737,41.093437,24.246088,42.700091,62.810812
2023-01-31,30.324362,54.060831,44.73594,51.887868,45.709852,33.533299,41.156163,34.719252,44.822288,69.988857
2023-02-01,28.897736,59.385871,50.74052,56.208505,45.383135,42.054782,40.59767,27.676405,48.593313,75.974921
2023-02-02,27.599639,64.085814,45.395642,62.951339,53.972146,46.623473,46.258653,28.126699,48.483679,82.939753
2023-02-03,28.149777,65.875123,56.660715,65.679176,55.693296,49.18206,54.446823,37.170583,52.341679,83.551762
2023-02-06,26.306585,62.455242,55.104172,57.126279,53.95056,45.188727,52.376289,37.7988,50.380478,84.362237
2023-02-07,25.732777,63.602434,55.561023,55.175488,48.603534,44.82009,50.478958,38.733376,52.082701,70.545748
2023-02-08,37.847167,67.623101,55.511382,60.635777,46.115468,47.880593,44.839406,40.240796,45.753033,71.677676
2023-02-09,38.804319,69.220935,54.604675,64.969603,46.737812,48.70092,40.981643,40.861614,48.962078,70.039295
2023-02-10,35.980865,68.64067,56.071701,62.602815,45.405545,45.544879,44.223093,42.246343,52.001437,66.393415
2023-02-13,34.146524,59.643577,56.361524,52.571302,46.03574,44.126929,42.62935,35.976794,58.399529,68.148169
2023-02-14,46.286328,61.392709,59.863613,57.206901,45.807929,51.561921,46.704444,38.107811,56.024521,74.348198
2023-02-15,55.061114,63.377223,58.739202,57.860199,40.952413,54.034885,52.338932,39.021266,52.73365,75.202643
2023-02-16,54.721451,66.729173,56.698371,58.708762,37.980805,53.315405,51.789719,38.091472,53.311882,75.358765
2023-02-17,56.273344,58.027401,53.914186,54.250531,36.433957,49.723815,47.470214,34.359747,60.923247,75.758077
2023-02-20,51.446535,56.109454,49.080601,55.980469,35.884477,44.69331,48.88076,32.177355,60.734568,76.077251
2023-02-21,54.645513,51.32146,50.953428,52.763718,37.070543,45.8673,48.820628,31.550186,61.333695,73.202616
2023-02-22,45.582862,45.611389,42.178914,48.648974,33.895116,39.447726,44.735362,29.007344,53.596977,74.138076
2023-02-23,43.961338,47.179206,39.683986,46.214894,33.420769,39.751473,39.936698,32.825901,47.040895,76.232311
2023-02-24,46.854597,45.635358,36.636164,46.20373,32.491879,39.729996,37.203894,32.8677,43.043176,72.043864
2023-02-27,44.437258,38.638259,38.051513,37.9931,30.239516,49.530379,35.334447,38.363058,40.069907,67.416671
2023-02-28,38.347785,36.948527,40.47991,34.518403,29.220167,48.738182,31.070979,36.023136,39.414399,59.598264
2023-03-01,42.357036,46.592715,40.088429,36.945481,31.088166,49.551074,37.165844,46.071743,40.823639,61.35344
2023-03-02,40.01415,40.682429,36.731415,33.217404,29.45867,48.244271,33.154887,44.475175,42.304135,57.142887
2023-03-03,49.930779,43.183032,47.648905,35.320146,34.747118,56.126958,47.761874,58.787086,48.951977,64.886904
2023-03-06,53.201667,46.657712,50.952722,42.937809,39.098781,55.625293,48.851607,58.994397,46.870062,67.068444
2023-03-07,53.201667,46.657712,50.952722,42.937809,39.098781,55.625293,48.851607,58.994397,46.870062,67.068444
2023-03-08,54.481969,48.920422,51.955217,40.069953,39.183666,57.992892,48.824767,60.42594,53.15519,69.944674
2023-03-09,45.481661,43.220688,52.003998,37.802512,34.301584,47.796537,52.66291,56.390938,57.26797,63.101699
2023-03-10,40.903741,42.636285,39.807252,36.214651,35.774145,41.34893,52.85748,49.431968,49.832418,63.494171
2023-03-13,36.741346,37.996979,35.518986,30.527034,33.695455,35.779767,47.754508,41.205832,45.512018,57.739968
2023-03-14,35.861708,32.754189,34.678296,28.528174,31.301552,37.029602,51.623432,39.33675,47.621065,53.039507
2023-03-15,32.096622,31.628338,30.520229,28.481633,25.659901,35.33934,43.531864,36.30989,53.67529,52.688657
2023-03-16,31.089095,30.645939,34.2992,26.418955,42.118088,34.575427,38.894858,40.663162,53.0546,54.884697
2023-03-17,30.827405,30.23124,41.419158,32.074269,39.978982,42.798036,45.497595,43.816912,56.948358,47.981845
2023-03-20,28.790708,27.683355,39.026579,29.561166,53.544227,42.923194,44.37792,39.316139,53.054515,51.59343
2023-03-21,41.769767,25.309551,44.620756,27.780703,45.169507,51.948905,45.642153,40.949142,58.271323,49.487131
2023-03-22,42.899655,29.624543,43.729806,27.580397,47.663695,55.642981,45.512588,40.815252,59.14167,50.429561
2023-03-23,39.458327,29.172647,40.696724,25.567704,49.245817,52.972256,49.723004,36.993735,57.429495,53.794889
2023-03-24,34.811562,28.852815,40.104695,27.918407,48.470348,51.270522,49.067324,34.10219,48.961079,51.274226
2023-03-27,40.608771,29.215243,42.552604,31.106525,51.921286,49.205466,48.627818,37.513942,46.734651,53.094833
2023-03-28,42.294959,28.656177,46.932058,29.204296,48.789187,52.569496,41.096462,36.641437,43.183857,52.461565
2023-03-29,40.710765,33.575697,49.407981,31.566959,57.062712,50.343858,38.740166,42.53893,46.173942,56.21152
2023-03-30,40.710765,33.575697,49.407981,31.566959,57.062712,50.343858,38.740166,42.53893,46.173942,56.21152
2023-03-31,54.902627,46.126216,56.191671,46.902371,61.4924,63.045359,42.962978,47.436465,49.873978,57.190648
2023-04-03,54.950842,45.314231,56.480619,42.913716,56.346336,65.422064,50.77839,49.35983,51.158396,49.831042
2023-04-04,54.950842,45.314231,56.480619,42.913716,56.346336,65.422064,50.77839,49.35983,51.158396,49.831042
2023-04-05,54.013295,51.933779,67.289312,46.809896,63.214553,65.734242,52.667046,46.873363,66.02334,59.649646
2023-04-06,56.252445,48.876098,69.656499,46.367076,59.436587,58.866407,54.295156,50.221921,67.998993,60.698815
2023-04-07,56.252445,48.876098,69.656499,46.367076,59.436587,58.866407,54.295156,50.221921,67.998993,60.698815
2023-04-10,53.063807,55.646553,66.174296,48.325389,52.547863,54.371295,56.908063,49.178209,72.048705,62.140947
2023-04-11,54.96824,47.738037,67.25653,42.096252,55.184156,60.963228,59.775594,53.63615,69.846893,69.599484
2023-04-12,56.664274,51.873947,71.612601,49.355849,51.472722,64.364015,56.946625,50.432701,66.38325,65.060141
2023-04-13,58.123573,44.658244,72.966345,39.856492,52.791331,67.622509,53.337122,54.033618,59.153834,66.999508
2023-04-14,58.123573,44.658244,72.966345,39.856492,52.791331,67.622509,53.337122,54.033618,59.153834,66.999508
2023-04-17,60.221395,38.806757,61.367732,22.810526,55.798238,68.490917,47.021341,61.566568,49.709676,71.125277
2023-04-18,53.656887,37.859615,58.625335,23.094591,53.276355,64.865807,47.112513,62.669598,50.207123,67.814214
2023-04-19,55.883287,33.69441,60.279335,20.947483,51.10007,60.99841,51.513974,57.351866,50.811625,68.056864
2023-04-20,54.444529,36.474518,61.944517,20.289077,43.248306,62.223473,57.465616,60.293805,53.47789,69.587645
2023-04-21,55.06227,45.542198,62.678239,21.482082,44.508017,55.636524,51.185778,58.695057,49.612728,75.952915
2023-04-24,56.978798,47.548829,66.200466,21.390444,44.950716,64.47655,47.304422,65.526403,52.498899,76.255874
2023-04-25,60.607341,47.727333,56.101406,21.2602,43.04016,67.639662,56.22342,68.998559,56.251464,78.134622
2023-04-26,56.63188,51.038325,58.285787,22.22549,48.225782,68.16597,56.765858,70.987236,61.144833,78.582891
2023-04-27,59.683955,49.483939,60.811364,28.853576,40.133638,69.381522,64.116633,69.30377,65.486565,80.847959
2023-04-28,66.961424,54.103361,62.56255,31.053118,38.211542,68.799129,69.579887,74.762626,72.172424,85.15407
2023-05-01,66.961424,54.103361,62.56255,31.053118,38.211542,68.799129,69.579887,74.762626,72.172424,85.15407
2023-05-02,69.937969,54.126633,62.391034,39.320457,37.217777,70.617794,61.819501,71.497747,74.152585,82.67117
2023-05-03,63.642922,47.311086,64.173582,37.685207,46.410368,70.925366,54.044123,66.494351,66.949582,83.91126
2023-05-04,67.799636,53.784391,72.436203,39.130387,51.077251,69.72019,59.033112,70.843284,67.023088,78.21821
2023-05-05,65.979839,55.236021,41.81725,36.16406,49.728741,72.054881,57.792144,67.37368,69.529526,80.533047
2023-05-08,70.143169,58.059349,46.314916,38.425322,53.178947,76.1802,60.959253,70.527068,66.340012,81.882126
2023-05-09,71.10927,62.264538,46.326825,40.214675,53.052889,72.496406,60.844845,61.431068,67.526635,67.58969
2023-05-10,73.191418,62.702366,48.203654,38.45659,54.65081,73.15545,62.095475,60.3522,64.805166,68.7788
2023-05-11,68.135871,61.692607,48.484444,36.794039,66.90482,74.415851,56.215621,61.060374,42.186174,61.07257
2023-05-12,68.714055,59.937505,52.189116,34.35558,70.697413,76.210655,58.135317,63.68681,39.622798,61.119894
2023-05-15,69.436706,55.749534,54.135406,39.559572,74.622305,76.897653,60.942786,65.676024,44.097708,67.402027
2023-05-16,58.846527,56.279235,51.427394,41.807601,75.846437,77.128326,53.582729,67.898111,41.565934,61.771762
2023-05-17,55.141925,46.67828,48.969874,37.424053,71.970843,68.530449,56.444362,67.898111,40.595167,64.775818
2023-05-18,53.820869,45.1924,50.842183,37.206742,63.522144,71.967871,60.266741,56.278137,36.773821,54.747905
2023-05-19,55.546663,49.676035,51.399287,45.826293,65.304842,75.155977,63.385942,56.901785,37.149199,54.89071
2023-05-22,58.31805,61.005194,49.537969,53.067226,64.486902,70.766696,60.28044,58.25191,42.431777,59.397993
2023-05-23,58.183256,60.685167,48.298292,55.030751,62.038857,72.120646,58.769771,61.166739,39.856799,62.975445
2023-05-24,53.921109,61.515439,42.006177,54.556103,58.76608,59.67747,59.601826,61.875344,38.209647,66.150845
2023-05-25,53.832085,59.403199,40.365407,56.212137,54.649703,58.98978,69.37799,60.312978,42.230764,70.880688
2023-05-26,66.898296,64.165197,42.772666,59.834695,63.274032,64.898014,65.567393,63.559044,44.944584,72.219497
2023-05-29,68.906158,62.265446,49.717871,58.618839,62.795527,62.614895,66.926511,68.770992,46.153065,74.998517
2023-05-30,68.699256,61.316568,50.13146,61.246611,63.696861,63.588649,64.596665,66.2756,43.818202,79.399076
2023-05-31,55.00498,55.460381,42.357675,58.881732,65.290634,62.80562,75.08721,64.352932,42.941959,73.640696
2023-06-01,53.479571,60.685352,40.565996,59.248143,69.295953,51.635902,61.410139,66.208411,43.4504,66.766808
2023-06-02,51.613624,56.854501,41.537945,57.841775,71.490619,53.048551,64.149445,68.884772,49.481867,68.76953
2023-06-05,56.128939,53.550424,40.932423,59.729086,65.855172,58.521777,63.022465,68.884772,55.876207,65.605053
2023-06-06,56.544891,44.17932,39.457531,48.817566,64.634341,54.801888,60.149078,66.350997,57.531404,66.887936
2023-06-07,60.184059,51.113435,43.121294,52.46644,68.068384,53.310793,65.162154,68.913621,63.300565,67.584387
2023-06-08,60.468498,45.606654,43.564373,50.089528,59.111099,51.484514,60.586827,67.90105,66.534063,66.214953
2023-06-09,55.435596,42.153234,44.449936,44.183184,50.496232,51.600997,59.22968,55.587263,69.208293,60.609785
2023-06-12,55.926609,48.023236,40.886419,53.328131,51.752504,49.798923,60.320884,55.531987,63.64664,58.802815
2023-06-13,63.209127,47.580686,42.259841,57.084963,57.011155,55.813252,59.124942,52.976341,65.51741,65.112673
2023-06-14,68.016527,48.748901,41.585441,55.427557,60.293075,52.472739,55.343673,53.131165,65.6032,63.988548
2023-06-15,68.117806,47.083939,34.844185,50.592717,58.391766,42.769166,56.169139,42.930397,66.466682,66.481377
2023-06-16,71.561617,41.241826,44.943554,52.194188,62.084005,48.656446,59.866886,48.010886,67.245945,69.626201
2023-06-19,63.90368,47.282147,45.558277,52.989315,59.775963,41.90658,54.019805,45.792661,67.108502,69.930023
2023-06-20,64.744827,49.980713,47.080642,56.132363,58.174716,43.732319,55.499218,44.456316,69.446789,68.81804
2023-06-21,65.907146,54.411405,57.752461,54.443396,58.258871,43.214307,59.12148,43.466967,71.200776,60.770018
2023-06-22,57.711197,51.253561,60.212539,47.656553,53.132369,44.095256,60.795738,40.336991,74.013856,61.274589
2023-06-23,52.632774,47.888061,60.165401,42.368199,50.395797,42.571196,65.588772,33.883743,65.566386,57.429993
2023-06-26,48.389653,44.126722,56.384423,44.511726,52.562706,46.093662,63.600015,37.065166,62.134045,58.351884
2023-06-27,48.59886,45.457288,63.53887,47.941706,52.386572,52.905726,68.30307,47.176674,63.914154,57.504924
2023-06-28,55.699762,48.558154,67.861556,52.991169,54.550344,53.885229,70.608433,50.666465,68.91939,61.741139
2023-06-29,55.699762,48.558154,67.861556,52.991169,54.550344,53.885229,70.608433,50.666465,68.91939,61.741139
2023-06-30,59.748671,60.916596,73.169224,64.758909,58.301992,51.274241,72.676422,53.597239,75.343814,63.947805
2023-07-03,69.284628,55.92432,76.247682,64.021874,62.78475,57.465473,72.80226,63.297771,69.220247,72.72105
2023-07-04,62.697926,60.209981,77.515943,66.624153,62.453134,58.983361,62.032785,65.631284,70.167562,74.499296
2023-07-05,61.701688,61.436315,56.341353,67.105296,71.172624,66.861508,62.66995,66.447436,71.260519,78.716691
2023-07-06,68.567173,61.773516,56.735448,65.49722,71.333032,67.567685,63.972205,67.613159,73.351615,76.839838
2023-07-07,67.33318,62.533031,52.363593,59.328437,55.601377,55.698638,64.329554,68.29982,62.544969,68.748858
2023-07-10,76.359085,52.413698,51.213732,58.870775,47.634176,56.951529,70.265224,66.910891,59.975111,65.314985
2023-07-11,78.250521,52.478746,48.859097,64.355759,52.558791,54.10885,72.414535,61.459856,65.178886,69.943368
2023-07-12,78.441598,50.417413,44.618983,57.823275,50.570569,53.649133,70.762058,62.035565,60.53824,68.792274
2023-07-13,72.848692,61.04838,47.220949,65.631845,47.211469,60.983919,66.646417,57.295478,59.422477,68.364673
2023-07-14,72.332568,74.005388,48.312029,75.122957,51.293206,63.385951,67.253346,55.703981,62.820285,68.987487
2023-07-17,76.667206,70.668257,57.814002,74.0374,52.154593,67.650842,60.396526,68.352307,61.948214,68.105028
2023-07-18,78.225269,70.984462,57.351929,79.573747,52.362601,70.53511,58.374517,58.867633,62.896776,68.22441
2023-07-19,79.5504,66.940436,59.255755,79.486432,49.980918,68.58391,54.866031,64.40033,65.913584,72.856208
2023-07-20,78.720602,67.110328,60.175259,70.949188,56.062791,76.377741,62.204943,68.68695,64.619061,79.572539
2023-07-21,61.177526,54.401408,55.381417,46.195716,39.743305,76.770005,62.737138,70.902588,75.748229,76.951568
2023-07-24,53.107376,56.851406,56.148357,47.039565,36.970012,72.161062,63.764482,71.98073,77.263894,55.022954
2023-07-25,52.873393,57.262797,61.094201,46.72393,35.606761,73.100223,60.033898,63.92794,66.773669,48.037826
2023-07-26,57.916385,55.848793,58.779722,49.332925,38.656798,73.719078,63.011695,66.694446,74.070012,54.827713
2023-07-27,54.277921,56.760205,52.418446,50.126657,36.982094,67.770547,65.759161,67.37414,75.034957,49.760658
2023-07-28,57.364959,51.261094,43.795138,47.756527,40.049425,70.251429,65.713463,66.849418,72.807324,52.015845
2023-07-31,59.849063,58.201951,46.267255,50.76869,36.926125,71.097031,60.967029,69.007088,75.177023,50.058525
2023-08-01,54.127699,60.974744,49.6874,52.607848,35.704059,67.411977,61.962745,60.477847,72.051226,49.40339
2023-08-02,50.272927,59.393981,43.780495,50.811135,39.661483,60.56094,51.094292,49.833164,68.970294,46.016112
2023-08-03,48.815805,54.010379,40.925787,52.374008,37.221894,46.015416,46.909061,44.795645,64.076226,43.263479
2023-08-04,53.490547,58.36423,48.16011,55.261113,36.495854,49.301256,57.439081,36.256184,67.088017,42.519517
2023-08-07,55.356569,61.966133,47.905256,58.112371,41.842967,52.233078,58.30725,34.060895,67.991131,42.483746
2023-08-08,52.925786,60.106479,47.520433,57.359914,41.302191,54.567932,54.223154,37.956679,67.175028,40.607935
2023-08-09,55.230917,58.958831,47.721395,58.23355,39.085572,55.017333,53.088481,38.446305,69.258595,46.851624
2023-08-10,56.780118,56.05611,43.354735,56.656086,36.678359,49.364415,47.486208,38.396129,67.33673,41.683071
2023-08-11,58.259619,56.808234,38.894156,51.743342,31.912506,43.122506,47.334392,38.826186,66.117131,39.635767
2023-08-14,62.181577,56.932669,36.994937,56.816247,39.504554,47.389114,45.157964,32.33525,68.727831,40.110914
2023-08-15,62.181577,56.932669,36.994937,56.816247,39.504554,47.389114,45.157964,32.33525,68.727831,40.110914
2023-08-16,61.712415,58.073123,35.789033,62.125377,44.014994,45.583861,39.135619,36.529461,72.327379,41.360042
2023-08-17,53.956307,53.993981,33.558416,59.915624,42.383211,42.792198,38.997004,42.287126,62.70774,34.527699
2023-08-18,56.90789,43.923563,31.978712,53.239961,45.080016,42.218083,38.731017,42.942929,60.342327,35.336051
2023-08-21,51.619708,49.071716,31.67231,57.004309,46.940589,45.78231,51.228341,42.137267,63.217392,42.562063
2023-08-22,51.508437,46.47816,29.988881,56.51725,47.668558,43.738871,54.830676,40.064967,65.418532,48.999009
2023-08-23,52.028052,48.880444,32.214245,57.512302,49.679473,53.999789,48.41264,47.380479,69.957493,45.746306
2023-08-24,44.289046,47.386659,30.274491,61.085908,51.433473,55.24294,49.287363,47.421573,63.179091,46.201765
2023-08-25,42.452627,46.447598,26.141185,59.87307,47.088152,56.124635,52.017249,42.42133,53.711307,40.1168
2023-08-28,38.736278,45.580517,34.881809,58.288433,45.261754,56.220676,49.773024,45.008275,60.929237,38.699113
2023-08-29,35.548455,45.694354,40.716946,58.816028,39.111907,53.850165,40.68226,46.78412,63.47123,37.741559
2023-08-30,35.241449,48.555476,37.382546,63.20176,40.811846,47.091528,42.583112,41.418721,61.650077,41.006501
2023-08-31,33.734139,42.934635,35.429679,63.273892,35.817437,46.983846,41.8191,37.643183,60.46704,38.509486
2023-09-01,35.258845,47.248197,37.018026,65.325491,35.773581,54.425292,48.8156,44.965631,60.34831,40.216748
2023-09-04,34.959883,53.840848,41.698987,69.905436,35.143945,53.33146,48.389065,49.626768,61.56778,37.285099
2023-09-05,38.665233,55.494562,38.667031,72.450298,37.124435,54.104042,48.833492,47.774816,64.428078,44.195695
2023-09-06,40.117687,55.581365,47.450929,71.763636,42.618695,45.654743,58.148066,45.96384,63.842622,48.905522
2023-09-07,41.089766,59.504885,52.867724,66.497445,39.034645,51.725283,54.442089,52.58382,75.130486,47.371361
2023-09-08,45.746036,56.666129,56.789527,67.278946,41.14354,54.981235,60.205278,55.598496,78.561791,44.237669
2023-09-11,52.355042,62.289563,59.234552,68.855234,47.993068,59.593296,62.596142,60.650218,77.027437,49.294738
2023-09-12,44.457333,72.29604,60.688953,73.754865,39.703503,65.626617,62.27058,57.775728,79.880868,53.257876
2023-09-13,47.374756,69.719839,62.658149,72.386748,41.927519,65.029031,71.981276,62.414286,72.61087,55.486962
2023-09-14,47.918084,68.144792,62.178946,74.01039,40.719739,63.170891,71.820443,62.875144,73.436886,51.492056
2023-09-15,49.06347,71.540285,67.261598,74.870822,34.868839,65.567611,77.548155,63.720614,71.4683,49.753459
2023-09-18,44.146225,72.195293,53.763741,65.002799,40.480623,63.460869,66.582886,66.538244,72.365295,53.65086
2023-09-19,44.146225,72.195293,53.763741,65.002799,40.480623,63.460869,66.582886,66.538244,72.365295,53.65086
2023-09-20,34.091601,72.170848,36.69576,64.23416,36.306908,60.40943,60.658152,63.37902,66.007733,54.643367
2023-09-21,31.614037,67.075668,34.81088,67.321647,38.348073,41.015684,63.33921,51.430129,66.986114,47.94774
2023-09-22,30.269089,69.149892,30.897235,64.405906,41.189423,36.89366,59.40072,58.012981,68.956881,43.33142
2023-09-25,28.356592,62.979298,31.370517,54.432414,39.758309,41.173506,58.799582,54.737273,65.441865,42.8268
2023-09-26,29.039136,64.092608,33.776777,49.379205,40.798645,37.692541,59.80707,54.971064,66.593739,42.666275
2023-09-27,37.321688,64.575651,31.825205,51.652725,47.92329,35.337291,63.005169,51.188874,71.868782,51.424342
2023-09-28,32.016747,53.303148,31.257919,42.693577,38.793854,35.12627,65.141565,51.343968,75.444046,42.631754
2023-09-29,35.127186,51.793056,32.330098,41.566217,40.345919,42.057866,65.440064,57.583721,76.417044,46.88167
2023-10-02,35.127186,51.793056,32.330098,41.566217,40.345919,42.057866,65.440064,57.583721,76.417044,46.88167
2023-10-03,31.066505,48.88621,28.687626,41.109882,41.428501,36.42747,64.500508,60.583148,79.818706,42.256431
2023-10-04,30.500858,53.445534,37.60617,45.693124,52.407701,32.311276,63.562389,46.998748,69.880875,39.003544
2023-10-05,30.493395,61.44247,39.938836,52.967676,55.128547,40.003863,65.902191,51.164998,74.927278,38.959259
2023-10-06,31.895284,65.416142,39.502751,57.825285,49.843477,42.822537,63.240203,52.593347,74.464992,46.87651
2023-10-09,28.734588,67.333607,35.172148,56.486263,52.725947,39.769705,61.800054,46.246217,70.668499,45.120116
2023-10-10,32.439933,65.164399,38.67036,62.19991,53.900655,47.469066,72.500682,50.821593,70.778286,49.824395
2023-10-11,43.802151,60.915223,44.229187,61.866826,62.200081,48.537362,74.81505,48.578142,71.885286,53.966445
2023-10-12,44.98475,48.774386,47.771793,50.619031,62.309146,49.210637,70.207196,47.020213,70.315429,56.431231
2023-10-13,44.961417,53.012233,43.663007,41.063125,64.592187,47.494116,71.589116,40.93477,71.083586,53.473717
2023-10-16,43.675517,46.20476,41.967516,42.091324,61.027013,47.560931,65.125065,40.648607,72.29333,54.134639
2023-10-17,47.148077,43.99468,46.210265,44.95269,60.335394,49.296924,68.011959,41.354993,63.953525,58.855531
2023-10-18,39.778865,41.504629,40.337537,44.411695,57.74599,43.063636,67.33558,38.981838,59.644864,56.356732
2023-10-19,36.28972,38.798328,39.138791,42.415362,57.695383,38.889705,59.455807,38.083775,60.852333,54.622379
2023-10-20,34.984555,45.397878,42.165758,40.592692,43.272128,37.424816,60.584736,33.448029,52.732897,41.355155
2023-10-23,29.221154,36.261569,37.841099,35.780546,40.852346,36.059569,56.168213,28.728906,44.511559,39.315366
2023-10-24,29.221154,36.261569,37.841099,35.780546,40.852346,36.059569,56.168213,28.728906,44.511559,39.315366
2023-10-25,28.426852,34.356594,35.437732,30.999126,39.489393,29.81915,45.322359,32.277157,39.00519,36.529228
2023-10-26,24.185813,29.861357,28.646685,28.861909,39.284419,27.102199,37.36601,28.023921,33.550499,38.932313
2023-10-27,36.862111,32.396661,31.116218,37.946317,41.342146,30.837078,43.09145,40.919064,40.085779,38.363493
2023-10-30,47.990495,37.152155,37.570775,37.13987,40.517623,40.556559,49.46084,44.010885,43.97544,35.308036
2023-10-31,43.62822,36.179005,35.632057,35.037806,42.516419,36.245008,44.059123,44.282267,44.404604,33.521916
2023-11-01,45.681639,32.60345,35.177438,31.840607,39.24453,35.688806,43.647555,44.979724,40.253149,33.256804
2023-11-02,50.355599,37.726577,36.164217,38.613737,50.656052,40.175786,49.237674,49.54117,44.058192,38.575921
2023-11-03,50.253474,36.785853,39.26189,45.502917,56.697326,49.145411,52.597439,53.909009,43.168669,42.003179
2023-11-06,54.121227,41.773986,43.774232,50.054157,53.0081,55.22646,56.403005,50.927141,52.789092,45.290546
2023-11-07,50.773098,40.621407,41.533133,50.367423,52.712011,56.500645,55.244242,54.756901,50.749944,42.051357
2023-11-08,53.25232,42.554715,43.384528,46.21574,58.701026,49.439224,55.006756,55.140901,55.362641,48.422495
2023-11-09,47.818704,38.416444,41.44539,41.706345,46.810275,50.305731,52.341609,53.41005,58.726258,45.210671
2023-11-10,48.784387,36.832808,44.11275,40.156525,49.361483,51.012147,54.057791,54.32071,59.693675,48.323091
2023-11-13,48.717466,36.612248,43.136084,41.990296,47.278797,48.54501,53.727072,55.816845,61.459829,47.578512
2023-11-14,48.717466,36.612248,43.136084,41.990296,47.278797,48.54501,53.727072,55.816845,61.459829,47.578512
2023-11-15,58.036525,49.928581,50.482443,54.658255,49.696337,52.788371,61.848096,58.660526,63.462785,56.070945
2023-11-16,58.854243,61.212641,52.167546,62.802421,51.101233,49.422168,61.499396,58.599892,60.616729,51.124089
2023-11-17,57.394753,61.670043,50.640569,60.309866,60.425279,41.512605,59.687284,39.573783,67.247642,51.953996
2023-11-20,55.606949,63.402888,50.688374,59.978513,53.851991,41.311359,66.37382,40.250844,63.243508,48.343922
2023-11-21,61.726279,61.754953,56.478848,60.567923,53.515421,44.669834,69.969016,38.74804,60.56162,47.545266
2023-11-22,63.434666,63.899489,53.607758,64.925572,57.486154,42.770872,69.043644,37.059241,61.500589,52.811746
2023-11-23,64.764144,59.926986,57.387832,61.591965,56.857893,42.965733,71.58251,38.196834,54.612191,53.753719
2023-11-24,64.213013,51.82316,61.551948,57.207642,55.327443,47.860129,68.513012,38.67424,55.861485,49.572518
2023-11-27,64.213013,51.82316,61.551948,57.207642,55.327443,47.860129,68.513012,38.67424,55.861485,49.572518
2023-11-28,64.323041,53.67664,59.401414,58.731412,53.670017,45.123492,73.017785,43.832528,54.993958,45.470449
2023-11-29,65.751787,59.309393,69.535343,63.227882,57.904932,55.115978,76.283165,48.549755,60.2707,48.949454
2023-11-30,56.723605,54.990546,69.321568,61.332885,63.047673,51.768141,80.866682,44.791436,63.724569,46.64831
2023-12-01,60.912476,58.018367,67.160871,60.090811,66.893385,58.609761,80.866682,52.058253,72.08786,64.579629
2023-12-04,66.310321,58.119303,78.580222,63.460239,73.286712,73.779399,84.205119,67.26952,79.694914,68.086224
2023-12-05,69.394566,60.563369,80.51274,58.842708,60.561559,78.101107,82.668837,72.764068,79.786627,64.37208
2023-12-06,72.943666,68.143186,81.040916,64.314458,61.375343,72.224154,77.073975,72.836567,83.109801,72.46115
2023-12-07,71.397164,69.096059,81.391946,60.725616,49.120173,69.865167,60.785446,74.045362,76.630564,65.309899
2023-12-08,70.877682,70.146762,84.111752,66.734606,50.001701,72.556662,60.87648,74.950345,77.79147,55.127671
2023-12-11,71.496129,71.575556,82.850658,65.600128,46.045731,73.881672,61.109854,74.988663,78.167162,57.743581
2023-12-12,58.399765,73.991782,73.949564,60.405043,45.857208,73.031069,57.65323,72.770087,70.575076,58.259798
2023-12-13,60.580534,59.370969,72.068379,50.961872,48.180344,71.885177,59.69209,75.866587,74.151007,60.308172
2023-12-14,66.372012,66.132942,75.55289,63.030332,49.319418,76.282533,61.941271,77.285491,75.975109,63.659762
2023-12-15,71.129083,76.97979,76.598148,73.380849,51.025612,77.017568,54.171531,83.889108,78.650054,61.280471
2023-12-18,74.292055,76.733958,76.132551,69.551909,54.218697,67.443649,52.872907,83.940217,78.816619,53.813432
2023-12-19,78.071087,70.907207,74.525642,67.908786,59.856061,64.210135,51.825838,85.323782,79.173851,57.593971
2023-12-20,68.963468,66.346052,75.346219,62.18197,58.864889,59.689971,43.179554,67.997788,66.045293,52.309374
2023-12-21,72.862948,66.819721,80.297402,62.078963,57.487198,58.554948,46.772833,70.484234,66.465841,52.721632
2023-12-22,73.119782,69.113511,71.98851,66.139952,62.421161,53.625555,52.684623,65.249038,70.24512,56.125049
2023-12-25,73.119782,69.113511,71.98851,66.139952,62.421161,53.625555,52.684623,65.249038,70.24512,56.125049
2023-12-26,74.571295,65.04845,74.250101,60.81867,64.379638,53.981437,57.522213,65.796203,71.094829,57.312931
2023-12-27,75.534385,66.225297,77.730469,64.56894,68.875628,57.146693,65.415483,69.916447,74.58035,57.950526
2023-12-28,77.48576,64.535619,78.029558,63.314426,72.868951,58.708073,69.802608,70.93973,70.19569,64.158978
2023-12-29,70.787662,63.531574,78.662625,57.934399,76.678843,53.372052,67.139752,63.329199,70.762797,61.370906
2024-01-01,71.470987,65.122897,72.400175,59.519308,73.296502,54.706848,57.148541,62.786104,70.662605,66.091756
2024-01-02,74.110386,60.631645,72.610781,55.039616,60.503567,46.017685,60.041124,61.250778,56.888722,67.733326
2024-01-03,65.47338,48.761226,59.747296,45.400254,58.554934,46.969702,64.11269,63.286236,57.120589,72.097492
2024-01-04,67.396842,46.108899,64.400473,50.2021,54.879385,48.649387,67.470676,62.665838,59.054629,70.826578
2024-01-05,68.939324,53.818033,60.755617,54.010973,60.168436,52.101474,66.781882,61.91887,64.922923,67.152392
2024-01-08,63.025727,47.662969,53.665463,51.910769,50.481956,46.135249,67.456236,49.938104,61.784527,56.303499
2024-01-09,61.124893,48.888225,49.379296,53.216844,50.788143,45.066462,71.399257,48.848754,66.397581,55.223286
2024-01-10,70.770478,51.336675,51.147667,51.057187,50.263756,52.126419,70.330071,46.363983,64.792812,53.761763
2024-01-11,76.940808,53.66018,48.80621,45.607682,42.064334,51.115776,70.369893,45.309998,58.835948,52.976663
2024-01-12,78.461715,65.327718,46.247289,64.454507,43.929218,56.957526,73.780346,54.863259,64.383583,57.173432
2024-01-15,81.328608,66.6186,56.253961,68.371925,50.369714,59.628898,78.841284,58.637639,60.828747,58.069052
2024-01-16,72.650192,61.618638,57.948037,64.38141,49.509854,59.131014,74.953583,56.148414,63.402068,62.481597
2024-01-17,67.461986,63.247264,30.019966,65.299475,48.170549,45.246234,68.954198,48.582844,63.028662,54.931727
2024-01-18,68.640153,64.500414,25.266081,65.56469,45.018794,47.483875,69.399997,50.110362,65.197211,53.5861
2024-01-19,68.43086,68.820569,24.029139,67.419433,49.198885,53.23361,76.923746,49.729933,69.093871,59.424821
2024-01-22,68.43086,68.820569,24.029139,67.419433,49.198885,53.23361,76.923746,49.729933,69.093871,59.424821
2024-01-23,53.67384,58.449133,20.739566,63.354582,25.075074,63.885867,81.508846,36.495226,55.420552,45.829348
2024-01-24,57.553515,56.665174,27.761749,67.473236,36.710854,51.301705,84.682219,45.58412,58.939276,50.157678
2024-01-25,59.737006,53.309764,25.941198,65.960497,35.511349,54.757998,72.373883,42.809862,59.323965,43.273409
2024-01-26,59.737006,53.309764,25.941198,65.960497,35.511349,54.757998,72.373883,42.809862,59.323965,43.273409
2024-01-29,75.083125,52.250319,30.884815,62.724615,38.32971,56.887216,72.625006,49.376817,68.53777,38.736162
2024-01-30,63.916303,52.196223,29.763545,61.388355,40.795954,57.055964,71.102392,51.60628,59.13127,31.574989
2024-01-31,66.442479,53.951868,34.293398,62.948163,44.628281,60.775555,73.186717,58.694854,45.352467,35.405642
2024-02-01,66.445819,58.065809,35.230076,61.851899,43.573759,59.30052,65.014332,61.82616,40.007338,36.873694
2024-02-02,70.376155,67.301984,32.571898,67.584025,40.829374,58.712224,64.854383,62.678447,38.688853,35.092321
2024-02-05,65.413279,67.778996,32.402438,65.78064,36.885954,58.440809,52.017611,58.006202,36.655936,33.8047
2024-02-06,62.557695,76.397814,32.298054,71.422386,38.215855,59.607257,57.055367,61.383813,44.24462,29.963868
2024-02-07,64.680429,69.889,30.313748,62.104971,38.102234,57.078823,57.114479,70.218208,42.290336,30.475558
2024-02-08,65.839529,72.335544,26.926912,61.704306,36.996809,42.184086,59.022538,75.972253,38.610816,25.085442
2024-02-09,67.375663,72.285659,27.106212,56.310197,38.617832,51.130683,52.063206,80.306024,37.953067,26.324546
2024-02-12,64.89123,70.581478,25.443503,58.171013,33.573449,45.910911,51.599456,70.996233,36.427252,22.650944
2024-02-13,66.887116,72.14804,27.020886,58.950402,35.540164,54.102004,51.329456,72.110071,38.755328,22.611663
2024-02-14,69.287269,65.686638,25.654772,54.445273,34.73765,55.000021,50.657725,77.198789,37.904047,28.978988
2024-02-15,65.882489,65.893033,35.746524,56.428774,30.230018,52.68418,52.288271,79.642873,37.290091,25.393078
2024-02-16,62.790853,67.59303,37.527358,60.988393,36.102655,54.914447,52.021093,76.274904,46.553946,26.291791
2024-02-19,65.149386,64.227879,36.998784,60.47659,38.807823,61.054838,59.150452,76.957022,42.855257,32.14009
2024-02-20,64.178573,55.365139,47.565492,56.574403,42.53947,62.399906,59.659318,77.089541,44.564396,30.381504
2024-02-21,63.047782,51.286246,44.306289,49.525561,43.199722,63.274127,57.862827,78.846622,39.967258,28.895057
2024-02-22,65.790686,59.192354,40.445176,54.794629,40.060285,66.123753,55.915228,75.772383,46.589028,41.365166
2024-02-23,67.955704,55.632465,40.743081,53.740878,41.505884,65.411984,51.693797,72.070682,48.775406,39.324397
2024-02-26,65.584251,50.83065,41.255525,49.905146,43.96787,61.779634,45.736505,71.9878,55.446787,37.872974
2024-02-27,64.935468,58.617965,40.775308,50.688188,44.229505,63.618222,52.314311,66.979814,58.045374,39.987278
2024-02-28,54.52291,59.588366,38.370357,52.462612,48.254565,56.757493,52.756066,63.138169,54.619362,37.954232
2024-02-29,55.83738,57.21979,37.056657,53.092233,46.210098,58.807785,50.576128,64.794928,55.196792,36.549849
2024-03-01,62.839022,57.142869,46.113419,48.11906,45.62494,68.198673,52.663143,70.214251,65.288811,40.352764
2024-03-04,65.695158,55.675888,46.702216,44.06734,48.920168,69.37941,54.518714,70.879325,65.87013,40.029807
2024-03-05,63.228339,48.883921,49.200753,38.019332,43.775363,67.257675,65.316861,73.494679,62.586858,37.637311
2024-03-06,63.797626,53.529498,49.745508,41.15014,44.047135,69.380145,70.585611,73.464817,64.364587,39.86773
2024-03-07,55.798369,57.093407,50.880041,40.928478,49.260537,64.805994,71.705519,74.39453,66.384068,46.745302
2024-03-08,55.798369,57.093407,50.880041,40.928478,49.260537,64.805994,71.705519,74.39453,66.384068,46.745302
2024-03-11,51.932234,58.246067,44.753385,37.548859,42.061024,60.156022,70.106078,65.229249,62.11372,42.628428
2024-03-12,54.370123,63.599771,54.900225,41.595617,39.605389,59.240561,71.778961,57.753641,59.948641,38.296058
2024-03-13,42.889431,58.593643,55.13779,41.234493,29.288329,61.652627,56.092325,52.041707,51.475266,55.862555
2024-03-14,42.732137,62.859361,53.374584,53.090928,35.373218,61.45954,62.516125,49.420407,56.965594,53.319635
2024-03-15,39.760085,63.660859,52.354755,48.26085,34.374113,59.593241,67.541226,45.757401,50.66772,52.811114
2024-03-18,46.220372,56.18001,49.932828,41.6348,30.627517,59.935918,68.490447,45.381299,52.578857,51.232447
2024-03-19,42.903424,42.172098,51.149583,34.860821,26.875986,61.085706,69.051345,42.546827,47.659646,44.390482
2024-03-20,48.118052,41.762439,44.666549,33.923086,24.434245,61.324832,69.70821,48.570423,48.359221,49.98971
2024-03-21,50.037193,41.956936,50.134101,33.885334,24.552441,59.395705,64.973209,52.069539,52.644968,54.447266
2024-03-22,51.128514,37.837969,49.103244,27.779114,28.806584,63.308796,68.207924,53.094224,57.055458,59.584848
2024-03-25,51.128514,37.837969,49.103244,27.779114,28.806584,63.308796,68.207924,53.094224,57.055458,59.584848
2024-03-26,47.160955,35.65298,42.94165,25.868867,26.766552,58.253242,58.748906,49.681225,60.87906,58.5942
2024-03-27,59.927505,33.378328,48.986072,24.868469,26.729573,58.28049,61.661591,46.419428,63.320124,58.865539
2024-03-28,57.871812,37.529758,51.585234,29.599571,34.706148,63.207701,62.585584,55.332554,66.848849,59.153828
2024-03-29,57.871812,37.529758,51.585234,29.599571,34.706148,63.207701,62.585584,55.332554,66.848849,59.153828
2024-04-01,57.52037,42.294908,59.16021,29.208974,41.196617,66.278853,57.802293,57.871166,71.016241,56.97098
2024-04-02,58.075075,39.64221,61.901261,27.327105,41.429403,52.552688,54.194233,61.111432,67.256256,55.828129
2024-04-03,52.831574,46.593923,62.505078,26.999984,37.170924,50.128711,59.424587,62.876649,64.268406,54.920752
2024-04-04,50.079589,51.859691,72.422342,29.499187,37.123155,51.1301,52.456523,55.963845,65.293289,51.521875
2024-04-05,49.18114,49.59791,75.766967,28.193404,37.81178,53.880024,47.421261,58.25628,58.832462,57.120856
2024-04-08,56.821825,48.957381,74.459877,27.775297,38.536887,56.073804,51.733878,59.726971,63.439989,58.776549
2024-04-09,49.856765,46.450138,74.769747,35.55861,37.409619,65.462585,51.650613,57.219623,60.878833,54.738114
2024-04-10,54.172092,50.454344,69.120122,40.133067,36.628332,66.376557,58.780108,63.239078,57.343285,64.782499
2024-04-11,54.172092,50.454344,69.120122,40.133067,36.628332,66.376557,58.780108,63.239078,57.343285,64.782499
2024-04-12,50.258344,52.273877,61.441036,34.840434,30.192998,62.307843,57.268847,55.467552,49.630436,55.544344
2024-04-15,49.537074,45.768152,52.660269,31.475194,24.095533,46.362731,56.859924,50.825054,43.019828,50.764347
2024-04-16,49.845444,39.719567,56.662273,23.550445,34.116286,41.412063,53.525934,47.974959,38.936828,50.764347
2024-04-17,49.845444,39.719567,56.662273,23.550445,34.116286,41.412063,53.525934,47.974959,38.936828,50.764347
2024-04-18,49.307154,38.781027,51.602916,25.495046,32.983515,36.741154,67.130367,44.529677,39.803357,43.005331
2024-04-19,51.598464,35.76427,61.029247,24.381872,39.08241,43.697925,71.384671,47.833273,37.324067,49.905854
2024-04-22,55.250712,41.060482,55.008005,32.865649,42.408508,52.873885,72.779919,55.702831,47.513811,50.507436
2024-04-23,47.162066,42.405502,53.635507,36.319022,48.862525,54.360319,78.6532,58.663648,47.290024,54.664817
2024-04-24,44.064969,38.333872,54.719908,34.042328,48.178451,56.997729,76.298538,58.706707,49.758357,54.286977
2024-04-25,48.003397,41.276102,54.402447,36.859553,40.922876,63.017186,76.590288,71.411922,51.486802,62.363096
2024-04-26,45.395412,38.39831,54.064614,35.138307,39.151703,59.90941,71.366483,65.193239,46.806203,64.287591
2024-04-29,50.282752,44.943999,59.659155,36.880303,40.321994,72.808155,72.396213,71.169852,49.840218,61.787838
2024-04-30,51.030067,40.269765,56.145321,33.795843,41.840713,68.386556,68.237492,71.039536,45.959729,58.327647
2024-05-01,51.030067,40.269765,56.145321,33.795843,41.840713,68.386556,68.237492,71.039536,45.959729,58.327647
2024-05-02,50.828147,45.887757,59.703199,32.443959,40.694896,63.373671,60.93787,71.945144,46.586707,61.603757
2024-05-03,38.854316,43.816904,54.725129,33.315203,38.184635,64.0476,52.162692,72.288934,37.583058,57.874042
2024-05-06,34.915218,52.772938,55.684579,37.798006,51.750338,65.175506,53.776554,59.110555,34.922074,55.463256
2024-05-07,30.731293,58.132248,49.565307,44.137942,72.329479,58.480885,54.533684,56.350641,32.507902,61.197301
2024-05-08,38.267454,57.887899,42.416016,40.141632,63.281568,54.738582,55.237108,59.427993,39.941163,61.811954
2024-05-09,32.77448,55.773316,34.419049,44.958041,60.033906,51.809931,50.702707,62.320941,28.043537,43.614208
2024-05-10,37.993838,48.25889,38.012323,40.736528,64.707659,52.318002,57.965245,61.044906,27.874344,51.579706
2024-05-13,36.897822,53.718198,43.82163,40.332822,64.290678,56.338886,52.992753,56.683024,30.406519,50.191388
2024-05-14,43.36739,48.913049,45.624555,40.87676,61.797039,53.060479,52.466612,60.061798,39.192129,48.189217
2024-05-15,42.344889,46.896601,40.157999,39.406638,56.208871,54.514377,59.230209,60.797463,42.120005,46.426691
2024-05-16,45.641166,51.915626,46.807553,52.376275,59.207148,57.040994,66.325512,56.352552,46.420467,50.195325
2024-05-17,49.207904,45.533986,47.910932,49.297282,54.584244,56.762192,66.096733,58.652778,45.690016,54.750236
2024-05-20,49.207904,45.533986,47.910932,49.297282,54.584244,56.762192,66.096733,58.652778,45.690016,54.750236
2024-05-21,49.366121,44.223107,46.375139,45.795534,52.569378,51.676955,66.035821,63.49361,44.875256,53.011225
2024-05-22,57.578193,45.653489,46.514485,53.0954,61.485723,46.999957,66.826491,64.140066,46.944271,57.906669
2024-05-23,64.076536,52.486916,56.64538,58.255529,63.534917,56.964592,71.937236,68.5836,57.656406,59.207901
2024-05-24,61.750402,47.852502,62.308189,55.526883,60.543989,55.734818,74.293965,66.265263,60.452542,52.947354
2024-05-27,56.425743,47.600201,64.443039,57.368002,62.715294,54.663361,72.413044,67.964591,62.185549,47.963
2024-05-28,52.899371,46.82424,65.012142,55.660784,64.283954,53.203134,66.594309,66.169841,62.604755,45.508893
2024-05-29,47.94658,42.997285,57.195789,49.697132,59.017597,42.5003,67.859489,60.440287,59.905464,47.754435
2024-05-30,43.42602,36.938771,58.770785,42.533669,54.340321,47.803105,67.870347,61.781932,59.893569,41.111513
2024-05-31,45.359539,32.222851,62.554047,45.280366,50.00474,50.86856,65.770033,63.648985,62.654337,44.174016
2024-06-03,64.288017,36.497832,69.814834,44.969701,54.682596,63.201748,69.946934,80.667912,74.904946,48.500459
2024-06-04,42.082015,38.099262,47.902286,41.236822,70.320711,39.144229,42.275343,43.057962,42.418941,41.79518
2024-06-05,46.23499,42.165051,58.671543,53.583228,76.844933,48.084646,52.219642,46.077722,42.732997,55.412737
2024-06-06,48.087772,51.350698,59.703822,63.209514,68.722035,48.46819,56.918564,51.279409,46.702941,58.909409
2024-06-07,54.107611,56.927664,61.493516,72.235135,70.503563,50.986179,64.701589,53.58405,49.274751,61.31197
2024-06-10,54.323301,53.279245,59.00225,63.045031,68.644615,51.460864,64.801846,53.918108,49.861575,59.0799
2024-06-11,51.6678,52.599507,59.515293,62.040526,67.263923,50.068367,64.962568,54.630916,52.737662,55.320562
2024-06-12,52.790166,50.451736,60.922128,59.35448,63.066981,50.416699,66.493666,55.335258,54.35905,54.64838
2024-06-13,53.12951,54.955647,61.927872,60.867748,57.314472,47.211359,63.123409,56.322639,57.963949,52.679033
2024-06-14,55.33837,50.094071,64.345932,59.491106,58.927245,46.765225,63.384111,55.039607,56.917769,53.446853
2024-06-17,55.33837,50.094071,64.345932,59.491106,58.927245,46.765225,63.384111,55.039607,56.917769,53.446853
2024-06-18,56.017516,48.273083,66.034546,61.357721,59.630497,52.079169,63.556119,56.435432,56.997275,50.75021
2024-06-19,50.674195,46.82391,72.479674,63.891386,55.061695,57.778963,53.330711,58.31798,49.958414,45.496946
2024-06-20,53.862056,45.246507,73.713905,64.659921,58.044222,60.660133,50.603004,55.357077,52.062484,45.151495
2024-06-21,49.406575,48.297026,72.615989,67.811534,52.010757,61.088495,57.839406,52.921233,48.080053,41.559371
2024-06-24,46.692213,49.083494,73.404021,65.784675,52.128678,63.721418,58.542172,51.73655,47.854593,46.171252
2024-06-25,49.658973,51.903089,77.489923,68.489419,50.63974,69.183428,57.213853,54.637605,51.871911,46.171252
2024-06-26,60.766662,54.102865,74.377995,68.00042,52.593753,72.404612,65.056986,55.571162,52.924779,47.023069
2024-06-27,63.181308,62.430143,72.670927,73.351675,54.964977,72.695857,67.41087,55.03993,49.931502,49.219765
2024-06-28,67.696627,58.081987,68.748417,70.775136,56.507969,64.823552,59.064589,56.675352,48.704127,48.304668
2024-07-01,66.376021,64.630329,71.60817,74.315564,60.764705,67.136321,60.706495,53.700575,46.995979,53.789978
2024-07-02,67.038798,67.522679,74.58129,77.936121,57.0234,59.792256,52.689351,47.624331,54.789362,49.0002
2024-07-03,63.612533,60.441453,78.254876,78.617511,60.344794,62.103254,52.861495,52.662454,53.75468,52.586335
2024-07-04,63.862141,64.699637,66.898737,80.938663,57.605163,67.793764,53.509233,52.406721,50.298532,53.528991
2024-07-05,68.839968,63.490586,51.552333,79.656944,63.867783,67.859973,54.89629,59.130426,54.437047,58.922967
2024-07-08,70.397841,60.99535,49.576908,81.088088,67.885862,68.150831,56.053496,57.629818,54.802082,67.665523
2024-07-09,67.263108,59.945018,49.763887,79.186901,68.170646,70.454372,56.142418,59.237229,57.387108,73.218024
2024-07-10,65.475235,50.634421,48.029306,75.420526,70.102923,68.415625,58.300862,53.876021,55.770309,71.527854
2024-07-11,64.38618,52.159386,47.31207,76.034292,69.743593,66.467397,56.079471,56.528462,52.876584,75.362567
2024-07-12,67.040858,70.006648,47.472966,82.337258,71.08069,64.16813,54.596557,57.552648,55.313219,75.559511
2024-07-15,67.12295,68.44811,47.356174,80.522061,70.591804,62.922159,55.762522,64.122059,55.510515,77.651697
2024-07-16,60.334135,68.915493,46.86976,82.227825,76.639234,65.364941,62.62903,63.80279,53.799341,78.625589
2024-07-17,60.334135,68.915493,46.86976,82.227825,76.639234,65.364941,62.62903,63.80279,53.799341,78.625589
2024-07-18,62.51927,75.224031,45.72245,84.823805,80.115128,67.926486,66.235969,67.511608,55.85972,80.75218
2024-07-19,53.009401,74.847341,43.966383,87.046185,77.28856,67.078792,58.474664,65.161536,51.146864,82.470535
2024-07-22,41.31467,72.967101,53.086403,88.015546,77.899908,63.217335,59.330004,58.597603,54.740963,69.957333
2024-07-23,39.134213,73.676852,47.394959,89.273562,80.062081,56.492893,59.404029,52.719057,43.012639,80.285753
2024-07-24,41.175546,73.868969,44.352164,88.145185,68.588145,54.856435,55.590612,47.941111,41.444176,80.798499
2024-07-25,40.555844,74.697538,47.525147,84.593095,66.536403,45.380879,53.461143,46.603303,51.626572,76.076081
2024-07-26,45.043407,77.752668,47.920109,87.750554,66.952531,48.902674,67.791598,52.314944,56.581004,79.863057
2024-07-29,47.866853,76.72212,44.847737,85.041963,67.015617,50.918322,58.042457,55.664788,62.971263,73.56705
2024-07-30,46.260678,74.249559,47.739937,85.417932,62.309787,49.671431,55.197241,56.100355,63.560666,67.81
2024-07-31,44.474277,75.336584,47.796075,82.146867,64.218594,51.802873,59.334599,55.903221,65.41559,70.046975
2024-08-01,47.277075,75.978184,53.939166,76.592492,65.524943,49.802374,61.832273,51.181735,61.452884,68.495066
2024-08-02,43.455618,59.734965,58.573969,66.828946,60.040773,44.569966,58.582348,44.972553,50.888887,64.223027
2024-08-05,33.861119,47.469303,47.578323,51.289432,63.390682,37.141981,51.571453,34.081551,41.562237,61.441854
2024-08-06,36.398527,48.89518,44.558347,51.14156,67.660829,35.607667,46.815404,30.969114,45.33866,61.615085
2024-08-07,38.935887,51.464679,49.815929,57.783966,66.199717,38.281706,48.261719,35.916236,49.833186,65.18106
2024-08-08,36.156548,48.937184,53.871926,49.173073,63.528378,36.023378,50.606558,35.764986,44.45926,66.296203
2024-08-09,43.16274,53.853483,55.388685,53.426429,65.464925,39.453407,53.390674,42.791587,47.244134,66.920989
2024-08-12,40.559009,50.754032,57.38084,57.15476,65.675211,44.614123,51.979776,39.445837,45.94878,65.444091
2024-08-13,41.394254,50.873676,44.955257,57.161665,63.644001,43.044247,52.251536,35.59098,44.627776,60.367309
2024-08-14,41.026905,58.984332,45.973847,60.693969,58.4811,40.720971,55.228409,37.955564,44.179721,61.889959
2024-08-15,41.026905,58.984332,45.973847,60.693969,58.4811,40.720971,55.228409,37.955564,44.179721,61.889959
2024-08-16,46.133364,66.797095,51.474975,65.287287,63.172505,52.162604,58.212143,42.073669,46.369972,68.546962
2024-08-19,50.443999,70.50139,51.347521,65.988706,61.543249,47.761096,53.692091,42.792657,45.270967,67.097516
2024-08-20,52.478221,72.015458,52.756019,66.899801,63.072741,49.20482,47.797394,45.78208,47.064019,63.884911
2024-08-21,53.224566,73.266833,49.754533,66.964172,69.28646,47.377644,51.774715,44.000022,49.424732,67.994999
2024-08-22,53.043483,67.556373,51.138214,67.977273,69.506673,53.891408,57.375423,46.253041,50.488878,66.93841
2024-08-23,53.615105,63.456699,49.470967,62.97741,72.52922,58.148605,61.64843,44.254846,49.633271,67.732457
2024-08-26,57.424182,65.723268,53.373704,65.116372,73.224914,61.197817,62.98062,44.130425,54.191879,67.592566
2024-08-27,52.920234,65.125167,52.726153,68.46129,57.812143,64.868469,64.763938,44.605698,59.700981,60.707518
2024-08-28,52.140933,65.689805,52.523387,73.001297,57.202811,63.626712,70.376652,41.685516,58.014114,56.684086
2024-08-29,58.985856,66.071945,52.957974,71.370035,60.846179,62.61979,71.75386,44.742197,57.298799,62.936768
2024-08-30,54.772381,68.802196,52.370531,72.558663,58.970752,64.861646,74.810914,45.406905,59.342563,59.163516
2024-09-02,56.724162,64.448471,48.851202,74.821071,60.946531,65.093282,68.689591,49.316478,56.388139,64.930289
2024-09-03,54.023939,63.300869,52.448146,68.065892,61.885671,70.114464,65.200254,50.850047,57.139888,64.152243
2024-09-04,55.751104,58.996336,53.940655,63.104557,69.05271,63.795224,65.428959,46.140911,51.775237,60.489196
2024-09-05,48.024318,58.568722,55.183155,64.682422,68.228739,63.577728,60.580499,47.558721,48.457023,64.008468
2024-09-06,40.196431,56.024347,51.686301,57.002858,68.301453,50.653529,58.074114,32.647544,42.96082,53.884178
2024-09-09,39.609832,55.058439,55.12689,55.374201,77.495792,59.266192,58.858087,33.72778,43.45717,60.925432
2024-09-10,39.368865,60.932204,56.47261,58.50414,71.262425,59.911672,65.955648,33.203434,46.00147,62.073374
2024-09-11,36.758704,57.009548,53.573882,57.970728,71.845836,59.492334,65.938256,28.947553,39.631916,62.553689
2024-09-12,47.367276,60.677872,61.134974,64.503372,76.651561,64.004735,75.526957,40.198625,50.282738,65.760242
2024-09-13,45.292803,61.134224,60.829463,62.84583,70.809774,63.141708,71.651922,41.805127,49.291656,59.71848
2024-09-16,44.916363,59.710323,62.386492,63.815673,57.546553,66.517768,71.778695,39.834841,54.568654,56.974702
2024-09-17,45.28132,58.517148,61.258919,64.192095,58.362807,67.849743,74.95142,38.848962,57.737467,53.735733
2024-09-18,42.459229,40.312007,68.640712,49.599061,58.677053,72.409027,72.660181,44.361121,60.880998,53.345764
2024-09-19,45.053248,36.480498,71.700575,50.014375,63.240514,73.148189,73.90789,43.169864,55.034416,54.152001
2024-09-20,51.233597,35.659303,77.375121,52.394763,69.823441,80.359325,78.815539,39.780241,63.847768,59.324531
2024-09-23,53.799269,34.442031,79.850159,50.316969,73.741684,72.852272,81.849291,50.088332,63.098422,61.27535
2024-09-24,52.210943,34.850965,80.850764,50.802693,60.739228,71.419559,82.286933,48.491299,63.38951,59.235713
2024-09-25,53.887765,35.385734,82.130704,49.994808,60.503552,72.351139,82.560831,46.220863,63.568052,61.121332
2024-09-26,55.36252,38.196486,82.62313,51.247225,63.996599,73.280145,83.351845,50.464567,59.188492,65.056792
2024-09-27,64.089762,40.730681,68.276812,52.914939,60.897533,63.379138,71.446623,50.846493,52.275625,64.988659
2024-09-30,46.780641,36.708305,60.686962,44.975008,59.651634,52.045251,64.624516,44.096177,48.992744,58.940527
2024-10-01,43.76514,39.798162,58.691611,52.11649,54.438933,52.426992,61.868892,48.604623,46.68007,56.513123
2024-10-02,43.76514,39.798162,58.691611,52.11649,54.438933,52.426992,61.868892,48.604623,46.68007,56.513123
2024-10-03,31.990569,34.280716,45.564309,49.29068,49.981933,46.850391,55.483549,47.213964,33.656695,52.109628
2024-10-04,29.018447,37.576058,40.226406,55.203027,44.257012,42.385175,48.530158,48.6302,33.418325,42.581165
2024-10-07,26.936209,40.944873,33.342162,58.595372,42.454672,40.905583,52.679914,37.563888,31.743172,49.735688
2024-10-08,35.354263,38.799363,42.226447,61.374766,40.754609,41.913437,51.703519,43.332429,39.865149,47.575646
2024-10-09,31.96532,38.765864,39.197594,62.180577,35.524006,44.750992,55.67517,50.592565,36.55235,35.562891
2024-10-10,31.458567,35.922511,46.012241,52.671317,34.173785,44.549222,55.67517,50.461597,34.717668,35.938084
2024-10-11,31.802923,28.9288,43.944983,56.118822,39.154865,38.633046,57.500648,51.652063,37.520514,33.619174
2024-10-14,31.951964,27.987063,51.570763,60.678656,40.164318,42.163582,59.100055,54.07404,45.717154,42.672815
2024-10-15,27.596781,26.516717,50.76883,60.7525,39.25494,50.489693,63.053543,53.805267,45.438218,44.172248
2024-10-16,31.160102,24.962175,53.805199,50.706447,39.229936,46.723019,65.799734,54.197524,43.679855,40.369973
2024-10-17,32.002822,27.889629,48.353599,59.530991,34.228161,43.365884,56.860331,56.953076,47.919548,37.570712
2024-10-18,33.082082,32.738762,50.130015,43.919417,32.005125,53.433792,58.112193,61.155172,48.746153,36.188128
2024-10-21,36.801935,28.970228,58.423327,40.453313,29.732547,51.808081,54.241292,57.0201,49.641331,34.303438
2024-10-22,31.82697,24.454553,55.425364,40.306573,28.630849,54.137936,54.165081,45.044314,42.150185,33.174833
2024-10-23,30.985012,33.286543,58.841184,44.421836,26.622753,49.307393,52.459034,43.217942,37.480607,32.278446
2024-10-24,31.500729,31.837198,60.941995,42.95173,17.515398,49.657282,50.506781,47.658981,36.49798,27.504087
2024-10-25,29.291573,33.477581,59.46691,42.754648,21.802994,50.520743,47.296019,42.028166,29.025935,39.344082
2024-10-28,32.081656,38.938463,57.269446,43.463887,29.960505,60.601246,46.616716,47.482031,30.912742,41.15053
2024-10-29,34.501039,37.389951,60.300348,42.584484,28.099455,67.936931,40.423236,61.694567,36.013947,44.787914
2024-10-30,36.190714,38.965001,56.11132,36.694771,29.325513,61.688804,39.613545,57.471157,39.317103,48.063028
2024-10-31,33.373589,29.189316,56.319728,31.108463,27.479843,56.078164,35.389406,56.555924,57.662302,45.826767
2024-11-01,36.345576,31.690898,56.64219,32.003233,29.143629,55.954238,36.737309,56.884575,57.921634,47.267975
2024-11-04,28.716586,30.22694,50.787345,32.735064,28.187452,51.943309,32.02743,59.722804,53.407095,42.627085
2024-11-05,30.080585,31.451571,59.325621,31.502753,27.919458,56.435043,29.920916,65.23593,53.433466,39.410413
2024-11-06,38.188104,52.456754,58.674117,47.234903,29.682239,57.669614,37.004672,66.658311,58.533109,40.401098
2024-11-07,34.014679,53.482869,56.440574,44.001218,27.4967,51.13713,32.959482,67.871732,58.609131,38.020656
2024-11-08,30.079209,53.055395,58.003878,48.908076,34.16698,46.38765,31.993321,59.834879,59.605784,38.204488
2024-11-11,28.300027,57.863633,60.305258,53.794986,32.5019,49.069497,30.469017,61.188771,56.268384,37.330228
2024-11-12,28.935054,57.703524,48.651194,55.12872,29.732477,49.408504,29.671175,52.342685,52.494142,34.189775
2024-11-13,25.457571,52.088269,41.960898,55.050055,30.477297,45.196325,28.809016,46.151881,48.444169,33.705615
2024-11-14,31.653671,51.576982,44.503462,54.247537,24.369385,46.147132,28.830419,44.762044,46.511964,29.395509
2024-11-15,31.653671,51.576982,44.503462,54.247537,24.369385,46.147132,28.830419,44.762044,46.511964,29.395509
2024-11-18,30.364216,38.975521,47.398622,43.989885,31.456911,45.168394,26.348677,48.842979,48.265439,30.386687
2024-11-19,27.054779,41.420435,55.003126,46.708025,30.317499,43.921561,24.420242,44.832363,44.669949,31.762021
2024-11-20,27.054779,41.420435,55.003126,46.708025,30.317499,43.921561,24.420242,44.832363,44.669949,31.762021
2024-11-21,24.08239,45.617247,54.743671,48.725949,27.757697,44.513711,24.357327,37.753184,42.406055,24.580549
2024-11-22,40.174696,61.097823,55.686859,60.529231,40.103238,54.356979,43.969913,50.97854,55.436067,46.803878
2024-11-25,46.407092,65.445914,63.196244,57.888409,44.396373,60.621644,47.129724,58.599705,65.813091,48.799973
2024-11-26,48.724138,67.530399,63.181872,62.699269,45.637626,61.612748,46.679725,56.905581,60.682941,48.991719
2024-11-27,48.080837,65.258345,67.457988,62.745837,46.905761,59.888008,46.825549,55.104977,60.291293,48.942363
2024-11-28,42.647749,56.373805,61.914162,49.773748,43.407677,54.35533,41.548882,56.435411,56.976033,46.858414
2024-11-29,48.621012,58.188709,62.417883,49.970751,49.03385,58.327958,60.226341,56.464677,61.118997,48.970131
2024-12-02,52.813073,58.603289,63.949384,53.558952,46.538864,59.581552,63.335651,55.442411,58.959503,49.495867
2024-12-03,56.037761,60.501046,67.509904,55.48559,47.16901,60.632685,56.652538,60.714027,64.380801,44.405022
2024-12-04,52.14579,64.016648,72.145859,54.917085,44.375647,62.760315,48.022866,62.288286,64.553935,39.30274
2024-12-05,55.204436,70.100682,72.843423,61.682013,49.643579,67.774268,54.431633,63.848381,67.072977,39.849043
2024-12-06,52.318007,68.005848,69.556401,59.075592,47.891001,64.24406,50.664294,62.970164,69.070663,44.736768
2024-12-09,48.088718,68.370777,71.533601,59.26171,37.05727,61.378591,51.632528,60.196087,73.100745,38.947439
2024-12-10,45.595704,65.982061,70.868015,62.88315,36.691354,63.58852,46.621873,63.14653,70.151254,39.625973
2024-12-11,44.009388,65.342377,69.047377,66.209007,37.473594,62.201142,48.284,60.148787,69.352653,39.437191
2024-12-12,40.516761,67.189565,67.607152,67.770132,31.553189,62.720759,53.493244,56.295139,62.541775,35.233672
2024-12-13,43.648813,68.437966,69.809066,69.280683,39.758326,67.079333,64.622923,59.099303,64.33961,47.431671
2024-12-16,42.545601,60.729824,67.230176,64.262189,37.210139,67.394087,60.423607,58.788849,63.236034,47.544837
2024-12-17,37.399706,51.502972,56.303894,63.393925,36.901762,60.93611,51.546392,53.538489,55.342677,46.946174
2024-12-18,40.096686,53.211641,50.113419,63.783425,36.447408,52.360712,49.332834,48.030627,50.618598,48.160444
2024-12-19,35.387874,46.31445,45.96238,55.557249,36.582455,43.248075,49.061905,45.839441,46.941269,43.683613
2024-12-20,31.055502,39.027015,41.255237,50.443491,33.521994,43.827602,45.341279,38.487977,40.400413,41.676741
2024-12-23,36.696991,38.261237,48.823717,50.87879,34.656309,47.086209,47.055269,42.831445,41.481567,53.340526
2024-12-24,36.84428,40.483092,48.166743,47.679717,34.234824,47.2627,46.519714,39.819948,41.42457,57.358357
2024-12-25,36.84428,40.483092,48.166743,47.679717,34.234824,47.2627,46.519714,39.819948,41.42457,57.358357
2024-12-26,35.523319,39.67084,46.334113,47.306481,33.835928,47.307946,49.954792,40.034895,40.541733,55.383002
2024-12-27,37.280981,39.323629,48.487885,49.708951,36.263777,51.850915,50.032327,35.647417,38.687901,57.131876
2024-12-30,34.922927,38.802935,43.398541,47.052686,36.923583,46.402116,47.122848,32.270254,36.25591,54.885243
2024-12-31,36.895604,33.717183,42.214375,41.303896,34.109614,41.651857,47.339328,36.090552,40.239081,61.637483
2025-01-01,39.314612,36.200653,45.361794,42.037238,33.329248,42.625016,49.424704,35.522726,47.593407,61.914436
2025-01-02,47.058185,44.265918,48.70488,58.760592,46.597539,45.995633,52.957635,40.157988,52.438057,66.360251
2025-01-03,50.173519,38.057477,38.445183,54.47046,54.050387,37.316406,50.040199,37.339438,46.987369,56.064652
2025-01-06,40.968747,37.689767,32.116212,54.269394,48.06232,37.036558,47.34765,32.058259,42.012478,37.596912
2025-01-07,48.04425,33.013217,33.006229,52.641805,50.908091,44.220497,48.042447,33.459293,46.33966,36.641628
2025-01-08,54.394751,42.276113,30.19804,53.139098,52.851644,39.282244,50.490298,31.21726,42.354527,44.866218
2025-01-09,51.441729,37.435618,26.792086,49.297393,58.778944,38.875064,52.744355,28.338182,37.315929,45.363372
2025-01-10,48.081538,55.377898,25.500531,59.238527,59.830323,35.219985,55.219575,24.436689,38.269116,41.548735
2025-01-13,47.54793,56.872522,22.734196,58.065577,61.262319,30.305475,49.338802,21.847211,33.492477,37.70719
2025-01-14,47.244959,52.548884,27.859279,52.813974,45.170702,35.400683,50.224126,32.322714,33.386308,36.197704
2025-01-15,51.328795,53.6312,27.417842,54.725195,46.097897,34.867235,52.490236,35.110147,38.201815,37.02879
2025-01-16,55.278827,50.392681,30.427708,49.916813,41.870289,40.018721,58.750088,41.046665,38.997418,34.154269
2025-01-17,63.348915,49.93444,28.280658,33.181508,43.658865,33.752269,57.777109,40.352503,45.995355,42.065191
2025-01-20,63.9538,46.412005,33.098652,32.95514,42.288731,37.11522,61.269353,46.999717,48.543359,40.29199
2025-01-21,54.104813,43.435194,31.69896,31.594647,41.538951,29.26523,55.806921,40.516337,43.799922,40.182513
2025-01-22,54.905693,52.816244,39.109444,42.838792,42.11508,31.098969,57.336165,38.913728,41.856413,39.756103
2025-01-23,51.106397,51.959337,38.888499,44.426893,38.56498,31.675721,58.509634,36.800274,40.590174,43.512229
2025-01-24,46.62452,52.473278,36.011662,46.214981,48.728083,35.031727,60.907246,36.308053,36.961523,45.124197
2025-01-27,42.686021,45.804776,32.574398,38.993246,53.177483,42.664805,46.908279,38.849909,36.91813,43.685717
2025-01-28,44.198454,44.085406,44.214782,40.446379,52.38624,49.165369,51.39812,40.471129,33.544574,39.483766
2025-01-29,44.541727,49.019847,45.923425,49.1194,51.377714,50.674979,46.577144,43.519924,38.49718,37.719222
2025-01-30,49.843364,49.04018,49.361002,46.127275,55.995179,51.952752,56.475426,45.578868,36.166164,41.537742
2025-01-31,53.154671,50.099839,51.071144,49.23107,64.729432,50.945296,52.704668,50.41072,52.08258,53.667356
2025-02-03,47.745794,46.417595,46.256227,46.816569,59.082616,51.018325,58.131876,45.376928,34.489712,59.194369
2025-02-04,57.319354,49.898305,55.580451,52.243443,58.287225,56.34087,59.864503,53.082215,45.228864,59.797514
2025-02-05,55.373343,48.489337,58.625724,51.961938,49.618123,56.124802,59.572754,47.845027,42.433693,52.486773
2025-02-06,56.140794,47.729528,59.691098,54.75241,46.697832,57.764351,49.087205,43.045336,40.950407,46.341744
2025-02-07,51.881638,43.084094,56.801186,52.628353,45.312715,50.996416,59.767556,38.508308,40.163411,39.162659
2025-02-10,48.406191,43.916028,52.600842,48.671727,44.923568,53.169361,62.208994,38.392476,39.735354,36.966551
2025-02-11,43.849067,38.087569,49.287643,47.89942,38.134151,49.116165,62.7614,36.698559,35.357424,32.221751
2025-02-12,39.910368,37.119002,50.549911,45.795758,41.678303,48.730314,64.967329,37.762129,39.397123,31.284014
2025-02-13,39.815652,34.313922,48.365164,42.588948,40.100703,47.50352,65.421892,36.013833,38.065008,31.181145
2025-02-14,40.20615,37.45696,47.670268,45.31403,39.637971,52.479274,65.805752,34.303496,36.727616,31.844851
2025-02-17,42.862137,35.226514,53.366699,42.959386,42.15929,48.521492,54.724288,37.527643,35.902119,30.8826
2025-02-18,43.040235,33.041305,54.711692,45.063389,37.113117,45.199179,53.178929,36.860705,35.808844,28.968678
2025-02-19,43.813421,27.761878,55.713186,38.535825,31.55917,53.134656,47.978828,37.800508,41.202856,30.559606
2025-02-20,45.952555,27.512143,45.290981,41.706929,31.299221,48.388057,47.619128,39.355897,41.196182,28.004464
2025-02-21,44.363071,28.484993,46.735993,40.129838,30.560931,42.453782,46.676996,36.225975,44.975704,27.353346
2025-02-24,40.167379,22.939233,43.22926,33.324523,30.53667,38.12894,39.215869,34.101849,40.846284,28.901385
2025-02-25,37.226147,21.094386,44.751211,34.174778,35.457413,40.712851,48.570586,32.110415,38.724972,33.409527
2025-02-26,37.226147,21.094386,44.751211,34.174778,35.457413,40.712851,48.570586,32.110415,38.724972,33.409527
2025-02-27,38.754434,20.392221,50.166701,33.704018,33.260614,40.142956,50.551485,29.562239,37.558331,30.905726
2025-02-28,36.588263,16.023487,57.852557,25.261211,26.516664,34.52519,36.908887,24.960671,34.44742,26.553582
2025-03-03,29.315487,17.46675,49.802405,30.385217,25.170247,35.63528,42.265039,30.010957,38.469169,30.467885
2025-03-04,27.413652,23.128635,51.781557,28.352022,23.314986,37.902965,39.388363,43.16195,40.319873,28.718686
2025-03-05,34.154276,25.252552,47.052857,33.803668,27.197276,40.740254,47.46621,50.118163,43.430287,42.633224
2025-03-06,47.247124,32.551162,47.36344,34.805337,39.424533,42.005643,48.943741,50.887701,45.744179,43.391633
2025-03-07,57.904982,33.776667,46.882176,31.304756,37.415283,40.614688,49.614161,51.221389,44.28009,41.745846
2025-03-10,54.539839,32.355472,46.426236,34.951442,46.263318,40.795592,49.660994,49.239811,38.439795,43.16453
2025-03-11,56.657561,31.407814,45.877134,30.459981,41.733151,55.625013,55.378192,49.756325,40.672293,44.745478
2025-03-12,58.9155,27.26638,53.477091,24.452107,38.558186,54.921818,51.427225,46.137293,40.511839,52.150854
2025-03-13,55.968748,27.984157,52.080061,23.670391,36.318777,57.363648,49.470028,48.959419,39.913651,51.729413
2025-03-14,55.968748,27.984157,52.080061,23.670391,36.318777,57.363648,49.470028,48.959419,39.913651,51.729413
2025-03-17,52.931789,27.129474,53.262675,26.207438,35.845196,64.325875,50.863519,46.20994,38.47649,46.611404
2025-03-18,52.931789,27.129474,53.262675,26.207438,35.845196,64.325875,50.863519,46.20994,38.47649,48.160691
2025-03-19,55.500109,27.086345,62.724462,25.865313,42.855688,75.238721,50.378904,58.755396,57.290288,41.360773
2025-03-20,61.497157,38.646989,67.851247,33.599994,51.285545,76.733455,63.226135,60.753853,60.121785,42.657851
2025-03-21,63.24301,40.930016,68.157375,30.850816,51.970218,79.973144,66.080108,62.364658,65.235554,44.987473
2025-03-24,68.707936,48.015359,73.242358,30.903748,53.809969,81.883655,64.250908,71.792416,69.510962,52.008449
2025-03-25,62.261971,51.559404,76.203031,39.768399,56.518485,74.531805,65.947604,66.615941,67.840779,50.579126
2025-03-26,57.904979,48.827217,70.377734,35.755455,51.101042,70.834787,67.104466,61.315798,64.463761,47.451189
2025-03-27,59.182516,50.797223,73.165156,36.727566,50.831975,70.983829,63.130624,64.193159,68.349732,50.28896
2025-03-28,58.040634,45.302962,73.571168,32.480439,53.699894,73.277944,64.55074,63.701345,67.056757,50.698592
2025-03-31,58.040634,45.302962,73.571168,32.480439,53.699894,73.277944,64.55074,63.701345,67.056757,50.698592
2025-04-01,49.931156,39.253233,53.640174,27.526415,47.985022,59.366476,61.623948,63.781818,59.293581,46.142178
2025-04-02,49.451678,38.56686,59.348993,33.3875,48.933105,62.636649,66.938235,65.53023,57.124874,49.896502
2025-04-03,48.602323,27.804263,58.798726,27.87938,50.527757,61.92389,64.232799,66.848203,57.149829,50.439021
2025-04-04,36.483355,22.763389,62.85982,24.274104,50.527757,63.439378,63.414353,58.186044,40.781494,50.929564
2025-04-07,29.469238,21.726902,49.040112,20.738753,51.800788,46.785804,48.569486,46.771166,29.779327,45.083241
2025-04-08,35.149856,24.487546,51.257216,27.38753,60.740236,50.411608,55.269856,56.480132,38.423408,54.991739
2025-04-09,36.206192,22.400929,50.401308,25.577946,69.90407,50.675388,54.177555,45.586125,33.321504,59.528625
2025-04-10,36.206192,22.400929,50.401308,25.577946,69.90407,50.675388,54.177555,45.586125,33.321504,59.528625
2025-04-11,46.905195,21.70222,58.488707,26.861872,71.924533,54.089579,61.622759,50.47496,38.770009,65.220808
2025-04-14,46.905195,21.70222,58.488707,26.861872,71.924533,54.089579,61.622759,50.47496,38.770009,65.220808
2025-04-15,52.69678,24.714217,67.142944,30.844361,70.347585,64.278354,67.850649,54.409931,49.696623,62.970822
2025-04-16,52.463685,29.20978,68.724809,29.496163,71.096144,65.600619,70.73508,57.51762,47.759224,67.255146
2025-04-17,60.701252,33.408486,71.914949,31.105082,72.334923,74.006859,76.956266,65.424379,49.158428,69.852145
2025-04-18,60.701252,33.408486,71.914949,31.105082,72.334923,74.006859,76.956266,65.424379,49.158428,69.852145
2025-04-21,64.908691,37.308514,74.093373,39.045383,63.339624,74.453105,75.363663,70.236546,51.699819,61.030614
2025-04-22,63.411636,36.576817,77.308242,35.14074,71.046235,75.434658,67.169516,71.501357,49.864486,70.749875
2025-04-23,65.181542,50.806001,67.459222,45.90411,74.128215,76.577397,70.431943,66.707867,53.264752,66.201212
2025-04-24,65.508236,49.425333,65.764437,45.359547,51.127988,67.31437,62.271848,66.680974,53.22876,64.894104
2025-04-25,65.015534,54.808444,64.390362,47.060097,52.245765,67.721304,56.691701,59.109876,50.604582,61.232271
2025-04-28,76.065923,54.205823,65.633142,47.440438,49.826812,72.010078,57.358242,64.597932,55.210357,62.251792
2025-04-29,79.253958,57.452418,62.65057,50.542101,50.390586,72.175958,57.66332,62.287026,54.712728,57.678023
2025-04-30,79.752142,54.742914,65.07913,51.067097,54.050128,70.90874,63.401712,52.261887,56.299243,57.353873
2025-05-01,79.752142,54.742914,65.07913,51.067097,54.050128,70.90874,63.401712,52.261887,56.299243,57.353873
2025-05-02,81.21319,51.351595,64.153374,52.593564,49.201279,71.550096,59.646596,55.085758,55.562837,61.942776
2025-05-05,82.282968,54.469451,66.611848,52.988392,54.778567,71.168573,62.274299,52.312145,54.96628,69.142713
2025-05-06,77.959508,55.225481,64.969351,53.696829,60.011109,71.679719,66.845871,46.348039,55.383382,66.593065
2025-05-07,72.113271,52.759327,67.333495,52.752169,57.631763,72.583892,65.815204,47.164038,53.610311,59.203976
2025-05-08,72.263614,53.331672,61.807266,53.603767,54.28144,72.608677,60.570869,44.572343,53.92548,58.332681
2025-05-09,61.605576,51.802034,51.482479,52.357975,49.954287,49.949187,54.873059,48.934961,65.901221,48.483079
2025-05-12,70.826399,70.733856,63.047394,73.320752,58.069889,64.995499,58.432536,56.915766,74.44379,60.620792
2025-05-13,64.935548,56.697899,55.716105,59.534637,53.807231,59.235855,49.087854,56.948091,71.716328,52.197745
2025-05-14,66.201809,59.467353,53.396994,62.624211,52.069278,57.878124,51.357441,56.468689,72.049375,53.301088
2025-05-15,70.174767,61.897035,57.113646,65.107458,52.880148,62.986219,56.432538,58.966484,74.445173,56.499834
2025-05-16,70.450929,59.603223,57.25605,60.271625,57.224507,63.604499,47.778078,59.057999,72.443464,59.092452
2025-05-19,65.79854,54.622192,57.924795,54.582612,57.434241,61.865566,48.466019,60.167782,71.750895,58.660363
2025-05-20,61.273348,52.349608,52.646915,54.70498,49.13339,58.16632,47.008184,54.992154,66.799301,58.072483
2025-05-21,62.071002,55.051238,54.861533,55.966707,53.131477,59.72714,49.380564,55.629566,68.338944,55.541402
2025-05-22,56.661191,49.669522,53.30484,51.833371,47.30125,58.782403,50.928823,54.567712,62.778367,47.452724
2025-05-23,59.963534,53.445824,55.975849,54.795251,52.154842,60.761902,50.983218,57.071966,66.558239,57.342581
2025-05-26,61.419127,55.611187,57.244712,57.357922,57.336736,63.415741,53.866826,58.885003,69.873339,62.288448
2025-05-27,57.824931,51.246222,53.732318,55.12846,54.791476,57.873344,53.095526,58.408175,68.56836,53.225811
2025-05-28,55.30035,51.13425,53.026489,55.433403,51.563808,59.843021,55.443048,59.834222,69.019582,48.223951
2025-05-29,56.392373,51.180212,53.956944,57.932653,52.344525,60.567434,56.860851,60.246254,69.689023,47.043847
2025-05-30,57.106326,47.046975,57.866774,57.702174,49.013714,56.237599,55.001203,67.049027,71.165258,46.452854
2025-06-02,54.85975,45.496198,54.219295,55.356936,53.084861,57.669088,54.456923,67.588409,71.504932,47.715956
2025-06-03,52.33459,40.752074,52.145271,52.564943,49.555155,52.692828,51.135231,64.353197,71.342524,45.541036
2025-06-04,57.012195,41.597701,56.143974,54.443656,51.739602,50.1412,58.412935,61.630145,67.562479,45.597827
2025-06-05,61.305974,40.526716,58.053998,55.16661,53.839378,57.742424,59.067537,61.207542,69.113026,48.049388
2025-06-06,61.546702,42.652195,63.916877,57.397772,56.152873,59.124104,56.639043,64.86579,70.409216,50.289534
2025-06-09,62.749279,48.370771,63.954178,59.478038,56.745192,50.150465,55.189914,68.084096,72.462237,52.549531
2025-06-10,58.894542,53.769881,59.454634,64.250215,57.112254,46.516753,52.903372,65.322453,72.543945,56.733274
2025-06-11,61.468369,54.885166,54.897519,70.026428,52.594405,49.214106,53.703805,63.473988,73.022771,55.597222
2025-06-12,58.690428,49.498266,52.848077,62.999458,43.901068,47.371765,49.068511,55.744582,56.004175,49.172686
2025-06-13,53.778454,51.075717,46.027776,61.063769,41.580677,44.553658,48.008694,46.609554,53.276932,41.971852
2025-06-16,56.604844,57.383256,50.750189,64.900007,43.550733,48.47156,53.9057,46.713291,58.698453,47.031012
2025-06-17,54.224264,59.494956,49.238402,67.450617,43.842146,47.239977,51.932838,46.58334,57.583402,46.223557
2025-06-18,53.818039,50.442223,50.417655,65.231154,38.290636,43.806071,54.964042,46.305929,53.993481,44.674845
2025-06-19,54.877153,47.130658,50.818266,60.770368,37.780358,43.389543,57.828026,41.75332,56.730916,44.807629
2025-06-20,64.01438,48.68,58.416518,61.646932,41.054932,49.655685,69.180178,50.303688,61.834178,48.219867
2025-06-23,60.259806,43.715674,53.483042,51.031625,39.709319,47.164822,69.046093,46.357548,49.739462,42.999231
2025-06-24,57.924412,43.353743,56.515932,50.454353,37.473787,48.746963,68.086621,50.045762,52.43921,43.635269
2025-06-25,62.256431,50.80917,60.769014,57.617893,42.041813,49.439929,72.894195,53.147936,54.317811,46.492726
2025-06-26,68.233462,50.415108,68.027852,57.83476,42.649274,54.610371,78.261425,50.949615,58.950857,51.700685
2025-06-27,71.698268,50.317083,70.20644,55.606159,49.704489,61.898385,79.415132,56.360145,61.046054,49.531928
2025-06-30,65.990817,53.241436,65.914073,53.873555,46.783632,55.13043,73.659296,64.013808,59.478101,46.717955
2025-07-01,70.707713,48.491056,67.601513,55.088914,47.02888,50.160321,74.762426,63.973406,58.940419,45.027454
2025-07-02,67.239596,47.585047,59.757037,56.012522,50.214199,48.720768,76.279799,58.125044,48.33123,42.396302
2025-07-03,66.871623,44.441447,59.967858,58.070555,51.905641,48.048933,71.609834,53.961122,46.537331,43.062902
2025-07-04,68.627982,47.590117,60.41459,63.063681,58.194074,54.110315,70.908557,56.697042,48.277564,42.015634
2025-07-07,71.094777,46.38328,59.794004,58.399834,69.848896,51.397125,73.159582,53.118659,46.440901,48.128829
2025-07-08,69.47889,45.538779,62.824122,61.049134,64.991385,53.619409,71.763018,56.544868,50.297518,49.79153
2025-07-09,62.216081,42.17132,64.822626,59.310773,69.016116,49.696398,68.06753,55.269876,46.450545,53.249624
2025-07-10,61.545587,41.903126,62.962851,53.44364,65.07936,46.845811,52.472416,53.0351,45.744943,49.045833
2025-07-11,53.899953,29.073166,55.277217,47.531361,76.006142,46.043622,44.079045,53.481436,41.153558,48.965765
2025-07-14,50.376958,25.886954,55.052075,41.685906,75.321405,46.536588,43.901522,53.627428,36.046145,53.240004
2025-07-15,50.888021,31.420082,58.317051,46.12378,76.116948,50.023506,46.961072,58.906445,35.842535,57.244657
2025-07-16,50.951982,30.733235,58.524686,51.872812,73.803549,48.117059,47.517325,67.019552,37.794406,60.608596
2025-07-17,47.862442,28.759854,55.054274,46.078953,71.831607,44.892649,46.064916,64.588203,34.370203,59.302158
2025-07-18,47.726927,27.238841,45.862906,46.761295,66.850152,48.330855,43.297835,59.706861,33.365174,56.865137
2025-07-21,35.059892,24.908697,57.125299,46.324256,61.256187,62.518836,45.537359,60.194281,41.034813,51.80248
2025-07-22,32.010167,25.213026,58.547426,43.094904,63.24105,64.562321,44.977449,52.755892,36.488181,45.110743
2025-07-23,36.455796,29.498245,62.077653,44.219921,57.013759,68.157711,54.305785,56.325331,40.275268,43.55888
2025-07-24,32.276167,26.855296,58.905253,39.128774,54.527196,65.670317,52.317899,52.577397,39.354057,37.026728
2025-07-25,30.342553,25.87586,57.461407,32.407447,50.325081,62.685446,52.753302,46.427546,35.289594,36.380423
2025-07-28,29.642482,21.893565,58.392588,32.509246,54.720467,65.697136,41.866318,41.107937,33.087887,37.449333
2025-07-29,40.313325,20.492911,61.445497,32.110033,56.614004,64.603864,48.587732,42.651193,45.962168,35.582283
2025-07-30,38.8092,20.348503,62.398126,34.11773,53.369213,62.664189,51.661603,44.522313,63.450739,34.496546
2025-07-31,34.830545,19.32209,59.53168,32.183849,64.654298,62.135501,47.728822,41.487811,59.926558,43.926416
2025-08-01,36.071889,17.418419,57.294,25.944076,67.899003,57.055009,42.09081,40.019133,54.335581,51.676508
2025-08-04,42.111104,32.53862,50.422408,29.988149,65.894561,53.051026,48.684294,41.505813,58.08475,52.307503
2025-08-05,37.830005,31.621694,46.171159,27.041087,64.061636,45.375903,52.034022,45.684627,59.828267,47.772841
2025-08-06,38.205926,28.975345,48.663654,24.06544,64.168982,45.077064,51.591201,49.306246,56.956416,44.467046
2025-08-07,37.452224,31.833293,51.815307,24.141638,60.270331,43.795707,50.040718,49.306246,58.136829,47.384974
2025-08-08,32.998659,30.868702,45.422555,22.466713,56.415973,42.078167,38.738939,48.604074,54.027037,49.008024
2025-08-11,39.588827,31.792638,51.876064,24.550056,59.348927,42.464712,38.563081,61.801841,59.535725,53.078116
2025-08-12,38.309705,31.2408,45.077724,23.991934,52.677734,40.939731,37.478952,59.358843,61.000806,52.124787
2025-08-13,39.113286,31.430716,48.044948,25.109947,54.477474,40.418695,41.728007,60.103743,61.642972,47.951178
2025-08-14,38.304056,29.886446,51.005164,33.941642,51.757341,44.536484,43.281683,62.860164,59.331077,43.530268
2025-08-15,38.304056,29.886446,51.005164,33.941642,51.757341,44.536484,43.281683,62.860164,59.331077,43.530268
2025-08-18,41.655516,28.585688,54.486116,31.511035,64.250053,49.116873,47.935424,63.543858,53.493256,36.040979
2025-08-19,54.573186,30.062323,50.613547,33.325863,67.993748,50.149395,51.930358,65.265312,50.661768,41.894344
2025-08-20,52.268893,48.837118,49.730442,51.749727,73.322292,46.72582,55.8511,63.561038,48.09394,37.832733
2025-08-21,55.622649,49.54526,50.688946,51.80078,69.163378,55.554022,56.159988,59.79228,50.731298,37.196125
2025-08-22,50.564371,41.948786,42.881586,49.301305,65.82495,49.992499,56.896148,50.429121,48.533486,29.455968
2025-08-25,51.597508,55.145833,42.7483,59.775664,65.991016,48.258201,56.120058,50.605426,49.556126,31.673586
2025-08-26,43.602621,57.156449,38.31122,59.039358,71.366745,40.424063,48.932303,43.449696,41.955714,39.478724
2025-08-27,43.602621,57.156449,38.31122,59.039358,71.366745,40.424063,48.932303,43.449696,41.955714,39.478724
2025-08-28,43.966138,47.675443,31.477471,50.522593,64.017447,33.729402,43.118664,39.0557,44.935279,36.515624
2025-08-29,36.662273,46.49818,29.244759,43.530736,64.572844,33.288393,45.398104,39.668202,50.846724,50.86247
2025-09-01,35.92332,50.572865,28.888836,50.708393,62.588423,41.633639,48.785166,43.607801,50.475741,45.935865
2025-09-02,40.827511,50.409844,26.750155,50.545837,65.625783,35.539984,45.345174,41.826465,47.128848,47.206714
2025-09-03,43.098093,48.277008,35.179754,46.091312,63.15594,37.190051,44.512763,50.228259,50.986259,53.715862
2025-09-04,39.53592,47.995883,40.241164,42.757924,63.38521,42.040417,43.598592,47.752513,49.748737,58.310373
2025-09-05,45.284986,41.192242,41.788865,39.263045,56.741896,40.958457,48.452118,45.303947,44.247881,47.785744
2025-09-08,46.506106,37.640322,43.688171,37.18195,54.96666,40.916414,46.26517,47.578365,41.22682,48.022077
2025-09-09,45.782987,43.120465,43.192019,53.411014,57.683189,41.561784,48.25101,47.63165,40.65388,51.007216
2025-09-10,46.096949,52.148127,43.798529,58.038387,57.909783,41.698996,47.525962,56.531877,45.117822,54.392169
2025-09-11,48.620121,53.990843,45.389182,53.4151,53.488639,40.521095,54.4488,60.722206,43.660684,56.547581
2025-09-12,53.018432,55.194709,45.028005,56.033878,46.162587,50.962999,50.962565,60.606716,50.379661,54.736797
2025-09-15,54.558087,51.784574,44.835896,52.589838,46.258091,51.922804,51.57262,61.551404,51.376332,53.184855
2025-09-16,56.690829,56.350386,44.671686,53.113117,46.240441,53.199363,61.158477,66.459795,61.887702,53.762415
2025-09-17,59.584704,59.6496,44.365501,55.153411,44.204049,51.589998,61.57969,77.898859,63.719795,48.3391
2025-09-18,59.991134,60.116803,54.373563,58.353435,47.971455,53.178906,61.499859,74.89029,63.772774,51.461283
2025-09-19,56.140358,58.708976,45.835521,58.255031,42.998185,41.685931,66.4817,77.557236,61.715239,50.155533
2025-09-22,48.698821,44.450019,43.834124,49.170744,45.801262,41.340559,63.890134,70.409696,56.039314,45.090288
2025-09-23,48.370053,43.102802,39.070895,48.76829,37.847555,37.865312,57.121715,75.637226,57.810838,40.613494
2025-09-24,45.554598,40.009873,35.428361,48.152843,43.605973,33.045419,54.425144,71.725685,59.959679,38.216221
2025-09-25,41.499575,32.708007,34.74764,46.038508,41.891215,30.554089,55.756949,67.416413,54.531306,37.247651
2025-09-26,44.127068,28.518622,32.091521,39.240973,38.075937,25.662238,49.21724,63.97389,64.538867,45.510309
2025-09-29,42.241086,28.317603,37.700817,38.044593,36.212894,22.863788,44.917256,69.487132,57.909623,48.641824
2025-09-30,38.953939,27.776479,38.431076,38.044593,39.967857,22.840469,38.872374,70.094291,53.663348,41.785544
2025-10-01,41.569222,32.435299,51.018126,39.254678,44.607486,38.940183,36.473607,63.419152,55.028296,47.453058
2025-10-02,41.569222,32.435299,51.018126,39.254678,44.607486,38.940183,36.473607,63.419152,55.028296,47.453058
2025-10-03,39.363741,31.318301,50.9334,39.528604,46.520477,36.441587,46.743302,64.90461,62.204299,45.793395
2025-10-06,46.103769,45.525757,57.276786,48.687421,45.912062,35.787025,48.707263,67.868577,62.603373,41.522576
2025-10-07,51.05376,43.865082,62.907646,44.378776,41.296283,43.391594,55.809438,60.274915,61.298647,40.43579
2025-10-08,43.427417,50.886795,59.369367,53.601625,38.40588,41.046354,59.214275,55.649227,61.310554,40.375882
2025-10-09,48.389832,54.812187,57.892824,56.635442,42.816948,44.452694,58.710323,57.734248,65.774114,40.659858
2025-10-10,50.155497,50.596069,60.411087,57.799131,45.529529,46.755138,57.966537,66.022646,67.300226,46.013694
2025-10-13,47.169839,48.08005,56.665447,51.978266,39.141424,46.301442,61.699075,66.889631,64.276294,41.122542
2025-10-14,47.620912,42.965587,56.776469,51.134923,41.468838,49.080174,58.598314,62.415348,59.29026,38.111591
2025-10-15,46.855025,45.694928,57.633512,47.256451,45.420239,56.462255,63.771818,66.135511,68.190283,43.726088
2025-10-16,57.814963,45.817497,67.721823,46.545112,53.942009,63.909482,63.343671,66.467573,70.879148,51.71512
2025-10-17,63.981201,44.789118,71.450604,39.78454,60.531574,69.62353,71.653617,67.359649,66.766032,59.891249
2025-10-20,74.731565,52.020355,71.622824,45.352031,58.543692,49.412219,76.693052,73.655119,69.591117,60.810097
2025-10-21,73.970688,50.869636,73.655067,48.33967,57.948746,46.789957,73.83022,73.759072,70.833911,60.478582
2025-10-22,73.970688,50.869636,73.655067,48.33967,57.948746,46.789957,73.83022,73.759072,70.833911,60.478582
2025-10-23,65.81157,59.08231,74.152218,60.543669,59.690864,41.19919,61.904348,74.970055,73.322123,64.006528
2025-10-24,66.567996,57.525062,58.87065,59.704344,43.130376,46.468885,65.510862,68.484858,70.395806,64.930923
2025-10-27,73.082084,59.98948,63.587168,60.113909,42.445699,46.43688,72.231358,74.608194,72.041573,68.835075
2025-10-28,73.560073,55.662061,63.913246,58.796085,40.246877,41.926615,73.343494,76.618765,75.798053,63.405276
2025-10-29,76.353902,55.61409,66.246208,60.981184,38.917579,44.831778,74.47705,78.898035,72.644671,67.158872
2025-10-30,69.206844,52.022491,57.254244,55.795341,36.26604,42.332491,64.704374,74.455007,74.894274,61.892681
2025-10-31,68.286121,55.194501,49.208281,52.46659,35.685738,37.517905,61.704641,75.193287,77.796984,63.617517
2025-11-03,67.503156,48.878132,52.735374,53.301456,34.879485,38.006338,64.623414,78.413188,67.968943,53.23751
2025-11-04,62.25777,45.275628,47.791827,48.278858,32.804234,35.430317,69.644869,80.140048,59.029832,46.754916
2025-11-05,62.25777,45.275628,47.791827,48.278858,32.804234,35.430317,69.644869,80.140048,59.029832,46.754916
2025-11-06,67.979436,48.688809,47.374239,47.921761,31.337452,31.174159,64.661139,80.84853,52.876707,44.993437
2025-11-07,60.239915,45.847371,45.690231,51.193723,30.87404,41.534035,46.437443,76.289381,52.987669,40.903716
2025-11-10,63.066995,51.209574,47.569216,60.825032,30.044697,43.558221,49.481178,72.090171,57.317585,43.316176
2025-11-11,64.065361,54.384515,53.267653,64.298226,36.636522,47.584131,52.963228,72.826995,61.21769,45.396624
2025-11-12,68.157612,64.155618,51.42837,68.169468,36.049639,47.81762,57.391099,74.143419,61.15176,45.644507
2025-11-13,67.881655,59.902509,49.064865,64.675613,32.856579,57.082727,59.724274,71.108055,65.890337,43.789069
2025-11-14,69.646387,59.93539,51.54704,53.124405,39.697787,52.304396,60.865328,75.79928,66.067136,48.073206
2025-11-17,69.338685,59.272437,56.878698,54.2084,39.121168,54.223759,62.349653,77.370655,68.241214,46.439624
2025-11-18,69.60383,56.593637,53.162269,48.836699,34.877722,52.115774,66.722877,76.495402,62.998939,44.500919
2025-11-19,69.310428,63.686707,54.829018,59.882872,46.142175,55.353453,67.874155,79.371604,65.056488,41.100887
2025-11-20,75.91444,63.154904,63.978636,58.734455,43.309849,55.311941,67.518178,78.171419,66.824648,44.849541
2025-11-21,74.485522,63.805919,54.902004,60.25139,44.7756,49.872998,68.047546,69.705523,64.361664,49.243869
2025-11-24,68.5392,61.897042,55.593054,60.799114,42.647114,49.446356,65.28706,67.934968,62.07517,42.681939
2025-11-25,69.471301,57.557001,48.754593,55.980825,40.445814,45.414547,66.595015,72.775567,58.852959,39.094082
2025-11-26,75.646739,63.092776,57.287294,61.179102,43.874566,52.222219,57.977157,72.87734,66.270129,41.959992
2025-11-27,72.258765,58.17502,60.126925,62.657729,51.111344,57.87941,55.48841,63.467497,68.100396,45.633335
2025-11-28,73.07782,58.294799,58.700964,60.809012,54.651919,56.456387,52.457137,66.091676,65.770476,45.555699
2025-12-01,72.292906,57.486975,54.659899,61.565027,54.057686,56.892777,49.95884,61.525713,66.154167,45.555699
2025-12-02,62.129354,57.839938,46.886284,60.596678,57.229407,49.819636,52.86395,57.332522,57.868111,40.307464
2025-12-03,58.759506,64.033582,53.130892,64.176798,49.057297,56.168582,49.007255,47.553761,51.018519,39.636872
2025-12-04,57.330665,69.408708,51.134148,67.565595,52.535377,54.250658,52.683478,46.019225,50.354014,45.200444
2025-12-05,59.007925,70.283596,54.535474,70.521072,32.033957,56.196971,53.693359,57.683953,57.714335,48.974265
2025-12-08,59.824279,69.877072,54.401763,68.567637,29.561324,54.938455,48.640044,50.152591,51.468437,44.383371
2025-12-09,53.341636,63.33317,50.408968,64.371439,28.830669,49.062939,49.433749,51.48524,51.577233,42.365973
2025-12-10,56.162781,59.283588,45.986637,59.641323,28.347747,44.897417,44.617778,51.673913,50.630006,46.745453
2025-12-11,59.043035,59.676075,52.448523,62.406729,29.382776,43.658584,41.942581,53.382179,52.537692,46.294441
2025-12-12,62.781909,63.671147,53.138532,62.448703,24.911437,46.317243,49.130681,53.324195,61.470609,41.468756
2025-12-15,62.621283,64.939873,49.64728,64.295261,32.94557,46.005501,46.328464,55.460811,63.394193,46.212897
2025-12-16,55.53309,59.180501,48.503344,59.225972,31.574348,46.394054,53.117779,51.671036,58.471294,45.138342
2025-12-17,56.337195,61.062201,42.472646,61.373144,30.958852,40.993688,54.274876,58.950617,58.232047,41.821989
2025-12-18,56.337195,68.756487,40.224122,66.543915,29.809654,43.293515,50.682569,59.7065,53.010285,43.240181
2025-12-19,63.817202,68.882607,44.492697,68.708469,33.619254,42.206388,51.903864,60.958879,58.446211,44.809785
2025-12-22,66.859515,73.068484,46.065965,75.892965,36.067548,49.490883,61.00753,56.810018,58.2579,48.688801
2025-12-23,64.206553,69.568151,51.993819,68.776648,39.38741,47.051515,55.416071,55.191918,55.861705,57.709658
2025-12-24,57.654313,70.4878,52.37388,67.215205,36.232143,45.64196,55.558152,53.186585,54.931374,55.999621
2025-12-25,57.654313,70.4878,52.37388,67.215205,36.232143,45.64196,55.558152,53.186585,54.931374,55.999621
2025-12-26,58.051492,61.194019,48.582466,64.678095,37.148103,41.415065,51.227397,51.246715,53.675309,50.347393
2025-12-29,51.039998,55.441249,48.287242,60.81741,39.460129,38.513808,46.18515,50.314517,51.929683,47.107892
2025-12-30,48.357554,54.530841,47.663359,53.80853,38.856099,38.18916,50.220265,56.094383,54.399587,43.241669
2025-12-31,60.232497,47.304323,47.935017,52.073918,46.207397,38.468446,51.469137,61.162552,59.683201,48.684293
2026-01-01,61.838381,50.958932,47.890409,55.649977,48.065144,36.304527,52.530482,62.520368,67.098987,18.135016
2026-01-02,66.515077,54.67915,56.916548,58.126802,54.078787,47.580745,51.494554,69.016517,69.538086,14.646251
2026-01-05,59.8039,48.763449,39.796189,48.726798,61.085896,55.441212,51.150093,71.489933,66.535643,14.569705
2026-01-06,38.847241,54.805327,33.008016,50.206097,67.155836,68.131439,51.231177,75.713311,64.282427,13.048257
2026-01-07,38.152861,59.909339,28.507245,56.457491,60.79218,71.734498,45.510313,66.391236,66.336948,12.809814
2026-01-08,32.055036,46.796178,27.778301,49.977735,57.829805,73.179291,41.297237,60.177619,44.648777,12.736704
2026-01-09,33.65247,47.324288,25.479298,50.169441,54.64599,59.423031,33.896637,61.244867,44.261006,11.949807
2026-01-12,36.360744,51.547343,24.888715,45.862812,60.26066,61.648495,38.974084,66.851311,43.473204,13.860222
2026-01-13,31.099832,55.015885,25.252749,46.702043,56.515757,66.950182,35.963974,70.958734,30.900802,12.963621
2026-01-14,33.155522,45.658282,21.858339,46.930693,49.39019,59.998775,35.210407,70.887629,29.398027,13.045443
2026-01-15,33.155522,45.658282,21.858339,46.930693,49.39019,59.998775,35.210407,70.887629,29.398027,13.045443
2026-01-16,32.984317,54.312026,27.243479,65.974716,50.769908,57.185105,34.062842,74.949816,28.693716,11.636508
2026-01-19,25.896187,49.204013,26.144529,63.625139,59.898636,47.627135,32.853025,71.928081,31.223289,18.470839
2026-01-20,23.490935,43.008466,29.311314,57.870067,53.01264,46.302493,30.316446,70.361446,26.707952,16.150346
2026-01-21,27.41731,45.457718,25.447745,56.754449,50.998713,39.668495,30.357798,64.499002,23.941375,15.673979
2026-01-22,27.12037,48.70857,24.910026,58.496877,54.766551,38.88494,32.971431,71.092336,28.864958,15.846462
2026-01-23,24.856275,50.102604,24.047703,59.892938,57.696089,38.394903,29.545645,59.672296,25.596755,15.35605
2026-01-26,24.856275,50.102604,24.047703,59.892938,57.696089,38.394903,29.545645,59.672296,25.596755,15.35605
2026-01-27,24.060811,49.52208,34.470027,62.290976,55.789296,45.253438,27.412693,67.312668,33.303853,13.740502
2026-01-28,30.945561,54.798816,39.902128,57.270753,51.036974,47.458227,24.740284,69.992079,34.336011,18.594801
2026-01-29,29.917796,47.694952,42.195582,55.200561,46.179375,52.64205,29.545846,70.667554,52.187833,17.512265
2026-01-30,31.800767,45.364085,38.649989,50.051232,50.214319,44.195555,29.923752,73.293227,52.12193,24.133974
2026-02-02,30.788434,51.101183,38.016979,47.085291,47.27673,43.615832,29.227279,51.378505,50.853725,20.42787
2026-02-03,47.574802,57.024398,52.898366,53.840213,49.563765,54.416406,43.03106,60.660124,61.601393,23.729363
2026-02-04,52.777872,37.276626,55.363424,33.209507,50.059242,58.730788,52.032602,61.550758,64.990633,29.805312
2026-02-05,49.200903,36.815311,53.052901,31.521324,46.64578,55.153357,43.381525,62.753994,62.082777,27.479675
2026-02-06,51.169108,33.853048,47.637316,30.135941,59.233432,57.407323,54.581626,60.043248,62.447708,46.642525
2026-02-09,53.972013,34.602555,45.402909,29.095213,60.775447,54.401485,54.531099,73.739282,65.807102,44.22247
2026-02-10,53.031064,38.72631,42.686637,29.254699,63.346849,56.929272,48.085832,73.095225,69.396915,43.09865
2026-02-11,55.763814,33.983999,39.878892,26.48572,64.596535,56.796293,48.281593,77.430406,69.484099,40.598686
2026-02-12,49.716781,26.517673,36.691407,19.794028,53.383593,62.441183,48.904145,78.350234,70.486653,39.964663
2026-02-13,42.391014,24.422668,30.046542,18.788279,39.04599,57.250533,46.44563,78.9531,68.607394,37.080359
