Date,RELIANCE,TCS,HDFCBANK,INFY,HINDUNILVR,ICICIBANK,BHARTIARTL,SBIN,LT,ITC
2016-02-16,,,,,,,,,,
2016-02-17,0.023696,0.004414,0.001489,0.017328,0.011641,-0.029756,0.013479,0.016305,0.016712,0.014721
2016-02-18,-0.013122,0.01771,0.014925,0.023273,0.018276,0.028309,0.005164,0.005348,0.024233,0.018676
2016-02-19,0.004521,0.001641,-0.000152,0.003427,0.000242,0.01351,0.0151,0.030663,0.000739,-0.002946
2016-02-22,0.019008,-0.001617,-0.000556,-0.000532,0.041143,-0.00176,0.009354,0.001518,-0.000652,-0.015433
2016-02-23,-0.013145,-0.02241,-0.018913,-0.002441,-0.028782,-0.032502,-0.023701,-0.039103,-0.017047,-0.020177
2016-02-24,0.003159,-0.023432,-0.021081,0.00129,-0.000119,-0.026042,0.008248,-0.01388,-0.015263,-0.021103
2016-02-25,-0.008975,0.000859,-0.007319,-0.013374,0.00723,-0.02139,-0.004321,-0.028791,-0.023767,-0.004868
2016-02-26,0.00662,-0.001062,0.019466,0.009772,0.008424,0.009836,-0.014261,0.027009,0.022275,0.016597
2016-02-29,0.017152,-0.015245,0.01129,-0.033091,-0.022944,0.028409,-0.007706,0.018281,-0.031198,0.016154
2016-03-01,0.015155,0.04587,0.012656,0.03819,-0.007527,0.0784,0.016482,0.020787,0.044563,0.100457
2016-03-02,0.020585,0.018536,0.023421,0.027145,0.030456,0.073433,0.017618,0.117865,0.012412,-0.017827
2016-03-03,0.011333,0.023417,0.008588,0.011505,-0.000412,-0.009091,0.021603,0.008833,0.060814,-0.004381
2016-03-04,-0.006368,-0.006574,0.004627,0.001154,-0.000177,0.011468,-0.012447,0.030916,-0.011515,-0.009272
2016-03-07,0.0,0.0,0.0,0.0,0.0,0.0,0.0,0.0,0.0,0.0
2016-03-08,0.020469,-0.001378,-0.006271,-0.00615,-0.026509,-0.016553,0.006834,-0.026805,-0.004819,0.016022
2016-03-09,0.014313,0.001253,0.010501,0.012936,0.016218,-0.002306,0.009351,0.000273,0.02139,-0.001093
2016-03-10,-0.028751,-0.003797,-0.003464,-0.030547,-0.002501,-0.003929,0.005081,-0.015812,-0.022014,-0.011879
2016-03-11,0.002718,0.007218,0.007295,0.000438,0.016775,-0.007657,0.002825,-0.002216,-0.000421,0.01645
2016-03-14,0.005175,-0.004334,-0.001118,-0.001575,0.006517,0.036474,0.010378,0.009162,-0.001223,0.011671
2016-03-15,0.000735,-0.010659,-0.000827,-0.005959,-0.019075,-0.001353,0.00631,0.019532,-0.002914,-0.026304
2016-03-16,0.001225,-0.001223,0.003652,0.015911,0.003984,0.022814,-0.012832,-0.00054,0.002075,0.017536
2016-03-17,0.005568,0.010743,-0.011694,0.00807,0.006515,0.005963,0.006647,0.006209,0.008494,0.004968
2016-03-18,0.011024,0.031377,0.009819,0.027243,-0.00153,0.010757,0.010418,0.026295,0.00507,0.003399
2016-03-21,0.009832,0.008409,0.016725,0.001257,0.036895,0.0202,0.027157,0.02902,0.024056,0.020631
2016-03-22,0.010171,0.010976,0.00789,-0.004143,-0.0108,-0.005322,-0.007776,0.003557,0.00745,-0.025041
2016-03-23,-0.017798,0.000283,-0.00427,0.015001,0.003965,0.002568,0.020804,-0.004557,0.004243,0.003404
2016-03-24,0.0,0.0,0.0,0.0,0.0,0.0,0.0,0.0,0.0,0.0
2016-03-25,0.0,0.0,0.0,0.0,0.0,0.0,0.0,0.0,0.0,0.0
2016-03-28,-0.00855,-0.000162,-0.001763,-0.002401,-0.01139,-0.037361,-0.023451,-0.042218,-0.029134,-0.005551
2016-03-29,0.015533,-0.001617,0.006014,-0.006349,-0.002894,-0.009093,0.013436,0.006373,-0.010279,-0.007598
2016-03-30,0.010422,0.00814,0.010581,0.007266,0.00058,0.063116,-0.001975,0.04248,0.028561,0.022969
2016-03-31,-0.001767,0.012372,0.005822,0.010241,0.00911,-0.003579,-0.008479,-0.016705,-0.009242,0.002749
2016-04-01,-0.010285,-0.026346,-0.006255,-0.010548,-0.001955,0.006972,-0.043757,0.007207,0.017425,0.023762
2016-04-04,0.00058,0.00707,0.004322,0.031731,0.00507,0.001888,0.038903,-0.004856,-0.001656,-0.01592
2016-04-05,-0.007826,-0.00344,-0.010851,-0.019217,-0.004242,-0.055079,-0.05165,-0.053159,-0.032933,-0.012851
2016-04-06,0.006622,0.007776,0.00383,-0.015658,0.003684,-0.01352,0.012103,-0.002712,0.013973,-0.001685
2016-04-07,0.003386,-0.004472,-0.005652,-0.015991,-0.013422,-0.01011,-0.009716,-0.010335,-0.023889,-0.019791
2016-04-08,-0.000868,-0.015683,0.003648,-0.01333,-0.011163,0.004313,0.010113,0.006321,0.007904,0.005478
2016-04-11,0.003811,0.030674,0.01095,0.015569,0.016345,0.015593,0.040795,0.028127,0.017698,0.018836
2016-04-12,0.006825,0.004588,-0.007423,-0.001436,0.009487,0.018024,0.005312,-0.00239,0.007459,-0.01482
2016-04-13,0.017806,0.003197,0.017639,-0.008036,0.028882,0.052022,0.003285,0.021832,0.010226,0.02745
2016-04-14,0.0,0.0,0.0,0.0,0.0,0.0,0.0,0.0,0.0,0.0
2016-04-15,0.0,0.0,0.0,0.0,0.0,0.0,0.0,0.0,0.0,0.0
2016-04-18,-0.001219,-0.002553,0.005593,0.05628,0.001615,-0.014544,0.023203,-0.026837,0.014657,0.012528
2016-04-19,0.0,0.0,0.0,0.0,0.0,0.0,0.0,0.0,0.0,0.0
2016-04-20,-0.025781,-0.027542,0.009239,0.003956,0.005505,0.003795,-0.007652,0.002945,0.010335,0.000298
2016-04-21,0.003712,-0.010591,-0.006103,-0.013911,-5.5e-05,0.063012,0.001683,0.03764,-0.011059,-0.016543
2016-04-22,-0.002113,-0.003031,0.000916,-0.012273,-0.021957,-0.004149,-0.011617,0.029843,0.010504,-0.012577
2016-04-25,-0.021223,0.014149,0.001007,0.003798,-5.6e-05,0.00377,0.016567,-0.015488,0.000316,-0.014887
2016-04-26,4.9e-05,0.015727,0.018843,0.013406,0.00181,0.004349,0.00404,0.019792,0.012248,0.020097
2016-04-27,0.002409,0.008555,0.009292,0.006493,0.007282,-0.037197,0.0351,-0.023887,-0.003552,0.018784
2016-04-28,-0.022268,0.006631,-0.009117,-0.024997,-0.017877,-0.018397,-0.000938,-0.020902,-0.01324,-0.031929
2016-04-29,-0.014047,0.003066,0.016518,-0.000868,-0.009529,-0.013119,-0.024416,-0.015881,-0.00393,0.006349
2016-05-02,0.004325,-0.003471,-0.012982,-0.005836,-0.004551,-0.043047,-0.015952,-0.015873,-0.003069,-0.011694
2016-05-03,-0.011297,-0.019235,0.000313,-0.019358,-0.014989,-0.024917,0.029486,-0.010484,0.00052,-0.015881
2016-05-04,0.002357,-4e-05,0.008363,0.009382,0.00282,-0.030077,-0.018732,-0.022277,-0.003676,-0.010758
2016-05-05,-0.002914,-0.003107,0.004391,0.003028,-0.003808,0.000933,-0.019505,0.002223,0.021695,0.015992
2016-05-06,-0.00646,0.001255,-0.011172,-0.009183,0.003823,0.018402,0.013262,0.022179,-0.010519,0.000157
2016-05-09,0.014603,0.015829,0.019426,0.014854,-0.009257,0.030649,0.021442,0.023596,0.027054,0.022348
2016-05-10,-0.000559,0.004119,0.003066,0.011467,0.020047,0.000888,0.005589,0.00424,0.019698,-0.004002
2016-05-11,-0.007277,-0.001823,-0.005328,-0.009029,0.000116,-0.006874,-0.026976,-0.023747,0.005833,-0.017002
2016-05-12,0.017839,0.019021,0.009045,0.006781,-0.011072,0.035052,0.008916,0.018919,-0.008774,0.000629
2016-05-13,-0.014756,-0.016678,-0.007136,-0.002273,-0.024854,-0.022864,-0.019884,-0.019363,-0.022491,0.003614
2016-05-16,-0.002249,0.010997,0.019196,0.006419,0.017372,-0.012142,-0.004086,-0.043549,-0.002526,0.03147
2016-05-17,-0.006968,0.007468,-0.008041,-0.000617,-0.014417,0.009833,-0.006366,0.000283,0.006117,0.003339
2016-05-18,0.001445,-0.007431,-0.011097,-0.003624,-0.010251,0.002213,0.000143,0.017529,0.014523,0.006657
2016-05-19,-0.019937,0.002293,-0.001184,-0.003389,-0.012599,-0.003974,-0.018363,-0.040289,-0.033401,-0.023595
2016-05-20,-0.017872,-0.010814,0.001404,-0.003442,-0.003312,-0.024163,-0.008266,-0.007817,-0.008688,0.016931
2016-05-23,-0.004496,-0.014965,-0.003637,-0.011318,0.008863,0.004543,0.011405,-0.017216,-0.011075,0.049947
2016-05-24,0.011237,-0.009533,0.002815,-0.00021,0.00427,0.015604,-0.002024,0.006532,0.000765,0.00346
2016-05-25,0.011431,0.023807,0.029256,0.017596,0.020654,0.046537,0.018832,0.033038,0.03981,0.022985
2016-05-26,-0.004573,0.008807,0.00848,0.021098,0.012201,0.02617,0.003412,0.051685,0.141336,0.017975
2016-05-27,0.029413,0.009397,0.003,0.010817,0.01276,0.008294,-0.004534,0.063807,0.000509,-0.008691
2016-05-30,-0.006156,0.02478,-0.005941,0.016112,-0.007954,0.005552,0.013238,0.015059,0.008272,0.017198
2016-05-31,-0.0112,-0.025413,0.001823,-0.014949,-0.007199,0.000614,-0.012644,0.030676,-0.009112,-0.015288
2016-06-01,-0.004437,0.024967,-0.005711,0.007648,0.008194,-0.018802,0.033722,-0.032691,-0.005768,0.029483
2016-06-02,0.002779,0.006303,-0.00017,0.002663,0.01526,0.005416,0.008121,0.011602,0.008327,-0.009408
2016-06-03,0.003556,-0.007773,-0.002723,0.004241,0.019178,0.009944,-0.021982,-0.00682,-0.011271,-0.011452
2016-06-06,-0.005054,0.003823,-0.000555,-0.000118,-0.006216,-0.001026,-0.026246,0.011699,0.005203,0.004804
2016-06-07,0.000262,0.007139,0.00222,-0.007381,0.020129,0.043532,0.001147,0.056561,0.013418,0.020107
2016-06-08,-0.000995,-0.00686,-0.009457,-0.015349,0.000167,0.013971,0.010024,0.002617,0.015659,0.000138
2016-06-09,0.01787,-0.013719,-0.002752,-0.031336,-0.023127,-0.012032,-0.00397,-0.003559,-0.013069,-0.02398
2016-06-10,0.005715,-0.008342,0.001682,-0.004133,-0.002054,-0.007661,-0.000427,-0.019052,-0.002514,-0.009602
2016-06-13,0.004505,-0.003423,-0.007276,0.000254,-0.000515,-0.035036,-0.024779,-0.020151,-0.014486,-0.002281
2016-06-14,-0.004943,-0.004771,-0.000911,-0.004996,-0.009723,0.004923,0.00073,0.029237,-0.003819,0.009717
2016-06-15,0.008553,0.008679,0.015367,0.012724,0.010339,0.012247,0.026995,0.040202,0.036459,0.01769
2016-06-16,-0.00843,0.000567,-0.006327,-0.00332,0.005488,-0.016053,-0.015345,-0.000231,-0.012948,-0.012933
2016-06-17,-0.001434,0.017316,0.006755,-0.005481,0.00216,-0.00251,0.030303,-0.011806,-0.009336,0.013948
2016-06-20,0.015694,0.021786,0.001752,0.024799,-0.002213,-0.001468,0.021008,0.011478,0.018105,-0.005002
2016-06-21,-0.003131,-0.003046,-0.004607,-0.002192,-0.010405,-0.00105,-0.00631,-0.0088,-0.008128,0.001257
2016-06-22,-0.006686,0.006205,0.004157,-0.005472,-0.001743,0.004835,0.002347,-0.00514,-0.002174,-0.0106
2016-06-23,-5.1e-05,-0.008359,0.015877,0.010088,0.011754,0.00795,0.00482,0.021841,0.004727,0.015647
2016-06-24,-0.029578,-0.026991,-0.023695,-0.014072,-0.01179,-0.041303,-0.024534,-0.028959,-0.045376,-0.017071
2016-06-27,0.004414,-0.030342,-0.001678,-0.023733,-0.000291,0.007577,-0.013208,0.027929,0.025269,0.013697
2016-06-28,0.00225,-0.012781,0.006035,-0.006045,0.03365,0.001934,0.016944,-0.005756,0.004977,0.026605
2016-06-29,0.009501,0.015808,0.009374,0.01527,-0.00445,0.015012,-0.00252,0.006021,0.006207,-0.00597
2016-06-30,0.002327,0.020057,0.006976,-0.005141,0.01669,0.01648,0.029758,0.007366,0.008967,0.005733
2016-07-01,0.004437,-0.020465,-0.001657,0.001366,-0.001057,-0.000831,0.004226,0.003656,0.030839,0.027484
2016-07-04,0.013611,-0.002659,-0.001448,0.009852,-0.005069,0.032453,0.013574,0.015483,0.016498,-0.029522
2016-07-05,0.006486,-0.003569,-0.006139,-0.00718,-0.003191,-0.012291,-0.019954,0.002242,0.005102,-0.005513
2016-07-06,0.0,0.0,0.0,0.0,0.0,0.0,0.0,0.0,0.0,0.0
2016-07-07,-0.005236,-0.022331,0.017201,-0.015484,0.031566,-0.00102,-0.006969,-0.015436,-0.013705,0.014165
2016-07-08,-0.009616,-0.001317,-0.009109,0.000821,0.002613,-0.011844,-0.022843,-0.007953,-0.014056,-0.004656
2016-07-11,0.014411,0.015474,0.021194,0.014548,0.009449,0.032651,0.013519,0.029317,0.017714,0.013423
2016-07-12,0.010982,0.000325,0.002001,0.001277,-0.004411,0.047428,0.009587,0.008901,0.005257,-0.00301
2016-07-13,0.005332,0.01142,-0.00366,0.014662,0.002324,-0.002102,0.001101,0.004411,-0.010587,-0.005234
2016-07-14,-0.003817,0.011552,0.002171,-0.014701,0.00593,0.028528,0.008936,0.018884,0.008412,0.006475
2016-07-15,0.007264,-0.030354,0.019452,-0.088162,0.009165,-0.010611,0.032566,-0.002155,0.013679,0.000603
2016-07-18,-0.005878,-0.004866,0.003065,0.008764,-0.020765,-0.008843,-0.042887,-0.011879,-0.00722,0.000201
2016-07-19,0.011478,0.013458,-0.007414,0.004621,-0.029069,0.02183,0.00455,0.003716,-0.001016,0.000603
2016-07-20,0.005109,0.011658,0.011368,-0.003542,0.013126,-0.00613,-0.00247,0.006751,-0.00124,0.004819
2016-07-21,-0.016276,0.004449,-0.002922,-0.002955,0.003473,-0.020935,0.012245,-0.023794,-0.008467,0.001398
2016-07-22,0.008446,0.003612,0.001791,-0.006899,-0.007527,0.005918,-0.001359,-0.009528,0.010561,-0.002993
2016-07-25,0.007784,0.02007,0.013121,0.007833,0.004152,0.019738,0.012522,0.028635,0.007561,0.007605
2016-07-26,0.001271,-0.002481,-0.006536,0.007263,-0.004686,-0.026056,-0.005646,-0.013919,0.004288,0.0
2016-07-27,-0.010693,0.009774,-0.001493,-0.003077,0.001274,0.034206,0.0073,0.011248,0.005933,-0.017279
2016-07-28,0.013079,0.016178,0.009297,-0.007233,0.00614,0.005174,-0.001744,0.007633,-0.015541,0.02789
2016-07-29,-0.011156,1.9e-05,-0.001802,-0.003387,0.01446,-0.033456,-0.026486,-0.006926,-0.011666,-0.007275
2016-08-01,-0.005321,0.033959,-0.003129,0.010616,0.002656,-0.05097,0.005386,-0.009154,-0.041794,-0.007328
2016-08-02,0.003269,-0.003342,0.000805,-0.001336,0.002595,-0.016834,-0.017033,0.0033,0.00646,0.040702
2016-08-03,-0.018612,-0.015894,-0.002292,0.001015,-0.014665,-0.013045,0.002935,-0.006139,-0.016463,-0.031058
2016-08-04,-0.000956,-0.001619,0.000444,-0.012075,0.004651,-0.007229,0.020621,-0.004412,-0.006391,-0.002374
2016-08-05,0.023414,-0.001094,0.006648,-0.003545,0.008115,0.023299,-0.006143,0.031465,0.029303,0.001785
2016-08-08,0.012792,0.000151,0.00028,0.010019,0.004322,-0.002846,-0.034203,0.002148,-0.00334,-0.010295
2016-08-09,0.001409,0.000264,-0.001921,0.004357,0.00511,0.000408,-0.005974,0.008146,-0.004114,-0.009202
2016-08-10,-0.026244,0.009509,-0.016276,-0.000969,-0.009955,-0.024455,-0.008585,-0.015522,-0.011826,-0.004644
2016-08-11,0.010412,0.012895,0.0011,-0.00462,0.011568,0.013996,0.003651,-0.018791,-0.005731,0.020892
2016-08-12,0.021398,0.010536,0.000366,-0.013737,-0.000695,0.013391,0.004186,0.071099,0.011663,0.009736
2016-08-15,0.0,0.0,0.0,0.0,0.0,0.0,0.0,0.0,0.0,0.0
2016-08-16,-0.010523,-0.017072,-0.001139,-0.010117,-0.009412,0.010571,-0.015382,0.01418,0.009686,0.003935
2016-08-17,-0.011318,-0.024947,0.006192,-0.017589,-0.014036,-0.003822,0.009344,-0.002026,-0.002556,-0.005488
2016-08-18,0.004688,0.005334,0.014252,-0.009581,-0.006899,0.021405,0.021698,0.008731,-0.001449,-0.00611
2016-08-19,-0.003094,-0.013284,-0.004311,-0.002052,0.004135,0.003954,-0.004955,0.04066,0.008265,-0.004759
2016-08-22,-0.003005,-0.021049,0.002566,-0.005728,0.021303,-0.006499,-0.003415,-0.014313,-0.001138,0.012552
2016-08-23,-0.001384,0.02054,0.00092,0.023832,-0.008978,-0.008127,0.010137,-0.000196,-0.010384,-0.010626
2016-08-24,0.009946,-0.011149,0.008271,0.017073,-0.002496,-0.006994,-0.003251,-0.001374,-0.002471,-0.004574
2016-08-25,-0.007643,-0.008165,-0.002576,-0.020097,-0.009354,-0.006037,-0.018718,-0.016706,-0.012793,0.012787
2016-08-26,0.015009,-0.010231,-0.001152,-0.015345,-0.006917,-0.006681,-0.005925,-0.014192,-0.01887,0.001381
2016-08-29,0.028748,-0.009664,-0.015114,0.002499,0.000774,0.021198,-0.003925,0.009935,0.022632,-0.00394
2016-08-30,0.008464,0.017436,0.024675,0.017208,0.021652,0.022954,-0.031378,0.012849,0.011065,0.017801
2016-08-31,-0.006002,-0.012912,0.017775,-0.004374,-0.00838,0.006829,-0.000602,0.000991,0.025277,0.010688
2016-09-01,-0.029057,-0.001513,-0.005809,0.001641,0.009541,0.011434,-0.062717,-0.00198,-0.003867,0.003653
2016-09-02,-0.0154,0.002912,0.001091,-0.005494,-0.005455,0.001341,0.025897,0.010318,-0.00136,0.00728
2016-09-05,0.0,0.0,0.0,0.0,0.0,0.0,0.0,0.0,0.0,0.0
2016-09-06,0.006464,-0.012228,0.011906,0.012744,0.018572,0.043628,0.008153,0.021602,0.007541,-0.001141
2016-09-07,-0.002206,-0.017512,-0.010497,0.008947,-0.005171,0.019985,-0.004199,0.025759,0.00122,0.000762
2016-09-08,0.015477,-0.048534,0.002059,-0.015839,0.019882,-0.006471,0.013275,0.00581,0.013996,0.007991
2016-09-09,0.01079,0.01307,0.000776,-0.002072,-0.0227,-0.008142,-0.00709,-0.015837,-0.014161,-0.024915
2016-09-12,0.001867,0.002806,-0.008137,0.017866,-0.012367,-0.021525,-0.012574,-0.042976,-0.035909,-0.023422
2016-09-13,0.0,0.0,0.0,0.0,0.0,0.0,0.0,0.0,0.0,0.0
2016-09-14,-0.001672,-0.012971,-0.008165,-0.00797,-0.010888,0.012118,0.00566,0.018991,0.008269,-0.001586
2016-09-15,0.019383,-0.000644,0.007996,-0.003252,0.006109,-0.003131,0.00891,-0.006018,-0.003423,0.016081
2016-09-16,0.009906,0.014933,0.014262,0.017223,-0.002516,-0.01201,0.002789,-0.006641,0.002006,0.01739
2016-09-19,0.006369,0.021066,-0.005933,0.00099,0.000274,0.015897,0.0017,0.005309,0.00448,-0.005761
2016-09-20,-0.007576,-0.002053,-0.001318,-0.010413,-0.009924,0.001841,-0.015271,-0.004694,-0.002602,-0.00734
2016-09-21,-0.001815,0.002867,0.003531,0.005332,0.011241,-0.008085,0.008302,-0.012969,-0.002609,-0.012843
2016-09-22,0.015575,-0.014668,0.01075,0.002889,-0.003176,0.020748,0.016002,0.026876,0.018919,0.006308
2016-09-23,0.012719,0.008453,0.004438,-0.015347,0.000439,-0.015427,-0.000153,-0.012989,-0.001967,-0.007052
2016-09-26,0.00399,0.001251,-0.012608,-0.006379,-0.019713,-0.032074,-0.020186,-0.011393,-0.020909,-0.021306
2016-09-27,0.00298,0.014577,0.001466,0.003717,0.005266,-0.009712,-0.017325,-0.01053,-0.01999,-0.008869
2016-09-28,-0.017875,-0.005357,-0.002157,-0.00077,-0.011312,0.002885,0.022077,0.019076,0.013575,0.004474
2016-09-29,-0.016687,0.006087,-0.013704,-0.009384,-0.009976,-0.039885,-0.018803,-0.025616,-0.012569,-0.005062
2016-09-30,0.01049,-0.002872,-0.00364,0.006656,-0.011898,0.00719,-0.005385,0.016178,-0.003096,-0.017704
2016-10-03,0.006459,-0.007858,0.011274,0.001979,0.001037,0.015864,0.014968,0.01612,0.026201,0.003936
2016-10-04,0.00518,-0.002716,0.001826,0.010693,-0.009611,0.008003,0.01663,0.01743,-0.014653,-0.00454
2016-10-05,-0.006339,-0.007817,-0.002675,-0.007339,0.012262,-0.010651,-0.007099,0.004235,0.003312,-0.004146
2016-10-06,0.019644,0.001006,-0.003227,-0.013538,0.0155,-0.016442,0.001865,-0.015526,0.000378,-0.011657
2016-10-07,-0.001621,-0.00877,-0.001053,-0.014454,-0.008141,-0.002587,-0.008843,0.007399,0.001684,0.006529
2016-10-10,-0.011407,0.005279,0.002928,0.017184,-0.001254,-0.001995,-0.011113,-0.008118,-0.00477,0.004813
2016-10-11,0.0,0.0,0.0,0.0,0.0,0.0,0.0,0.0,0.0,0.0
2016-10-12,0.0,0.0,0.0,0.0,0.0,0.0,0.0,0.0,0.0,0.0
2016-10-13,-0.035755,-0.021594,-0.016818,0.021749,-0.016093,-0.035786,-0.028965,-0.027085,-0.008,-0.00479
2016-10-14,0.019392,0.016016,-0.000752,-0.023947,-0.022968,0.002488,-0.004401,0.009814,0.025341,0.003976
2016-10-17,-0.015775,-0.001585,-0.0191,-0.004624,0.008311,0.070321,-0.013425,0.004363,-0.018239,0.002918
2016-10-18,0.019281,0.015979,0.01628,0.016285,0.007477,0.044831,0.017757,0.014613,0.027833,0.022236
2016-10-19,0.005781,-0.002125,0.000397,0.002647,-0.01122,-0.019604,0.000978,-0.005839,0.001881,-0.026428
2016-10-20,0.000184,0.002526,-0.002265,-0.004944,-0.006738,0.047349,0.007004,0.018794,0.008451,-0.000417
2016-10-21,-0.02147,0.011453,0.012107,0.012334,0.012972,-0.00072,0.002103,-0.006534,0.004788,0.003342
2016-10-24,-0.000846,0.002291,-0.005627,-0.010787,-0.003348,0.025775,-0.010008,0.017215,-0.012046,0.004997
2016-10-25,-0.002304,-0.012048,-0.010486,-0.009639,-0.01886,0.016517,0.016794,-0.005705,-0.005728,-0.010773
2016-10-26,-0.00641,-0.000918,-0.008798,-0.002949,0.012615,-0.037511,0.018922,-0.010327,-0.001213,0.0
2016-10-27,-0.005076,0.009119,0.010328,-0.01055,-0.003026,0.021193,0.016997,-0.012947,-0.004723,0.01822
2016-10-28,0.00596,-0.008023,0.005551,-0.005979,-0.004522,-0.026205,-0.013154,0.01018,0.00366,0.0
2016-10-31,0.0,0.0,0.0,0.0,0.0,0.0,0.0,0.0,0.0,0.0
2016-11-01,-0.003744,-0.020303,0.000596,-0.00807,0.006932,-0.005418,-0.004391,0.003682,-0.011852,-0.012957
2016-11-02,-0.025928,-0.019553,-0.010835,-0.00849,0.007004,-0.01253,-0.024728,-0.030508,-0.00991,-0.011044
2016-11-03,0.000195,0.006684,0.007062,-0.014474,-0.002021,-0.007907,-0.0021,-0.02151,-0.003072,0.012642
2016-11-04,-0.01797,0.004786,-0.008964,0.004292,0.010245,0.000185,-0.007283,-0.011398,-0.016895,0.036413
2016-11-07,-0.004376,-0.022956,0.004623,0.007158,-0.012205,0.032987,-0.003586,0.04056,-0.015354,0.029914
2016-11-08,0.002347,0.002701,0.003882,0.004755,0.008297,0.016147,-0.002291,-0.000198,-0.000572,-0.003509
2016-11-09,0.001096,-0.049645,-0.002432,-0.02473,-0.019299,-0.00618,-0.012791,0.029092,-0.004831,-0.029147
2016-11-10,0.005774,-0.006637,0.021818,-0.019722,-0.011771,0.039616,0.025415,0.081923,0.015571,0.011686
2016-11-11,-0.008561,-0.025192,-0.002151,-0.019002,-0.020524,-0.055366,-0.023489,-0.029506,-0.0165,-0.032264
2016-11-14,0.0,0.0,0.0,0.0,0.0,0.0,0.0,0.0,0.0,0.0
2016-11-15,-0.016321,0.00959,-0.016499,0.00217,0.004615,-0.024059,0.004147,0.019048,-0.013321,-0.022433
2016-11-16,0.001167,0.032198,-0.008289,0.018786,0.004097,-0.01316,0.023129,-0.003595,0.003831,-0.027789
2016-11-17,-0.00892,-0.023931,-0.011372,-0.011797,0.003586,0.005447,-0.040368,0.000902,-0.003308,0.002599
2016-11-18,0.009972,-0.005662,-0.015282,-0.01054,-0.010842,-0.011395,0.022211,-0.005947,-0.000401,-0.015767
2016-11-21,0.004051,0.00367,-0.010484,-0.009674,-0.006352,-0.01285,-0.013992,-0.066896,-0.016454,-0.016019
2016-11-22,0.010035,0.000985,-0.000542,0.003403,0.027766,0.005743,0.014858,0.0,-0.013614,0.008475
2016-11-23,0.007539,0.01,-0.011101,0.006618,0.014392,0.008565,-0.011186,0.005051,0.020834,-0.006413
2016-11-24,-0.021457,0.014886,-0.016248,0.010921,-0.007695,-0.021325,0.006155,0.011985,-0.0056,-0.005119
2016-11-25,0.006431,0.051132,0.02042,0.050736,0.010057,0.003085,-0.004629,-0.003056,0.015597,0.023714
2016-11-28,-0.007095,-0.007716,-0.004078,0.002302,0.005098,-0.018454,0.059136,-0.028358,-0.010032,0.021416
2016-11-29,0.0112,-0.009967,-0.004812,-0.007298,-0.006147,0.000588,0.018977,-0.003352,-0.003316,-0.011339
2016-11-30,-0.007668,0.007169,0.017688,0.003033,0.013571,0.039538,-0.000769,0.022359,0.022404,0.006276
2016-12-01,0.007777,-0.005536,-0.001959,5.1e-05,0.004858,-0.024101,-0.019717,-0.010451,0.00405,0.004301
2016-12-02,-0.003007,-0.018379,-0.006807,-0.011378,-0.019632,0.00135,0.001257,-0.006063,-0.019087,-0.021413
2016-12-05,-0.000905,-0.016135,0.006097,-0.002955,0.016176,0.005202,0.02558,0.011019,-0.004186,0.017725
2016-12-06,0.01142,-0.00167,-0.001588,0.005044,-0.010534,0.000575,0.006427,0.008564,0.004424,-0.010106
2016-12-07,-0.006019,-0.012738,-0.010758,-0.000104,-0.002751,-0.008812,-0.002129,-0.013508,-0.00613,-0.013032
2016-12-08,0.020918,0.019122,0.015149,0.018884,0.011155,0.015655,0.013104,0.016823,0.009713,0.026849
2016-12-09,0.008725,-0.000228,-0.001,0.004773,0.002432,0.021694,-0.001354,0.025972,-0.003475,0.012216
2016-12-12,-0.001701,0.005899,-0.011558,-0.012129,-0.014733,-0.01341,-0.008584,-0.011251,0.002019,-0.016303
2016-12-13,0.012266,-0.003578,0.00152,0.013148,-0.001742,-0.001699,0.002582,0.009482,0.007876,0.014421
2016-12-14,0.018946,0.003318,-0.008894,0.009644,-0.011249,-0.014561,-0.022424,-0.012211,-0.011449,-0.010609
2016-12-15,-0.006182,0.023419,0.000766,-0.007402,-0.006997,-0.000959,-0.012864,0.009509,-0.00228,-0.014797
2016-12-16,0.003989,0.010335,0.004844,0.012899,0.001103,-0.018056,-0.02575,-0.002449,0.002764,-0.014584
2016-12-19,0.005108,0.002738,-0.004694,-0.000497,-0.008813,0.005869,-0.01531,-0.012842,-0.011502,0.002871
2016-12-20,-0.004376,0.02202,0.004376,0.007465,-0.010312,-0.021392,-0.009656,-0.026019,0.007844,0.012996
2016-12-21,0.005057,-0.010986,-0.001607,-0.010473,-0.00574,0.006558,-0.00281,0.003143,-0.009959,-0.015873
2016-12-22,-0.009311,-0.00255,-0.005848,-0.016824,-0.012236,-0.001185,-0.031322,-0.021735,-0.02038,0.005524
2016-12-23,0.00375,-0.008493,0.01121,0.003808,0.003113,-0.004349,0.011292,-0.002602,0.017343,-0.012525
2016-12-26,-0.009316,0.002186,-0.009484,-0.005767,0.015579,-0.014691,0.001861,-0.019868,0.000112,0.001335
2016-12-27,0.016469,0.013213,0.008681,0.016484,0.006174,0.021761,0.01182,0.018632,0.013457,0.040222
2016-12-28,-0.014088,-0.004304,0.001308,-0.000451,0.0044,-0.007099,-0.000334,-0.00402,-0.004168,0.005982
2016-12-29,0.015004,0.016556,0.015547,-0.006159,0.01012,-0.002582,0.011686,-0.000404,-0.007963,0.002336
2016-12-30,0.015909,0.00589,0.00083,0.018391,0.009591,0.016726,0.008746,0.010297,0.007392,0.023941
2017-01-02,0.002494,-0.001776,-0.007544,-0.0094,-0.00121,-0.013122,0.017504,-0.026379,0.007783,-0.002897
2017-01-03,0.003963,0.002922,-0.006014,-0.007242,0.005452,0.009724,-0.021061,0.005337,0.00559,0.009961
2017-01-04,-0.020424,0.00475,-0.003698,0.003924,-0.009942,-0.012972,0.03104,-0.008167,0.006875,0.008629
2017-01-05,0.009605,-0.018953,0.00059,-0.001604,0.014058,0.024492,0.022937,0.010086,0.011405,0.005296
2017-01-06,-0.002274,-0.022704,0.006281,-0.023992,0.00072,0.003499,-0.004204,0.002242,-0.00097,-0.016413
2017-01-09,0.002558,0.009775,0.001298,-0.001954,-0.003238,0.002131,-0.005629,0.004677,-0.007405,0.012979
2017-01-10,0.011274,0.005057,0.016023,0.000206,-0.000602,0.005798,0.006762,0.00506,0.004961,0.012609
2017-01-11,-0.003487,0.003909,0.016181,-0.001494,0.013184,0.017294,0.008279,0.015505,0.01791,-0.005624
2017-01-12,-0.002532,0.008583,0.00081,0.031937,-0.018538,0.013789,-0.002943,-0.003569,0.026198,-0.011715
2017-01-13,0.006554,-0.040544,-0.002024,-0.024249,0.002482,-0.001118,-0.004972,-0.001393,-0.007314,0.020437
2017-01-16,-0.012977,0.004112,0.012292,-0.02065,-0.000543,0.004663,-0.004997,0.019331,0.002815,-0.003405
2017-01-17,-0.03252,0.008943,-0.007334,-0.000262,0.015891,-0.003342,-0.000314,0.000978,0.002045,0.012661
2017-01-18,-0.008355,0.007175,0.00331,-0.004815,0.028906,0.000186,-0.014443,0.00918,0.004634,-0.004366
2017-01-19,0.001114,-0.001787,-0.00507,0.007678,-0.005376,0.004656,0.010194,0.000193,-0.002065,0.013155
2017-01-20,-0.007642,-0.002466,4e-05,-0.009811,0.000174,-0.023174,0.01088,-0.028444,-0.02394,0.004918
2017-01-23,-0.009651,0.012221,0.006713,0.004216,0.002266,-0.022395,-0.002808,0.012348,-0.014985,0.01664
2017-01-24,0.011222,0.005051,0.018399,-0.007505,-0.002377,-0.001553,-0.009855,0.002951,0.018837,0.00077
2017-01-25,-0.009734,0.014946,0.018185,-0.009465,0.010286,0.010889,-0.016272,0.016869,0.021094,0.021743
2017-01-26,0.0,0.0,0.0,0.0,0.0,0.0,0.0,0.0,0.0,0.0
2017-01-27,0.007667,0.00204,0.001007,0.005926,-0.015244,0.046355,0.039827,0.027971,-0.006794,-0.030508
2017-01-30,0.019218,-0.010561,-0.00538,0.007642,-0.002804,-0.004412,0.067645,-0.009383,0.002014,-0.00505
2017-01-31,0.000383,-0.044194,0.001323,-0.021857,0.002168,-0.006832,0.007377,-0.013639,0.002391,0.007809
2017-02-01,0.004257,-0.027761,0.014806,-0.012761,-0.001578,0.044804,-0.008903,0.039754,0.030423,0.044944
2017-02-02,-0.005859,0.018336,-0.005361,0.020889,-0.010245,0.017082,0.023761,0.009605,-0.009227,0.017056
2017-02-03,-0.00944,0.011279,0.009509,0.000214,0.005264,-0.014871,0.001415,0.015551,0.002845,-0.004557
2017-02-06,0.00774,0.003673,0.002327,-0.000908,0.01271,0.031078,0.004098,-0.001801,0.002093,0.013734
2017-02-07,-0.01032,0.001718,-0.005289,0.007485,-0.006159,-0.007578,-0.005911,0.003068,0.01112,0.001084
2017-02-08,-0.005578,0.011739,-0.001148,-0.006102,-0.002689,-0.007983,-0.00269,-0.002519,0.004366,-0.0083
2017-02-09,0.007414,0.02041,-0.006127,0.010144,-0.00258,-0.002799,0.00866,-0.00487,-0.010718,0.010371
2017-02-10,-0.002518,0.034803,0.004585,0.023573,0.000176,-0.01193,0.006474,0.001813,0.007547,-0.015487
2017-02-13,-0.000291,0.006798,0.005063,0.016575,0.013398,0.000177,0.001399,-0.017007,-0.001199,-0.010061
2017-02-14,0.019372,-0.003314,0.000687,0.003403,-0.01641,0.010652,0.030442,-0.005338,-0.005033,0.000739
2017-02-15,0.001429,0.003096,0.008466,-0.005973,0.00224,-0.013701,-0.009893,-0.004626,-0.008442,0.009601
2017-02-16,0.01541,0.014107,0.004311,0.030862,-0.004647,-0.006946,0.001095,0.005763,-0.006588,-0.024689
2017-02-17,0.007494,-0.01628,0.037013,-0.011856,-0.005732,0.015065,0.010391,-0.004251,0.005271,0.005625
2017-02-20,-9.3e-05,0.039163,0.023274,0.010149,0.015691,-0.002297,0.015832,0.001114,0.003146,-0.007832
2017-02-21,0.011903,-0.014728,0.004578,0.003316,0.009714,0.008677,-0.033302,0.003894,0.000438,-0.0109
2017-02-22,0.109631,-0.021842,-0.011586,-0.023135,0.001623,0.00474,-0.005099,0.00591,-0.004281,0.00114
2017-02-23,-0.020497,0.029152,-0.003466,0.018886,-0.006827,-0.005766,0.014543,-0.006794,0.006534,0.008351
2017-02-24,0.0,0.0,0.0,0.0,0.0,0.0,0.0,0.0,0.0,0.0
2017-02-27,0.047474,0.003243,-0.000502,0.003519,0.009554,-0.019859,-0.028805,-0.008135,-0.013958,-0.003952
2017-02-28,-0.000686,-0.009478,-0.002512,0.0,-0.000635,-0.008966,0.026567,0.003542,0.002285,-0.00907
2017-03-01,-0.002867,0.005393,0.001115,0.012594,0.011087,0.009951,-0.006573,0.009472,0.00473,0.024027
2017-03-02,0.001823,0.008832,-0.0083,-0.001805,0.002284,-0.001612,-0.016265,-0.016375,-0.00149,-0.013967
2017-03-03,0.017627,-0.002958,-0.002246,0.00772,-0.000399,-0.00969,-0.001962,-0.008417,-0.002442,-0.012087
2017-03-06,0.037186,-0.00864,0.002723,0.002618,-0.004617,0.002899,0.015022,0.01811,0.010371,0.00975
2017-03-07,-0.000306,0.011042,0.003947,-0.013638,-0.001203,-0.00271,-0.001106,-0.007597,0.000539,0.000568
2017-03-08,-0.010537,0.00496,0.004329,-0.011767,-0.00086,-0.005797,-0.001108,0.007842,-0.006795,-0.000378
2017-03-09,-0.003446,0.003006,0.001437,0.003721,-0.001148,-0.00328,-0.001386,0.012412,0.000406,0.003029
2017-03-10,-0.003964,0.008929,0.004232,0.010182,0.00563,-0.010786,0.013048,-0.004392,0.009953,-0.005661
2017-03-13,0.0,0.0,0.0,0.0,0.0,0.0,0.0,0.0,0.0,0.0
2017-03-14,0.006125,0.009932,0.007571,0.012673,0.044047,0.061726,-0.010414,0.009557,0.044583,0.013855
2017-03-15,0.011982,-0.026952,0.004182,-0.022082,-0.014501,-0.007311,0.005816,0.009831,-0.005905,0.004118
2017-03-16,-0.005594,0.009046,0.000529,0.0167,0.00633,-0.00228,-0.007021,0.007031,0.014301,0.000932
2017-03-17,0.00235,0.001924,0.005997,0.011129,-0.004028,-0.013708,-0.038264,-0.018439,-0.011776,0.047681
2017-03-20,-0.015299,-0.018113,0.007189,-0.018072,-0.004543,-0.019779,0.007352,-0.000912,-0.009597,0.002311
2017-03-21,-0.013273,0.002702,0.003377,0.011111,0.005565,-0.010907,0.001431,-0.005659,0.007414,0.021284
2017-03-22,-0.003244,-0.003117,-0.006974,-0.004986,0.00166,-0.025914,-0.033438,-0.017808,-0.012395,-0.027961
2017-03-23,0.010796,-0.007503,0.0,0.012406,-0.00326,0.007359,0.000887,0.003738,0.009184,-0.00804
2017-03-24,0.010563,-0.013473,-0.004577,-0.008698,-0.001996,0.029219,0.005909,0.029795,0.004728,0.012248
2017-03-27,-0.027705,-0.006242,-0.01018,-0.002472,-0.001555,-0.005824,-0.005286,0.010669,-0.004706,0.002135
2017-03-28,-0.004276,0.007421,0.007341,0.006123,0.004784,0.014095,0.006053,0.009483,0.000227,-0.003906
2017-03-29,0.00875,0.006029,0.005915,-0.003188,0.010464,0.018773,0.012032,0.02251,0.007965,0.009625
2017-03-30,0.011141,-0.001473,0.026319,-0.006154,0.007287,-0.003012,0.018414,0.009013,0.000578,-0.001589
2017-03-31,0.039547,-0.003769,-0.01613,-0.003169,-0.008105,-0.015994,-0.003274,0.008074,0.011204,-0.008665
2017-04-03,0.040692,-0.008266,-0.006482,-0.013157,0.009761,0.035579,-0.023568,-0.000852,0.05467,0.004459
2017-04-04,0.0,0.0,0.0,0.0,0.0,0.0,0.0,0.0,0.0,0.0
2017-04-05,0.029353,-0.004333,-0.000593,-0.012738,0.015967,-0.006453,0.007899,0.014327,0.021342,-0.009235
2017-04-06,0.016608,-0.0005,0.004294,0.003665,-0.000748,-0.014043,-0.007837,-0.015134,-0.00781,-0.017387
2017-04-07,-0.022176,0.012083,0.000243,-0.018057,-0.01086,-0.012462,0.008485,-0.01161,0.001366,-0.00529
2017-04-10,-0.017951,-0.002799,-0.003266,-0.028679,0.001568,0.001082,0.002901,-0.000345,-0.006793,0.003301
2017-04-11,-0.006515,-0.001218,0.00373,0.014422,-0.00243,0.02161,0.013017,0.017798,0.018428,0.031073
2017-04-12,-0.013371,-0.010768,0.002918,0.001758,5.4e-05,-0.010048,0.001713,-0.014771,-0.001232,-0.000532
2017-04-13,0.007976,-0.026992,-0.002355,-0.038654,0.000108,0.007123,-0.030074,0.004825,-0.014241,-0.009755
2017-04-14,0.0,0.0,0.0,0.0,0.0,0.0,0.0,0.0,0.0,0.0
2017-04-17,0.01982,-0.005927,-0.00243,-0.006979,-0.010608,-0.001415,0.003086,-0.005659,0.001668,-0.000179
2017-04-18,-0.015555,-0.002613,0.007308,-0.002432,-0.001422,0.003541,-0.007325,0.00138,-0.007048,-0.000179
2017-04-19,-0.001022,-0.00418,0.001175,-0.003739,-0.004601,-0.010057,0.003394,-0.02153,0.000629,-0.001255
2017-04-20,0.000548,0.011461,0.009075,0.008812,0.007869,-0.027802,0.008237,0.00264,0.006375,0.002871
2017-04-21,0.024059,-0.006321,0.023561,-0.003882,-0.010156,-0.013199,0.000146,-0.009129,0.003747,-0.018426
2017-04-24,0.010624,0.007487,0.024355,0.003085,-0.002041,-0.001858,0.005397,0.013643,0.026785,0.008748
2017-04-25,0.010865,-0.00713,0.002609,0.003022,0.021503,0.014331,0.026984,0.0,0.007734,0.016441
2017-04-26,-0.011411,-0.000497,0.008848,-0.016248,0.018777,0.016147,0.010171,0.001398,0.002978,0.034127
2017-04-27,-0.004907,-0.003333,0.011576,0.012032,0.006321,-0.009931,0.000979,-0.01536,0.008822,-0.017532
2017-04-28,-0.010145,-0.012811,-0.014089,-0.006809,-0.013037,0.015867,-0.006706,0.0273,-0.009594,-0.027292
2017-05-01,0.0,0.0,0.0,0.0,0.0,0.0,0.0,0.0,0.0,0.0
2017-05-02,-0.017668,0.007368,-0.003815,0.003972,-0.007327,-0.010413,-0.022222,-0.005004,-0.010144,0.004317
2017-05-03,-0.000328,0.0207,0.002402,0.012682,0.006357,-0.010341,-0.003596,0.005203,-0.006842,-0.006984
2017-05-04,-0.008868,-0.003081,-0.006151,0.003585,0.024304,0.091842,-0.001011,0.031919,0.006656,0.014247
2017-05-05,-0.021871,-0.00412,-0.001694,-0.006559,-0.002927,0.002518,-0.003613,-0.010199,-0.004187,-0.014402
2017-05-08,-0.005157,0.009459,0.001697,0.015029,0.000996,0.014738,0.018999,0.011487,-0.008583,-0.015154
2017-05-09,0.006773,0.004312,0.000619,0.001216,-0.002932,-0.007757,-0.017222,-0.009686,0.020502,-0.005312
2017-05-10,0.021611,-0.008544,0.010451,-0.003169,0.046531,-0.006487,0.079653,-0.006914,-0.003095,0.009024
2017-05-11,0.000331,0.007288,-0.00348,0.000477,-0.017665,0.00519,-0.018109,0.012396,-0.00138,0.009856
2017-05-12,-0.006694,0.004767,0.003395,0.021343,0.001482,-0.012159,-0.002459,-0.000671,0.002159,-0.006145
2017-05-15,-0.004702,0.001885,0.001128,-0.013171,0.003112,0.017703,-0.002602,0.011749,0.001034,0.010911
2017-05-16,0.009077,0.027082,0.004024,0.003626,0.017442,0.002816,0.028011,0.020239,-0.000976,0.019788
2017-05-17,-0.002359,0.010786,-0.001603,-0.002304,0.008996,0.02346,0.004274,0.000488,0.008474,-0.00635
2017-05-18,-0.01903,0.032928,-3.2e-05,0.009393,-0.018972,-0.005811,-0.013832,-0.015277,-0.018713,-0.013315
2017-05-19,-0.006404,-0.011454,0.002665,-0.003951,0.017925,-0.002923,0.005395,0.01667,0.001132,0.029867
2017-05-22,0.004019,0.009653,0.009448,0.003654,0.010516,-0.010422,-0.000537,-0.044481,0.015888,0.060797
2017-05-23,-0.014047,-0.003812,-0.004378,-0.004317,0.006087,0.00724,-0.001744,-0.018518,-0.006393,-0.011364
2017-05-24,-0.006013,0.014851,-0.001498,-0.002611,0.012929,0.002124,-0.009546,-0.019734,-0.032342,-0.000833
2017-05-25,0.00366,0.025575,0.032169,0.029849,0.005202,0.035866,0.00638,0.024546,0.050105,0.0005
2017-05-26,0.026757,-0.01766,0.005472,0.012611,-0.002396,0.012118,0.007823,0.003304,0.0106,0.030161
2017-05-29,0.014657,-0.002094,0.003629,-0.010596,0.030069,-0.020681,-0.001338,-0.015427,-0.002909,0.021838
2017-05-30,0.001805,-0.008453,-0.001746,0.011217,0.000326,0.020641,-0.006433,0.017077,-0.008331,-0.013931
2017-05-31,-0.01372,-0.001765,0.004389,-0.019223,-0.005221,0.015713,0.002293,-0.001904,-0.003875,0.001124
2017-06-01,-0.009286,0.002749,-0.004645,0.009457,0.02657,-0.019452,-0.012515,-0.002948,0.018231,0.007697
2017-06-02,-0.002635,0.004425,0.003469,-0.002008,-0.008171,-0.006092,0.017307,-0.001392,-0.004909,0.015913
2017-06-05,0.003472,0.015225,0.000795,-0.011037,0.010447,0.005029,-0.002277,0.000697,0.011715,0.010128
2017-06-06,-0.01245,0.03535,0.002079,0.021486,-0.005648,-0.002502,-0.00913,0.000174,-0.016483,-0.02016
2017-06-07,0.019957,-0.029952,0.001129,-0.01843,0.013559,0.018028,0.010298,0.011312,0.007577,0.003858
2017-06-08,-0.005452,-0.035809,0.002407,-0.005045,-0.011615,-0.013859,-0.01368,-0.006711,-0.008023,-0.002081
2017-06-09,0.003004,-0.00579,0.013406,-0.008207,0.001692,0.00609,0.000272,-0.000173,0.002226,-0.017972
2017-06-12,-0.012166,-0.007898,0.00117,0.016076,0.003926,-0.019867,-0.007069,-0.012476,-0.023394,-0.005229
2017-06-13,-0.003865,-0.003313,0.004764,-0.006277,0.002819,-0.00285,-0.005476,-0.00386,0.001382,0.002793
2017-06-14,0.03283,0.007607,-0.00328,0.000835,0.00993,0.01334,0.006333,0.001233,0.014635,-0.017691
2017-06-15,0.019484,-0.023885,-0.004099,-0.006781,-0.00871,-0.007209,-0.000547,-0.000704,-0.016492,0.006837
2017-06-16,0.003505,-0.00477,0.002944,-0.012446,-0.01105,-0.000789,-0.001232,0.006866,-0.004985,0.016231
2017-06-19,0.014725,0.013336,0.014168,-0.011061,0.003526,0.012954,0.007263,0.010141,0.016853,0.013364
2017-06-20,0.0022,0.005469,-0.003751,0.014734,-0.002373,0.011302,-0.002449,0.004327,-0.003018,-0.007076
2017-06-21,0.006833,-0.015828,0.007204,-0.000212,0.027812,-0.004616,0.001909,0.002758,0.002114,0.00081
2017-06-22,0.007489,-0.004758,-0.000412,-0.003392,-0.017423,-0.005153,-0.002995,0.012375,-0.010147,0.007607
2017-06-23,0.002234,-0.013842,-0.011396,0.003297,0.003519,0.007769,0.0,-0.018845,-0.00789,-0.000964
2017-06-26,0.0,0.0,0.0,0.0,0.0,0.0,0.0,0.0,0.0,0.0
2017-06-27,0.000905,-0.007981,-0.006553,-0.017175,-0.005283,-0.013534,0.014337,-0.032186,-0.01219,0.004341
2017-06-28,-0.026894,0.003073,-0.00072,-0.002535,-0.001923,0.00851,0.01548,-0.011621,0.000911,-0.012806
2017-06-29,-0.004147,-0.007149,0.004591,0.005948,-0.001743,0.009988,0.013918,-0.014291,0.000235,0.01054
2017-06-30,-0.009119,0.012472,-0.006614,0.005751,-0.007812,-0.010571,-0.007191,0.004405,-0.009421,0.038671
2017-07-03,0.000761,0.004762,0.003965,0.017477,0.016812,-0.000345,0.006189,0.004385,-0.000207,0.058242
2017-07-04,0.029615,-0.002844,-0.003165,0.010768,-0.008791,-0.001896,-0.007198,-0.006731,-0.002312,-0.015329
2017-07-05,0.014557,-0.004584,-0.002782,-0.011693,0.007904,0.011572,-0.007909,0.00696,0.007099,-0.018384
2017-07-06,-6.9e-05,-0.003587,0.005701,-0.004101,-0.00383,0.003073,0.013287,0.02219,0.001357,0.018275
2017-07-07,0.03369,-0.006645,0.005458,-0.012249,0.00476,-0.013787,0.012064,-0.003203,0.004006,-0.008306
2017-07-10,0.00114,0.044169,0.005488,0.023145,-0.001321,0.006041,0.051309,0.019457,0.016282,-0.002991
2017-07-11,0.001005,0.016777,0.002416,0.019121,0.009304,-0.006176,-0.025265,-0.007004,0.005167,-0.008701
2017-07-12,0.011209,-0.014682,0.000506,-0.003076,0.022776,0.009322,0.004172,0.01446,-0.00089,-0.004692
2017-07-13,0.015287,0.002849,0.001368,0.004834,0.002695,0.018984,0.017798,0.003824,0.025661,0.030105
2017-07-14,0.007654,-0.020008,-0.002138,-0.005117,0.004054,0.001175,0.00955,0.00987,-0.003319,-0.004723
2017-07-17,0.011736,-0.000834,0.001429,0.012345,0.011981,0.017603,0.003563,0.004801,4.3e-05,-0.035592
2017-07-18,-0.020525,0.005385,0.000713,0.001575,0.00425,0.001318,-0.000367,-0.006826,0.005678,-0.124866
2017-07-19,0.008586,0.017128,0.005197,-0.005834,-0.003023,-0.00543,0.031717,0.007904,0.002886,0.024249
2017-07-20,-0.002642,-0.002,0.010991,-0.010614,-0.001256,-0.005459,-0.003442,-0.008012,0.003683,-0.006691
2017-07-21,0.036693,0.019021,-0.004588,0.010986,0.004987,0.004824,-0.020248,-0.001031,-0.005398,-0.002073
2017-07-24,0.019085,0.018718,0.018819,0.010662,0.000604,0.003311,0.021274,0.013418,-0.00106,0.015057
2017-07-25,-0.00811,0.016122,0.002622,0.003332,-0.00841,0.00363,0.01845,0.005262,-0.00607,-0.006309
2017-07-26,0.012858,-0.006028,0.004541,0.000201,0.013005,0.020385,-0.003623,-0.001013,0.008028,0.007721
2017-07-27,-0.017224,-0.029068,0.024091,-0.023138,0.006312,-0.01015,-0.02393,0.008621,0.001525,-0.017368
2017-07-28,-0.000219,0.001047,-0.00623,0.027084,-0.015402,-0.03597,-0.00661,0.002514,-0.01747,0.010397
2017-07-31,0.013014,0.003019,0.003317,0.013887,0.001647,0.021779,0.013671,0.044801,0.028026,-0.021609
2017-08-01,-0.007182,0.003954,0.007173,-0.005587,0.015747,0.0,-0.004535,-0.0112,-0.003266,0.009115
2017-08-02,0.015964,-0.011133,-0.003088,-0.012133,-0.004429,-0.002478,-0.002877,-0.004207,-0.011134,-0.008338
2017-08-03,0.012828,0.006326,-0.00653,-0.009413,0.000984,-0.020374,0.020079,-0.023237,-0.001742,-0.014188
2017-08-04,-0.016938,0.013396,0.005787,-0.000254,0.018976,0.00186,-0.007779,0.015638,0.000936,-0.00231
2017-08-07,-0.003576,-0.00767,-0.00095,-0.015756,-0.004865,0.013165,-0.008197,0.019492,0.003487,-0.003205
2017-08-08,-0.008538,-0.00016,-0.005954,-0.004545,0.003962,-0.015492,0.000839,-0.024261,-0.007415,-0.020368
2017-08-09,-0.00234,0.003576,-0.007565,0.005706,-0.004744,-0.016582,-0.004189,-0.004446,-0.014771,-0.004742
2017-08-10,-0.009038,-0.000219,-0.002267,0.012276,-0.012359,-0.006366,0.000481,-0.018525,0.003293,0.000916
2017-08-11,-0.024048,-0.006132,-0.006476,0.006573,-0.01529,-0.006234,-0.004084,-0.05578,-0.010273,-0.005859
2017-08-14,0.017332,-0.010677,0.00466,-0.006328,0.002516,0.016902,-0.014474,-0.00696,0.013207,-0.000921
2017-08-15,0.0,0.0,0.0,0.0,0.0,0.0,0.0,0.0,0.0,0.0
2017-08-16,-0.004418,0.009294,0.013687,-0.006368,0.026521,0.010795,-0.001958,0.017613,-0.004055,0.029309
2017-08-17,0.000639,-0.002688,-0.008898,0.046811,-0.007628,-0.006103,0.021091,-0.007948,-0.007223,0.002865
2017-08-18,0.005296,0.011325,-0.007505,-0.095607,0.02115,0.0,0.011169,-0.007655,-0.002998,0.006607
2017-08-21,-0.006982,0.005967,-0.005108,-0.053994,-0.008942,0.001194,-0.004394,-0.014532,-0.003096,-0.000887
2017-08-22,-0.002781,-0.012358,0.00218,0.00229,0.00684,0.001533,0.007038,-0.002731,-0.00834,0.004616
2017-08-23,0.014102,-0.003243,0.014568,0.019877,-0.009545,0.015819,0.023217,0.01862,0.005771,-0.001237
2017-08-24,-0.008849,0.002872,-0.005614,0.021673,-0.007112,-0.003014,0.002431,0.00466,0.006716,-0.003893
2017-08-25,0.0,0.0,0.0,0.0,0.0,0.0,0.0,0.0,0.0,0.0
2017-08-28,-0.000957,-0.003725,-0.000142,0.031629,0.016953,0.010749,0.003349,-0.003389,0.006362,0.003553
2017-08-29,-0.021959,-0.006614,-0.009136,-0.0144,-0.00771,-0.004653,-0.014503,-0.008412,-0.007771,-0.007789
2017-08-30,0.020853,0.005544,0.012828,-0.000863,0.011634,0.002671,0.002102,-0.001444,0.008495,0.006245
2017-08-31,0.019436,0.004749,0.004467,-0.012626,0.012829,-0.007492,-0.00303,0.004158,-0.002939,0.000887
2017-09-01,0.009784,-0.015983,-0.004982,0.005465,-0.002952,0.000839,-0.012041,0.00036,0.002552,0.004783
2017-09-04,0.002018,-0.000102,-0.009448,-0.021469,-0.015623,-0.004023,-0.014554,-0.00036,-0.007505,-0.001763
2017-09-05,0.011932,0.011461,0.002542,0.001889,0.006724,0.001683,-0.023775,-0.00432,-0.003538,-0.000883
2017-09-06,0.00784,-0.012538,0.002592,-0.006985,0.000996,-0.007561,-0.00984,-0.008317,-0.008033,-0.025279
2017-09-07,-0.005591,0.002812,0.003779,0.000167,0.001948,-0.009142,-0.012919,-0.000182,0.01029,-0.019224
2017-09-08,-0.001467,0.004268,0.011944,-0.012783,-0.000993,-0.002221,0.015605,-0.008753,0.038349,0.007211
2017-09-11,0.001224,-0.006537,0.01997,-0.006333,0.010227,-0.00411,-0.001363,-0.003127,0.038767,0.00459
2017-09-12,0.007153,0.013852,0.006499,0.006089,0.02451,0.001376,0.005584,0.009227,0.010182,0.014803
2017-09-13,0.030652,0.000301,0.003624,-0.000339,0.00092,0.002747,-0.008761,-0.000183,-0.005609,-0.02215
2017-09-14,-0.006066,-0.000904,-0.00133,0.009788,-0.002478,0.005822,-0.006847,0.002926,-0.00748,0.001842
2017-09-15,-0.002429,0.007681,0.005192,0.017761,-0.001483,-0.00715,-0.00727,-0.009847,-0.001482,-0.009927
2017-09-18,0.004455,-0.002794,0.00622,0.000936,0.027327,0.004801,0.001641,-0.004052,0.021074,-0.008541
2017-09-19,-0.00822,-0.00032,-0.005778,0.003465,-0.000586,0.005631,-0.004664,-0.009615,-0.009734,0.003184
2017-09-20,0.010196,-0.001881,-0.00046,0.000493,-0.015594,-0.013915,0.005193,0.008402,0.008198,0.013814
2017-09-21,-0.006847,0.012572,-0.005274,-0.003452,-0.002104,-0.019274,0.008189,-0.00574,-0.006392,-0.007365
2017-09-22,-0.028466,-0.008436,-0.008156,-0.012369,-0.013926,-0.027549,-0.011872,-0.024767,-0.035218,-0.004081
2017-09-25,0.005077,0.002856,-0.013349,-0.003284,0.006416,0.008661,-0.014165,-0.011839,-0.016543,-0.023095
2017-09-26,-0.001765,-0.014378,-0.004139,0.011783,-0.023894,0.011628,-0.006158,-0.001932,-0.001974,0.000763
2017-09-27,-0.025546,0.008223,-0.008816,-0.006734,-0.009406,-0.022458,-0.003614,-0.030397,-0.0221,-0.015051
2017-09-28,-0.015892,-0.007435,0.010583,-0.004223,-0.002571,-0.001628,-0.010105,0.008586,-0.003385,0.011799
2017-09-29,-0.007057,-0.016354,0.005793,0.004353,-0.024027,0.002355,0.019369,0.005148,0.007677,-0.012426
2017-10-02,0.0,0.0,0.0,0.0,0.0,0.0,0.0,0.0,0.0,0.0
2017-10-03,0.022346,0.005132,0.001745,0.004056,0.010606,0.006508,-0.012325,-0.010045,-0.006261,0.012002
2017-10-04,0.025678,-0.002512,-0.006551,-0.004372,0.009399,-0.008261,-0.019498,0.007561,0.002996,0.022953
2017-10-05,0.006472,-0.0052,0.00089,0.003835,-0.008226,-0.015574,0.001459,-0.006319,-0.005491,-0.00804
2017-10-06,0.015653,0.007017,0.000834,0.018936,0.016545,0.000552,0.012179,0.020469,0.008613,0.003393
2017-10-09,-0.007646,0.003045,-0.002555,0.004075,0.010727,-0.000736,-0.008763,0.000389,-0.000745,0.006951
2017-10-10,0.015109,0.002099,0.00401,0.012501,-0.009056,-0.007176,0.014909,0.000389,0.001534,-0.006717
2017-10-11,-0.003617,0.016712,-0.006962,-0.005078,0.007319,-0.008154,0.049272,-0.020237,-0.007745,-0.003005
2017-10-12,0.038803,0.019137,0.016004,-0.003653,0.018842,-0.000187,-0.008177,-0.002185,0.008643,0.006029
2017-10-13,0.004239,0.004081,0.017594,0.00302,0.006124,0.014016,0.076577,0.003583,-0.004372,-0.003932
2017-10-16,0.000399,0.010084,0.003431,0.009569,0.02619,0.010873,0.051984,-0.000198,0.005314,0.005828
2017-10-17,-0.002794,0.003928,-0.003177,-0.009052,0.000663,-0.001276,0.027907,-0.003571,0.003538,-0.000935
2017-10-18,0.04592,-0.003064,0.009318,-0.006609,-0.014195,-0.039248,-0.008585,-0.029464,-0.006398,0.0116
2017-10-19,-0.00503,-0.001044,-0.010757,0.002813,-0.004945,-0.02014,0.025544,-0.004102,-0.001445,-0.002589
2017-10-20,0.0,0.0,0.0,0.0,0.0,0.0,0.0,0.0,0.0,0.0
2017-10-23,0.032806,0.001548,0.008061,0.013539,-0.006162,0.018228,0.049815,0.013182,-0.00351,-0.009642
2017-10-24,-0.005853,-0.003671,0.002039,-0.013837,0.016081,0.015235,0.00945,0.03456,0.005987,-0.000187
2017-10-25,0.006048,-0.004472,-0.038563,0.009498,0.00189,0.146877,0.027288,0.276872,0.053958,0.008427
2017-10-26,0.00798,-0.008223,0.000139,0.012884,0.000982,-0.021099,-0.008628,-0.013543,0.016027,-0.003157
2017-10-27,-0.018524,0.017902,-0.002395,-0.001056,-0.010638,0.006349,-0.050851,-0.029485,0.00094,0.00354
2017-10-30,0.013604,0.012344,0.013372,-0.002377,-0.020593,-0.001992,0.01566,0.003054,0.010044,-0.015593
2017-10-31,-0.001751,0.002981,-0.003581,-0.009935,0.002633,-0.001497,0.008724,-0.019872,-0.011844,0.002074
2017-11-01,0.012436,-0.00806,0.007023,0.005641,0.023222,0.044318,0.084272,0.045945,-0.005727,0.015619
2017-11-02,-0.006246,0.008952,0.000494,-0.004476,-0.013116,0.01037,0.007605,-0.017196,-0.00358,-0.015564
2017-11-03,-0.001373,-0.002304,0.00472,0.004063,-0.001611,-0.002369,-0.00359,0.033879,0.019861,-0.000941
2017-11-06,-0.013541,0.017347,-0.001147,0.002212,0.000887,0.000633,-0.016074,0.012308,-0.00834,-0.001884
2017-11-07,-0.027668,0.016695,-0.00268,0.028857,-0.005159,-0.011547,-0.034175,-0.035866,-0.011145,0.00151
2017-11-08,-0.020845,0.009206,0.001234,-0.003349,0.000891,-0.022244,-0.037037,-0.024117,0.005904,0.000377
2017-11-09,0.014305,0.000512,0.00104,0.00231,0.014248,0.018985,0.01807,0.013407,-0.001888,-0.020158
2017-11-10,-0.01849,-0.010105,-0.0032,0.00791,0.03013,0.023129,-0.001586,0.063277,0.040341,0.006345
2017-11-13,-0.00973,0.018533,-0.004638,-0.010498,-0.008639,-0.013344,-0.010825,-0.007495,-0.019289,-0.012992
2017-11-14,0.013082,-0.016075,-0.006176,-0.002994,0.003439,-0.000477,0.000301,-0.00589,-0.024465,-0.006775
2017-11-15,-0.003383,-0.003426,-0.001165,0.002845,-0.014721,0.004457,-0.022885,-0.01261,-0.000578,-0.012668
2017-11-16,0.022802,0.015285,0.004138,0.038454,0.009091,0.010935,0.006471,0.026004,0.008103,0.007106
2017-11-17,0.008906,-0.014327,0.009874,-0.017655,0.001293,0.019282,0.007348,0.012297,0.002871,0.011368
2017-11-20,0.009815,-0.001422,0.006902,-0.010711,-0.002856,-0.020148,-0.001722,-0.013333,0.005724,0.004651
2017-11-21,0.012706,-0.011281,0.004406,0.005934,0.002236,0.004238,0.021516,-0.007057,-0.005814,-0.013117
2017-11-22,-0.00193,0.002881,0.004875,5.1e-05,-0.005402,-0.003126,-0.008246,0.014063,4.1e-05,0.009187
2017-11-23,0.017459,0.000224,-0.006684,0.02582,-0.002322,0.001725,-0.00551,-0.001044,-0.005521,0.0
2017-11-24,0.00433,0.002536,0.004639,0.018461,-0.001223,-0.007043,0.000907,-0.007613,0.002098,0.010072
2017-11-27,0.000263,-0.000819,0.003322,-0.010698,-0.004463,-0.000631,0.002415,0.009777,0.005129,-0.005753
2017-11-28,-0.008409,-0.000205,0.004199,-0.014068,0.00599,-0.011987,-0.012048,-0.010874,-0.010655,-0.008679
2017-11-29,0.002809,-0.01011,0.004262,-0.002031,0.006547,0.005268,0.007622,-0.009337,0.005076,0.004085
2017-11-30,-0.025846,-0.007957,-0.010463,-0.006716,-0.002899,-0.023186,0.001412,-0.025996,-0.001067,-0.00775
2017-12-01,-0.012425,-0.002673,-0.002967,-0.017723,-0.01725,-0.007478,-0.024776,-0.023724,-0.004028,-0.00332
2017-12-04,-0.00934,0.000912,-0.007629,0.027691,0.014474,-0.003276,0.00031,0.002718,0.004828,-0.000392
2017-12-05,0.013421,0.001216,-0.007442,-0.001015,-0.005991,0.003287,0.013112,0.017538,-0.006243,-0.0049
2017-12-06,0.014173,-0.000854,-0.009421,0.006045,0.011578,-0.018837,-0.014674,-0.020997,-0.015414,-0.008863
2017-12-07,0.005288,-0.006095,0.003521,0.009593,0.012817,0.021035,0.06464,0.012804,0.022791,0.006955
2017-12-08,-0.011325,-0.006018,0.016992,0.00205,0.026859,0.016187,0.020303,-0.01043,0.0016,0.034932
2017-12-11,-0.005266,0.02291,0.00326,0.003444,-0.001959,0.002253,0.014377,0.016927,0.001229,0.015446
2017-12-12,-0.0006,-0.018395,-0.014352,0.005173,-0.0071,-0.012362,-0.016613,0.000157,-0.015509,-0.017653
2017-12-13,-0.001038,0.006221,0.000797,-0.00668,0.000305,-0.015117,-0.012408,-0.016172,-0.011348,-0.00975
2017-12-14,0.007489,-0.026861,0.009169,0.009315,0.004981,0.004621,0.005702,0.002234,-0.000378,0.02027
2017-12-15,-0.001899,-0.00477,0.01926,0.009673,0.002232,-0.003943,-0.004517,-0.005573,0.012407,0.001324
2017-12-18,0.001359,0.01371,0.002936,-0.006159,0.005436,0.018968,0.016024,0.021297,0.011923,-0.005291
2017-12-19,0.005375,-0.002015,0.002954,-0.012443,0.013478,0.015539,0.019668,0.002822,0.001642,0.00399
2017-12-20,-0.008424,0.005301,-0.008676,0.011853,0.009595,0.006694,-0.01435,-0.007192,0.010329,-0.003595
2017-12-21,-0.005663,0.002607,8e-05,0.006103,-0.010421,-0.001108,-0.009076,-0.002362,0.021339,-0.000949
2017-12-22,0.00816,0.019667,0.004469,0.016927,0.00597,0.003645,0.008491,0.009787,0.005839,0.00019
2017-12-25,0.0,0.0,0.0,0.0,0.0,0.0,0.0,0.0,0.0,0.0
2017-12-26,0.010213,0.00102,-0.004423,-0.003608,-0.006192,0.004896,0.027244,-0.008442,0.002804,0.003991
2017-12-27,-0.006507,-0.011153,-0.006209,-0.001303,0.003227,-0.016816,-0.015287,-0.007252,-0.009333,-0.007571
2017-12-28,0.000487,0.002691,0.011472,-0.000967,0.001516,0.007992,-0.006172,-0.020486,-0.004054,-0.001145
2017-12-29,-0.003408,0.028265,-0.003008,0.008517,0.009856,-0.004123,-0.003199,0.004864,0.00439,0.005347
2018-01-01,-0.012269,-0.020584,-0.00956,-0.008157,-0.017071,-0.011784,-0.003304,-0.009035,0.001947,-0.003609
2018-01-02,0.001539,-0.005443,0.009625,-0.003725,-0.004388,-0.001934,-0.0215,-0.012537,-0.008686,-0.005909
2018-01-03,0.004006,0.002831,-0.010522,-0.008158,0.008778,0.017113,0.003194,-0.001319,0.020444,0.001534
2018-01-04,0.006012,0.006992,0.003913,-0.005777,0.001407,-0.000952,0.009263,0.018656,0.031679,0.001532
2018-01-05,0.003205,0.012081,0.001989,-0.003349,0.00318,-0.00572,0.032505,-0.006969,-0.000608,0.005162
2018-01-08,0.005741,0.009371,-0.00161,0.023765,0.008735,0.003995,-0.043796,-0.001795,0.017758,0.01027
2018-01-09,0.013354,-0.00199,0.001666,0.005115,-0.005189,-0.004934,-0.012685,-0.004905,-0.00411,0.018637
2018-01-10,0.001488,0.036029,0.000268,0.010467,0.003306,-0.001919,-0.006669,-0.010516,-0.006753,-0.004251
2018-01-11,-0.004881,-0.005737,0.004479,0.022381,0.009408,-0.008013,0.016489,0.003653,-0.000151,0.001485
2018-01-12,0.011997,-0.005071,-0.003872,0.002463,-0.003373,0.026494,-0.010102,0.000165,0.004231,-0.00834
2018-01-15,0.000158,-0.010895,0.017397,0.002504,-0.004949,0.036513,-0.009911,0.001158,-0.002408,0.000187
2018-01-16,-0.027604,0.038145,0.001265,0.03857,0.010825,0.014576,-0.014371,-0.021315,0.000189,-0.022048
2018-01-17,0.001679,0.013365,-0.005079,0.02605,-0.007815,0.027387,0.005329,0.036975,0.020472,0.016622
2018-01-18,-0.005192,0.010124,0.023169,0.000521,-0.010392,0.008449,-0.009802,-0.012537,0.005505,0.027627
2018-01-19,0.012613,0.014084,0.009254,-0.008025,0.004053,0.021522,0.005858,0.019786,0.007826,0.004206
2018-01-22,0.043165,0.055584,0.005712,0.005728,-0.005394,-0.005939,-0.014461,-0.008893,0.019979,-0.003278
2018-01-23,0.012095,-0.004621,-0.006138,0.023565,0.009778,0.030726,0.002853,0.037847,0.008471,0.01078
2018-01-24,-0.017188,0.023404,0.003254,0.007391,-0.00179,-0.026359,-0.066247,0.037095,-0.006734,0.017534
2018-01-25,-0.000466,-0.016868,0.008837,-0.008771,0.005015,0.022821,-0.014799,-0.050773,0.010919,-0.000711
2018-01-26,0.0,0.0,0.0,0.0,0.0,0.0,0.0,0.0,0.0,0.0
2018-01-29,-0.001449,0.024928,0.012507,0.006381,0.017884,-0.008731,-0.026728,-0.003353,0.010907,-0.019911
2018-01-30,-0.014619,-0.01438,-0.002075,-0.010356,0.002111,-0.012303,0.006488,0.004646,-0.001432,-0.001633
2018-01-31,0.011469,-0.012846,0.005111,-0.017426,-0.022067,-0.000849,-0.001702,-0.000957,-0.009371,-0.013808
2018-02-01,-0.018152,0.008434,-0.007254,-0.004912,0.001388,-0.019124,-0.003297,-0.022985,0.027603,0.01437
2018-02-02,-0.04185,0.004795,-0.021671,-0.001179,0.000693,-0.032063,-0.036611,-0.028427,-0.027583,0.000182
2018-02-05,-0.002433,-0.015997,-0.017531,-0.004417,-0.011988,-0.016115,0.042264,0.002354,-0.036596,0.014164
2018-02-06,-0.01114,-0.034142,-0.008909,-0.026753,-0.022423,0.003033,-0.002385,-0.021137,-0.007773,-0.020591
2018-02-07,0.002578,-0.014079,-0.012653,0.001174,-0.009582,0.005594,-0.020266,0.003599,-0.014264,0.006033
2018-02-08,0.011348,0.006481,0.004352,0.022722,0.012875,0.00391,-0.001046,0.029372,0.010234,-0.003816
2018-02-09,-0.007407,-0.000841,-0.01672,-0.022129,0.002633,-0.021267,-0.016985,-0.016589,-0.01347,-0.010033
2018-02-12,0.019658,-0.001481,0.01468,-0.005725,0.008552,-0.00153,0.004497,-0.02581,0.015986,-0.005528
2018-02-13,0.0,0.0,0.0,0.0,0.0,0.0,0.0,0.0,0.0,0.0
2018-02-14,0.019825,-0.018704,0.003464,-0.004579,0.003682,-0.022375,0.024505,-0.043463,0.007923,-0.012414
2018-02-15,0.002142,0.004825,-0.000664,0.015213,0.006484,0.030412,-0.013455,0.009051,-0.007971,0.006004
2018-02-16,-0.015337,0.002461,-0.001754,0.012203,-0.004455,-0.023125,-0.021564,-0.025296,-0.016255,-0.006155
2018-02-19,0.006187,-0.003222,-0.000213,0.00328,-0.011981,-0.004049,-0.012747,-0.011596,-0.024767,-0.00882
2018-02-20,-0.006365,0.007234,-0.007986,0.004594,-0.003069,-0.007819,0.00905,0.004283,-0.003782,-0.003218
2018-02-21,0.008957,0.033127,-0.003113,0.009191,-0.000901,0.006147,0.003707,0.013536,-0.006044,0.018803
2018-02-22,-0.00538,0.002597,-0.002261,0.011635,-0.003119,-0.002663,-0.008459,-0.002561,0.007172,-0.004102
2018-02-23,0.01071,0.008393,0.014758,-0.004393,-0.002487,0.013821,0.022711,0.012656,0.007508,0.007301
2018-02-26,0.004763,-0.014338,0.016485,-0.014754,0.007671,0.013323,-0.00564,-0.005796,0.032688,-0.009292
2018-02-27,0.01257,0.003513,-0.004708,0.010188,0.009788,-0.014983,0.017369,-0.024959,-0.004575,-0.000563
2018-02-28,0.004261,-0.002399,-0.009645,0.019475,-0.021243,-0.027627,-0.004529,0.001495,-0.014909,-0.005068
2018-03-01,-0.006443,0.000873,-0.005228,-0.010106,0.004933,-0.026496,-0.001867,-0.021828,-0.002238,-0.003961
2018-03-02,0.0,0.0,0.0,0.0,0.0,0.0,0.0,0.0,0.0,0.0
2018-03-05,-0.025622,0.022435,-0.002348,-0.004178,-0.018501,-0.005247,-0.014728,0.00515,-0.011025,-0.014205
2018-03-06,-0.014338,-0.0203,-0.012674,-0.003936,-0.00504,-0.027361,-0.017914,-0.026376,-0.0133,-0.014409
2018-03-07,-0.023165,-0.005045,-0.007393,-0.006297,0.000503,-0.0283,-0.025852,-0.038589,-0.015661,0.013255
2018-03-08,0.024389,-0.007762,0.01105,0.010969,-0.000541,0.035752,-0.004712,0.041151,0.016227,-0.00404
2018-03-09,0.00181,0.010037,-0.000971,0.005836,0.005877,-0.014312,0.002118,-0.013824,0.005219,0.001545
2018-03-12,0.018837,0.005949,0.008752,0.019211,0.018028,0.027161,0.048241,-0.00158,0.015149,0.041852
2018-03-13,0.001666,-0.054175,-0.003749,-0.001644,-0.002756,0.012307,0.011268,0.007317,-0.005572,-0.002406
2018-03-14,-0.003005,3.4e-05,0.002285,-0.002534,-0.002764,0.005586,-0.008679,0.009227,0.000384,-0.005196
2018-03-15,-0.018567,-0.005958,0.008742,0.00144,-0.012871,-0.01503,-0.005088,-0.013033,-0.006254,-0.009327
2018-03-16,-0.012887,-0.015332,-0.014781,-0.008964,-0.000615,-0.011113,-0.0088,-0.005518,-0.019921,-0.019017
2018-03-19,-0.005055,0.001875,-0.003103,-0.021461,0.007889,-0.011909,-0.041032,-0.017241,0.008075,-0.005182
2018-03-20,-0.006365,0.011957,-0.004195,0.015522,0.002941,-0.008657,0.001877,0.004638,0.010902,0.000193
2018-03-21,0.007979,-0.002827,0.010546,0.002533,0.00179,-0.009589,0.044456,-0.004416,0.012253,-0.000579
2018-03-22,0.012543,-0.008891,0.004761,-0.00531,-0.00285,-0.020574,-0.006217,-0.026008,-0.010005,-0.002895
2018-03-23,-0.015691,-0.004662,-0.014028,0.005425,-0.007775,-0.027185,-0.006978,-0.027945,-0.021871,-0.008904
2018-03-26,0.008055,-0.000408,0.028183,-0.010577,0.017401,0.022138,0.021323,0.04983,0.023267,0.008203
2018-03-27,-0.001443,0.010898,-0.000449,-0.001082,0.006419,0.007989,-0.019692,0.031846,0.007823,0.0031
2018-03-28,-0.019004,0.000509,-0.003434,-0.019237,0.000412,-0.019549,-0.035092,-0.017496,0.002562,-0.013133
2018-03-29,0.0,0.0,0.0,0.0,0.0,0.0,0.0,0.0,0.0,0.0
2018-03-30,0.0,0.0,0.0,0.0,0.0,0.0,0.0,0.0,0.0,0.0
2018-04-02,0.011612,0.021235,0.023912,0.004727,0.013463,-0.059278,-0.009029,-0.015006,0.019109,0.010763
2018-04-03,0.007391,0.00055,-0.007922,0.002902,-0.002146,0.031316,0.01797,0.017672,-0.004154,0.000968
2018-04-04,-0.005169,-0.00012,-0.017042,-0.014249,0.006712,-0.005184,-0.017777,-0.012774,-0.025744,0.000387
2018-04-05,0.014862,0.016163,0.01362,0.020771,0.018233,0.037223,-0.002911,0.048524,0.02519,0.00406
2018-04-06,0.003083,-0.002586,0.007596,-0.017908,-0.005354,0.007177,-0.022722,0.001543,-0.009219,0.004621
2018-04-09,0.005488,-0.008948,0.008137,-0.013975,0.01222,0.000713,-0.012079,0.003658,0.008621,0.018977
2018-04-10,0.001146,0.004686,-0.009386,0.001935,-7.2e-05,0.028307,0.013805,0.010167,0.016567,0.003386
2018-04-11,0.015048,0.026059,-0.001041,0.009745,0.012685,-0.014716,-0.000648,-0.023737,0.002111,-0.005812
2018-04-12,-0.00231,0.041504,0.005185,0.034112,0.002554,0.007732,-0.013237,-0.012644,0.003474,-0.012069
2018-04-13,0.010929,0.004476,-0.00197,0.007612,-0.001557,0.005231,-0.006049,-0.011229,-0.001915,-0.004581
2018-04-16,-0.001917,0.010893,0.008883,-0.032652,0.006345,-0.002255,-0.003308,-0.00777,0.00978,0.01419
2018-04-17,0.007684,-0.006603,0.003295,-0.00706,0.018351,0.01443,0.014337,-0.003414,-0.006249,0.011911
2018-04-18,-0.006619,-0.002369,-0.00816,0.000666,0.003424,-0.005827,0.005758,-0.006851,0.000404,0.028961
2018-04-19,0.004584,0.010145,0.003312,0.006128,0.002551,-0.001552,0.028887,-0.001217,0.018307,0.007264
2018-04-20,-0.015282,0.066215,0.008716,0.040253,0.009352,-0.025725,0.016821,-0.02011,-0.014404,-0.004147
2018-04-23,0.008729,0.001822,-0.010302,0.007849,-0.010253,-0.009747,0.002115,0.005182,-0.003699,-0.002534
2018-04-24,0.036378,-0.006747,-0.000387,-0.027953,0.00475,0.016822,0.00844,-0.00763,0.013235,0.001815
2018-04-25,0.000464,0.024988,-0.007364,0.005067,-0.000308,-0.018303,0.033477,-0.014131,-0.010958,-0.006884
2018-04-26,0.004997,0.019883,0.004946,0.013875,0.021964,-0.000179,-0.025366,-0.016864,-0.01152,0.01514
2018-04-27,0.021479,-0.024666,-0.003549,0.007438,-0.011601,0.032455,-0.0011,0.040309,0.022677,0.004133
2018-04-30,-0.033122,0.023219,0.010866,0.012065,0.023712,-0.012852,0.001957,0.015664,0.016803,0.007337
2018-05-01,0.0,0.0,0.0,0.0,0.0,0.0,0.0,0.0,0.0,0.0
2018-05-02,0.009758,-0.009159,0.012961,-0.002042,-0.024488,-0.025686,-0.002686,-0.021916,0.001606,0.020608
2018-05-03,-0.011411,-0.005115,-0.000812,-0.012113,-0.013418,0.018057,-0.009916,0.003735,-0.018102,-0.007833
2018-05-04,-0.007956,-0.000316,0.010468,-0.007991,0.008263,0.00337,-0.018917,0.000207,-0.006569,-0.027544
2018-05-07,0.017873,-0.01718,-0.005582,0.008439,0.023016,0.024571,0.003781,0.018805,0.014941,0.018402
2018-05-08,-0.004016,0.005919,-0.005234,-0.014751,-0.001235,0.067288,0.007282,0.014402,-0.017457,0.001594
2018-05-09,0.009927,0.013978,0.00577,0.004418,-3.3e-05,-0.008083,0.003241,-0.008198,0.007876,-0.001415
2018-05-10,0.004556,-0.010905,0.007228,-0.002306,-0.00635,0.000163,0.023978,-0.000202,-0.009777,-0.007616
2018-05-11,0.008256,0.001652,0.00956,0.010916,0.01184,0.013361,-0.061878,0.009679,0.0185,0.012494
2018-05-14,-0.002679,-0.006769,0.004971,0.007241,-0.000366,-0.002733,-0.008924,0.012982,-0.004072,0.004054
2018-05-15,-0.007754,0.014227,0.007939,0.004414,0.007948,-0.005966,-0.003132,-0.022082,-0.005464,-0.010358
2018-05-16,-0.02329,0.003302,-0.007091,-0.003851,0.038667,-0.035685,-0.01728,-0.019758,-0.008623,0.014192
2018-05-17,-0.011295,-0.000601,0.002175,-0.005925,-0.002732,-0.004205,-0.020647,-0.001645,-0.004698,-0.024139
2018-05-18,-0.012165,0.002936,-0.007693,0.000254,0.022933,-0.033446,-0.017002,-0.015863,-0.029794,0.012009
2018-05-21,-0.002677,0.015619,-0.009492,-0.003127,-0.016907,0.011185,-0.003736,0.023446,-0.001748,0.000177
2018-05-22,-0.004939,-0.013453,-0.00158,0.012166,-0.002756,0.003457,0.005139,0.038658,0.005254,-0.01275
2018-05-23,-0.015646,-0.003933,-0.011257,-0.007497,-0.003938,0.006028,-0.013956,0.036629,0.005113,-0.019014
2018-05-24,0.003946,0.031072,0.009403,0.030467,-0.004464,0.019346,0.042321,0.020137,0.008403,0.00512
2018-05-25,0.005405,-0.004967,0.01143,0.005979,0.009384,-0.006886,0.013579,-0.005773,0.002952,0.010383
2018-05-28,-0.000434,-0.023356,0.016677,-0.011317,0.004506,0.012177,-0.004775,0.019105,0.025671,0.011017
2018-05-29,-0.003205,0.006125,-0.004701,0.001894,-0.006413,-0.031245,0.010662,-0.028488,0.003015,-0.00454
2018-05-30,-0.001472,-0.002668,0.007749,-0.004109,0.00833,-0.017247,-0.008835,0.010783,-0.010828,-0.007845
2018-05-31,0.005731,-0.000861,0.051146,0.016588,0.016175,0.003159,-0.005854,0.008984,0.003478,-0.000919
2018-06-01,0.009985,-0.00494,-0.013485,-0.00893,-0.014025,0.012246,0.027034,-0.010573,0.00146,-0.006258
2018-06-04,0.011069,0.006811,-0.030513,0.015236,-0.016144,-0.008814,-0.029711,-0.013873,-0.010602,-0.003889
2018-06-05,0.007227,-0.012986,0.008504,-0.014967,-0.000256,-0.009242,-0.021488,0.002091,-0.017749,-0.005207
2018-06-06,0.007123,0.00241,-0.003029,0.013597,0.005343,-0.000704,0.04241,0.025043,0.012596,0.010841
2018-06-07,0.01776,0.005679,0.002357,0.012122,0.020303,0.024657,0.000527,-0.001851,0.003406,0.002404
2018-06-08,0.013384,0.006655,-0.006231,0.006068,-0.004647,-0.00911,-0.006317,0.012423,-0.008265,-0.011621
2018-06-11,-0.001727,0.001488,-0.00344,0.001865,0.003635,-0.006418,0.029798,0.003663,-0.000521,0.005039
2018-06-12,0.014756,0.017889,0.000759,-0.003089,0.023136,0.003492,-0.020962,0.032299,0.017234,0.003714
2018-06-13,0.005365,0.0242,-0.006067,0.012952,-0.010528,0.011656,-0.013135,0.017147,-0.005599,-0.008881
2018-06-14,0.005437,-0.020037,0.002929,-0.003697,-0.007155,-0.020636,0.002263,-0.017727,-0.011591,-0.00224
2018-06-15,0.006201,0.02937,-0.003828,0.033516,0.007269,-0.007902,0.004648,-0.018224,-0.009755,-0.01029
2018-06-18,0.001331,-0.006005,-0.005149,-0.010809,-0.007864,0.037168,-0.019432,-0.002162,-0.005038,0.000189
2018-06-19,-0.019201,-0.002461,0.002155,-0.020357,-0.004694,-0.000683,0.000809,-0.015351,-0.009674,0.00567
2018-06-20,0.023292,-0.001124,0.016135,0.001249,0.000874,0.001366,0.001886,0.002568,-0.002785,-0.008645
2018-06-21,0.01246,-0.001701,0.000705,0.002735,0.001918,0.016201,-0.008605,-0.017014,-0.012971,-0.010995
2018-06-22,-0.018848,-0.005249,0.012515,0.001043,0.009194,0.009062,0.015867,0.016378,0.007792,0.016485
2018-06-25,-0.007951,0.005222,0.005568,0.019714,0.004384,-0.036421,-0.001068,-0.016847,-0.024387,-0.009617
2018-06-26,-0.025387,0.018002,-0.000597,0.004244,0.004086,-0.005523,0.01617,-0.003911,0.001498,0.008378
2018-06-27,-0.006786,0.00324,0.009027,-0.006143,-0.007677,-0.031413,-0.011967,-0.021316,-0.029369,-0.007742
2018-06-28,-0.021639,-0.008234,0.008639,0.015433,-0.00407,-0.027414,0.006123,-0.017959,0.001785,-0.008563
2018-06-29,0.029102,0.00274,-0.010512,0.013647,0.023959,0.014738,0.010583,0.009144,0.032511,0.021881
2018-07-02,-0.012186,0.001948,-0.016694,0.021038,0.001401,0.007262,-0.036392,-0.001928,-0.015018,-0.011833
2018-07-03,0.011139,0.012261,-0.001471,0.014273,3.1e-05,-0.016222,0.007336,-0.005215,-0.003543,0.009124
2018-07-04,0.019356,-0.004216,0.016109,-0.006316,0.019775,0.001283,-0.009036,-0.000194,0.006393,-0.003956
2018-07-05,-0.025856,0.007583,0.009603,-0.045495,0.00716,-0.006222,-0.010887,-0.003884,-0.00401,0.030635
2018-07-06,0.01353,0.017364,-0.004049,0.000195,-0.005747,-0.005524,-0.003165,0.002924,0.009446,0.000551
2018-07-09,0.019999,-0.015657,0.004964,0.011368,0.008104,0.004259,-0.000414,0.016913,0.017136,0.006419
2018-07-10,0.028683,-0.004195,0.009762,0.001963,-0.002896,0.008112,0.015742,0.008411,-0.00264,0.009657
2018-07-11,0.012772,0.05589,0.000862,0.014638,0.018465,-0.017008,-0.015769,-0.01763,-0.007668,-0.004692
2018-07-12,0.041923,-0.004318,0.008239,-0.019766,0.014085,0.013209,0.000414,0.014087,0.019612,0.005259
2018-07-13,0.016122,0.004946,0.006902,0.017808,0.000172,-0.016709,-0.008836,-0.01903,-0.001039,-0.024531
2018-07-16,-0.021458,0.004089,-0.005525,0.011727,0.004935,-0.031746,-0.032177,-0.02386,-0.011784,0.004438
2018-07-17,0.015006,0.008538,0.003642,-0.003714,-0.039714,0.027772,-0.013961,0.02961,0.002923,-0.006443
2018-07-18,0.000183,-0.000949,-0.000253,-0.004029,-0.022566,-0.014074,-0.016786,0.00193,0.004119,-0.004818
2018-07-19,0.011258,-0.009424,0.004549,-0.004423,0.002251,-0.00571,0.024347,0.002504,-0.026351,0.017687
2018-07-20,0.021542,0.007672,0.001349,0.023847,0.005099,0.017611,0.001159,0.004996,0.009737,0.002562
2018-07-23,-0.007398,0.004533,-0.014892,0.005823,0.020412,0.036682,0.03923,0.018547,0.006927,0.037044
2018-07-24,-0.008346,-0.003316,0.00153,0.015635,-0.012873,-0.004355,-0.00599,0.001877,0.035062,0.005279
2018-07-25,0.003781,-0.008754,0.004908,0.004793,-0.008963,0.001093,-0.012612,0.018737,-0.002492,0.00175
2018-07-26,-0.004035,-0.008478,0.010252,-0.007588,0.010285,0.040051,0.015186,0.058304,-0.011168,0.003669
2018-07-27,0.017287,-0.010663,0.004356,0.000145,-0.006557,0.026431,0.019712,-0.003302,0.004211,0.053447
2018-07-30,0.019073,0.000437,-0.014645,-0.016345,0.017902,0.048261,0.050864,0.03714,-0.012276,-0.004958
2018-07-31,0.03005,-0.002263,0.004424,0.010437,0.025434,-0.010086,0.019178,-0.013114,0.005365,-0.011128
2018-08-01,0.005354,0.018709,-0.009543,-0.008095,0.00153,-0.01627,-0.015617,0.005451,-0.003302,0.0131
2018-08-02,-0.020128,-0.014217,-0.013202,-0.000295,0.008188,-0.002506,-0.02356,-0.004066,-0.012018,-0.007957
2018-08-03,0.007361,0.015936,-0.004014,0.00772,0.008293,0.021605,0.004021,0.018204,0.005926,0.015876
2018-08-06,0.013297,-0.00197,-0.003464,-0.002529,-0.018548,0.033115,0.03004,0.03091,0.000349,-0.007074
2018-08-07,-0.007043,-0.004151,0.007851,0.005365,-0.000145,-0.006188,-0.009981,-0.014425,0.003759,-0.002319
2018-08-08,0.028289,0.00338,0.002558,-0.003801,0.015664,0.017723,0.008903,0.015294,0.002277,-0.000498
2018-08-09,0.000206,0.000177,-0.008355,0.012622,-0.001679,0.04487,-0.047366,0.028183,-0.010437,0.00515
2018-08-10,-0.01129,0.009497,-0.001912,0.003986,-0.000855,-0.013213,0.007492,-0.0408,-0.015607,0.007603
2018-08-13,-0.013702,0.003537,-0.010783,0.016818,-0.013608,-0.01126,0.000946,-0.033832,0.003479,0.003773
2018-08-14,0.019281,0.0017,-0.001219,-0.00032,0.008908,0.023238,-0.00851,0.00255,0.00016,0.006374
2018-08-15,0.0,0.0,0.0,0.0,0.0,0.0,0.0,0.0,0.0,0.0
2018-08-16,-0.008095,0.002471,-0.006414,0.015089,-0.003927,0.005565,0.013624,-0.00746,-0.017235,-0.001462
2018-08-17,0.002457,0.002116,0.000795,0.00056,0.027253,0.017051,-0.001613,0.032115,0.006901,0.020491
2018-08-20,0.025877,-0.001391,0.009074,-0.03223,-0.004342,-0.004559,-0.002289,0.018371,0.067371,-0.001434
2018-08-21,0.00996,0.003831,-7.1e-05,-0.000217,-0.013787,0.001182,-0.006207,-0.002113,-0.000869,-0.001277
2018-08-22,0.0,0.0,0.0,0.0,0.0,0.0,0.0,0.0,0.0,0.0
2018-08-23,0.01784,0.008649,-0.007705,0.009719,0.011583,-0.004869,0.004481,-0.014821,0.022305,-0.002876
2018-08-24,0.006341,0.003882,-0.004832,-0.013668,0.004597,-0.016533,-0.002568,-0.006613,-0.006767,-0.005128
2018-08-27,0.010959,0.003867,0.005121,0.026917,0.006373,0.029532,0.027646,0.025129,0.009829,0.009665
2018-08-28,0.021293,0.008923,0.006922,0.00657,-0.011773,-0.002942,-0.006198,-0.008604,-0.000368,-0.005584
2018-08-29,-0.018802,0.001353,-0.007805,-0.010247,-0.008666,0.005164,-0.005042,0.014246,-0.002988,0.00369
2018-08-30,-0.015261,0.00502,-0.005966,0.004326,0.009682,0.010862,0.021872,-0.003552,-0.003699,0.022538
2018-08-31,-0.025736,-0.001921,-0.002372,0.017583,0.00409,-0.005082,0.001958,0.00324,0.017081,0.0
2018-09-03,-0.010067,-0.012269,0.006719,-0.004753,-0.045503,-0.024664,-0.00013,-0.010497,-0.004783,-0.020791
2018-09-04,0.010414,0.022408,-0.011204,0.027924,-0.028192,-0.016909,-0.0142,-0.032479,-0.002715,-0.011494
2018-09-05,-0.012038,-0.009362,-0.0029,-0.009835,-0.023922,0.003501,-0.016651,0.000506,-0.008313,0.002099
2018-09-06,0.028036,-0.0019,0.003104,-0.003768,-0.001923,-0.003033,0.000672,-0.000337,-0.000668,0.001773
2018-09-07,0.013636,0.002193,0.002315,0.00777,0.018743,0.019626,0.046468,-0.016192,0.000297,-0.001126
2018-09-10,-0.017793,0.000432,-0.007681,-0.002661,-0.017361,-0.006565,-0.00308,-0.023316,-0.007941,-0.012562
2018-09-11,-0.014452,-0.01658,-0.019964,0.004721,-0.012202,-0.019075,-0.024974,-0.007899,-0.005349,-0.030501
2018-09-12,0.011958,-0.001124,0.005724,0.011712,0.022758,-0.011178,-0.005281,0.009554,0.016997,0.032301
2018-09-13,0.0,0.0,0.0,0.0,0.0,0.0,0.0,0.0,0.0,0.0
2018-09-14,0.000519,0.010494,0.008823,-0.012384,0.001506,0.016878,0.018317,0.018752,0.004881,0.001141
2018-09-17,-0.021745,0.004237,-0.018427,-0.010563,-0.014638,-0.00807,-0.004041,-0.018407,-0.010377,-0.016767
2018-09-18,-0.007138,-0.001639,-0.001506,-0.009436,0.037061,-0.021032,-0.021856,-0.040309,-0.01253,0.004139
2018-09-19,-0.005258,0.003453,-0.014001,0.000904,-0.010721,0.006586,-0.009767,-0.0084,0.003766,-0.011871
2018-09-20,0.0,0.0,0.0,0.0,0.0,0.0,0.0,0.0,0.0,0.0
2018-09-21,0.005575,0.012152,0.004538,-0.020076,-0.015664,-0.011996,0.001216,-0.003315,-0.002401,0.01435
2018-09-24,0.011951,0.045313,-0.022611,0.018361,-0.019028,-0.026332,-0.038596,-0.023097,-0.008536,-0.01974
2018-09-25,-0.001177,-0.006936,0.013865,0.011069,0.025402,0.007611,0.012072,0.024778,0.000531,0.01074
2018-09-26,0.016902,-0.018803,0.008093,-0.011498,-0.012325,0.006429,0.002219,-0.026024,0.010311,-0.026565
2018-09-27,0.001878,0.0218,0.004039,0.009682,0.005805,-0.0206,-0.012455,0.005685,-0.017071,0.000512
2018-09-28,0.00335,-0.002353,0.01513,0.007243,-0.007222,-0.003587,-0.051149,0.000565,-0.028857,0.015172
2018-10-01,-0.020867,0.032903,0.014656,0.022738,0.021077,0.027655,-0.034855,0.03145,-0.018866,-0.002183
2018-10-02,0.0,0.0,0.0,0.0,0.0,0.0,0.0,0.0,0.0,0.0
2018-10-03,-0.021596,-0.041099,-0.002112,-0.024309,-0.014279,-0.032803,-0.025402,-0.007851,-0.002123,-0.006395
2018-10-04,-0.06875,-0.045334,-0.036137,-0.029238,-0.027736,0.042147,-0.026064,-0.001288,0.009997,-0.027439
2018-10-05,-0.065404,0.018331,0.003857,0.024604,-0.009784,-0.029068,-0.03724,-0.047909,-0.024247,-0.036921
2018-10-08,0.05773,-0.011937,-0.010329,-0.014008,0.000513,0.011552,-0.011386,0.028643,-0.009817,-0.011935
2018-10-09,-0.017442,0.006859,-0.002262,0.004619,-0.030077,-0.014798,-0.021003,-0.010536,0.00469,-0.017204
2018-10-10,0.011055,-0.023043,0.013681,-0.024103,0.01005,0.044408,0.021107,0.059707,0.024241,0.005959
2018-10-11,-0.012975,-0.031146,-0.015047,-0.03869,-0.001015,-0.025481,-0.03304,-0.059214,-0.01983,-0.018141
2018-10-12,0.035622,-0.031137,0.022864,0.008094,0.028504,0.024703,0.016471,0.006104,0.007668,0.037707
2018-10-15,0.011717,0.016265,0.01322,0.029464,-0.027587,-0.018942,0.00362,-0.002085,-0.01526,0.026526
2018-10-16,0.021101,0.006566,-0.007619,-0.00508,0.013038,0.023297,0.009962,0.026976,0.006782,0.000531
2018-10-17,-0.010741,-0.016766,-0.009108,0.014527,0.010218,-0.018244,-0.018707,-0.033851,-0.010411,0.013444
2018-10-18,0.0,0.0,0.0,0.0,0.0,0.0,0.0,0.0,0.0,0.0
2018-10-19,-0.043429,-0.008396,-0.003469,-0.030907,0.0105,0.002065,-0.004159,-0.000191,-0.004827,0.010473
2018-10-22,-0.035095,-0.005331,0.01583,-0.005267,0.004118,0.036931,-0.005395,-0.002873,0.000456,-0.003282
2018-10-23,-0.007481,-0.029147,-0.007029,-0.03287,-0.020727,-0.012993,0.000525,-0.018053,-0.00489,-0.008666
2018-10-24,-0.008486,0.00263,0.003728,-0.011862,0.021842,-0.002633,0.104757,0.000196,0.015158,0.006119
2018-10-25,-0.014296,0.002435,-0.011771,0.009256,-0.003424,-0.006366,-0.064271,-0.024052,-0.014234,-0.000695
2018-10-26,0.013679,-0.029088,-0.00386,-0.023352,-0.008463,-0.01344,0.00812,-0.00581,-0.003412,-0.023126
2018-10-29,0.041057,0.039964,-0.017795,0.017598,-0.003433,0.106922,-0.012922,0.079806,0.053322,0.009256
2018-10-30,-0.028314,0.01272,-0.007034,0.023032,0.025855,-0.01059,-0.0051,0.019597,0.007889,-0.016049
2018-10-31,0.004021,0.022878,-0.000523,0.040631,0.017984,0.026902,-0.000854,0.030203,0.020649,0.004123
2018-11-01,-0.004711,-0.001238,0.000235,-0.028701,-0.008664,-0.003662,0.003934,0.015991,0.022543,-0.009639
2018-11-02,0.017657,-0.01152,0.01948,-0.006674,0.019159,0.00212,0.029131,-0.001924,0.023704,0.021089
2018-11-05,0.014327,-0.011811,0.00336,0.005662,0.000977,-0.013542,0.012185,0.033643,-0.005927,-0.012886
2018-11-06,0.012657,0.022133,-0.004831,0.000676,-0.004939,0.009867,0.006102,-0.028819,0.010147,-0.008226
2018-11-07,0.005978,0.004889,0.005857,0.01358,0.007292,0.00793,0.003934,0.000349,0.00154,0.009917
2018-11-08,0.0,0.0,0.0,0.0,0.0,0.0,0.0,0.0,0.0,0.0
2018-11-09,-0.015531,-0.016966,-0.00641,-0.023686,0.017489,0.002669,-0.021225,-0.011516,0.00194,-0.009998
2018-11-12,-0.012301,0.002959,-0.012517,0.007127,-0.010941,-0.01261,-0.011843,-0.018711,-0.001023,-0.012263
2018-11-13,0.018009,0.010497,0.003488,0.002258,0.010155,0.024266,0.004558,0.00036,0.017481,0.010955
2018-11-14,-0.001364,-0.028063,0.015562,-0.018777,0.026569,0.015794,0.012603,0.019961,-0.004601,-0.001445
2018-11-15,-0.001002,-0.004147,0.008888,0.004899,-0.005509,0.009274,0.010289,0.006347,0.009966,-0.007054
2018-11-16,0.027852,0.007342,0.014758,-0.008455,-0.009935,-0.006622,0.093134,0.019271,0.000393,0.007468
2018-11-19,0.020046,0.008402,0.00479,0.001306,0.007282,-0.014012,0.012322,-0.009453,0.012973,0.028747
2018-11-20,-0.010957,-0.01272,-0.00072,-0.015805,-0.004349,-0.012417,-0.014546,-0.016311,-0.002893,-0.002285
2018-11-21,-0.02154,-0.035272,0.003131,-0.034768,-0.002391,-0.003213,0.002259,0.012701,-0.007784,-0.007398
2018-11-22,-0.00903,0.000304,-0.006563,0.002665,-0.008787,-0.013175,-0.014578,-0.015154,0.005741,-0.004437
2018-11-23,0.0,0.0,0.0,0.0,0.0,0.0,0.0,0.0,0.0,0.0
2018-11-26,0.006256,0.01851,0.022089,0.001128,0.041132,0.012214,0.020436,0.013088,0.008403,0.01836
2018-11-27,0.016625,0.023915,0.006928,0.028079,-0.006135,-0.004771,-0.01913,0.010475,0.006751,-0.002801
2018-11-28,0.021672,0.049544,0.012233,0.043043,-0.000635,0.012266,-0.042816,-0.016759,-0.019698,-0.009303
2018-11-29,0.013751,-0.01177,0.020007,-0.008028,0.020956,0.008914,0.00987,0.006502,0.013574,0.018958
2018-11-30,-0.000813,0.003927,-0.00122,0.009682,-0.008199,-0.019464,-0.011665,-0.00611,0.007065,-0.006086
2018-12-03,-0.009507,0.007189,-0.007118,0.004345,0.040821,0.000985,0.019936,0.007553,-0.00349,-0.009972
2018-12-04,-0.003589,0.014351,-0.013131,0.022227,-0.009832,0.006892,-0.003753,-0.014819,-0.005324,-0.003888
2018-12-05,0.002473,-0.002039,0.006545,-0.005618,0.022377,-0.018299,-0.018051,-0.008494,-0.017677,-0.023062
2018-12-06,-0.027269,-0.007001,-0.001024,-0.018931,-0.025215,-0.010672,-0.028133,-0.016063,-0.010969,-0.008353
2018-12-07,0.009033,0.001254,0.005031,0.021391,0.012656,0.013088,-0.000164,-0.000907,0.014788,0.003662
2018-12-10,-0.038411,-0.009723,-0.008944,-0.019918,-0.015622,-0.01661,-0.02961,-0.004357,-0.022966,-0.013136
2018-12-11,0.006696,0.012248,-0.013979,0.00792,-0.000501,-0.01025,-0.015935,0.025711,-0.004643,0.015715
2018-12-12,0.011799,0.0084,0.012503,0.00593,0.024625,0.020858,0.052713,0.014222,0.028574,0.004914
2018-12-13,-0.003107,-0.016958,0.007673,0.028371,0.008945,-0.001143,-0.008018,0.013146,0.018674,-0.002717
2018-12-14,0.004652,0.003606,-0.002665,0.011896,0.002695,0.006723,0.053283,0.000692,-0.010551,0.001635
2018-12-17,0.015914,0.002287,0.016462,-0.0165,-0.005294,0.018613,-0.012686,0.001037,-0.002409,0.014869
2018-12-18,0.005753,-0.003234,0.002465,-0.025634,-0.005376,0.010601,0.008249,0.011226,0.01456,-0.006075
2018-12-19,0.000352,-0.009759,-0.005619,-0.017366,0.0022,0.011732,0.015419,0.027156,0.004375,0.019055
2018-12-20,-0.007345,-0.007315,0.006593,0.003309,-0.005719,-0.011869,-0.019058,-0.022115,0.011187,-0.002822
2018-12-21,-0.025034,-0.02981,-0.012304,-0.031257,-0.016764,-0.021952,-0.027326,-0.007312,-0.02123,-0.020874
2018-12-24,-0.010044,0.011974,-0.014447,0.004333,-0.010452,-0.004094,0.003897,0.00394,-0.010704,-0.00271
2018-12-25,0.0,0.0,0.0,0.0,0.0,0.0,0.0,0.0,0.0,0.0
2018-12-26,0.008447,-0.015273,0.020042,-0.007627,0.003894,0.008788,0.036719,0.003754,0.012706,0.002355
2018-12-27,0.019893,0.010454,-0.008151,0.019797,0.013005,-0.000562,-0.011702,-0.006799,0.001687,0.01482
2018-12-28,0.004776,-0.006758,0.00848,0.000228,0.00394,0.01434,-0.000474,0.009071,0.01007,0.005343
2018-12-31,-0.00382,-0.001582,-0.000565,0.003045,-0.001317,-0.001663,-0.012794,0.003731,-0.001285,-0.002126
2019-01-01,-0.000223,0.00515,0.012443,0.009257,-0.010194,0.009996,0.0224,0.012504,0.003026,0.003728
2019-01-02,-0.013024,0.010773,-0.009124,0.006014,-0.009161,0.002337,-0.02144,-0.019026,-0.011374,-0.007428
2019-01-03,-0.012337,-0.01214,-0.007846,0.00015,0.002129,-0.003703,0.002719,-0.009527,-0.021396,-0.006237
2019-01-04,0.005399,-0.012158,0.002675,-0.012105,-0.003746,0.005368,0.028549,0.022501,-0.004982,0.007531
2019-01-07,0.005552,0.011216,0.001511,0.016111,0.001824,0.006845,0.007753,-0.004536,-0.003062,0.002492
2019-01-08,-9e-05,-0.002292,-0.008323,-0.002457,-0.007899,0.033859,0.013233,0.030375,-0.001156,0.009231
2019-01-09,0.005522,-0.003485,0.006562,0.009029,0.007991,0.005524,0.015945,0.0,0.002785,0.021636
2019-01-10,-0.002926,0.000848,-0.003921,0.005325,0.000672,-0.007194,0.008371,0.000819,0.004726,-0.002755
2019-01-11,-0.008533,-0.024357,0.001612,0.005591,-0.009405,-0.002503,-0.006522,-0.009164,-0.016516,0.019855
2019-01-14,-0.001138,-0.015902,-0.004853,0.02692,-0.003108,-0.013737,-0.010445,-0.007762,-0.026066,-0.003555
2019-01-15,0.029951,0.030084,0.009635,0.03519,0.014712,-0.001607,0.018547,0.004161,0.005248,0.007645
2019-01-16,0.005533,0.001258,-0.000801,0.014038,-0.009666,0.006841,-0.011251,0.004973,0.000932,-0.00843
2019-01-17,-0.001276,0.015085,0.005707,-0.004682,-0.011876,-0.001865,-0.005689,-0.018967,0.002906,-0.00034
2019-01-18,0.043986,0.003352,-0.000962,-0.003273,-0.004225,-0.006941,-0.062942,-0.008238,-0.020913,-0.008505
2019-01-21,0.045046,0.004236,0.008403,0.019222,0.001606,-0.000806,0.000643,-0.008476,-0.002542,-0.005318
2019-01-22,-0.00206,-0.003563,-0.005726,0.00047,0.001889,-0.00713,-0.020877,-0.007523,-0.010194,-0.000518
2019-01-23,-0.007165,-0.013828,-0.014257,-0.018381,0.009713,-0.004471,-0.003772,-0.012403,0.000231,-0.042968
2019-01-24,0.017247,0.013835,-0.001496,0.005978,-0.004357,-0.007077,-0.00675,0.004884,-0.004687,0.00577
2019-01-25,-0.001163,0.010123,-0.002973,-0.002254,-0.001535,-0.020833,0.019393,-0.0092,-0.007643,0.001076
2019-01-28,-0.013202,0.017805,-0.005653,-0.003286,-0.007855,-0.038214,-0.007642,-0.013315,0.011669,-0.015939
2019-01-29,-0.015371,0.014195,-0.012739,-6.9e-05,0.00786,0.009606,0.008848,-0.003551,-0.017225,0.013467
2019-01-30,-0.012349,-0.000681,-0.01113,-0.002748,-0.013292,0.054923,-0.013481,0.024412,0.012832,-0.010594
2019-01-31,0.026303,0.016503,0.022239,0.03258,0.01725,-0.003963,0.00889,0.021569,0.015335,0.011434
2019-02-01,0.018579,0.007869,0.005048,0.010006,0.020445,-0.02689,0.017787,-0.0315,0.007837,0.007895
2019-02-04,0.032761,0.01,0.006912,-0.001519,0.001834,-0.000282,-0.016995,-0.001582,-0.012985,-0.013352
2019-02-05,0.000503,-0.00278,0.004347,-0.001389,0.010457,-0.005359,0.005382,0.002465,-0.002142,-0.010646
2019-02-06,0.014479,0.014795,0.004068,0.011194,0.004667,0.018857,0.001785,0.015457,0.007512,0.012949
2019-02-07,-0.01515,0.003904,-0.002544,0.000917,0.004973,-0.001809,0.007773,-0.005708,-0.013961,0.009363
2019-02-08,-0.009842,-0.010322,0.00255,-0.004058,-0.011827,-0.009898,0.006749,-0.004871,-0.026465,-0.017125
2019-02-11,-0.019136,0.002183,0.008009,0.002497,-0.006878,-0.014221,-0.003352,-0.019231,-0.012086,0.005808
2019-02-12,0.002514,-0.006922,-0.00465,-0.01619,-0.005707,-0.016426,-0.003043,-0.018182,0.000281,-0.006496
2019-02-13,0.0,0.0,0.0,0.0,0.0,0.0,0.0,0.0,0.0,0.0
2019-02-14,-0.025629,-0.003412,-0.009156,-0.013858,-0.005266,-0.001017,-0.033574,-0.030138,-0.015439,0.009444
2019-02-15,0.016541,-0.007288,-0.004526,0.002567,-0.006863,-0.005233,0.012633,-0.015537,0.012626,0.007917
2019-02-18,-0.019567,-0.029266,-0.005117,-0.001213,-0.011789,-0.009937,-0.00673,-0.011409,0.001126,-0.019279
2019-02-19,-0.003278,-0.033244,-0.002799,-0.022603,-0.007963,0.013284,0.003801,0.011348,0.011089,0.004368
2019-02-20,0.015007,0.005224,0.01166,0.022643,-0.00256,0.005681,0.017451,0.018258,0.014504,-0.000181
2019-02-21,0.010167,-0.000288,0.003581,-0.009788,0.012229,0.017671,0.002913,0.001121,0.005914,-0.0029
2019-02-22,-0.011669,0.005982,-0.011555,0.002045,0.007893,0.002135,0.012746,0.011007,-0.00292,-0.002727
2019-02-25,-4.1e-05,0.030899,0.016233,0.027145,0.000905,0.010084,0.010833,-0.002953,-0.003515,0.00875
2019-02-26,-0.009778,0.026975,-0.00694,-0.016426,0.001186,-0.02081,-0.005674,-0.014066,-0.007838,-0.004337
2019-02-27,0.002663,0.009516,-0.008718,-0.009764,-0.020172,-0.007611,0.014899,0.004881,0.014891,-0.001452
2019-02-28,0.006171,-0.036271,-0.007026,-0.001292,-0.002217,0.013312,-0.00656,0.005231,0.006422,0.003453
2019-03-01,-0.004062,0.006025,0.002792,0.01035,0.001154,0.011709,-0.032699,0.014496,0.012065,0.007789
2019-03-04,0.0,0.0,0.0,0.0,0.0,0.0,0.0,0.0,0.0,0.0
2019-03-05,0.009461,-0.003658,0.0114,-0.01267,-0.005794,0.025406,0.00065,0.012823,-0.002101,0.015636
2019-03-06,0.021937,0.005784,-0.001353,0.0,-0.01438,0.023951,0.005035,0.005969,0.008577,0.011326
2019-03-07,0.004309,0.006852,0.010574,-0.013037,0.003294,-0.003092,-0.005656,0.013125,0.026879,0.015223
2019-03-08,-0.00248,0.004669,0.000799,-0.014662,-0.002228,-0.000539,0.003413,-0.001952,-0.009613,0.006549
2019-03-11,0.029201,-0.003906,0.000118,-0.001544,0.007845,0.014166,0.081309,0.021871,0.005338,0.003254
2019-03-12,0.020896,-0.001166,0.019991,-0.006046,0.011575,0.032859,0.053925,-0.001566,0.031451,0.005291
2019-03-13,0.01198,-0.005938,0.025587,0.002122,0.007378,0.009531,-0.039938,0.021785,-0.007416,0.001358
2019-03-14,-0.004268,-0.006548,-0.000808,-0.000141,-0.005894,-0.010207,0.013768,-0.004264,0.000834,0.002034
2019-03-15,-0.014834,0.026442,0.012698,0.0144,-0.022391,0.019077,-0.013727,0.022268,0.01214,-0.015905
2019-03-18,0.021488,-0.008407,0.00375,-0.011621,-0.000501,0.006957,-0.020877,0.001843,-0.012603,0.009457
2019-03-19,0.019629,0.0,0.002786,0.016967,0.001237,0.000879,0.018449,0.013715,-0.015193,0.020099
2019-03-20,-0.000799,-0.003831,0.01378,0.023122,-0.007119,-0.013805,-0.008166,0.002475,0.009536,-0.001837
2019-03-21,0.0,0.0,0.0,0.0,0.0,0.0,0.0,0.0,0.0,0.0
2019-03-22,-0.024501,-0.004665,-0.009939,0.005616,-0.00563,-0.0028,-0.007335,-0.018927,0.017361,-0.002342
2019-03-25,-0.012894,-0.01067,0.002263,-0.010564,-0.002503,-0.021184,-0.013723,-0.013588,-0.01287,-0.010563
2019-03-26,0.032315,-0.000807,0.013172,-0.010201,0.005944,0.02764,0.002446,0.032313,-0.002869,-0.005592
2019-03-27,-0.013165,-0.007439,-0.005149,0.002679,-0.001782,-0.002284,-0.016168,0.017463,-0.004626,-0.001022
2019-03-28,0.007967,0.016464,0.001457,0.011101,0.001844,0.018693,0.023101,0.033031,0.014819,0.023541
2019-03-29,0.0,0.0,0.0,0.0,0.0,0.0,0.0,0.0,0.0,0.0
2019-04-01,0.023419,0.015673,0.003908,0.023448,0.003622,-0.005742,0.032884,0.011755,0.018389,-0.009167
2019-04-02,-0.001545,0.023454,-0.007332,0.005694,-0.001686,-0.002762,0.045921,0.019365,-0.001735,0.002187
2019-04-03,-0.010434,0.0,-0.000915,-0.008032,-0.009691,-0.012715,-0.018095,-0.025836,-0.022486,-0.005874
2019-04-04,-0.016107,-0.031164,-0.003838,-0.007169,-0.002544,-0.008544,0.019429,0.004056,-0.006785,-0.004559
2019-04-05,0.000628,0.016778,0.009479,0.015243,-0.00447,0.00463,-0.00042,-0.014761,0.003727,-0.000848
2019-04-08,-0.018207,0.010961,-0.007026,0.01047,0.003496,-0.008833,-0.004767,-0.013405,-0.000109,-0.006111
2019-04-09,0.003912,0.01002,-0.000939,-0.008668,0.00937,0.025962,-0.009438,0.006234,0.001128,0.012126
2019-04-10,-0.002286,-0.024504,-0.021817,-0.010386,0.008123,-0.007428,-0.032992,-0.012232,-0.002654,-0.0054
2019-04-11,0.011567,-0.01017,0.009006,-0.013285,0.009592,-0.010528,0.018676,0.012866,0.004703,0.005769
2019-04-12,-0.002747,-0.002476,0.003433,0.006799,0.006578,0.011665,-0.012704,0.001112,-0.012409,0.031545
2019-04-15,-0.002196,0.049044,0.010396,-0.027081,0.000232,-0.004688,0.016815,0.00111,-0.002939,-0.000818
2019-04-16,0.002686,0.008754,0.0071,-0.004674,0.009582,0.036282,0.00302,0.000475,0.018056,0.005565
2019-04-17,0.0,0.0,0.0,0.0,0.0,0.0,0.0,0.0,0.0,0.0
2019-04-18,0.031405,0.008561,-0.004946,-0.009736,0.000777,-0.006388,-0.005161,-0.015677,-0.014985,-0.009115
2019-04-19,0.0,0.0,0.0,0.0,0.0,0.0,0.0,0.0,0.0,0.0
2019-04-22,-0.029294,0.005302,-0.010878,0.005578,-2.9e-05,-0.024481,0.007062,-0.002413,-0.000404,-0.008541
2019-04-23,0.013751,-0.002961,-0.010314,0.009916,0.0025,0.00507,-0.01344,-0.015481,-0.008786,0.005302
2019-04-24,0.018807,0.013179,0.015343,0.011329,0.004816,0.011602,0.025276,0.018018,0.009235,0.010053
2019-04-25,-0.012306,0.005289,-0.00715,-0.010727,-0.010499,-0.014211,0.012327,-0.014642,-0.004042,-0.007505
2019-04-26,0.014864,0.019841,0.007732,0.012971,0.007583,0.029843,-0.009285,0.020575,0.002251,0.001315
2019-04-29,0.0,0.0,0.0,0.0,0.0,0.0,0.0,0.0,0.0,0.0
2019-04-30,0.0,0.009739,0.016002,0.018089,0.005923,0.000737,-0.015824,-0.00816,-0.007105,-0.010507
2019-05-01,0.0,0.0,0.0,0.0,0.0,0.0,0.0,0.0,0.0,0.0
2019-05-02,0.008795,-0.019887,0.016548,-0.027351,-0.019429,-0.029325,0.012176,-0.005807,0.007564,0.012112
2019-05-03,0.002704,-0.037645,0.005157,-0.009852,-0.017406,0.015801,0.022363,0.006003,0.003569,-0.002459
2019-05-06,-0.017,0.012124,-0.016681,-0.007186,-0.014555,-0.001244,0.006034,-0.004032,-0.007993,0.009039
2019-05-07,-0.029894,-0.002734,-0.00262,0.008561,0.017137,-0.03688,-0.025491,-0.010688,0.010276,-0.016613
2019-05-08,-0.032788,0.000418,-0.006502,-0.007177,-0.005184,-0.011126,-0.001385,-0.023572,-0.004573,-0.00414
2019-05-09,-0.033091,0.009151,-0.007086,0.002363,0.008912,-0.002093,-0.027889,0.00352,-0.002867,-0.002661
2019-05-10,-0.004218,-0.016916,0.002445,-0.005825,-0.009567,0.009701,0.027421,0.029235,-0.0007,-0.007004
2019-05-13,-0.015266,-0.003301,-0.00405,0.003976,0.008623,-0.022851,-0.016816,-0.003733,-0.027923,-0.028379
2019-05-14,0.023051,-0.017099,0.000306,-0.008128,-0.002056,0.010895,0.056331,0.025252,0.018328,0.017456
2019-05-15,-0.002816,0.001458,-0.000524,0.003152,-0.016161,-0.008806,-0.015894,-0.008104,-0.011924,0.009173
2019-05-16,0.006723,0.006371,0.010473,0.02374,0.010263,0.014454,-0.018264,0.011695,0.008561,-0.007743
2019-05-17,0.00162,-0.006307,0.022267,-0.012549,0.028788,0.018824,0.009994,0.011085,0.018509,0.022561
2019-05-20,0.046158,0.023145,0.02974,-0.002072,0.020555,0.046189,0.035469,0.079718,0.065754,0.01858
2019-05-21,0.010483,-0.015951,-0.011779,-0.018134,0.007193,-0.018519,-0.027786,-0.020743,-0.001619,-0.003583
2019-05-22,0.000448,-0.013272,0.000853,0.000634,-0.009494,0.012995,0.01361,0.010517,0.008281,-0.000595
2019-05-23,-0.004849,-0.013306,-0.030614,-0.012258,-0.008172,0.013569,0.01089,0.003225,0.010266,-0.038532
2019-05-24,0.002212,-0.002945,0.017688,0.011626,-0.002423,0.05087,0.042503,0.038428,0.046101,0.007807
2019-05-27,-0.019598,0.003491,0.014747,-0.001551,0.012774,0.008686,-0.010476,0.01787,0.033578,0.001377
2019-05-28,0.009995,0.00905,0.00326,0.028245,0.002794,-0.002755,-0.011159,-0.004562,-0.013471,-0.006704
2019-05-29,-0.008083,0.016299,0.00029,-0.000412,0.002223,-0.025328,-0.019676,-0.031662,-0.014004,-0.002769
2019-05-30,0.012719,0.018386,0.009372,0.007901,0.001909,0.006851,0.023318,0.014054,0.003961,0.001909
2019-05-31,0.000301,0.023412,-0.005821,0.005726,0.002382,-0.005866,0.006057,-0.00297,-0.000674,-0.03499
2019-06-03,0.022592,0.020828,0.013091,0.009353,0.028627,-0.001888,0.011324,0.008369,0.001188,0.0
2019-06-04,-0.006286,-0.018522,-0.001954,-0.012556,-0.0131,-0.008986,-0.000992,-0.008581,0.006669,0.002513
2019-06-05,0.0,0.0,0.0,0.0,0.0,0.0,0.0,0.0,0.0,0.0
2019-06-06,-0.017978,-0.007787,-0.011805,0.000408,0.0122,-0.018015,0.003973,-0.043984,-0.034336,-0.012534
2019-06-07,-0.00938,0.007225,0.010027,0.004758,-0.003809,0.012271,0.009327,0.015287,-0.001352,-0.001813
2019-06-10,0.003232,0.022803,-0.003044,0.019483,0.01188,-0.0012,0.017782,0.006578,0.012055,0.015077
2019-06-11,0.00758,0.009545,0.00336,0.001858,-0.006856,0.012617,-0.00055,0.008132,-0.005091,0.001611
2019-06-12,0.002257,0.003595,-0.00872,-0.001457,0.003968,-0.007951,-0.009222,-0.008931,-0.009873,0.000357
2019-06-13,-0.003678,-0.003007,0.007272,-0.000874,-0.000866,0.003828,0.010697,0.007267,0.0055,0.002322
2019-06-14,-0.007308,0.000177,-0.003927,-0.002963,-0.012219,-0.004409,-0.028729,-0.007792,0.005766,-0.009088
2019-06-17,-0.026754,-0.002351,-0.00538,0.000135,-0.002688,-0.008498,-0.026323,-0.017306,-0.01805,-0.010969
2019-06-18,-0.001014,0.000734,-0.001961,0.012963,-0.004648,0.019194,0.003343,0.006512,0.00437,0.000364
2019-06-19,-0.002849,0.004021,0.004592,0.002333,0.001161,-0.005567,-0.011734,-0.003529,-0.0001,0.007634
2019-06-20,0.015188,0.007987,0.005387,0.00399,0.00353,0.032396,0.021841,0.018592,0.034515,-0.000721
2019-06-21,-0.013303,-0.012336,-0.005007,-0.006226,-0.021274,-0.005999,-0.013628,0.012314,-0.011142,-0.009928
2019-06-24,-0.013365,0.011401,0.001553,-0.006265,-0.001245,-0.003134,0.003781,0.010876,0.000812,0.007292
2019-06-25,0.026497,-0.003384,0.004446,0.003488,-0.004534,0.00978,0.010142,0.009485,-0.003894,0.008145
2019-06-26,-0.001312,-0.005997,0.01614,-0.011897,0.00259,0.01153,-0.008749,0.004488,0.010554,-0.00395
2019-06-27,-0.015454,-0.000732,-0.002269,-0.011702,0.007609,0.005243,0.008971,0.011168,-0.000193,-0.014059
2019-06-28,-0.016521,-0.011254,-0.007534,0.001985,0.007439,-0.008731,-0.005736,-0.002485,0.001483,0.00128
2019-07-01,0.012569,0.005545,0.017105,-0.000956,-0.004139,0.004347,0.005337,0.00083,0.002221,0.004017
2019-07-02,0.007605,0.005604,0.003802,0.011897,0.005055,-0.005125,0.014634,0.008159,0.004625,-0.004001
2019-07-03,0.003168,-0.006416,-0.002144,-0.011757,-0.002515,-0.001832,-0.001131,0.004527,0.00908,0.010407
2019-07-04,0.00113,0.002234,-0.00235,0.003418,0.004987,0.000573,0.027038,0.003414,-0.004024,0.003433
2019-07-05,-0.016083,-0.035471,-0.00459,-0.021531,-0.001226,0.000344,0.005651,0.008846,-0.008494,0.006483
2019-07-08,-0.008944,0.005686,-0.0254,-0.000557,-0.021129,-0.023949,-0.023026,-0.041414,-0.043636,-0.007157
2019-07-09,0.022403,-0.01933,-0.012637,-0.002926,-0.007585,0.006105,0.016554,0.011821,0.024323,-0.015678
2019-07-10,-0.000977,-0.011789,0.004035,0.002446,-0.012441,0.005601,-0.01035,-0.014743,-0.017719,0.000183
2019-07-11,0.002111,-0.00268,0.007703,0.005925,0.007157,-0.010095,0.006136,0.025409,-0.002901,0.009152
2019-07-12,-0.000819,0.002402,-0.005505,0.007277,-0.010226,0.001172,-0.01289,0.001101,-0.018961,-0.002177
2019-07-15,-0.003436,0.018077,0.000355,0.072377,0.002189,-0.011123,-0.015445,-0.009763,-0.017896,-0.014906
2019-07-16,0.013243,-0.01621,-0.001482,0.007057,0.014182,0.005446,0.000428,0.011943,0.0143,0.003691
2019-07-17,-0.008623,0.005342,0.002613,0.01185,0.011141,0.000236,-0.01283,0.022094,-0.003935,0.003493
2019-07-18,-0.015602,-0.02423,0.006027,-0.001826,-0.012239,-0.014245,-0.01083,-0.023496,-0.013913,0.000366
2019-07-19,-0.010184,0.005324,-0.01503,-0.009209,-0.010781,-0.019945,-0.007445,-0.021037,-0.016479,-0.017216
2019-07-22,0.02522,0.015865,-0.033001,-0.001273,-0.023076,0.005375,0.007648,-0.014466,-0.005561,-0.014536
2019-07-23,-0.005428,0.001209,-0.014691,0.007203,0.007527,0.001094,0.003065,-0.024655,0.004132,0.023638
2019-07-24,-0.011346,-0.007408,0.007687,-0.004747,0.020846,-0.008375,-0.013679,-0.007598,-0.002982,0.000739
2019-07-25,-0.02192,0.014832,0.002258,0.010429,0.004628,0.001224,0.000295,0.005006,-0.010776,-0.011076
2019-07-26,-0.014373,-0.008859,-0.003828,-0.00944,-0.003455,0.016504,-0.012094,0.003809,0.014391,0.00952
2019-07-29,-0.002348,0.009934,-0.014491,0.005654,-0.010025,0.032712,-0.001045,0.003503,-0.014833,-0.0098
2019-07-30,-0.024815,0.023075,0.003542,0.001579,0.003852,-0.009316,0.033478,-0.047266,0.003536,0.004295
2019-07-31,-0.012406,0.012184,-0.000266,0.001199,0.003924,-0.001763,-0.023572,0.014196,0.007956,0.004834
2019-08-01,0.012004,-0.011629,-0.011061,-0.031248,0.002693,-0.017781,-0.04058,-0.045304,-0.021084,-0.009808
2019-08-02,0.009497,0.011582,-0.003353,0.008779,0.003552,-0.015466,0.060667,-0.027432,0.008983,-0.011399
2019-08-05,-0.034618,0.019635,-0.015851,0.001418,0.002158,-0.019362,0.041188,-0.026585,-0.017843,-0.01777
2019-08-06,-0.013163,-0.014987,0.00452,-0.002897,0.001665,0.018875,0.030053,0.00383,0.023555,-0.003464
2019-08-07,-0.016751,-0.000655,-0.00233,0.00213,0.019007,-0.00451,-0.006378,-0.038155,-0.012668,-0.020278
2019-08-08,0.038715,0.020172,0.022505,0.0163,0.014545,0.014691,0.016526,0.01535,0.000441,0.016164
2019-08-09,0.008461,-0.005248,0.021875,0.001395,0.021213,0.013876,-0.002687,-0.010192,0.002903,-0.013773
2019-08-12,0.0,0.0,0.0,0.0,0.0,0.0,0.0,0.0,0.0,0.0
2019-08-13,0.096936,-0.020835,-0.027016,-0.031778,-0.009015,-0.023563,-0.052539,-0.027458,-0.03763,-0.031078
2019-08-14,0.01059,0.00225,0.004098,0.013142,0.007837,0.017185,0.027158,0.022587,0.015572,0.009947
2019-08-15,0.0,0.0,0.0,0.0,0.0,0.0,0.0,0.0,0.0,0.0
2019-08-16,-0.007957,-0.017828,-0.000785,-0.000323,-0.005655,0.003954,0.000969,0.003969,0.001162,0.017085
2019-08-19,0.011424,-0.00097,-0.009359,0.004003,-0.004238,0.010622,-0.001521,-0.013922,0.012694,-0.005731
2019-08-20,-0.012881,0.01098,0.00623,0.019417,0.012356,-0.015352,-0.008172,-0.010981,-0.007173,-0.020076
2019-08-21,-0.003919,-0.000252,0.002364,0.008451,0.00358,-0.011633,-0.008798,-0.022207,-0.023724,-0.020487
2019-08-22,-0.019041,0.013631,-0.023249,-0.004691,0.011946,-0.031428,-0.006058,-0.031903,-0.012513,-0.005798
2019-08-23,0.023341,0.014305,-0.005244,0.008169,-0.006463,-0.009271,0.010347,0.009495,-0.005988,-0.016455
2019-08-26,-0.007093,0.012725,0.04321,0.000436,0.008898,0.041098,0.011925,0.033567,0.03665,0.027107
2019-08-27,0.006355,-0.017485,0.001684,-0.022304,-0.008073,0.016883,-0.034244,0.019629,0.017471,0.012371
2019-08-28,-0.00906,0.00123,-0.005509,0.022749,-0.01789,-0.013497,-0.007178,-0.0028,-0.009064,0.001833
2019-08-29,-0.017058,-0.00259,-0.009143,0.005545,0.002653,-0.020705,-0.006651,-0.036504,-0.001636,-0.019313
2019-08-30,0.005476,0.011709,0.000449,0.009852,0.026706,0.012982,0.009607,-0.002368,-0.010578,0.018449
2019-09-02,0.0,0.0,0.0,0.0,0.0,0.0,0.0,0.0,0.0,0.0
2019-09-03,-0.033759,-0.003541,-0.00763,-0.000798,-0.021282,-0.042719,-0.028691,-0.019902,-0.025485,-0.01669
2019-09-04,-0.004352,-0.002754,0.016644,0.008658,0.002579,0.013643,0.026273,0.024963,0.010545,0.007038
2019-09-05,-0.002123,-0.013406,-0.005606,0.015524,-0.009125,-0.021384,0.005785,-0.006543,0.009365,0.004111
2019-09-06,0.01994,-0.008035,0.00481,0.007314,-0.005793,0.006041,0.004458,0.002378,0.006324,-0.001433
2019-09-09,-0.000245,-0.006666,0.001647,-0.013152,0.008191,0.010477,0.020616,0.014784,0.021338,0.00656
2019-09-10,0.0,0.0,0.0,0.0,0.0,0.0,0.0,0.0,0.0,0.0
2019-09-11,0.009982,-0.013217,0.000756,-0.010855,-0.005316,-0.00215,-0.003787,0.026079,0.0049,-0.007128
2019-09-12,-0.019483,-0.009471,0.008684,-0.004512,-0.01036,0.020527,-0.021262,0.00631,-0.000917,-0.012308
2019-09-13,0.0126,0.003914,-0.005901,0.015801,8.3e-05,0.026571,-0.012948,0.016199,0.000771,-0.003531
2019-09-16,-0.012117,0.003758,-0.005892,-0.001929,0.005954,-0.003024,0.002769,-0.023997,-0.014559,-0.002084
2019-09-17,-0.010985,-0.012721,-0.014616,0.004289,0.008203,-0.027902,-0.012064,-0.037759,-0.022254,-0.00919
2019-09-18,0.00689,0.007491,-0.010672,-0.001684,-0.001092,-0.003245,-0.012506,0.023544,0.003273,0.008643
2019-09-19,-0.022103,-0.017115,0.006559,-0.011026,-0.008993,-0.031927,0.005959,-0.022646,-0.013126,-0.010658
2019-09-20,0.063865,-0.017365,0.089506,-0.01913,0.086609,0.079928,0.055687,0.100894,0.085185,0.005703
2019-09-23,-0.012078,-0.024038,0.048058,-0.050497,0.035537,0.068982,-0.023569,0.03994,0.08289,0.070573
2019-09-24,0.031875,0.014336,-0.002744,0.038857,0.005246,-0.012099,0.001868,-0.035538,-0.03088,0.004513
2019-09-25,0.000665,0.021397,-0.011246,-0.001763,0.000512,-0.015196,-0.020077,-0.07386,-0.021063,-0.033008
2019-09-26,0.013481,-0.000407,0.002259,-0.012742,-0.008335,0.04088,0.007025,0.005709,0.027412,0.011513
2019-09-27,0.009446,-0.015066,0.001368,-0.000447,-0.011551,-0.006085,0.014678,-0.002306,-0.011545,0.010184
2019-09-30,0.017723,0.020986,-0.013463,0.02998,-0.014396,-0.034506,0.051418,-0.036984,0.001087,0.027278
2019-10-01,-0.020529,-0.018744,0.017394,-0.015019,0.004213,-0.020982,-0.043863,-0.054837,-0.006919,-0.015201
2019-10-02,0.0,0.0,0.0,0.0,0.0,0.0,0.0,0.0,0.0,0.0
2019-10-03,0.004713,0.000146,-0.020219,-0.010018,-0.014194,0.006359,-0.017239,-0.007033,-0.004098,0.02247
2019-10-04,-0.00225,0.009271,-0.027665,0.009992,-0.009098,-0.03136,-0.015657,-0.016526,-0.022736,-0.016817
2019-10-07,0.001529,-0.015221,-0.002354,-0.004915,-0.002134,0.005315,0.006038,-0.003401,-0.018984,-0.020797
2019-10-08,0.0,0.0,0.0,0.0,0.0,0.0,0.0,0.0,0.0,0.0
2019-10-09,0.011182,-0.013479,0.034754,-0.007473,0.004098,0.049507,0.052262,0.047571,0.020317,-0.019055
2019-10-10,0.028685,-0.007747,-0.022473,-0.000766,0.010652,-0.029769,0.049666,-0.026059,-0.000806,-0.015783
2019-10-11,-0.007448,-0.00878,-0.001458,0.040547,0.018235,0.011447,0.014977,0.001574,0.001825,0.003084
2019-10-14,0.003992,0.017188,0.004671,-0.035223,0.004789,0.0007,0.027814,0.003536,-0.002627,0.000615
2019-10-15,0.004529,0.008066,0.015485,-0.022643,0.024897,0.006995,-0.025156,0.011744,0.005829,0.014338
2019-10-16,0.006011,0.004467,-0.001594,0.0041,0.003197,0.007989,0.00417,-0.009286,-0.005621,-0.015953
2019-10-17,0.017598,0.014764,-0.000901,-0.002528,0.015862,0.012176,0.001558,0.036712,0.000105,0.009029
2019-10-18,0.014214,0.012999,0.007377,-0.002144,0.001426,-0.006355,-0.00609,0.015822,0.016464,0.002644
2019-10-21,0.0,0.0,0.0,0.0,0.0,0.0,0.0,0.0,0.0,0.0
2019-10-22,-0.001553,-0.002892,0.008381,-0.161881,0.00973,0.030493,-0.024511,0.003152,-0.003626,0.009736
2019-10-23,-0.01538,0.009116,0.001856,0.02368,0.007985,0.008755,-0.036755,0.018299,-0.007452,0.008638
2019-10-24,0.031636,0.005748,-0.00443,-0.02344,4.7e-05,-0.000769,0.033301,-0.047014,0.000314,-0.007966
2019-10-25,-0.003655,0.020629,-0.005744,0.003306,0.005508,0.031556,0.00752,0.072572,-0.005062,-0.00542
2019-10-28,0.0,0.0,0.0,0.0,0.0,0.0,0.0,0.0,0.0,0.0
2019-10-29,0.025049,0.032895,0.010984,0.020707,0.007039,0.017693,-0.04065,-0.003197,0.025333,0.022406
2019-10-30,0.008214,0.026403,0.004708,0.015292,0.004259,-0.013092,0.022367,0.032959,0.009,0.024284
2019-10-31,-0.009972,0.00748,-0.014419,0.037845,0.002743,-0.017192,0.017122,0.077613,-0.000814,-0.006746
2019-11-01,-0.005088,-0.030291,0.007884,0.003355,0.001839,-0.001728,-0.003206,0.003681,-0.016055,0.014167
2019-11-04,0.000515,-0.003158,-0.002581,0.030673,-0.009728,0.017848,0.013269,0.002392,0.001932,-0.002105
2019-11-05,-0.007101,0.003601,0.002143,-0.018195,0.006487,-0.00457,0.015741,0.01559,-0.008539,0.008245
2019-11-06,-0.008568,-0.006063,0.013836,0.023273,0.003361,0.026369,-0.032556,-0.005169,0.009203,-0.005896
2019-11-07,0.016517,-0.001439,0.00561,0.01095,-0.018904,-0.004473,0.000808,0.001889,-0.012387,0.017218
2019-11-08,-0.008981,-0.025351,-0.00641,-0.016595,-0.024249,0.022777,-0.006994,-0.006758,-0.008397,-0.020124
2019-11-11,-0.012245,-0.013615,0.007287,-0.005296,-0.00242,0.015017,0.006366,0.00712,-0.004216,-0.004031
2019-11-12,0.0,0.0,0.0,0.0,0.0,0.0,0.0,0.0,0.0,0.0
2019-11-13,0.031167,0.036959,-0.005693,-0.018527,0.004636,-0.022242,-0.007806,-0.035978,-0.016937,-0.021584
2019-11-14,-0.006486,0.008354,0.013001,0.020178,-0.010497,0.026557,-0.016549,-0.002607,-0.009009,0.000197
2019-11-15,0.005537,-0.010174,0.00314,-0.001985,-0.005485,0.002407,0.084276,0.051961,-0.002028,-0.0128
2019-11-18,-0.007921,-0.010048,-0.012403,0.001847,-0.000729,-0.003001,0.041089,0.009941,-0.009545,0.000399
2019-11-19,0.034642,-0.020348,0.007805,0.010848,-0.008973,-0.009732,0.07368,0.016303,0.000916,-0.005783
2019-11-20,0.025104,-0.000118,0.00114,0.000211,-0.005521,0.003039,-0.004666,-0.004843,0.01102,0.005616
2019-11-21,-0.006494,0.004529,0.007853,0.000351,0.01093,0.006566,-0.025154,0.007756,0.008618,-0.019944
2019-11-22,0.005788,-0.021906,-0.014493,-0.028111,-0.009909,-0.00291,-0.013254,-0.006187,-0.010088,0.007937
2019-11-25,0.009732,0.00473,0.005021,0.007069,0.016787,0.002013,0.073101,0.02065,0.001596,0.000404
2019-11-26,-0.000832,-0.016743,0.003108,-0.010744,-0.001964,0.025914,-0.042202,-0.001785,-0.012927,0.005651
2019-11-27,0.006153,0.003738,0.002627,0.007457,0.016955,-0.010182,0.002313,0.023994,-0.020176,-0.00883
2019-11-28,0.006657,0.01122,-0.010247,0.008768,-0.002914,0.027003,0.007615,0.016737,0.010783,-0.001012
2019-11-29,-0.018446,-0.011601,0.007626,-0.007836,-0.024842,-0.012617,0.013283,-0.021328,-0.014334,-0.001216
2019-12-02,0.022789,-0.015682,-0.007216,-0.005242,0.003881,-0.003316,0.036501,-0.0098,0.002104,-0.005885
2019-12-03,-0.00479,0.014819,-0.008177,0.008156,-0.007219,-0.003034,0.00109,-0.006647,-0.015112,-0.003674
2019-12-04,-0.016594,0.013408,-0.002987,0.015035,0.009638,0.039069,0.00501,0.016654,-0.021398,-0.003688
2019-12-05,-0.001191,0.020592,-0.004834,0.008464,-0.005152,-0.002173,-0.030451,-0.016528,0.013306,0.015628
2019-12-06,0.002611,0.001084,0.000361,0.00035,-0.005595,-0.006249,-0.005588,-0.048186,-0.008754,-0.014578
2019-12-09,0.011383,-0.029737,-0.002488,0.003007,-0.008835,0.003239,0.002248,-0.010312,-0.011466,-0.007808
2019-12-10,-0.006772,-0.023102,0.00527,-0.003764,0.008565,0.004179,0.002579,-0.01042,0.002351,-0.024229
2019-12-11,0.000288,0.014432,-0.0006,0.009097,-0.007357,0.009173,-0.009508,-0.001914,-0.011493,0.008489
2019-12-12,0.003712,-0.010285,0.011892,-0.026281,-0.001542,0.003374,-0.00926,0.028932,0.012181,0.003998
2019-12-13,0.009374,0.024915,0.000198,0.013104,-0.000573,0.003176,-0.024735,0.033245,0.020005,0.012785
2019-12-16,-0.010298,0.026796,-0.005143,0.003796,-0.015676,0.004097,-0.013908,-0.002105,-0.001762,-0.019453
2019-12-17,-0.002489,0.017961,0.010936,0.021989,-0.006786,0.003523,0.042906,0.003164,0.011473,0.017518
2019-12-18,0.008415,0.001294,0.016718,0.003769,-0.016723,0.000462,-0.00375,-0.017873,0.001062,0.017009
2019-12-19,0.021639,0.028278,-0.002747,-0.002185,0.011693,-0.002217,0.025439,0.00367,-0.00576,-0.003263
2019-12-20,-0.006739,-0.002759,0.00613,0.000958,-0.0041,0.010922,0.009678,0.02956,-0.000152,-0.013096
2019-12-23,-0.017322,0.003959,0.004396,0.006083,0.003757,-0.00879,0.002204,-0.016132,-0.000229,-0.00933
2019-12-24,-0.015878,-0.007214,-0.010173,-0.003533,-0.002051,-0.000369,0.005167,-0.002858,-0.007817,-0.000628
2019-12-25,0.0,0.0,0.0,0.0,0.0,0.0,0.0,0.0,0.0,0.0
2019-12-26,-0.020078,-0.006161,-0.014506,-0.006068,-0.000745,-0.004343,-0.021,-0.004827,-0.01668,-0.008168
2019-12-27,0.017784,-0.001566,0.003582,0.010975,0.002545,0.019768,0.01687,0.022434,0.015868,0.000422
2019-12-30,0.0012,-0.006959,0.005608,-0.005496,-0.006488,-0.00992,0.011866,-0.008451,0.002078,0.005488
2019-12-31,-0.019525,-0.009848,-0.007838,-0.002388,-0.007356,-0.009284,-0.010206,-0.001944,-0.003148,-0.002099
2020-01-01,-0.002939,0.002729,0.00511,0.007796,0.007046,-0.00399,-0.005485,0.002097,0.009051,0.001683
2020-01-02,0.017024,-0.00459,0.006374,-0.002918,0.000775,0.007173,0.004192,0.014502,0.026986,0.00735
2020-01-03,0.001205,0.019929,-0.014261,0.015381,-0.00547,-0.003237,-0.00022,-0.016505,-0.007619,-0.005628
2020-01-06,-0.023192,-9.1e-05,-0.021642,-0.009585,-0.006226,-0.024404,-0.011975,-0.044051,-0.013707,-0.014256
2020-01-07,0.015385,0.002454,0.015835,-0.01482,0.002741,-0.005326,-0.010119,-0.001881,0.002848,0.001064
2020-01-08,-0.00751,0.022395,-0.002618,-0.013326,0.004503,0.005833,0.030892,0.004397,-0.021923,-0.004886
2020-01-09,0.023032,-0.018136,0.011215,0.013018,0.002954,0.038692,0.002724,0.03252,0.019047,0.006832
2020-01-10,-0.000226,-0.000361,0.008888,0.01457,0.009793,-0.011074,-0.006738,0.006208,0.00642,0.00933
2020-01-13,-0.002552,-0.010481,0.002573,0.047958,0.020906,-0.003054,0.026039,-0.004515,0.007625,0.005252
2020-01-14,-0.009263,0.007556,0.002722,0.002715,0.006993,-0.001857,0.00096,-0.008314,-0.006443,0.016719
2020-01-15,-0.003629,0.009062,-0.004071,-0.010443,0.006397,-0.00372,-0.003196,-0.011433,-0.001885,-0.003494
2020-01-16,0.00922,0.005344,0.002648,-0.000717,0.013652,0.002894,0.012932,-0.00293,-0.003249,-0.006807
2020-01-17,0.028025,-0.008799,-0.007378,0.001108,0.005392,-0.009495,0.05518,-0.016393,-0.011445,-0.003323
2020-01-20,-0.030772,-0.021968,-0.01819,0.000782,0.001238,0.005263,0.017298,-0.012578,0.00414,0.008127
2020-01-21,0.001012,0.000323,-0.008407,-0.007743,-0.003612,-0.007105,0.005996,-0.000955,-0.005536,-0.014262
2020-01-22,-0.000359,0.016513,-0.002813,0.010098,-0.0018,-0.015441,0.005374,0.00781,-0.006258,-0.001678
2020-01-23,-0.004239,-0.004973,0.003224,0.018372,0.002535,0.009276,0.017784,0.0223,0.029439,-0.00063
2020-01-24,-0.003471,-0.003446,-0.000241,-0.00204,0.008168,0.011654,0.001146,0.00263,0.020191,0.001051
2020-01-27,-0.009858,-0.006481,-0.02519,-0.005941,-0.005956,0.006369,-0.018789,-0.024225,-0.007799,-0.014907
2020-01-28,-0.023099,0.006685,0.008243,-0.000129,-0.000364,-0.016845,-0.045004,-0.003479,-0.001446,-0.016411
2020-01-29,0.005504,-0.013349,0.010342,0.015039,0.0066,-0.003029,-0.002036,0.004284,0.014146,0.025569
2020-01-30,-0.024394,-0.007774,-0.00793,-0.011397,-0.007762,0.010634,-0.000918,-0.01817,0.003295,-0.010987
2020-01-31,-0.022234,-0.027504,0.000204,-0.006084,-0.011588,-0.012307,0.013577,0.024944,-0.000657,0.0047
2020-02-03,-0.018524,0.011279,-0.027318,-0.011019,0.071132,-0.019214,0.027395,-0.063903,-0.060359,-0.117159
2020-02-04,0.02952,0.002497,0.031019,0.026648,-0.010716,0.02958,0.017351,0.02734,0.003964,0.038777
2020-02-05,0.015493,0.018408,0.012075,-0.004189,0.00218,0.015637,0.027848,0.01551,0.014167,0.00371
2020-02-06,0.00642,-0.008479,-0.003897,-0.016825,-0.001806,0.004637,0.025218,0.035209,0.005763,-0.013398
2020-02-07,-0.016566,0.003853,0.001936,0.007714,0.001646,-0.009509,-0.013442,-0.004349,-0.014117,-0.000702
2020-02-10,0.00136,0.011888,-0.001529,-0.005275,-0.000301,-0.00466,-0.00139,-0.006395,-0.010547,-0.013355
2020-02-11,0.011946,-0.003955,0.000242,0.000453,-0.00308,0.010862,-0.008168,0.018367,0.001245,0.009736
2020-02-12,0.012081,0.008057,0.006771,0.009696,0.050031,0.017693,0.00992,-0.012795,0.008081,0.002117
2020-02-13,0.002618,0.009766,-0.006085,0.01434,0.010198,-0.01511,0.000649,0.022642,-0.003893,-0.005398
2020-02-14,0.009124,-0.003536,-0.017762,-0.007321,-0.012416,0.008873,0.046393,-0.024584,0.002244,-0.019821
2020-02-17,-0.006285,0.008722,-0.001804,0.003815,-0.001086,-0.007695,-0.000266,-0.01628,-0.011543,-0.013963
2020-02-18,-0.00734,0.005673,-0.003204,0.010387,-0.00808,-0.000738,-0.029389,0.010662,0.004804,-0.004639
2020-02-19,0.024806,-0.008756,0.011498,0.00351,0.025846,0.006652,-0.008846,0.008818,-0.003848,0.013981
2020-02-20,-0.01187,-0.018007,-0.00823,-0.00431,-0.019152,0.004038,0.004049,0.022787,-0.000624,0.003628
2020-02-21,0.0,0.0,0.0,0.0,0.0,0.0,0.0,0.0,0.0,0.0
2020-02-24,-0.027592,-0.019219,-0.005875,-0.001443,-0.014723,-0.031353,-0.028776,-0.014345,-0.016321,-0.021451
2020-02-25,-0.019758,0.019288,-0.007975,0.003204,0.008329,0.002076,0.010096,0.011921,-0.014011,-0.005911
2020-02-26,-0.017227,-0.015096,-0.000875,-0.019602,0.001164,-0.013655,0.001308,0.004284,-0.024878,-0.015857
2020-02-27,-0.004131,-0.008523,0.000167,-0.00626,0.008385,-0.015944,-0.008023,-0.019043,-0.000661,-0.005287
2020-02-28,-0.041551,-0.050036,-0.018175,-0.05933,-0.035566,-0.035122,-0.01533,-0.05886,-0.018837,0.0
2020-03-02,-0.009408,0.000575,0.001656,0.012779,-0.007035,0.017798,-0.009838,-0.051485,-0.022441,-0.01139
2020-03-03,0.020286,0.017439,0.001865,0.008029,0.003334,0.017092,0.004727,0.008525,0.017573,-0.007424
2020-03-04,-0.002346,0.023082,-0.027881,0.01573,0.004246,-0.012433,-0.007776,-0.015698,-0.003937,-0.032757
2020-03-05,-0.021311,0.02009,0.002176,-0.00547,0.019372,-0.007574,0.019642,0.011216,0.004929,0.002933
2020-03-06,-0.030622,-0.004047,-0.014288,-0.020739,-0.01312,-0.035976,-0.014709,-0.062392,-0.019916,-0.033502
2020-03-09,-0.123407,-0.068085,-0.024319,-0.046688,-0.030792,-0.058805,-0.044111,-0.063032,-0.049142,-0.025034
2020-03-10,0.0,0.0,0.0,0.0,0.0,0.0,0.0,0.0,0.0,0.0
2020-03-11,0.035363,-0.009456,0.00587,-0.026191,0.015791,0.017258,-0.004937,-0.032945,0.013612,-0.008747
2020-03-12,-0.078497,-0.094103,-0.083049,-0.079883,-0.045963,-0.085901,-0.058425,-0.132599,-0.089888,-0.113009
2020-03-13,0.039793,0.020595,0.047489,0.017665,-0.011065,0.050628,0.057856,0.138288,0.034332,0.041399
2020-03-16,-0.081064,-0.060843,-0.065713,-0.092162,-0.044904,-0.099061,-0.054997,-0.077066,-0.078701,-0.09245
2020-03-17,-0.007581,-0.022636,-0.024412,-0.048358,0.032005,-0.088483,-0.02173,-0.036714,-0.012336,0.012903
2020-03-18,-0.039187,-0.002171,-0.100708,-0.037211,-0.040044,-0.03322,-0.064108,0.000232,-0.05456,0.010392
2020-03-19,-0.052452,-0.003684,0.021268,0.021056,-0.044443,-0.046472,0.045118,-0.053671,-0.067934,0.073988
2020-03-20,0.10924,0.098451,-0.014181,0.072679,0.116085,0.02112,0.040247,0.030444,0.02562,0.084337
2020-03-23,-0.131539,-0.071073,-0.126069,-0.100393,-0.088707,-0.178478,-0.119529,-0.13462,-0.162657,-0.120798
2020-03-24,0.067134,0.020034,-0.00499,0.120334,0.084586,0.044014,-0.008101,0.008811,-0.008613,-0.029812
2020-03-25,0.14718,0.027684,0.115996,0.027806,0.029736,0.068803,0.061997,0.036572,0.08172,-0.015698
2020-03-26,-0.01483,0.023224,0.051765,0.060706,0.051122,0.042127,0.096947,0.015008,0.094352,0.061418
2020-03-27,-0.000563,0.018733,0.003718,0.015085,-0.024762,0.029069,-0.046208,0.016602,-0.001134,0.043478
2020-03-30,-0.032986,-0.025213,-0.080491,-0.039835,0.020462,-0.077828,-0.039871,-0.046185,-0.045875,-0.02451
2020-03-31,0.080839,0.026764,0.036373,0.023616,0.052258,0.033025,0.022851,0.053237,0.012333,0.078518
2020-04-01,-0.029899,-0.064263,-0.037417,-0.060327,-0.051708,-0.038919,-0.044341,-0.052324,-0.042239,-0.030868
2020-04-02,0.0,0.0,0.0,0.0,0.0,0.0,0.0,0.0,0.0,0.0
2020-04-03,-0.002777,-0.031924,-0.019044,-0.028368,-0.011722,-0.07874,0.006171,-0.059234,0.000387,0.069111
2020-04-06,0.0,0.0,0.0,0.0,0.0,0.0,0.0,0.0,0.0,0.0
2020-04-07,0.119402,0.073147,0.101063,0.091002,0.134998,0.137624,0.109093,0.062108,0.034854,0.020517
2020-04-08,-0.011566,-0.039291,-0.008035,-0.01158,0.006524,-0.021926,-0.018184,-0.01824,0.006798,-0.015973
2020-04-09,0.023319,0.035592,0.040668,0.007362,-0.036004,0.074463,0.058594,0.025956,0.007062,0.036944
2020-04-10,0.0,0.0,0.0,0.0,0.0,0.0,0.0,0.0,0.0,0.0
2020-04-13,-0.025247,-0.003907,-0.032106,0.001807,-0.010876,-0.035162,0.048087,-0.022636,0.064776,-0.019703
2020-04-14,0.0,0.0,0.0,0.0,0.0,0.0,0.0,0.0,0.0,0.0
2020-04-15,-0.033049,-0.013699,-0.035796,0.002588,0.060133,-0.00998,-0.003319,-0.006267,0.016985,0.042676
2020-04-16,0.015828,-0.011008,0.019055,-0.023785,-0.020683,0.044753,-0.019687,0.033726,0.035789,-0.015843
2020-04-17,0.0479,0.052533,0.034726,0.007855,-0.020976,0.098099,0.003996,0.025199,0.023309,0.009391
2020-04-20,0.016177,0.006893,0.037955,0.039045,-0.020315,-0.037944,-0.024181,-0.003881,-0.018544,-0.039341
2020-04-21,-0.005186,-0.044539,-0.024554,-0.030767,-0.008196,-0.081511,0.020804,-0.04026,-0.049421,-0.006087
2020-04-22,0.102032,0.018329,0.007541,0.01366,0.029667,0.012355,0.001798,0.02138,-0.020394,0.014755
2020-04-23,0.005354,0.061458,0.028376,0.058347,-0.02877,0.050603,-0.01077,-0.010599,-0.014075,-0.009328
2020-04-24,0.033627,-0.031785,-0.017697,-0.031356,-0.014843,-0.051282,-0.003528,-0.037226,0.01261,-0.002769
2020-04-27,0.008998,0.009925,-0.008901,0.01003,0.016359,0.038973,-0.000405,0.006398,0.004758,-0.001111
2020-04-28,-0.001119,0.012224,0.001829,-0.005868,-0.013144,0.034349,-0.017002,0.018795,0.002222,-0.002224
2020-04-29,-0.000841,0.025066,0.049066,0.02399,-0.025415,0.029457,0.021312,0.03147,0.021233,0.015046
2020-04-30,0.027366,0.057093,0.025279,0.057571,-0.016467,0.026184,0.036895,0.002104,0.025361,-0.000549
2020-05-01,0.0,0.0,0.0,0.0,0.0,0.0,0.0,0.0,0.0,0.0
2020-05-04,-0.021009,-0.041699,-0.078658,-0.058421,-0.051185,-0.110746,0.035388,-0.061155,-0.052253,-0.043944
2020-05-05,0.017733,0.001191,-0.012514,0.0,-0.019759,-0.021299,-0.008357,-0.047246,-0.016164,-0.000862
2020-05-06,6.9e-05,-0.015082,0.038346,-0.011578,-0.015332,0.031888,0.033993,0.004108,0.000478,-0.057504
2020-05-07,0.031628,-0.006278,-0.022612,-0.001426,-0.009029,-0.01362,-0.032875,-0.002046,-0.017258,-0.017694
2020-05-08,0.036398,0.000925,0.004378,0.013911,0.048894,0.002821,0.003788,-0.024012,-0.008385,-0.017081
2020-05-11,0.009604,0.022129,-0.014262,0.012904,-0.019838,-0.051969,0.011603,-0.007201,0.006924,0.001264
2020-05-12,-0.061866,0.007337,-0.01556,0.006956,-0.017798,0.00328,0.044107,0.008764,-0.008277,0.041654
2020-05-13,0.021217,7.7e-05,0.02895,0.009453,-0.007855,0.052459,-0.006966,0.04314,0.059033,0.00212
2020-05-14,-0.040429,-0.024261,-0.036598,-0.051862,0.005161,-0.031504,-0.028959,-0.035325,0.01014,-0.009673
2020-05-15,0.016331,-0.004967,-0.00621,-0.008889,0.012986,-0.014356,0.026396,-0.009229,-0.008318,0.005189
2020-05-18,-0.012779,0.027841,-0.057986,0.017783,-0.013213,-0.074992,-0.028966,-0.066707,-0.059058,0.000607
2020-05-19,-0.022107,0.001568,-0.007172,0.007079,-0.014811,0.00603,0.112908,-0.016098,-0.020901,0.036419
2020-05-20,0.017602,0.00254,0.031842,0.001421,0.007745,0.017816,-0.007933,0.003927,0.048534,0.029283
2020-05-21,0.005266,0.019246,0.002859,0.003958,-0.010021,-0.00409,0.000842,-0.009452,-0.017365,0.075107
2020-05-22,-0.00673,0.014639,-0.024082,0.029976,0.008626,-0.043857,-0.00227,-0.007239,-0.00585,-0.01376
2020-05-25,0.0,0.0,0.0,0.0,0.0,0.0,0.0,0.0,0.0,0.0
2020-05-26,-0.005239,-0.038285,0.016153,-0.017043,-0.005081,0.005669,-0.057232,0.003646,0.012075,0.028709
2020-05-27,0.015098,0.032064,0.060124,0.036588,0.010264,0.089341,0.006884,0.047556,0.030646,0.002347
2020-05-28,0.01847,-0.000499,0.046036,0.002764,0.005931,0.02509,-0.000621,-0.002522,0.06423,-0.007806
2020-05-29,-0.005332,-0.015941,0.006771,-0.009887,0.023583,0.015603,-0.018036,0.019595,0.029542,0.035143
2020-06-01,0.038207,0.036961,0.037829,0.012373,0.024886,0.021991,0.011672,0.054247,-0.004398,0.016215
2020-06-02,0.010096,0.000929,0.013517,0.012222,-0.000546,0.026971,-0.001699,0.001176,0.018639,-0.016455
2020-06-03,0.003874,0.00245,0.021229,-0.00925,0.006216,0.024254,-0.011557,0.027313,0.016765,-0.002788
2020-06-04,0.024746,0.022188,-0.020103,0.008838,4.7e-05,-0.025221,0.037705,-0.00486,-0.031832,0.017539
2020-06-05,0.001203,-0.020702,0.031596,-0.005934,-0.015562,0.02688,0.020788,0.079,0.026378,-0.00075
2020-06-08,-0.007713,0.011473,-0.016887,0.02459,0.011544,0.007279,0.001369,-0.005325,0.006386,-0.01175
2020-06-09,-0.020612,0.000145,-0.028152,-0.004509,-0.002462,-0.031267,-0.02965,-0.01258,-0.008374,0.0043
2020-06-10,0.022769,0.017712,0.004609,-0.002439,0.006219,0.012767,-0.001233,0.01762,-0.007081,0.002771
2020-06-11,-0.021913,-0.01949,-0.023441,-0.016623,-0.005992,-0.033286,-0.026891,-0.056207,-0.017009,-0.024115
2020-06-12,0.033231,-0.013614,0.014609,-0.016905,0.000166,0.008645,0.01495,0.01129,-0.004353,-0.001802
2020-06-15,0.016207,-0.004707,-0.033478,-0.006502,-0.010891,-0.038059,-0.016783,-0.030421,-0.028605,-0.034554
2020-06-16,0.001951,0.007833,0.042691,0.019853,-0.003814,0.03579,-0.010532,-0.004606,-0.00539,-0.011752
2020-06-17,-0.001453,0.000977,-0.011258,0.003494,0.000915,-0.002916,0.034043,0.000289,-0.011452,-0.020541
2020-06-18,0.025103,-0.004737,0.041562,0.014567,-0.006207,0.02939,-0.004526,0.038739,0.013393,0.029801
2020-06-19,0.062504,0.003189,0.013138,-0.011696,0.020182,0.033523,0.020681,0.026997,0.001729,-0.013665
2020-06-22,-0.007531,-0.008143,-0.004451,-0.002622,0.003846,0.010308,0.014934,0.017344,0.010298,0.005162
2020-06-23,-0.01446,0.003625,0.013171,0.024087,0.026252,0.023398,-0.003872,0.025306,0.066285,0.004594
2020-06-24,0.004039,0.00339,-0.009402,-0.00902,-0.011897,-0.074571,-0.037059,-0.04079,-0.012453,0.032284
2020-06-25,-0.005759,-0.01278,-0.003632,-0.019114,0.020114,0.008331,0.002961,0.003521,-0.013029,0.053427
2020-06-26,0.013825,0.050965,0.026926,0.068094,-0.00872,-0.005413,0.002504,-0.003509,0.020252,-0.034141
2020-06-29,-0.010622,-0.008117,0.018553,-0.021986,0.013346,-0.017187,0.011956,-0.028982,-0.026606,0.010502
2020-06-30,-0.011055,-0.009278,-0.009479,0.00574,-0.001351,0.024337,-0.012784,-0.004463,0.007527,-0.013181
2020-07-01,0.019658,0.004755,0.017592,-0.005503,-0.004404,0.035851,0.000536,0.035584,-0.020506,0.042384
2020-07-02,0.017215,0.031118,0.004426,0.033748,-0.008593,-0.003296,-0.003035,0.003517,0.018392,0.014539
2020-07-03,0.01565,0.019702,-0.014182,0.008062,0.010201,-0.005098,0.041185,-0.004044,0.003134,0.008258
2020-07-06,0.03574,0.028891,0.02705,0.001705,-0.005567,0.002354,-0.008341,0.018138,0.00736,0.014166
2020-07-07,-0.015309,0.002961,0.001949,0.039463,-0.003447,0.039243,-0.016389,0.002925,-0.00799,-0.027778
2020-07-08,-0.013957,-0.022468,0.004705,-0.024492,0.014809,-0.01888,-0.010315,0.017497,-0.00249,0.010553
2020-07-09,0.014599,-0.006557,0.013149,0.009036,-0.004666,0.003794,0.013095,0.03752,0.003931,-0.00433
2020-07-10,0.029492,0.008166,-0.017645,0.000192,0.022037,-0.027001,0.010639,-0.017579,-0.013546,-0.005628
2020-07-13,0.030324,-0.001057,-0.022487,0.019441,0.018639,-0.018732,0.021054,-0.014826,-0.004291,0.016465
2020-07-14,-0.009302,-0.021644,-0.01981,-0.017314,-0.013464,-0.022766,0.004346,-0.03451,-0.01643,-0.008352
2020-07-15,-0.03808,0.028523,-0.005383,0.0609,0.018078,0.000723,-0.043692,-0.012093,-0.000767,0.014293
2020-07-16,-0.000325,0.002625,0.008926,0.096335,0.005582,-0.003326,-0.001508,0.01333,0.009811,-0.024409
2020-07-17,0.037051,-0.015214,0.033787,-0.008617,0.020412,0.026549,0.007108,0.01047,0.004777,0.001032
2020-07-20,0.004289,0.003249,0.031499,0.034491,-0.001542,0.026003,0.01588,0.013549,-0.006429,-0.006957
2020-07-21,0.026902,0.007768,0.004854,0.002622,-0.005556,0.043526,-0.013895,0.019135,0.020063,-0.002335
2020-07-22,0.016459,-0.015325,-0.010715,-0.020123,-0.029983,0.006072,0.002466,-0.012346,-0.018283,0.022367
2020-07-23,0.026846,-0.009014,0.003596,-0.01084,-0.016522,0.029257,-0.003426,0.032552,-0.004724,0.021114
2020-07-24,0.042934,-0.006356,-0.009996,0.016411,-0.000927,-0.026641,-0.013664,-0.031778,-0.013256,-0.005481
2020-07-27,0.004683,0.022898,-0.035386,0.02774,0.005522,-0.061027,8.9e-05,-0.025007,-0.000663,-0.016032
2020-07-28,0.009971,0.046651,0.006624,0.015183,0.009476,-0.017852,0.009115,0.01229,0.010732,-0.005091
2020-07-29,-0.037218,-0.01459,-0.020292,-0.009036,-0.005017,-0.002982,0.002834,0.009237,0.00925,0.006653
2020-07-30,0.005819,0.001516,-0.013103,0.007651,-0.011792,-0.017376,-0.023843,-0.02432,-0.01486,-0.017031
2020-07-31,-0.019797,0.000834,-0.01699,0.004733,0.006513,0.005363,0.00389,0.026266,0.005725,0.004138
2020-08-03,-0.028107,-0.011944,-0.029822,-0.00942,-0.002443,-0.010236,-0.013517,0.004179,0.002682,-0.007984
2020-08-04,0.070483,-0.001974,0.039571,-0.007368,-0.003039,0.022578,0.003014,-0.003381,0.009117,0.005452
2020-08-05,-0.01123,0.004356,-0.013536,-0.005422,-0.001479,0.003419,0.018124,-0.000783,0.010368,-0.004389
2020-08-06,0.003598,0.021509,0.012797,0.027681,0.011802,0.018597,-0.002962,-0.002612,-0.003889,0.013226
2020-08-07,0.005787,-0.005524,0.003027,-0.020549,-0.004459,-0.00223,0.009905,-0.001571,-0.007049,0.003583
2020-08-10,-0.012392,-0.005468,0.006515,0.000473,-0.001719,0.015645,-0.003477,0.016522,0.04849,0.014282
2020-08-11,0.006581,-0.00127,0.015229,-0.003048,0.001767,0.010453,-0.013868,0.00645,0.001927,0.021121
2020-08-12,-0.002906,-0.009891,-0.002766,0.006853,-0.007034,-0.001361,-0.00617,0.042297,-0.012631,0.005664
2020-08-13,-0.002609,-0.001285,-0.004371,-0.003927,0.001617,0.003271,-0.022549,-0.006886,0.043117,-0.013467
2020-08-14,-0.003888,-0.005456,-0.023228,0.002523,-0.011257,-0.018068,-0.012609,-0.026746,-0.007974,-0.025068
2020-08-17,-0.010621,0.005017,-0.001643,0.00409,0.010189,-0.00332,-0.013621,-0.017303,0.018315,0.011966
2020-08-18,0.013006,0.007256,0.022997,0.010496,0.008333,0.025958,0.009398,0.010357,0.003747,-0.001006
2020-08-19,0.006136,-0.005793,0.00956,-0.008527,-0.00937,0.013259,0.018145,0.009995,0.004529,-0.000504
2020-08-20,-0.016185,-0.001662,-0.007125,-0.004326,-0.003602,-0.017893,-0.019222,-0.011672,-0.013229,-0.013354
2020-08-21,-0.007248,-0.001887,0.025165,-0.006648,0.007481,0.009245,-0.010085,0.018742,-0.001607,0.005107
2020-08-24,0.006677,-0.000222,0.028923,-0.001475,-0.003474,0.024788,0.012782,0.015373,-0.002816,-0.000508
2020-08-25,-0.006513,-0.002424,0.002372,-0.009817,-0.006972,0.015775,0.003321,0.032266,-0.011045,-0.006609
2020-08-26,0.026512,0.004838,-0.001116,0.013538,0.001698,0.007765,-0.026766,0.009137,-0.011679,-0.002303
2020-08-27,-0.012492,-0.002264,-0.005678,-0.003944,-0.005291,0.00732,-0.006511,0.027639,0.006863,-0.003591
2020-08-28,0.00263,-0.004381,0.002158,-0.01246,-0.008889,0.04462,0.024063,0.042662,0.006406,0.006692
2020-08-31,-0.016752,0.008354,0.001211,-0.00711,-0.016078,-0.036856,-0.019773,-0.057149,-0.037582,-0.022756
2020-09-01,0.003148,-0.004829,0.010261,-0.015561,0.020923,-0.00925,0.064607,0.028774,0.010847,-0.00471
2020-09-02,0.019619,0.008369,0.006076,0.010775,-0.009252,0.003709,0.007872,-0.008483,0.000366,0.006046
2020-09-03,-0.007565,0.015165,-0.002866,0.0125,-0.001167,-0.024592,-0.022795,-0.014335,0.00586,0.001306
2020-09-04,-0.0165,-0.004653,-0.010257,-0.01753,-0.006778,-0.026649,-0.027602,-0.03073,-0.019404,-0.025574
2020-09-07,0.0026,0.016712,-0.007862,0.006419,0.017862,0.002281,-0.014719,0.006292,-0.010981,0.012855
2020-09-08,0.01174,0.009089,0.001756,0.015405,-0.00941,0.00616,-0.03366,-0.018519,-0.016575,-0.005024
2020-09-09,0.025746,-0.008751,-0.014338,-0.012296,-0.004668,-0.02156,0.012347,-0.045087,-0.007854,-0.02312
2020-09-10,0.070627,0.001504,-0.005427,0.013258,0.000774,0.008433,-0.013684,0.016936,0.012589,0.005985
2020-09-11,0.002485,0.018425,-0.010912,0.00601,0.01188,-0.000539,-0.011461,0.022962,-0.003855,-0.005138
2020-09-14,-0.007415,0.049408,-0.019191,0.034578,-0.016557,-0.018353,-0.035696,-0.02072,-0.016678,-0.003262
2020-09-15,0.007079,0.0,0.011863,0.004139,0.000447,0.021584,0.024151,0.008312,0.008702,-0.008454
2020-09-16,0.002458,0.004656,0.021625,0.019645,0.008967,0.008478,-0.007826,-0.009743,0.013023,-0.006325
2020-09-17,-0.011099,-0.0168,-0.009189,0.009234,-0.007138,-0.015212,-0.005708,-0.013875,-0.016815,-0.011348
2020-09-18,0.003023,-0.00449,-0.024271,-0.008754,-0.013861,0.00149,0.032463,-0.014582,-0.006179,0.0028
2020-09-21,-0.02162,0.006286,-0.007566,0.007733,-0.029018,-0.051008,-0.054191,-0.035306,-0.020928,-0.018705
2020-09-22,-0.019815,0.023385,-0.013247,-0.002376,-0.005398,0.01055,0.006841,0.002153,-0.028746,-0.008819
2020-09-23,0.008887,-0.021998,0.011445,0.012159,0.012705,-0.007195,-0.078883,-0.012889,0.004787,-0.009759
2020-09-24,-0.022234,-0.054794,-0.01609,-0.043491,0.004068,-0.0459,-0.033426,-0.040533,-0.011504,-0.034493
2020-09-25,0.009398,0.038611,0.013199,0.036959,0.008807,0.038576,0.048533,0.033173,0.045316,0.025218
2020-09-28,0.006609,0.001651,0.00977,-0.001038,-0.007576,0.041159,0.009098,0.027717,0.015294,0.014934
2020-09-29,0.012995,0.025594,0.007921,-0.001386,-0.014588,-0.016391,-0.018145,-0.011749,-0.008196,-0.022504
2020-09-30,-0.004766,0.001568,0.015105,-0.000743,0.017239,-0.006442,-0.033632,0.001891,0.006868,0.013577
2020-10-01,-0.004073,0.012498,0.026284,0.009323,0.012934,0.040733,0.027082,0.026429,0.001331,-0.004951
2020-10-02,0.0,0.0,0.0,0.0,0.0,0.0,0.0,0.0,0.0,0.0
2020-10-05,-0.005865,0.072262,0.006685,0.030511,0.007661,0.010563,-0.018272,-0.008145,-0.00648,-0.009365
2020-10-06,-0.000836,0.003142,0.026697,0.006723,0.002297,0.020102,0.005419,0.015099,-0.00485,0.003841
2020-10-07,0.021331,0.007976,0.015864,0.01023,0.011083,0.005386,-0.010076,-0.004697,-0.005266,-0.002354
2020-10-08,-0.008084,0.032804,0.025425,0.025456,0.010026,0.012675,0.004734,0.004195,-0.007715,-0.013864
2020-10-09,-0.00259,-0.004512,0.035031,0.011978,-0.009788,0.036129,0.001767,0.035509,0.031099,0.004188
2020-10-12,0.001612,0.006061,-0.016132,0.022858,-0.000584,0.006351,-0.023871,0.002017,-0.002972,0.025916
2020-10-13,0.019512,-0.001219,-0.012524,0.022701,-9.3e-05,-0.019305,0.000602,-0.015098,-0.010268,-0.011905
2020-10-14,0.002982,-0.001759,0.010889,-0.017965,0.00933,0.026625,-0.004936,0.022228,0.020916,-0.013811
2020-10-15,-0.03541,-0.024559,-0.034874,-0.025286,-0.002595,-0.03884,-0.033999,-0.035991,-0.028846,-0.016388
2020-10-16,-0.013913,0.008283,0.025743,0.01737,-0.000929,0.013044,0.006137,0.016075,0.005963,0.003938
2020-10-19,0.000184,-0.018728,0.003502,-0.001419,0.012671,0.053017,-0.009834,0.041082,0.009842,0.015389
2020-10-20,-0.009328,0.010123,0.01695,0.010303,-0.002158,-0.005994,0.018356,-0.004657,0.015949,-0.004754
2020-10-21,-0.014518,-0.02322,0.018587,0.009538,-0.004579,0.013748,0.034568,0.003447,0.007795,0.001194
2020-10-22,-0.008308,-0.001589,-0.010748,-0.016807,0.007489,-0.017606,0.027804,-0.002209,0.012818,0.005368
2020-10-23,0.002895,0.005859,0.002027,0.004879,-0.016289,0.009809,0.008708,-0.002459,0.005287,0.013053
2020-10-26,-0.039729,0.000521,-0.020149,-0.008953,0.010682,-0.029979,-0.000806,-0.030079,0.011155,-0.012885
2020-10-27,0.002661,-0.021594,0.018334,-0.019417,0.004592,0.013599,-0.001613,-0.010422,0.031731,-0.008009
2020-10-28,-0.01133,-0.003023,-0.019058,-0.013109,0.000763,-0.033907,0.042691,-0.021577,0.000917,-0.010168
2020-10-29,0.007681,0.003985,-0.018518,-0.001579,-0.019521,0.009721,-0.002324,-0.009189,-0.049194,-0.00997
2020-10-30,0.013617,0.012231,-0.003074,-0.013258,-0.023938,-0.018255,-0.037822,0.002915,-0.00535,0.008544
2020-11-02,-0.086177,-0.022609,0.026784,0.011032,0.000338,0.063296,0.054525,0.035931,-0.000215,0.009077
2020-11-03,-0.014408,0.011134,0.026908,-0.009093,-0.007867,0.063241,-0.006122,0.044376,0.019854,0.02009
2020-11-04,0.033939,0.007423,0.007572,0.029551,0.002116,-0.015321,-0.00341,0.010989,0.010863,-0.001764
2020-11-05,0.021848,0.012268,0.009385,0.009187,0.020533,0.003318,0.009381,0.05628,0.019418,0.029152
2020-11-06,0.037928,0.008099,0.030295,0.007926,-0.0039,0.009806,-0.016182,0.002515,0.002766,-0.004578
2020-11-09,0.01062,0.007073,0.02516,0.021388,0.018337,0.044941,0.048677,0.001369,0.005308,-0.006611
2020-11-10,0.016506,-0.02824,0.039611,-0.040033,0.001899,0.04571,-0.011445,0.055581,0.070249,0.032118
2020-11-11,-0.041903,0.014418,-0.002655,0.028825,-0.002551,0.00558,0.026158,0.01079,0.024911,0.038968
2020-11-12,-0.008612,-0.006232,-0.01313,-0.004232,0.0286,-0.020245,0.002612,-0.031597,0.012978,0.014571
2020-11-13,0.008283,-0.005316,-0.009404,0.005771,-0.003079,0.018565,-0.008544,0.011684,-0.02022,-0.004787
2020-11-16,0.0,0.0,0.0,0.0,0.0,0.0,0.0,0.0,0.0,0.0
2020-11-17,-0.001578,0.003463,0.03654,-0.000445,-0.003546,0.001751,0.018497,0.046851,0.02796,0.001336
2020-11-18,-0.003035,-0.014779,0.000177,-0.011702,-0.020895,0.023129,-0.012692,0.049126,0.062217,-0.017614
2020-11-19,-0.00707,0.003903,-0.024384,-0.012426,-0.000633,-0.037978,-0.020589,-0.048611,-0.012106,0.020918
2020-11-20,-0.037326,0.008855,0.021319,0.006018,-0.004928,0.003029,0.032334,0.012513,-0.001719,0.020224
2020-11-23,0.026954,0.024058,-0.006448,0.033081,0.004315,-0.024886,-0.013335,-0.016684,-0.005696,-0.004434
2020-11-24,0.006844,-0.000808,0.031264,0.000175,0.013126,0.021249,-0.006286,0.021575,0.008571,0.024627
2020-11-25,-0.008274,-0.007623,-0.024614,-0.021402,-0.009966,-0.011501,-0.021402,-0.003486,-0.017173,-0.008693
2020-11-26,0.002464,0.007145,0.017002,-0.002196,0.008591,0.0055,0.009265,0.010082,0.002554,0.004901
2020-11-27,-0.011677,-0.015052,0.009953,-0.011858,-0.007427,-0.004103,-0.010995,-0.004889,0.003173,-0.005903
2020-11-30,0.0,0.0,0.0,0.0,0.0,0.0,0.0,0.0,0.0,0.0
2020-12-01,0.013007,0.017596,-0.00524,0.034409,-0.002409,0.024823,0.03497,0.015558,-0.005747,0.003873
2020-12-02,0.001663,0.008343,-0.018384,0.002681,0.00293,-0.009586,0.011367,-0.004435,-0.001971,0.007973
2020-12-03,0.003013,-0.014584,-0.021145,-0.012665,-0.005399,0.002914,-0.010311,0.037862,0.010236,0.001276
2020-12-04,-0.008808,0.00668,0.006099,0.00728,0.02653,0.041922,0.02886,0.028092,0.021642,0.010194
2020-12-07,0.005882,0.003721,-0.009635,0.0078,0.032941,0.016731,0.030785,0.02315,0.017573,0.024975
2020-12-08,0.018154,0.02177,0.002951,0.008614,0.001706,-0.004016,-0.010512,0.008531,0.001454,-0.003446
2020-12-09,0.016652,0.004826,0.022452,0.018945,0.014248,0.006098,-0.001092,-0.005701,0.008195,0.014572
2020-12-10,-0.009842,-0.009428,-0.015172,-0.006339,0.025412,-0.008895,0.004175,-0.002959,0.007917,0.03554
2020-12-11,-0.000598,-0.000251,-0.002201,-0.003897,0.010338,0.016767,-0.001485,0.010759,0.003318,0.016925
2020-12-14,-0.007229,0.005065,-0.007702,0.001161,-0.001684,0.020079,-0.002676,0.006423,0.046345,-0.001849
2020-12-15,-0.008512,-0.012921,0.013956,-0.008544,-0.021386,-0.014739,0.002286,-0.012947,-0.002721,-0.010885
2020-12-16,0.001114,0.019065,0.013944,0.009614,0.010301,-0.01081,0.0238,-0.004618,0.017653,0.002107
2020-12-17,0.004579,0.008528,0.022046,-0.005576,-0.012223,-0.004,-0.002131,-0.00631,0.008319,-0.004439
2020-12-18,0.002996,0.008033,-0.021119,0.026397,0.007839,0.013225,-0.008639,0.014008,0.00215,0.006806
2020-12-21,-0.026035,-0.014278,-0.027421,-0.010506,-0.011785,-0.043798,-0.038676,-0.061706,-0.03644,-0.053846
2020-12-22,-0.001547,0.018563,0.000328,0.036694,0.00219,0.011729,0.019149,0.010797,0.022553,0.002217
2020-12-23,0.003692,0.012619,0.001857,0.026669,0.025682,0.006596,0.013792,0.021558,0.001663,0.021386
2020-12-24,0.025877,0.000206,0.015593,-0.013567,0.013458,0.019758,0.019913,0.014639,-0.002056,0.004091
2020-12-25,0.0,0.0,0.0,0.0,0.0,0.0,0.0,0.0,0.0,0.0
2020-12-28,0.004588,0.006892,0.011273,0.003438,-0.005557,0.012754,0.008312,0.031291,0.02155,0.004314
2020-12-29,-0.006614,0.000375,0.010157,0.008063,-0.001925,0.016728,-0.002588,0.009811,-0.003529,0.009785
2020-12-30,0.002738,-0.007234,0.003714,-0.002799,0.009353,-9.5e-05,-0.007881,-0.003598,0.005604,-0.001891
2020-12-31,-0.005111,-0.016,0.002653,0.007218,-0.004654,0.011915,-0.012496,-0.007042,-0.003444,-0.010182
2021-01-01,0.001108,0.02288,-0.007832,0.003703,-0.003277,-0.014111,0.010693,0.016185,0.0073,0.023206
2021-01-04,0.001686,0.037975,-0.006351,0.022056,0.016314,0.007962,0.003785,0.005905,0.01357,-0.002104
2021-01-05,-0.012432,0.017618,0.007556,0.004308,0.009911,0.010438,-0.005995,0.002491,-0.006314,-0.009138
2021-01-06,-0.026372,-0.013418,-0.004311,-0.009043,-0.013568,0.01759,0.021984,0.011712,0.005894,-0.028612
2021-01-07,-0.00162,-0.006128,-0.003027,-0.01556,-0.020043,-0.010243,0.037978,0.009297,0.018988,-0.012658
2021-01-08,0.011799,0.029049,0.010874,0.039575,0.009435,0.001756,-0.00917,-0.005909,0.025729,-0.00641
2021-01-11,-0.01885,0.017799,0.01383,0.048853,0.01585,0.004889,0.012772,-0.012238,-0.017038,0.004963
2021-01-12,0.031519,-0.000504,0.020359,-0.003233,-0.021901,0.006058,0.033994,0.035398,-0.000148,0.019506
2021-01-13,-0.009325,-0.005008,-0.006988,0.011227,-0.001494,0.015511,0.022095,0.048889,0.002,0.02325
2021-01-14,0.011244,0.031003,-0.001292,-0.012003,0.011044,-0.00575,0.003977,0.001467,0.017819,0.013728
2021-01-15,-0.011808,-0.005337,-0.00143,-0.018643,-0.019762,-0.018616,0.038067,-0.011066,-0.016308,0.017278
2021-01-18,0.024001,-0.003588,0.011216,-0.024462,-0.00789,-0.01814,-0.026052,-0.030936,-0.013366,0.008722
2021-01-19,0.016356,0.01209,0.013991,0.003506,0.013097,0.024946,0.009115,0.014094,0.025298,-0.004096
2021-01-20,0.018994,0.014751,-0.00788,0.017317,-0.003047,0.008326,0.0065,0.013228,0.009344,-0.005483
2021-01-21,0.021755,-0.010563,-0.011528,0.000187,0.004966,0.003085,-0.024826,-0.02545,-0.008209,-0.018148
2021-01-22,-0.023721,0.008935,-0.021189,0.000859,0.017613,-0.034196,-0.007741,-0.037816,-0.006709,-0.014038
2021-01-25,-0.052986,-0.003572,0.01337,-0.011746,-0.004047,0.007962,0.006761,-0.009693,-0.000587,-0.013764
2021-01-26,0.0,0.0,0.0,0.0,0.0,0.0,0.0,0.0,0.0,0.0
2021-01-27,-0.023699,-0.009191,-0.036401,-0.018187,-0.003459,-0.02918,-0.017133,-0.018865,-0.001065,0.013715
2021-01-28,-0.009736,-0.019779,-0.027064,-0.019063,-0.038013,0.011295,0.000175,0.024306,-0.010663,-0.019226
2021-01-29,-0.018438,-0.026654,0.01389,-0.02911,-0.015867,0.016564,-0.030303,-0.000886,-0.007916,-0.016215
2021-02-01,0.028964,0.008999,0.062028,0.017634,-0.006758,0.124395,0.046152,0.101383,0.085525,0.062485
2021-02-02,0.016092,0.020418,0.056746,0.008209,-0.008072,0.022441,0.034879,0.072095,0.049246,0.010419
2021-02-03,0.002519,-0.001061,0.009131,0.010541,0.001076,0.008099,0.01585,0.008556,0.005493,-0.006645
2021-02-04,-0.003289,-0.003625,0.00273,-0.004126,0.00571,0.009561,-0.01355,0.057002,0.000818,0.0609
2021-02-05,-0.000286,-0.009566,0.011716,-0.005667,0.010665,-0.022521,-0.032468,0.107012,-0.008694,0.019135
2021-02-08,0.014399,0.017781,0.004788,0.024723,-0.014496,0.025157,0.027878,0.010048,0.023277,-0.005334
2021-02-09,0.002409,-0.011574,0.004112,0.001534,-0.009121,0.005956,0.002762,-0.005667,0.009441,-0.017589
2021-02-10,0.009278,0.011458,-0.018674,-0.006932,0.008686,-0.001895,-0.014609,-0.006459,-0.008682,-0.006332
2021-02-11,0.04123,-0.002272,-0.005943,-0.002969,0.012301,-0.002373,0.013385,-0.005354,-0.014393,-0.004834
2021-02-12,-0.006859,-0.004741,0.006106,0.013267,-0.009478,0.026877,-0.019813,0.007689,-0.005978,-0.039744
2021-02-15,-0.004408,-0.015968,0.021903,-0.000114,-0.011755,0.040689,0.012708,0.035101,0.010714,0.005288
2021-02-16,0.013234,-0.009889,0.006217,-0.014699,-0.008622,-0.023147,0.000421,-0.011304,0.007674,-0.001601
2021-02-17,0.011532,-0.011484,-0.024683,-0.007052,-0.014663,-0.001519,-0.000168,0.023363,-0.00071,-0.002291
2021-02-18,-0.007464,-0.005125,-0.020296,0.008702,-0.007879,-0.01932,-0.008083,0.008379,-0.015339,0.005052
2021-02-19,0.006094,0.004742,-0.009779,-0.00089,0.015954,-0.031955,-0.013072,-0.037693,-0.010363,-0.013251
2021-02-22,-0.034707,-0.036916,0.005782,-0.020212,-0.00619,-0.022755,-0.019008,-0.025153,-0.037513,-0.017591
2021-02-23,0.007644,0.007352,-0.012177,0.000909,0.005374,0.010576,-0.008329,0.015661,0.023482,0.007003
2021-02-24,0.018557,-0.010771,0.050551,0.006278,-0.000183,0.04024,0.013085,0.026921,0.027114,0.001679
2021-02-25,0.040442,0.01601,-3.1e-05,0.000196,-0.007137,-0.020434,0.010821,0.002462,-0.013199,0.001437
2021-02-26,-0.027304,-0.033719,-0.044821,-0.016673,-0.014445,-0.048169,-0.039454,-0.041989,-0.042451,-0.025341
2021-03-01,0.007623,0.010331,0.015967,0.010931,0.005323,0.017733,-0.043322,0.012303,0.02104,0.014962
2021-03-02,0.002046,0.028093,0.005966,0.029597,0.016119,0.003534,0.016911,-0.001899,0.008691,0.0145
2021-03-03,0.045632,0.017546,0.011893,0.029935,0.00714,0.035381,0.009423,0.027524,0.007572,0.000238
2021-03-04,-0.011921,-0.003073,-0.02193,-0.009825,0.00155,-0.017956,-0.012264,-0.023207,-0.022914,-0.001191
2021-03-05,0.00131,-0.013657,-0.014207,-0.01026,0.001912,-0.018204,-0.012602,-0.03033,0.00065,-0.005484
2021-03-08,0.005692,-0.000366,-0.006863,0.014468,-0.012062,-0.002297,-0.013326,0.015509,0.035291,-0.002637
2021-03-09,-2.3e-05,0.014633,0.028299,0.007337,0.011014,0.028041,-0.007514,-0.005134,-0.004554,-0.000961
2021-03-10,-0.004153,0.006555,-0.00432,0.016796,0.01335,0.0008,0.007858,0.000258,0.010542,-0.006256
2021-03-11,0.0,0.0,0.0,0.0,0.0,0.0,0.0,0.0,0.0,0.0
2021-03-12,-0.020326,-0.004233,-0.002443,0.004897,-0.010369,-0.02038,-0.003138,-0.017023,-0.006692,-0.006295
2021-03-15,-0.013426,0.002682,-0.015013,-0.000909,0.002767,-0.015257,-0.002575,0.007347,-0.01998,0.001218
2021-03-16,-0.003936,0.014318,-0.010794,0.007571,0.015017,-0.014167,0.012336,-0.013936,-0.014794,0.011682
2021-03-17,-0.021542,0.000932,-0.01111,0.002168,-0.00791,-0.009161,-0.012091,-0.027473,-0.016521,0.013231
2021-03-18,-0.022502,-0.024559,-0.002909,-0.035977,-0.004986,-0.01849,0.008223,-0.002852,-0.006643,0.033476
2021-03-19,0.036285,0.004512,0.00436,0.005497,0.043721,0.013913,0.005216,0.011032,-0.011799,0.024351
2021-03-22,-0.009414,0.026048,-0.018932,0.019599,0.017798,-0.022501,-0.00368,-0.011181,-0.007936,0.01368
2021-03-23,0.01217,0.004138,0.021101,0.000547,-0.006757,0.022583,0.002367,0.015531,0.003071,-0.016814
2021-03-24,-0.019258,-0.006841,-0.014232,-0.012978,-0.008001,-0.032231,-0.010581,-0.034478,-0.025065,-0.028128
2021-03-25,-0.02728,-0.018023,-0.010448,-0.014737,-0.035172,0.007136,-0.030364,-0.012922,0.001424,-0.020144
2021-03-26,0.001607,0.000636,0.0191,0.001799,0.036141,0.012247,0.02905,0.005631,0.019838,-0.003308
2021-03-29,0.0,0.0,0.0,0.0,0.0,0.0,0.0,0.0,0.0,0.0
2021-03-30,0.017371,0.029917,0.041843,0.036746,0.034881,0.022297,-0.001914,0.010078,0.018058,0.017307
2021-03-31,-0.012911,0.00611,-0.03865,-0.012452,0.013653,-0.015809,-0.008054,0.009701,-0.003267,0.018411
2021-04-01,0.00936,-0.004043,-0.00462,0.012536,-0.013325,0.02113,0.006766,0.017431,0.018113,0.007094
2021-04-02,0.0,0.0,0.0,0.0,0.0,0.0,0.0,0.0,0.0,0.0
2021-04-05,-0.014467,0.023349,-0.024987,0.017831,-0.010796,-0.038947,0.014305,-0.046135,-0.028243,-0.034083
2021-04-06,-0.004165,0.007966,-0.00645,0.000816,0.01479,-0.009365,0.007477,-0.008485,-0.001995,0.00047
2021-04-07,0.009348,0.002052,0.004826,0.013571,-0.001266,0.020763,0.017663,0.022821,0.002248,0.005408
2021-04-08,0.001248,0.014046,-0.00995,0.006747,0.001933,-0.001645,0.002585,-0.008227,0.010683,-0.002572
2021-04-09,-0.011619,0.001477,-0.007712,0.000834,0.027429,-0.018207,0.004144,-0.007312,-0.010605,-0.000703
2021-04-12,-0.035771,-0.022786,-0.038474,-0.010617,-0.005655,-0.048834,-0.041816,-0.068413,-0.041984,-0.036603
2021-04-13,0.010805,-0.043893,0.024359,-0.02006,-0.003087,0.040943,0.026222,0.036947,0.021224,0.016561
2021-04-14,0.0,0.0,0.0,0.0,0.0,0.0,0.0,0.0,0.0,0.0
2021-04-15,0.006471,0.037016,0.021245,-0.026053,0.002546,0.026044,0.005969,0.004985,0.000692,-0.009583
2021-04-16,-0.006275,-0.007394,-0.001014,-0.005144,-0.000711,-0.014343,0.002596,-0.00817,-0.011276,0.006047
2021-04-19,-0.015734,-0.010437,-0.011374,0.0065,-0.009049,-0.0127,-0.026445,-0.025743,-0.035831,-0.011301
2021-04-20,-0.000289,-0.005456,-0.014868,-0.00822,-0.016088,-0.001161,0.007123,-0.004983,0.016063,-0.009971
2021-04-21,0.0,0.0,0.0,0.0,0.0,0.0,0.0,0.0,0.0,0.0
2021-04-22,0.002761,-0.008189,0.022352,-0.000185,-0.020042,0.035951,0.001226,0.0217,0.00398,0.011545
2021-04-23,-0.001075,-0.002982,-0.00587,-0.012804,-0.017728,-0.01597,-0.015541,-0.000594,-0.010398,-0.002671
2021-04-26,0.017591,-0.002798,-0.006612,0.00731,0.022923,0.037108,0.009472,0.023332,0.009827,-0.000244
2021-04-27,0.026215,0.010062,0.024132,0.003684,0.008133,0.012942,0.012795,0.025414,0.033498,0.000487
2021-04-28,0.00435,-0.002522,0.026482,0.005562,0.011219,0.037745,0.018716,0.029316,-0.00344,0.000487
2021-04-29,0.013393,-0.002833,-0.002912,0.000258,0.000436,0.000161,-0.006338,-0.011007,-0.012537,-0.005839
2021-04-30,-0.014599,-0.025552,-0.040883,-0.001475,-0.022367,-0.033712,-0.007581,-0.016416,-0.013396,-0.008321
2021-05-03,-0.017774,0.000445,0.001522,-0.001698,0.023048,-0.006245,0.041174,-0.008204,0.001529,-0.008144
2021-05-04,-0.021669,0.004198,-0.018452,-0.016752,-0.000145,-0.008714,-0.011452,0.002567,-0.00365,-0.006718
2021-05-05,0.001826,0.015067,0.010264,0.009102,-0.0054,0.019018,0.013576,0.011095,0.000785,0.009018
2021-05-06,0.005677,0.005088,-0.001212,0.014983,-0.001942,0.008958,-0.002143,0.000422,0.000934,0.006703
2021-05-07,0.000388,0.006894,0.009886,-0.006647,0.00887,-0.001809,0.01745,0.007594,0.00209,0.012824
2021-05-10,-0.002873,0.004022,0.003605,-0.009612,0.009,0.01013,0.007124,0.00963,0.038951,0.000974
2021-05-11,0.003608,-0.00728,-0.01148,-0.006644,-0.01266,-0.005544,-0.007248,0.008156,-0.008172,-0.007541
2021-05-12,-0.010346,-0.011209,-0.002886,-0.002743,-0.030453,-0.02476,-0.011699,0.008364,0.001229,-0.003676
2021-05-13,0.0,0.0,0.0,0.0,0.0,0.0,0.0,0.0,0.0,0.0
2021-05-14,0.012623,-0.011692,-0.009039,-0.007988,0.020567,0.004287,-0.002403,-0.019717,0.0218,0.04428
2021-05-17,0.011898,0.005981,0.038505,0.009875,-0.000253,0.044032,-0.019183,0.062838,-0.020311,0.001649
2021-05-18,0.014079,0.006206,0.025308,0.007974,-0.000841,0.015395,-0.024197,-0.002219,0.02203,-0.011994
2021-05-19,0.004578,-0.002201,-0.012528,-0.002239,-0.006107,-0.012239,-0.015195,0.005625,-0.009772,-0.01095
2021-05-20,-0.005834,-0.007138,-0.017419,0.00172,-0.006611,-0.010952,-0.014294,0.00039,0.004489,-0.00361
2021-05-21,0.008638,0.006699,0.045017,0.011349,0.007721,0.038555,0.019783,0.043298,0.005888,0.009903
2021-05-24,-0.008439,0.000325,0.008448,-0.004762,-0.010879,0.007627,-0.007816,0.027044,0.017771,0.01172
2021-05-25,-0.011331,0.01549,-0.020531,0.010052,0.00321,0.004557,-0.001329,0.000728,0.005335,-0.002837
2021-05-26,0.003515,0.01429,-0.001285,0.026182,0.004245,0.003383,-0.000665,0.00291,0.015128,-0.001422
2021-05-27,0.003071,0.006807,0.003791,0.003579,-0.011725,-0.000383,-0.011317,0.028171,0.006755,0.002611
2021-05-28,0.060068,-0.011446,0.014029,0.001997,-0.00202,-0.014105,0.00731,-0.007408,-0.003203,0.008288
2021-05-31,0.031268,0.004946,0.008248,0.002662,0.007904,0.030635,0.021581,0.00545,-0.007036,0.017379
2021-06-01,0.003981,-0.001947,-0.002738,-0.004699,0.007799,-0.019087,-0.003739,0.019324,0.004735,-0.006233
2021-06-02,0.014915,-0.007469,-0.005094,-0.006164,0.000212,-0.002692,-0.00638,0.010866,-0.002441,-0.029036
2021-06-03,0.003816,0.003771,0.011004,0.007979,0.001887,0.00293,0.004816,0.014772,0.027055,0.000239
2021-06-04,-0.008667,0.000796,-0.01289,-0.002878,-0.008971,-0.011611,0.001222,-0.013761,0.017672,-0.001435
2021-06-07,0.016845,0.012548,-0.000733,0.002887,-0.001174,0.008558,0.00704,-0.003113,0.01317,0.012934
2021-06-08,-0.005747,0.005325,-0.011201,0.016767,0.008421,-0.008948,0.019294,-0.011683,-0.005553,0.010404
2021-06-09,-0.017881,3.1e-05,-0.001854,0.001663,-0.001272,-0.009807,-0.012436,-0.01346,-0.019269,-0.005383
2021-06-10,0.003678,0.005171,0.000507,0.006359,0.009677,0.00676,0.009537,0.025626,0.000263,0.013419
2021-06-11,0.017346,0.017719,0.003579,0.015867,-0.005171,-0.007339,-0.007887,-0.006131,-0.010693,-0.006689
2021-06-14,0.014346,0.000779,-0.004642,0.010298,0.006427,-0.000865,-0.002774,0.001746,0.008181,-0.002886
2021-06-15,0.002272,-0.004151,0.0073,0.008277,0.011566,0.01598,0.00584,-0.001975,-0.003266,-0.001206
2021-06-16,-0.017067,0.003555,-0.003791,0.004546,0.006668,-0.008058,-0.010599,-0.008265,-0.013172,0.003864
2021-06-17,0.001831,0.013255,-0.012461,0.009928,0.00407,-0.011092,-0.015091,-0.013382,-0.002247,-0.010585
2021-06-18,0.004513,-0.006164,0.009345,0.00535,0.026968,-0.004107,0.019105,-0.01749,-0.007764,-0.005349
2021-06-21,0.005212,-0.007339,0.006014,-0.001995,0.012667,0.001348,0.001578,0.01659,-0.006064,-0.000489
2021-06-22,-0.00514,0.008585,-0.003291,0.007698,-0.009585,-0.000634,-0.00593,-0.002621,0.021915,0.003179
2021-06-23,-0.009165,-0.012056,0.001146,-0.005755,-0.003915,-0.009749,-0.004381,0.000478,-0.013307,-0.005607
2021-06-24,-0.023511,0.034402,0.013968,0.037288,0.00389,0.014967,-0.009924,-0.003939,0.016765,-0.003432
2021-06-25,-0.022777,0.002134,0.005876,0.00962,-0.016666,0.023579,0.012009,0.027804,0.013164,0.008856
2021-06-28,-0.008767,-0.013029,-0.004455,-0.001525,0.004717,0.002003,-0.007288,-0.004781,-0.006169,-0.007072
2021-06-29,0.000863,0.001229,0.000133,-0.005567,0.013149,-0.015685,-0.011766,-0.012302,-0.002344,-0.001473
2021-06-30,0.010945,0.001467,-0.002763,0.011356,-0.008525,-0.014373,0.001333,-0.005457,-0.00685,-0.002951
2021-07-01,-0.006017,-0.00127,-0.007444,-0.012905,0.002711,-7.9e-05,-0.005707,0.002863,-0.005498,0.00148
2021-07-02,0.014824,-0.004803,-0.004271,0.004742,0.003753,0.0149,0.004496,0.009515,-0.004456,-0.002956
2021-07-05,0.009934,-0.001338,0.010166,0.007112,0.004724,0.01187,-0.002,0.019439,0.01501,0.006176
2021-07-06,-0.011813,-0.017675,0.026246,-0.010608,-0.010624,0.003782,0.004103,-0.006703,-0.001625,-0.005647
2021-07-07,-0.006942,0.003878,0.003128,0.001536,0.003701,0.00569,0.006653,0.007214,0.007273,0.006173
2021-07-08,-0.00827,-0.005023,-0.012374,-0.002461,-0.013741,-0.018502,-0.008119,-0.019406,-0.010386,-0.008589
2021-07-09,-0.010226,-0.015452,-0.012134,0.001378,0.001593,-0.005219,0.020845,-0.001649,-0.000733,-0.003218
2021-07-12,0.006228,-0.004691,-0.009987,-0.009629,-0.002978,0.012059,-0.012308,0.008732,0.000767,-0.001242
2021-07-13,0.007485,-0.001738,0.009987,-0.001874,-0.003048,0.028936,0.000755,0.00386,0.008562,0.00373
2021-07-14,-0.006525,0.008471,-0.001798,0.020681,-0.008967,-0.000903,0.0,0.004544,0.020547,0.011147
2021-07-15,-0.00175,-0.001434,0.014375,0.002473,-0.001035,0.004666,-0.008679,0.001508,0.041853,0.010534
2021-07-16,0.014431,-0.002544,0.001085,-0.016036,0.002094,-0.010712,0.029879,-0.003938,0.005841,0.008
2021-07-19,-0.006367,-0.003193,-0.033731,-0.00884,-0.00362,-0.006664,-0.004989,-0.004884,-0.005652,-0.000721
2021-07-20,-0.002454,0.006657,-0.018933,0.005416,0.010898,-0.021345,-0.023586,-0.016359,-0.011959,-0.004573
2021-07-21,0.0,0.0,0.0,0.0,0.0,0.0,0.0,0.0,0.0,0.0
2021-07-22,0.012847,0.003291,0.003846,0.025902,-0.023307,0.021888,0.039848,0.002732,0.032571,0.000967
2021-07-23,-0.007073,-0.001088,-0.004107,0.000157,-0.008431,0.031557,0.002927,0.01623,-0.018512,0.026087
2021-07-26,-0.013701,-0.004762,-0.005684,0.008457,-0.003986,0.000148,-0.007751,-0.013057,-0.008779,-0.005885
2021-07-27,-0.010521,-0.004566,0.003625,-0.000842,-0.002682,0.001034,-0.006433,0.01571,0.006666,-0.01184
2021-07-28,-0.008589,0.004666,-0.015593,0.001903,0.008111,0.011218,0.050597,-0.01035,0.002484,0.002157
2021-07-29,0.007804,-0.000625,0.00067,0.0071,-0.011286,0.006515,-0.001321,0.03772,0.001129,-0.014586
2021-07-30,-0.008742,-0.008871,0.005782,-0.00402,-0.000621,-0.007273,-0.009698,-0.022081,0.003415,-0.005339
2021-08-02,0.018277,0.016401,-0.002664,0.01307,-0.000214,-0.001612,0.006232,0.007179,0.007806,0.011466
2021-08-03,0.007358,0.020345,0.00847,0.014495,0.02317,0.013208,0.02663,0.026673,0.01264,0.012542
2021-08-04,0.007664,-0.003334,0.021328,-0.003595,-0.004085,0.035125,-0.009997,0.023404,-0.006822,-0.006193
2021-08-05,0.014498,0.003055,0.013342,0.002607,-0.008161,-0.017071,0.042305,-0.033045,0.002588,0.031879
2021-08-06,-0.021178,0.007872,0.005253,-0.002026,0.005853,-0.006833,0.015367,-0.014032,-0.010477,-0.004646
2021-08-09,-0.005696,0.003898,0.007537,0.007938,0.005482,0.007454,-0.014229,-0.005165,-0.008011,-0.0021
2021-08-10,0.005248,0.003371,0.002493,0.008387,-0.001132,-0.002774,0.038298,-0.016036,-0.005634,-0.018475
2021-08-11,0.014008,0.003089,-0.008424,0.000179,0.003632,-0.010487,-0.002169,0.003752,-0.003242,-0.005718
2021-08-12,-0.003212,0.002258,0.004315,0.007183,0.000774,0.011246,0.003705,-0.002102,0.025358,0.001198
2021-08-13,0.016655,0.033311,0.016518,0.013376,0.0051,0.004919,0.022306,0.009481,0.027688,0.012207
2021-08-16,0.01298,0.002758,0.002883,-0.004556,0.009108,-0.00305,-0.004709,-0.014726,-0.007372,-0.002601
2021-08-17,-0.004256,0.023064,-0.010421,0.021855,0.023657,-0.002064,-0.012144,-0.007885,-0.010476,-0.008061
2021-08-18,0.003881,0.002111,-0.001089,-0.004708,0.000906,-0.018397,-0.005428,-0.00427,-0.0036,-0.001195
2021-08-19,0.0,0.0,0.0,0.0,0.0,0.0,0.0,0.0,0.0,0.0
2021-08-20,-0.011231,-0.000295,0.001157,-0.000288,0.053639,-0.011042,-0.014849,-0.030974,-0.024038,-0.000239
2021-08-23,0.006563,0.021885,0.006503,0.003347,0.005631,0.002938,0.014584,0.006885,-0.008063,-0.012446
2021-08-24,0.009873,-0.006653,0.022465,-0.010295,-0.000436,0.017211,-0.004095,0.01978,0.015847,-0.002666
2021-08-25,0.008655,0.012676,-0.00093,0.008542,0.004557,-0.004896,-0.012337,-0.003233,-0.007473,0.003159
2021-08-26,0.012644,0.003512,-0.00167,-0.004523,0.008091,0.011215,-0.041718,-0.013213,0.001223,-0.008721
2021-08-27,-0.001367,0.013154,-0.004084,-0.010939,0.004332,0.001359,0.014057,0.004139,0.026539,0.006354
2021-08-30,0.019238,-0.005067,0.012787,-0.006291,0.003641,0.019864,0.04251,0.024852,0.01343,0.010199
2021-08-31,-0.00533,0.023005,0.008385,0.004947,0.013543,0.007567,0.070271,0.007925,0.007289,0.015865
2021-09-01,0.003963,-0.018883,-0.001455,-0.016819,0.00323,0.001182,0.003539,0.009036,0.008492,-0.008519
2021-09-02,0.012042,0.032786,0.006269,0.006765,0.024937,0.007293,0.00015,-0.000349,-0.000118,0.001193
2021-09-03,0.041013,0.001382,-0.00815,0.006838,-0.012263,-0.001172,-0.012078,0.003839,0.003143,0.004052
2021-09-06,0.015533,0.00259,-0.006567,0.017493,0.005024,-0.004349,-0.005847,-0.000811,0.001596,-0.006173
2021-09-07,0.006307,-0.009372,0.002267,-0.013725,-0.001043,-0.005893,0.024366,-0.004524,-0.007378,0.011706
2021-09-08,-0.003912,-0.010941,0.004556,-0.007852,0.008352,0.005649,-0.004027,0.005244,-0.009009,-0.002361
2021-09-09,-0.002365,0.00457,-0.004948,-0.000974,0.003481,-0.000971,0.027401,0.002202,0.0021,0.006627
2021-09-10,0.0,0.0,0.0,0.0,0.0,0.0,0.0,0.0,0.0,0.0
2021-09-13,-0.022283,0.014229,-0.00832,0.000177,-0.008646,-0.017841,0.01042,0.001272,0.000988,0.007054
2021-09-14,-0.001307,0.010545,-0.0045,-0.003399,-0.008542,7.1e-05,0.001298,0.000346,0.014805,0.009106
2021-09-15,0.004159,0.017667,-0.00113,0.015005,0.00467,0.009753,0.045088,0.025058,0.012113,-0.000463
2021-09-16,0.020981,-0.01296,0.008501,-0.005375,-0.002594,0.017988,-0.009511,0.044722,0.002475,0.068287
2021-09-17,-0.015505,-0.01933,0.014231,-0.006433,-0.016617,-0.009695,0.01329,-0.020703,-0.002934,0.001734
2021-09-20,0.00159,-0.001136,-0.014095,-0.00204,0.02869,-0.014094,-0.004395,-0.036666,-0.006905,0.011248
2021-09-21,0.004323,0.010318,-0.005065,0.01813,0.004321,0.002606,0.002345,0.003086,0.00971,0.033155
2021-09-22,0.010729,-0.000207,-0.011759,-0.000902,-0.009938,-0.011941,0.000138,0.000114,-0.005811,0.008282
2021-09-23,0.024439,0.001838,0.023668,0.01494,-0.00079,0.019407,6.9e-05,0.024952,0.034368,-0.004107
2021-09-24,-0.002892,0.00053,0.020096,0.012223,-0.012813,0.008298,0.017336,-0.02012,-0.000537,-0.016701
2021-09-27,0.016816,-0.008873,0.014704,-0.024208,-0.013525,0.009752,-0.004442,0.013273,-0.016481,0.001048
2021-09-28,0.009349,-0.015064,-0.006184,-0.019783,0.005296,-0.017603,-0.036537,-0.003807,-0.001408,-0.00398
2021-09-29,-0.007928,0.003374,-0.013127,0.003053,-0.014153,-0.010667,-0.002945,0.03394,-0.009297,0.001472
2021-09-30,-0.003402,-0.004312,0.00069,-0.010075,0.006145,-0.012192,-0.008356,-0.015217,-0.010488,-0.00819
2021-10-01,0.001766,-0.012011,-0.00768,-0.005999,0.000833,-0.012128,-0.018015,-0.00298,-0.003553,-0.003388
2021-10-04,0.012858,0.011554,0.001927,0.008167,-0.006601,0.011338,0.008137,0.025462,0.010814,0.005311
2021-10-05,0.020754,0.015901,0.006117,0.00837,0.008358,-0.004427,0.026196,0.003347,0.000845,-0.00803
2021-10-06,-0.018914,-0.005844,0.012191,-0.011372,-0.008343,-0.010902,-0.011226,-0.016139,-0.012611,-0.0147
2021-10-07,0.004903,0.021517,-0.002725,0.010427,-0.006199,0.018419,0.001591,0.001531,0.010265,0.007352
2021-10-08,0.038427,0.010982,-0.004874,0.019426,-0.010995,0.001709,0.004332,0.000218,0.008438,-0.005366
2021-10-11,-0.006963,-0.063535,0.019437,-0.019085,0.001913,0.014074,-0.006686,0.024563,-0.005791,0.027406
2021-10-12,0.005711,-0.008886,-0.002571,-0.00343,0.011739,-0.006589,-0.006514,0.029302,0.000757,0.013652
2021-10-13,0.010177,0.000643,0.006014,0.014272,-0.010986,0.001905,0.005172,-0.002692,0.019701,0.032739
2021-10-14,0.002022,-0.010073,0.029279,0.003832,0.001058,0.024438,-0.005943,0.018476,0.021261,0.029494
2021-10-15,0.0,0.0,0.0,0.0,0.0,0.0,0.0,0.0,0.0,0.0
2021-10-18,0.002666,0.009885,-0.010134,0.044529,0.00168,0.024955,-0.007582,0.014982,-0.000475,0.023387
2021-10-19,0.008956,-0.003564,0.011016,0.01674,-0.040392,0.002683,0.000735,-0.01958,0.032207,-0.063226
2021-10-20,-0.011512,-0.006962,-0.008794,-0.010866,-0.026759,-0.002141,0.040156,0.023965,-0.021316,0.002643
2021-10-21,-0.028848,-0.021156,0.001464,-0.02702,-0.013273,0.012938,-0.017503,0.006101,-0.000526,-0.007705
2021-10-22,0.001868,-0.009526,0.002655,-0.019302,0.003414,0.00503,-0.002227,0.0,-0.007476,-0.033102
2021-10-25,-0.009743,-0.001686,-0.014131,-0.007123,0.000713,0.108521,-0.004896,0.007058,-0.004519,-0.013525
2021-10-26,0.022773,-0.002963,-0.002565,0.006588,-0.001639,-0.014613,0.007379,0.011945,0.006782,0.014139
2021-10-27,-0.012645,0.002053,-0.00602,0.014821,-0.016517,0.006752,0.008834,0.012877,-0.006514,0.007393
2021-10-28,-0.010961,-0.019514,-0.029949,-0.014488,-0.0029,-0.043473,-0.01794,-0.034287,0.016643,-0.055987
2021-10-29,-0.023993,-0.006985,-0.006746,-0.021216,0.001465,0.004194,-0.006379,0.001596,-0.026237,-0.008441
2021-11-01,0.000611,0.023147,0.014183,0.019367,0.005829,0.002307,0.039615,0.026984,0.016245,0.016353
2021-11-02,-0.014579,0.002244,0.000903,-0.001265,0.004902,-0.00367,0.002035,0.011635,0.011307,-0.00551
2021-11-03,-0.006878,0.002311,-0.015746,0.002709,-0.003121,-0.018728,-0.0208,0.011405,0.040674,-0.013963
2021-11-04,0.00614,0.004696,0.007904,0.003642,0.004769,-0.004899,0.002861,0.005307,0.010294,0.018431
2021-11-05,0.0,0.0,0.0,0.0,0.0,0.0,0.0,0.0,0.0,0.0
2021-11-08,0.001241,-0.001681,0.003952,0.016855,0.003735,-0.002493,0.011268,-0.013573,0.008172,0.014346
2021-11-09,0.007894,0.000842,-0.017497,0.002878,-0.000309,0.008203,0.005924,0.011276,0.009898,-0.004569
2021-11-10,0.011183,-0.006104,-0.010813,-0.001348,-0.012751,-0.007183,0.031198,-0.008977,0.00337,0.00918
2021-11-11,0.001824,0.001119,-0.004469,-0.003937,-0.009978,-0.012102,-0.009314,-0.028223,-0.009461,-0.003682
2021-11-12,0.015091,0.010851,0.003035,0.027058,0.012099,0.006676,0.02045,0.003434,0.014625,0.012609
2021-11-15,-0.0059,0.007728,0.002737,0.003904,0.008233,-0.004249,-0.008003,-0.009387,-0.006582,0.022327
2021-11-16,-0.023237,0.000872,-0.00594,0.002882,-0.007465,-0.011962,-0.00983,-0.022604,0.004237,-0.01113
2021-11-17,-0.021407,-0.009701,-0.011111,-0.002706,-0.00644,-0.003599,-0.014035,0.00616,-0.001227,0.017201
2021-11-18,0.003774,-0.013118,0.005618,-0.004504,0.00345,0.002102,-0.007916,0.011342,-0.028624,-0.008351
2021-11-19,0.0,0.0,0.0,0.0,0.0,0.0,0.0,0.0,0.0,0.0
2021-11-22,-0.044293,-0.004977,-0.015623,-0.01124,-0.004522,-0.014288,0.038847,-0.034538,-0.017132,-0.02779
2021-11-23,0.009349,0.001692,0.000132,-0.012789,0.002365,-0.000199,0.022638,0.013672,0.011719,0.003032
2021-11-24,-0.014439,-0.006047,0.00165,-0.023548,-0.008124,0.011106,0.0,0.000203,-0.012643,-0.016839
2021-11-25,0.060198,0.000755,0.005204,0.015566,-0.010822,-0.012036,0.008236,-0.005272,-0.006765,0.01581
2021-11-26,-0.032231,0.000276,-0.023625,-0.017853,-0.005938,-0.038413,-0.034503,-0.040873,-0.038786,-0.031561
2021-11-29,0.011979,0.016,0.007618,0.002778,-0.002441,-0.005262,0.000812,-0.011477,-0.00613,-0.011161
2021-11-30,-0.014786,0.007753,-0.005129,0.009609,-0.005087,-0.005638,-0.015013,-0.009783,-0.001415,-0.00158
2021-12-01,0.025609,0.013786,0.007432,0.001314,0.01178,0.018688,-0.008239,0.032027,0.012041,0.003392
2021-12-02,0.006425,0.018195,0.014023,0.019447,0.016398,-0.007283,0.014261,0.003577,0.001792,0.015998
2021-12-03,-0.030046,-0.000672,-0.007996,-0.007264,-0.016637,-0.008444,-0.019384,-0.008071,0.006735,-0.016855
2021-12-06,-0.018956,-0.028582,-0.006442,-0.023191,-0.015851,-0.009423,-0.028886,-0.016591,-0.010326,-0.016919
2021-12-07,0.008148,0.013601,0.014563,0.009644,0.006547,0.035375,0.001792,0.0245,0.008667,0.012621
2021-12-08,0.015219,0.011829,0.018418,0.024363,0.008184,0.025522,0.023324,0.031152,0.014988,0.019488
2021-12-09,0.01586,-0.006934,-0.017345,0.00576,-0.000363,0.002124,-0.001678,-0.0059,0.029999,0.046454
2021-12-10,0.001018,0.009731,-0.002816,-0.002382,-0.00297,0.003973,-0.004552,0.012381,-0.003405,0.002974
2021-12-13,-0.020049,-0.007465,-0.007487,-0.008299,-0.012195,-0.005277,-0.010694,-0.013948,-0.006352,-0.006353
2021-12-14,-0.012243,0.00392,-0.005757,0.004299,0.006054,0.006167,-0.016356,0.001537,0.002256,-0.025575
2021-12-15,-0.00292,-0.01475,-0.001631,-0.010245,0.001143,-0.008436,-0.008892,-0.007676,0.008093,-0.019904
2021-12-16,0.012936,0.003151,6.7e-05,0.021566,-0.004933,-0.014756,-0.005909,-0.007529,-0.003669,-0.005133
2021-12-17,-0.026394,0.000768,-0.018032,0.0278,-0.034315,-0.017338,-0.022527,-0.027746,-0.014302,-0.022207
2021-12-20,-0.026961,-0.007658,-0.032178,-0.012055,0.01742,-0.025196,-0.011711,-0.039761,-0.025851,-0.025465
2021-12-21,0.014886,0.014451,0.011328,0.00706,0.001653,0.014649,0.013293,-0.007124,0.015672,0.000471
2021-12-22,0.023732,0.006222,0.002358,0.007231,0.002112,0.017283,0.026612,0.022085,0.023775,-0.002353
2021-12-23,-0.000359,0.0088,-0.000761,0.01803,0.010098,-0.002047,-0.008762,0.013052,0.003982,0.025
2021-12-24,0.003192,0.002239,-0.003601,0.003176,-0.001608,-0.005743,-0.002505,-0.010502,-0.010141,0.003221
2021-12-27,-0.001075,0.006865,0.00827,0.001422,0.001937,0.01224,-0.00192,0.002407,0.003657,-0.002064
2021-12-28,0.011877,0.002827,0.006893,0.011709,0.003346,-0.000272,0.006363,0.006877,0.017844,0.011492
2021-12-29,0.00171,-0.003197,-0.004758,-0.001298,-0.000974,-0.000136,-0.004706,-0.014744,-0.002448,-0.014997
2021-12-30,-0.018065,0.010569,0.005262,0.003872,0.008128,0.0,0.003694,-0.005942,-0.004829,-0.00346
2021-12-31,0.003836,0.001232,0.012248,-0.002694,0.014856,0.006049,0.00655,0.019371,0.005409,0.009491
2022-01-03,0.015075,0.021239,0.027207,0.005668,0.000487,0.033169,0.010968,0.022478,0.014215,0.004815
2022-01-04,0.022568,0.01755,0.005857,0.000369,0.016919,0.010658,0.008896,0.026975,0.007645,0.005249
2022-01-05,0.004678,-0.006127,0.023748,-0.028697,0.006059,0.019667,0.003656,0.018407,0.005703,0.001362
2022-01-06,-0.021501,-0.013857,-0.01604,-0.014556,-0.0101,-0.003807,0.014857,-0.001422,-0.012368,-0.008388
2022-01-07,0.008069,0.012095,0.007014,-0.001925,0.01035,0.010445,-0.008024,-0.000915,-0.010184,-0.001372
2022-01-10,0.000821,0.006838,0.005546,0.02009,-0.003766,0.022061,0.000355,0.025242,0.025303,0.022436
2022-01-11,0.007199,0.009292,0.004329,0.002621,-0.001413,-0.000123,-0.002128,0.004567,0.004122,-0.006046
2022-01-12,0.026695,-0.014301,-0.005907,0.011775,0.003952,0.01616,0.038027,0.008499,0.006654,0.003605
2022-01-13,0.005632,0.009845,-0.018405,0.010307,0.000435,0.001153,0.002191,0.002156,0.022389,0.005387
2022-01-14,0.001459,0.018023,0.011224,0.01716,-0.020918,-0.005699,-0.015305,-0.005867,0.013055,-0.006028
2022-01-17,0.005219,0.012852,-0.015306,0.005261,0.010936,-0.000854,0.011102,0.011114,0.012055,0.008985
2022-01-18,-0.011931,-0.007103,0.005094,-0.009667,-0.008391,0.004638,-0.019558,-0.014008,-0.022809,-0.017142
2022-01-19,-7.9e-05,-0.017309,-0.007062,-0.027958,-0.025153,-0.017616,-0.014909,0.017758,-0.000643,-0.001812
2022-01-20,-0.017509,-0.022505,-0.006224,-0.023219,-0.020823,0.002041,0.016627,-0.00853,-0.00861,-0.007261
2022-01-21,0.000161,0.001816,0.00835,-0.020837,0.028119,-0.007097,-0.028166,-0.017012,-0.023683,-0.007772
2022-01-24,-0.040337,-0.016212,-0.022969,-0.027384,-0.017545,-0.00752,-0.007695,-0.017008,-0.028706,-0.024188
2022-01-25,-0.001956,-0.000385,0.000942,-0.008435,0.018668,0.004008,0.031816,0.041485,0.013369,0.011803
2022-01-26,0.0,0.0,0.0,0.0,0.0,0.0,0.0,0.0,0.0,0.0
2022-01-27,-0.014811,-0.032003,-0.008804,-0.025288,-0.013707,-0.008732,-0.006462,0.027786,-0.007505,0.0014
2022-01-28,-0.000962,0.01118,-0.007932,0.004527,-0.005141,-0.016989,0.012089,-0.010398,-0.00696,0.013979
2022-01-31,0.021727,0.01252,0.015343,0.029653,-0.004291,0.009793,0.01886,0.028369,0.006139,0.011949
2022-02-01,-0.00331,0.017237,0.007606,0.020649,0.01403,0.027257,-0.00857,-0.011146,0.042583,0.034287
2022-02-02,0.002039,0.014616,0.022846,0.008493,0.00965,0.004258,0.002766,0.01409,-0.003919,0.019319
2022-02-03,-0.012922,-0.008194,-0.010351,-0.027167,-0.01278,-0.005899,-0.004689,0.000556,-0.024739,0.009908
2022-02-04,-0.009117,-0.002537,0.005708,0.001467,0.003677,-0.004821,-0.002009,-0.018145,0.007395,-0.00064
2022-02-07,-0.006091,-0.00941,-0.036647,-0.01499,-0.021243,-0.023166,-0.019022,0.005563,-0.032573,-0.017499
2022-02-08,0.01681,-0.009407,-0.004291,0.001341,0.00299,0.007757,0.003397,-0.003563,-0.004723,0.004561
2022-02-09,0.011651,0.004568,0.024455,0.011646,0.005874,0.012997,0.014741,0.00734,0.007038,-0.004757
2022-02-10,-0.001028,0.002606,0.018363,0.018592,0.002415,0.003363,0.006534,0.009902,0.006459,0.009125
2022-02-11,-0.001953,-0.019998,-0.004098,-0.027266,-0.011015,-0.01825,-0.012292,-0.020257,-0.01565,0.000861
2022-02-14,-0.015927,0.010501,-0.029727,-0.022744,-0.013043,-0.046915,-0.035587,-0.053248,-0.038611,-0.033251
2022-02-15,0.033953,0.022511,0.029925,0.033319,0.027619,0.029654,0.03168,0.046669,0.042829,0.016177
2022-02-16,-0.002068,-0.001231,-0.001351,-0.002848,-0.001572,-0.015463,0.014405,-0.015434,-0.008182,-0.001121
2022-02-17,0.012661,-0.007579,-0.006103,-0.004904,0.009206,-0.017931,-0.00665,-0.007258,0.004299,-0.000449
2022-02-18,-0.007816,0.002563,0.003883,-0.010349,0.002167,-0.001932,-0.006206,0.004581,0.007706,-0.003368
2022-02-21,-0.010106,-0.019637,0.006447,0.013914,-0.007676,0.007411,-0.003649,-0.006695,-0.010169,-0.017575
2022-02-22,-0.004542,-0.035758,-0.00749,0.002109,-0.010829,-0.004175,-0.015072,-0.026277,-0.010462,-0.01445
2022-02-23,-0.006258,-0.006302,-0.006487,0.004901,-0.004207,-0.008918,0.007365,0.000602,-0.013093,0.00512
2022-02-24,-0.04983,-0.045499,-0.054301,-0.037123,-0.039374,-0.04996,-0.047558,-0.052236,-0.034582,-0.034499
2022-02-25,0.012501,0.035012,0.025856,0.009803,-0.000322,0.032019,0.026457,0.021792,0.01121,0.026139
2022-02-28,0.0331,0.009501,-0.0205,0.012392,0.000645,0.017327,-0.003122,0.000518,0.02234,0.008881
2022-03-01,0.0,0.0,0.0,0.0,0.0,0.0,0.0,0.0,0.0,0.0
2022-03-02,0.016529,-0.002265,-0.036459,-0.007461,-0.010589,-0.037498,-0.017844,-0.018522,-0.017751,-0.002548
2022-03-03,-0.008442,-0.000494,-0.002365,0.0106,-0.027035,-0.023152,-0.003263,-0.014444,-0.018044,0.019043
2022-03-04,-0.02218,-0.005657,-0.003282,0.001424,-0.034194,-0.014679,-0.027304,-0.01166,-0.023141,0.027803
2022-03-07,-0.03698,-0.011194,-0.030516,0.009604,-0.03741,-0.049851,0.033196,-0.046867,-0.045158,-0.002439
2022-03-08,-0.001808,0.033014,0.002265,0.022042,0.002598,0.017208,0.011253,0.0,0.014714,0.008669
2022-03-09,0.053053,0.00907,0.032648,0.019767,0.02509,0.003684,0.012445,0.025892,0.019566,0.010357
2022-03-10,0.016206,-0.003207,0.015717,0.006921,0.05208,0.013709,0.009038,0.037635,0.022029,0.011995
2022-03-11,0.002884,-0.006021,0.002944,-0.002136,-0.003592,0.001921,-0.004156,0.00352,0.00026,0.01875
2022-03-14,0.008211,0.012183,0.032754,0.037706,-0.016759,0.026921,0.007988,0.031466,0.010471,0.011212
2022-03-15,-0.022903,-0.013478,-0.012859,-0.027186,-0.010246,0.001724,0.003855,0.001443,-0.001889,-0.004812
2022-03-16,0.016882,0.017252,0.016959,0.027239,0.016657,0.015272,0.012658,0.014202,0.007313,0.01997
2022-03-17,0.0326,0.004609,0.022028,-0.018418,0.014429,0.01709,0.015309,0.018569,0.01805,0.009481
2022-03-18,0.0,0.0,0.0,0.0,0.0,0.0,0.0,0.0,0.0,0.0
2022-03-21,-0.005762,-0.012538,0.004358,-0.000836,-0.024191,-0.012984,-0.020335,-0.022514,-0.017674,-0.001633
2022-03-22,0.025837,0.020473,0.005146,0.018537,-0.02813,0.010482,0.015603,0.006319,0.010106,0.021473
2022-03-23,0.00318,0.003094,-0.009972,-0.007948,-0.007499,0.000139,-0.019882,-0.006178,-0.003833,0.009009
2022-03-24,0.015536,0.010088,-0.024742,0.007637,-0.006394,-0.01963,0.001986,-0.007235,0.002433,0.01131
2022-03-25,0.00667,-0.011307,-0.008145,-0.00538,-0.006562,-0.007029,0.004247,0.007391,-0.011544,-0.005886
2022-03-28,0.010055,6.7e-05,0.001328,-0.001412,0.011316,0.015874,0.033411,0.013858,-0.005425,0.014604
2022-03-29,0.000229,-0.000634,0.013261,0.006457,0.00605,0.006968,0.029875,-0.005025,0.0029,-0.009531
2022-03-30,0.019218,0.007071,0.017323,0.009517,0.014519,0.021809,-0.007219,-0.001414,0.015429,-0.02121
2022-03-31,-0.014292,0.002251,-0.004469,0.001523,0.016246,-0.000821,0.007272,-0.001517,-0.003355,0.005819
2022-04-01,0.008009,0.005027,0.024246,-0.001731,0.0144,0.008147,0.004702,0.029683,0.0127,0.010572
2022-04-04,0.002956,0.003086,0.100133,-0.010822,0.024204,0.014058,0.012261,0.008264,0.02025,0.008488
2022-04-05,-0.014135,0.01179,-0.029304,-0.011604,0.005333,-0.006429,-0.001563,-0.005855,0.005311,0.015659
2022-04-06,-0.002665,-0.015584,-0.035691,-0.017328,0.001051,-0.00027,0.011805,0.008932,0.009123,0.000578
2022-04-07,-0.01764,-0.01896,-0.021988,-0.00976,0.010621,0.009372,-0.017082,0.001946,-0.014303,-0.011363
2022-04-08,0.016635,0.000407,-0.001385,0.001988,0.00843,0.007682,-0.000394,0.002233,0.002437,0.043444
2022-04-11,-0.002084,0.002917,-0.012214,-0.02648,-0.009161,0.007026,-0.005314,-0.002325,-0.026902,-0.00112
2022-04-12,-0.01883,-0.001434,-0.001771,-0.013643,-0.014239,0.005595,-0.021634,-0.003981,-0.018973,-0.010093
2022-04-13,-0.00367,-0.007897,-0.019116,0.003501,0.009333,-0.002094,-0.001348,0.009457,0.007496,0.017938
2022-04-14,0.0,0.0,0.0,0.0,0.0,0.0,0.0,0.0,0.0,0.0
2022-04-15,0.0,0.0,0.0,0.0,0.0,0.0,0.0,0.0,0.0,0.0
2022-04-18,-0.003057,-0.036565,-0.047442,-0.072717,0.011849,-0.005838,-0.015054,-0.015839,-0.01275,0.00204
2022-04-19,0.038111,-0.015916,-0.03816,-0.036635,-0.029665,0.011217,-0.008225,0.004514,-0.018753,-0.031655
2022-04-20,0.029404,0.024454,0.009015,0.016453,0.024561,-0.014028,0.021907,-0.004885,-0.008296,-0.007647
2022-04-21,0.023414,0.020201,0.014805,0.019588,0.015243,0.009,-0.004869,0.013744,0.013537,0.003275
2022-04-22,-0.008375,-0.004437,-0.013643,-0.020602,-0.032303,-0.019282,0.004077,-0.030409,-0.011753,0.002688
2022-04-25,-0.023126,-0.017813,0.007488,-0.015359,-0.012318,0.006086,0.000812,-0.011686,-0.021837,-0.022405
2022-04-26,0.029926,-0.000535,0.004613,0.012747,0.022659,0.002061,0.022926,0.021728,0.025704,0.014496
2022-04-27,0.000973,0.004202,0.000364,-0.017837,-0.001513,-0.02262,-0.005024,-0.01632,-0.013471,-0.0056
2022-04-28,0.014937,0.006487,-0.000874,0.019191,0.045103,0.014185,-0.006844,0.020613,0.025163,0.013981
2022-04-29,-0.010497,-0.01049,0.009662,-0.00951,-0.003122,-0.005153,-0.011173,-0.022069,-0.014483,-0.005936
2022-05-02,-0.003512,-0.001213,0.013795,-0.016937,-0.001947,-0.003094,0.00318,-0.010679,-0.008794,0.01387
2022-05-03,0.0,0.0,0.0,0.0,0.0,0.0,0.0,0.0,0.0,0.0
2022-05-04,-0.031218,-0.017686,-0.033982,-0.003537,-0.026429,-0.022604,-0.025561,-0.023116,-0.027092,-0.01292
2022-05-05,-0.019583,0.00967,-0.002249,0.032301,-0.002279,0.006282,-0.004776,0.00073,0.002264,0.008855
2022-05-06,-0.007668,-0.022998,-0.026128,-0.026685,-0.008031,-0.013104,-0.012101,0.008229,-0.009282,0.017554
2022-05-09,-0.039055,0.003642,0.001708,0.017824,-0.015145,-0.012374,0.00176,-0.016634,-0.003883,-0.013876
2022-05-10,-0.017333,-0.001843,0.016063,-0.011048,0.030118,0.001337,0.011455,-0.001471,-0.005074,-0.01217
2022-05-11,-0.010244,-0.007779,0.00563,-0.016903,-0.007751,0.004077,0.004447,0.002841,-0.023104,-0.015784
2022-05-12,-0.020373,-0.000982,-0.022541,-0.011757,-0.011417,-0.025763,-0.02414,-0.029168,-0.028425,-0.010757
2022-05-13,0.011336,0.001833,-0.008979,-0.002916,0.025856,-0.026516,-0.021973,-0.038906,0.005471,0.022539
2022-05-16,0.000247,-0.011157,0.010648,-0.01017,0.010551,0.008341,0.004783,0.023277,0.005474,-0.017402
2022-05-17,0.042003,0.022151,0.00682,0.01971,0.012515,0.039531,0.01998,0.027033,0.039666,0.041716
2022-05-18,0.003638,-0.000811,-7.6e-05,-0.006092,0.020668,-0.003732,-0.015416,-0.019901,-0.0197,0.007933
2022-05-19,-0.023046,-0.054178,-0.020435,-0.054366,-0.011718,-0.024104,-0.031459,-0.022926,-0.015612,0.033171
2022-05-20,0.05831,0.009519,0.026339,0.01962,0.027113,0.027886,0.020245,0.033296,0.04015,0.015781
2022-05-23,-0.006687,0.008731,-0.012832,0.009105,0.023152,0.002114,-0.00298,-0.003244,0.021148,-0.019643
2022-05-24,0.003433,-0.01016,0.011465,-0.01866,-0.029477,-0.004078,-0.011154,0.002495,-0.010857,-0.013297
2022-05-25,-0.001472,-0.030113,0.007468,-0.021201,-0.004741,0.007343,0.014745,-0.001868,-0.031698,0.00683
2022-05-26,-0.009533,0.01872,0.028522,0.009572,-0.008048,0.021238,0.007919,0.032592,-0.006477,0.001843
2022-05-27,-0.004639,0.010645,0.018548,0.026265,0.022103,0.015512,-0.013335,0.000107,0.02285,0.009374
2022-05-30,0.034834,0.03494,0.006825,0.044787,0.007873,0.01176,0.021405,0.012048,0.037837,-0.000557
2022-05-31,-0.012065,-0.003229,-0.00899,-0.004766,0.001831,0.005811,0.001645,-0.013696,-0.003823,0.005947
2022-06-01,0.000323,-0.00272,0.004248,-0.01666,-0.019038,-0.000266,-0.007926,0.000427,-0.003929,0.004434
2022-06-02,0.034479,0.020207,-0.00699,0.019918,-0.010245,-0.003853,0.001871,0.00331,-0.006584,0.00607
2022-06-03,0.020262,0.00501,-0.003465,0.009085,0.003129,-0.007269,-0.013579,-0.011387,0.009101,-0.002925
2022-06-06,-0.004299,-0.002674,-0.00134,0.005487,-0.004996,0.003292,-0.005171,-0.001722,-0.007173,0.007701
2022-06-07,0.001879,-0.019893,-0.011498,-0.015261,-0.030213,-0.0154,0.003441,-0.000647,-0.030941,-0.003275
2022-06-08,-0.017564,0.012327,0.003523,-0.004447,-0.006579,-0.00782,-0.032103,0.017048,-0.003083,-0.021906
2022-06-09,0.027422,0.006742,0.007533,0.01,0.000296,0.004455,0.019674,-0.00923,0.006658,0.011012
2022-06-10,-0.030192,-0.019608,-0.019307,-0.025215,0.001001,-0.0174,-0.004436,-0.010922,-0.006269,-0.002584
2022-06-13,-0.018919,-0.041757,-0.018133,-0.035414,-0.001364,-0.044444,-0.003044,-0.034643,-0.033468,-0.020359
2022-06-14,-0.013069,-0.002811,-0.011006,0.011267,-0.011789,-0.003634,0.016014,0.005047,0.008224,0.003023
2022-06-15,-0.0121,-0.001324,-0.003468,-0.012738,-0.002532,0.002553,7.3e-05,0.007253,0.010164,-0.007723
2022-06-16,-0.013981,-0.020054,-0.020001,-0.017578,7e-05,-0.012732,-0.040903,-0.021602,-0.021117,-0.010251
2022-06-17,0.011719,-0.0169,0.006595,-0.007086,-0.016887,0.012307,-0.016127,-0.001359,-0.024519,0.009973
2022-06-20,-0.018127,0.007608,0.025121,0.019354,0.040489,-0.00131,-0.004273,-0.014286,-0.012182,0.003038
2022-06-21,0.016142,0.031985,0.010891,0.02528,0.004144,0.014797,0.020908,0.036922,0.019364,0.021961
2022-06-22,-0.030378,0.003425,-0.004714,-0.008725,-0.000975,-0.013647,-0.0175,-0.006877,-0.014364,-0.017043
2022-06-23,-0.016224,0.026637,0.003683,0.010576,0.022585,0.018279,0.026989,0.008377,0.010516,0.000754
2022-06-24,0.01424,-0.004745,0.013969,-0.007814,0.022773,0.020453,0.016662,0.006314,0.000368,0.001318
2022-06-27,-0.00296,0.006559,0.00181,0.023246,0.00727,0.005466,0.018996,0.0153,0.027394,0.015422
2022-06-28,0.014061,0.001041,-0.007631,0.003764,-0.001293,-0.009828,-0.004094,0.006613,0.010223,0.007038
2022-06-29,0.02075,-0.008333,-0.001449,-0.011418,-0.03633,-0.010629,0.009763,-0.011093,-0.00232,0.008093
2022-06-30,0.006007,-0.007112,0.003014,-0.000923,-0.001276,0.006332,-0.004144,0.014812,0.006686,-0.002007
2022-07-01,-0.072024,0.014692,0.004266,0.011971,0.0232,-0.004666,-0.01679,0.002039,0.00892,0.039671
2022-07-04,0.002076,-0.024147,0.001403,0.005813,0.040682,0.023015,0.012547,0.014137,0.006074,0.026552
2022-07-05,0.0081,-0.005796,-0.00225,-0.008098,0.011073,-0.000903,0.00374,-0.002746,-0.010621,-0.017129
2022-07-06,-0.008795,0.01382,0.013788,0.010637,0.04035,0.009035,0.01388,0.01652,-0.005591,0.008365
2022-07-07,-0.009847,0.008311,0.017903,0.004726,-0.010186,0.022109,-0.010303,0.014168,0.035311,0.00916
2022-07-08,0.001382,-0.006813,0.000931,0.010509,0.009665,0.018464,0.012158,0.003698,0.04739,0.003768
2022-07-11,0.01359,-0.046441,0.006478,-0.027271,-0.002503,0.018261,-0.049773,-0.000716,-0.014489,0.006654
2022-07-12,-0.001423,-0.009345,-0.010205,-0.023453,-0.016482,-0.012476,0.003709,-0.006657,-0.005562,-0.007797
2022-07-13,-0.017724,-0.014896,-0.024393,0.004067,0.019677,-0.008817,-0.029412,0.003196,-0.003931,0.004612
2022-07-14,0.008244,-0.010559,-0.005008,-0.0108,2e-05,-0.001062,-0.002875,-0.014697,-0.000668,-0.010883
2022-07-15,0.00194,-0.001384,0.008142,0.00105,0.028305,-0.001595,0.015819,-0.000522,0.023509,0.009283
2022-07-18,0.008515,0.023008,-0.010646,0.041633,-0.00584,0.027689,0.01726,0.023377,0.025403,0.005962
2022-07-19,0.006131,0.003509,0.000371,-0.003859,0.005659,0.011205,0.014856,0.015603,0.001244,-0.002371
2022-07-20,0.02704,0.029454,0.012611,0.020989,0.014233,0.003138,-0.003344,0.021388,0.005868,0.01222
2022-07-21,-0.006672,0.00395,-0.00315,0.011615,0.001133,0.003703,0.011481,0.006783,0.027475,0.004527
2022-07-22,0.006757,-0.001983,0.023333,-0.017353,0.012713,0.017875,0.000737,0.003222,0.001473,0.003338
2022-07-25,-0.033039,-0.00134,0.002944,-0.001792,-0.006438,0.001062,-0.000663,0.007981,0.008316,0.00183
2022-07-26,0.000455,-0.016058,-0.002041,-0.034883,-0.029158,-0.005744,0.008402,-0.006952,-0.017504,0.004484
2022-07-27,-0.00095,0.023412,0.007641,0.013713,0.013682,0.005274,-0.013448,0.027227,0.025924,0.005621
2022-07-28,0.015666,0.022469,0.008865,0.031508,0.014776,0.017614,-0.011928,0.008046,0.00256,-0.002301
2022-07-29,0.021306,0.012697,0.012246,0.021286,0.006603,0.00491,0.016645,-0.0077,0.003775,-0.001318
2022-08-01,0.026062,-0.000939,0.008332,0.000871,-0.016835,0.005864,0.028891,0.010221,0.003678,0.014684
2022-08-02,0.003806,-0.002122,-0.010995,-0.004803,0.016294,-0.006862,-0.011016,0.015644,-0.01193,0.007967
2022-08-03,0.008396,0.014491,0.002342,0.014576,-0.003377,0.008621,0.009246,-0.002306,-0.001812,-0.005807
2022-08-04,-0.013218,0.004626,-0.001186,0.021582,0.000609,-0.005516,0.001659,-0.014052,-0.00542,0.004381
2022-08-05,-0.014736,0.003011,-0.003387,0.010469,0.00664,0.021884,0.013467,-0.004126,0.004129,0.004362
2022-08-08,0.013082,0.002793,0.024526,0.001701,0.001871,0.004501,0.000995,-0.020055,0.023609,0.007399
2022-08-09,0.0,0.0,0.0,0.0,0.0,0.0,0.0,0.0,0.0,0.0
2022-08-10,0.00598,-0.005986,0.002907,-0.010467,-0.002849,0.014099,0.015475,-0.010953,0.013937,-0.006227
2022-08-11,0.00333,0.020347,0.01323,0.010921,-0.011011,0.012901,-0.00762,0.019526,0.006468,-0.015906
2022-08-12,0.016171,-0.006121,-0.00037,-0.015957,-0.007174,0.017099,-0.000141,0.011339,-0.011086,0.00751
2022-08-15,0.0,0.0,0.0,0.0,0.0,0.0,0.0,0.0,0.0,0.0
2022-08-16,0.00695,-0.002602,0.011447,0.001474,0.019095,0.005547,-0.007891,-0.008951,0.001327,0.006482
2022-08-17,0.005224,0.002476,0.005159,0.006139,0.015182,0.004549,0.026772,0.004183,0.003678,0.00644
2022-08-18,0.001814,-0.005836,0.001192,-0.014506,-0.000968,0.002095,0.014178,0.007952,0.020935,0.009918
2022-08-19,-0.01783,0.001331,-0.012337,0.008939,-0.01771,-0.016608,-0.001228,-0.022542,0.021905,-0.011563
2022-08-22,-0.002774,-0.009215,-0.015204,-0.013431,-0.00298,-0.020853,-0.006418,-0.017392,-0.028615,0.007692
2022-08-23,0.015422,-0.020852,-0.003095,-0.021102,-0.012925,0.01367,0.013744,0.020732,-0.001914,0.004771
2022-08-24,-0.002664,-0.008905,0.00481,-0.003177,-0.001736,0.010881,0.001559,-0.004982,0.008684,-0.005698
2022-08-25,-0.002917,-0.011412,-0.005432,-0.012585,-0.005428,-0.001088,0.003046,0.002118,-0.00816,-0.005572
2022-08-26,-0.005338,0.001243,0.000171,0.00224,-0.001029,-0.00172,-0.013698,0.006533,0.014644,0.001761
2022-08-29,-0.007773,-0.027823,-0.017541,-0.039302,0.001653,-0.017225,-0.014025,-0.017087,-0.012543,0.002077
2022-08-30,0.015514,0.025091,0.032444,0.021344,0.032631,0.036747,0.008326,0.031854,0.021791,0.022166
2022-08-31,0.0,0.0,0.0,0.0,0.0,0.0,0.0,0.0,0.0,0.0
2022-09-01,-0.029398,-0.024742,-0.009387,-0.019257,-0.020246,-0.014595,0.01163,0.003859,-0.004967,-0.009048
2022-09-02,-0.011678,-0.000415,0.009068,-0.007649,-0.000921,-0.00223,-6.8e-05,0.006375,0.014402,0.017475
2022-09-05,0.015531,0.000959,0.006429,0.005712,-0.001152,0.01152,0.007347,0.004099,0.014352,0.017639
2022-09-06,0.010526,-0.002027,-0.003813,-0.004243,-0.010574,0.00136,0.02816,-0.002041,-0.003074,-0.00517
2022-09-07,-0.005815,0.007211,-0.004734,0.001753,-0.003303,-0.008431,-0.010706,-0.009204,-0.00214,-0.00321
2022-09-08,0.001414,0.006366,0.010322,0.01252,0.004893,0.025793,0.022175,0.022145,0.008324,0.011653
2022-09-09,-0.006227,0.015144,0.000668,0.024222,0.004482,0.002726,-0.005261,0.015973,-0.012485,0.001819
2022-09-12,0.01119,0.007863,-0.00337,0.016241,-0.003206,0.006602,0.00444,0.002801,0.006232,0.00121
2022-09-13,0.008353,-0.004194,0.01309,0.005696,0.002403,0.003086,0.019632,0.005587,0.015011,0.010577
2022-09-14,-0.011986,-0.033737,0.010277,-0.045017,-0.005877,0.008901,-0.001148,0.024641,-0.018806,0.002841
2022-09-15,-0.00991,-0.005143,-0.005201,-0.028874,-0.004278,-0.000545,0.002234,0.0007,0.001842,-0.003728
2022-09-16,-0.024779,-0.030812,-0.01838,-0.03891,-0.012596,-0.009263,-0.006942,-0.01809,-0.019157,-0.008381
2022-09-19,0.0013,0.006681,0.006599,0.009622,0.020212,-0.01089,0.003976,0.018601,-0.004844,0.012979
2022-09-20,0.00016,0.003797,0.012046,-0.001259,0.001667,0.019517,0.012009,0.003145,0.011514,0.001192
2022-09-21,0.002757,-0.01286,-0.001545,-0.008138,0.015502,-0.001636,-0.015086,-0.007578,-0.01917,0.014732
2022-09-22,-0.009423,0.002066,-0.021306,-0.006753,0.026357,-0.012947,0.004999,-0.004213,-0.00393,0.012026
2022-09-23,-0.018744,-0.008429,-0.026817,-0.001828,-0.003973,-0.023412,-0.016261,-0.029438,-0.016603,0.003912
2022-09-26,-0.025477,0.004141,-0.013484,0.010839,-0.008016,-0.02403,-0.021132,-0.013258,-0.002908,-0.039838
2022-09-27,0.00795,0.007698,-0.008972,0.009636,0.007029,-0.009872,0.00735,-0.012516,-0.005536,0.006765
2022-09-28,-0.026625,0.006032,-0.017187,0.000825,0.008528,-0.003578,0.001118,-0.021715,-0.003123,-0.029565
2022-09-29,-0.003065,-0.012633,-0.005182,0.002832,-0.000574,-0.006592,0.004203,-0.005906,-0.010869,0.024927
2022-09-30,0.022556,0.002419,0.028213,0.010582,-0.001518,0.021448,0.0461,0.016962,0.017736,-0.002552
2022-10-03,-0.00347,-0.006524,-0.005734,-0.013937,-0.027425,-0.015835,0.004313,-0.020449,-0.01537,-0.02348
2022-10-04,0.018443,0.035579,0.028163,0.025578,0.017331,0.02275,0.00666,0.024916,0.02872,0.026048
2022-10-05,0.0,0.0,0.0,0.0,0.0,0.0,0.0,0.0,0.0,0.0
2022-10-06,0.003688,0.003494,-0.011012,0.018015,-0.020222,0.020515,-0.024855,0.008635,0.022121,0.011417
2022-10-07,0.004232,-0.011944,-0.004315,-0.002715,-0.005471,-0.003275,0.005706,-0.013214,0.006064,-0.007575
2022-10-10,-0.010915,0.017505,-0.011043,0.00789,0.00227,-0.000906,-0.000946,0.001037,-0.007742,-0.018707
2022-10-11,-0.01991,-0.015713,-0.010141,-0.026561,-0.021089,-0.012645,-0.015208,-0.006312,-0.016076,-0.004728
2022-10-12,0.007358,0.010164,0.006533,0.003441,0.015957,-0.002584,-0.006087,0.012135,0.01719,0.011646
2022-10-13,0.003179,0.000822,-0.011491,-0.006159,-0.009628,-0.016986,-0.008575,-0.023136,-0.018365,-0.004393
2022-10-14,-0.005078,-0.001337,0.032577,0.038277,0.003663,0.019506,-0.003837,0.011027,0.018895,0.010497
2022-10-17,0.01605,0.006664,0.005247,0.01065,0.005726,0.017179,6.5e-05,0.031202,-0.014857,0.000452
2022-10-18,0.017644,0.010589,-0.001866,0.009228,0.004516,0.013217,0.022389,0.034581,0.018532,0.024229
2022-10-19,0.017399,-0.007266,0.01025,-0.012137,-0.007397,-0.005352,0.000319,-0.01609,-0.006882,0.017779
2022-10-20,0.002687,0.011355,-0.006753,0.010401,0.00693,-0.003867,0.012127,0.003614,-0.000394,0.009672
2022-10-21,-0.011597,-0.006303,-0.00704,-0.000267,0.020378,0.020818,0.005738,0.009813,-0.01439,-0.011724
2022-10-24,0.003338,0.007745,0.015605,0.011563,-0.030446,0.02111,0.005831,0.017206,0.017584,0.006076
2022-10-25,-0.015444,0.000127,-0.006947,0.005567,-0.026311,-0.00135,0.000249,0.01411,0.020605,-0.004027
2022-10-26,0.0,0.0,0.0,0.0,0.0,0.0,0.0,0.0,0.0,0.0
2022-10-27,0.003932,-0.001487,0.002412,0.009372,0.005428,-0.000703,0.018447,0.001901,0.00767,-0.001444
2022-10-28,0.030598,0.001853,0.002957,-0.007021,0.002084,-0.017904,-0.000306,-0.015354,0.005601,0.0
2022-10-31,0.009283,0.009452,0.02605,0.016124,0.010478,0.000936,0.018547,0.005344,0.024328,0.008386
2022-11-01,-0.007746,0.020841,0.011058,0.02299,0.007144,-0.00011,0.004267,0.005403,0.000667,0.002294
2022-11-02,0.006245,-0.005522,0.000628,-0.012524,-0.013128,-0.004292,-0.030758,-0.005287,-0.005508,0.014735
2022-11-03,0.003732,-0.010781,-0.004392,-0.014518,0.011138,0.004366,0.010866,0.019256,-0.002285,-0.002679
2022-11-04,0.014716,0.003321,-0.006899,-0.010942,-0.010211,-0.003687,-0.002748,0.015473,0.003186,-0.000283
2022-11-07,0.005342,0.005066,0.007781,-0.004326,0.00494,0.013476,0.007717,0.03401,0.001265,-0.000283
2022-11-08,0.0,0.0,0.0,0.0,0.0,0.0,0.0,0.0,0.0,0.0
2022-11-09,-0.000997,-0.005458,-0.000298,0.002488,-0.009476,-0.007629,-0.004437,0.00228,-0.007013,0.020368
2022-11-10,-0.012097,-0.003234,0.010873,-0.006121,0.001914,0.00022,0.00818,-0.015921,-0.012902,-0.01303
2022-11-11,0.023052,0.034408,0.056665,0.045375,-0.004197,-0.004557,0.001393,-0.007346,0.016914,0.000983
2022-11-14,-0.004845,0.005896,0.002421,0.009681,-0.018078,-0.012796,-0.006047,-0.014552,-0.005619,-0.025677
2022-11-15,-0.004486,-0.00087,0.002446,0.005488,-0.000122,0.018716,0.016243,0.014007,-0.001625,-0.005616
2022-11-16,-0.005734,0.006827,0.008585,0.005521,0.008281,0.002084,0.007124,-0.001831,0.003531,-0.003331
2022-11-17,0.002584,-0.001893,-0.009033,-0.009608,-0.007204,0.006786,0.005885,-0.001167,0.012952,-0.001162
2022-11-18,-0.000539,-0.001657,-0.002626,0.00378,0.009634,0.000598,-0.010459,0.006093,-0.002513,-0.00771
2022-11-21,-0.017997,-0.017931,-0.010255,-0.015815,0.007127,0.001141,0.016601,-0.007632,-0.006422,-0.011289
2022-11-22,0.005547,0.009578,-0.001471,0.010745,0.005717,0.002496,-0.004229,0.001672,0.009123,0.009045
2022-11-23,-0.003119,-0.002006,0.002602,-0.001199,-0.003319,0.00406,-0.005132,0.014271,-0.002365,-0.001323
2022-11-24,0.008623,0.021718,0.016259,0.029466,0.016671,0.012292,0.006048,0.002798,0.013432,0.002796
2022-11-25,0.014928,0.002811,-0.004615,0.00359,-0.00459,-0.009107,-0.001768,-0.0032,0.005141,-0.001321
2022-11-28,0.034364,0.001652,-0.010756,-0.007489,-0.004828,0.007632,-0.011159,0.001975,0.000824,-0.000735
2022-11-29,0.001717,0.000618,-0.0015,0.00348,0.043165,0.009974,-0.001851,-8.2e-05,-0.006733,0.006617
2022-11-30,0.007061,-0.001928,0.006634,0.003622,0.019038,0.006496,0.015433,-0.010024,0.011851,-0.006719
2022-12-01,-0.002947,0.025023,0.00687,0.013548,-0.008009,-0.013328,-0.000177,0.009378,0.01417,-0.001324
2022-12-02,-0.000422,-0.010502,-0.007657,-0.011587,-0.017932,-0.010211,5.9e-05,-0.000905,-0.00891,-0.007068
2022-12-05,-0.014584,-0.003853,0.00364,0.00113,0.001816,0.003224,-0.005362,0.016048,4.8e-05,-0.001187
2022-12-06,0.002889,-0.011836,-0.001116,-0.016374,0.013245,-0.011729,-0.012735,-0.013527,0.003788,0.001633
2022-12-07,-0.014757,-0.001403,-0.000434,-0.004588,0.01989,-0.000542,0.00078,-0.00312,0.014569,0.008301
2022-12-08,-0.000472,-0.008889,0.005619,0.009125,-0.000702,0.010573,-0.001679,0.007578,0.020574,-0.004999
2022-12-09,-0.015155,-0.017251,0.007132,-0.031386,0.00621,-0.002146,0.002763,0.007929,-0.006297,0.008865
2022-12-12,0.001533,-0.001913,0.007786,-0.014083,-0.001837,0.00043,-0.007785,-0.005596,0.00448,0.005273
2022-12-13,0.004554,0.01389,0.002768,0.016126,-0.002558,0.002849,0.011649,0.006035,0.004252,0.006993
2022-12-14,-0.003619,0.009979,0.008463,0.004611,-0.009464,-0.012005,-0.01056,0.014187,0.010378,-0.000579
2022-12-15,-0.014204,-0.017903,-0.018319,-0.02463,-0.007971,-0.014049,-0.003437,-0.015268,-0.008153,-0.018963
2022-12-16,-0.004945,-0.019621,0.004811,-0.011879,0.003023,-0.007482,-0.004356,-0.020456,-0.001171,-0.011067
2022-12-19,0.013135,-0.011789,0.00311,-0.009756,0.017519,0.004933,0.021452,0.001823,0.004138,0.016115
2022-12-20,0.008656,0.013085,-0.006901,-3.3e-05,-0.016022,0.003585,-0.013624,0.0,-0.009501,-0.001028
2022-12-21,-0.014227,0.007583,-0.009673,0.001493,-0.003122,-0.019182,-0.018035,-0.018281,-0.007835,-0.014699
2022-12-22,-0.002592,-0.002708,-0.003431,0.008281,-0.00782,-0.001793,0.003194,0.0,-0.016936,-0.008056
2022-12-23,-0.029327,-0.009617,-0.008933,-0.016392,-0.009167,-0.013193,-0.009735,-0.032693,-0.02237,-0.017296
2022-12-26,0.008732,0.007605,0.019904,0.00354,-0.001393,0.01627,0.002906,0.040244,0.01372,0.024181
2022-12-27,0.008181,0.002029,0.001013,0.008287,-0.009246,0.008341,0.004685,0.008039,0.015805,-0.004333
2022-12-28,-9.8e-05,-0.000737,-0.000797,-0.003103,-0.003721,-0.001888,-0.0135,-0.001412,-0.001412,0.003752
2022-12-29,-0.000452,0.003577,0.007056,0.0049,-0.006018,0.010123,0.021087,0.017885,-0.004809,0.002841
2022-12-30,0.001533,-0.003686,-0.008012,-0.006161,-0.002726,-0.018942,-0.01785,0.003106,-0.011891,-0.011332
2023-01-02,0.011267,0.001458,0.000338,0.010476,-0.001035,0.013021,0.00918,-0.002444,0.00175,0.003921
2023-01-03,-0.007318,0.0153,0.006539,-0.000951,-0.006391,-0.001219,0.00504,0.000327,-0.000239,-0.005258
2023-01-04,-0.015056,0.000997,-0.017873,-0.018226,-0.002341,-0.002496,-0.007094,-0.011757,-0.008808,-0.012383
2023-01-05,-0.001787,-0.001071,-0.006428,-0.013112,0.018769,-0.022189,-0.00579,-0.000165,0.008114,0.019725
2023-01-06,0.009089,-0.030066,-0.003313,-0.018099,-0.002806,-0.010294,-0.013753,-0.007354,-0.000383,0.004798
2023-01-09,0.023611,0.033753,0.001944,0.024819,0.018475,0.003735,0.029397,0.011737,0.016846,0.008954
2023-01-10,-0.014787,-0.010106,-0.018278,-0.009903,0.007546,-0.01374,-0.032402,-0.020652,-0.007093,-0.013755
2023-01-11,-0.012605,0.012871,0.01441,0.001021,-0.019139,0.005747,-0.034433,0.002604,0.008877,-0.004799
2023-01-12,-0.021594,0.001697,0.005343,0.006355,-0.001234,-0.006522,-0.011299,-0.003017,0.016186,-0.005877
2023-01-13,-0.001618,0.012056,0.000782,0.015568,0.013108,0.014872,0.009777,0.008741,-0.00294,-0.003335
2023-01-16,-0.009523,0.010456,-0.00959,0.014531,-0.010251,-0.009388,-0.006738,0.004833,-0.007523,0.004411
2023-01-17,0.014198,0.013302,0.014887,0.009177,0.027126,-0.000116,0.008628,-0.016667,0.035514,0.006208
2023-01-18,-0.001654,0.003434,0.017652,0.003832,0.006991,0.005028,0.01417,-0.00253,0.024129,0.007224
2023-01-19,-0.001071,-0.004985,0.004153,-0.004206,-0.013569,-0.003853,-0.005859,-0.002705,0.002912,-0.00747
2023-01-20,-0.011893,-0.002965,0.010249,-0.008675,-0.038117,0.004849,-0.00978,0.003984,-0.010184,0.007376
2023-01-23,-0.005056,0.015402,0.007315,0.014716,0.018695,0.001551,0.010792,0.013931,-0.007311,0.009414
2023-01-24,-0.005905,0.006267,0.013388,0.002519,0.001579,-0.00109,0.003818,-0.010159,-0.011641,0.003553
2023-01-25,-0.013825,-0.001906,-0.027632,-0.005735,0.008402,-0.017743,0.001096,-0.043156,-0.014859,0.000885
2023-01-26,0.0,0.0,0.0,0.0,0.0,0.0,0.0,0.0,0.0,0.0
2023-01-27,-0.018971,-0.005452,-0.019925,-0.015457,-0.00389,-0.044546,-0.002576,-0.050554,-0.006828,0.019897
2023-01-30,0.009584,0.006625,-0.001021,0.012935,-0.016844,0.007709,-0.005552,-0.003241,-0.021738,-0.003468
2023-01-31,-0.0025,-0.021828,-0.006598,-0.003282,0.003349,0.0102,0.00013,0.028428,0.005443,0.021897
2023-02-01,-0.005926,0.014783,0.014999,0.011312,-0.00097,0.019293,-0.001558,-0.047245,0.009956,0.025685
2023-02-02,-0.005534,0.015271,-0.014869,0.02105,0.023541,0.011734,0.011247,0.001422,-0.000303,0.047593
2023-02-03,0.000881,0.006329,0.034584,0.009882,0.005275,0.006877,0.019479,0.030487,0.010094,0.005414
2023-02-06,-0.007535,-0.006418,-0.00425,-0.018476,-0.004209,-0.011692,-0.004603,0.002205,-0.004823,0.007225
2023-02-07,-0.002401,0.003642,0.001483,-0.004746,-0.0138,-0.001113,-0.004244,0.003117,0.004267,-0.026474
2023-02-08,0.01997,0.013693,-0.000121,0.017985,-0.007074,0.007446,-0.013742,0.004844,-0.01591,0.006162
2023-02-09,0.001743,0.005895,-0.002086,0.016661,0.00151,0.001979,-0.010902,0.00191,0.007767,-0.003462
2023-02-10,-0.008234,-0.000932,0.003968,-0.005226,-0.003557,-0.008074,0.006913,0.004085,0.00766,-0.007749
2023-02-13,-0.005692,-0.01559,0.000754,-0.025551,0.001358,-0.003748,-0.00434,-0.028117,0.018231,0.007675
2023-02-14,0.023565,0.005083,0.009256,0.01646,-0.000542,0.017222,0.008587,0.006233,-0.005288,0.032737
2023-02-15,0.022644,0.005871,-0.002031,0.002385,-0.012075,0.006356,0.013158,0.002589,-0.007574,0.005211
2023-02-16,-0.000781,0.010623,-0.003622,0.002974,-0.008378,-0.00155,-0.00121,-0.003965,0.001494,0.000916
2023-02-17,0.004177,-0.015992,-0.005017,-0.011237,-0.00459,-0.007821,-0.009752,-0.016849,0.022059,0.002222
2023-02-20,-0.010573,-0.003956,-0.009391,0.005462,-0.00161,-0.01223,0.003025,-0.011017,-0.000382,0.001695
2023-02-21,0.008159,-0.010409,0.003749,-0.008132,0.001871,0.002465,-0.000128,-0.003237,0.001775,-0.004687
2023-02-22,-0.022678,-0.014329,-0.019617,-0.011206,-0.008783,-0.017502,-0.008857,-0.013564,-0.015564,0.004186
2023-02-23,-0.004792,0.003601,-0.006783,-0.007107,-0.001363,0.000596,-0.011915,0.009006,-0.016221,0.009769
2023-02-24,0.006843,-0.00391,-0.00892,-3.2e-05,-0.00259,-6e-05,-0.007668,9.6e-05,-0.011625,-0.00645
2023-02-27,-0.006649,-0.020174,0.002486,-0.026666,-0.006461,0.019888,-0.005548,0.012763,-0.009536,-0.00753
2023-02-28,-0.019131,-0.005702,0.004206,-0.014411,-0.003039,-0.00181,-0.014145,-0.009286,-0.002152,-0.014391
2023-03-01,0.009192,0.02199,-0.000969,0.005714,0.002276,0.001696,0.010711,0.026588,0.002916,0.005309
2023-03-02,-0.007615,-0.018977,-0.00851,-0.015975,-0.00442,-0.002686,-0.013463,-0.005496,0.002978,-0.008318
2023-03-03,0.025515,0.006232,0.019849,0.004857,0.006374,0.017038,0.032833,0.051429,0.014352,0.02503
2023-03-06,0.009768,0.008887,0.007055,0.019029,0.005605,-0.000921,0.002878,0.000891,-0.005065,0.008313
2023-03-07,0.0,0.0,0.0,0.0,0.0,0.0,0.0,0.0,0.0,0.0
2023-03-08,0.003591,0.005501,0.001997,-0.009785,0.000101,0.005013,-6.5e-05,0.005519,0.013848,0.010949
2023-03-09,-0.024034,-0.015795,9.2e-05,-0.00824,-0.009537,-0.018518,0.008936,-0.010446,0.010319,-0.012487
2023-03-10,-0.015492,-0.001753,-0.025786,-0.005978,0.001645,-0.015538,0.000453,-0.020666,-0.016118,0.00129
2023-03-13,-0.016446,-0.014725,-0.012652,-0.02477,-0.004198,-0.016911,-0.010921,-0.031698,-0.011122,-0.011211
2023-03-14,-0.003743,-0.020415,-0.002678,-0.010522,-0.005152,0.002354,0.008493,-0.008679,0.00485,-0.010296
2023-03-15,-0.017092,-0.004992,-0.014351,-0.000246,-0.014883,-0.005359,-0.019629,-0.014941,0.015134,-0.00079
2023-03-16,-0.004984,-0.004345,0.006485,-0.010954,0.022131,-0.002422,-0.014141,0.013429,-0.001401,0.005403
2023-03-17,-0.001258,-0.00179,0.013371,0.011822,-0.004859,0.01499,0.015148,0.010105,0.01019,-0.015467
2023-03-20,-0.009829,-0.011323,-0.006931,-0.012001,0.026068,0.000239,-0.003235,-0.020007,-0.008289,0.008654
2023-03-21,0.031096,-0.011835,0.011333,-0.009226,-0.019353,0.019069,0.002849,0.005104,0.01419,-0.004884
2023-03-22,0.00304,0.007952,-0.002311,-0.001043,0.005584,0.009151,-0.00033,-0.000575,0.00249,0.002122
2023-03-23,-0.01265,-0.001964,-0.008028,-0.010581,0.003533,-0.005522,0.009052,-0.016873,-0.003297,0.007677
2023-03-24,-0.019797,-0.001328,-0.001599,0.004438,-0.00173,-0.003565,-0.001441,-0.014432,-0.018354,-0.005123
2023-03-27,0.015545,0.000577,0.004357,0.006011,0.007336,-0.004341,-0.000918,0.009498,-0.005609,0.003961
2023-03-28,0.00467,-0.00205,0.008134,-0.008171,-0.006483,0.007129,-0.01746,-0.004018,-0.009471,-0.001183
2023-03-29,-0.005916,0.007381,0.00481,0.004319,0.019353,-0.004387,-0.00648,0.016532,0.006491,0.0079
2023-03-30,0.0,0.0,0.0,0.0,0.0,0.0,0.0,0.0,0.0,0.0
2023-03-31,0.043115,0.021345,0.013698,0.032091,0.011656,0.030846,0.007262,0.014037,0.0078,0.00196
2023-04-03,0.000172,-0.00184,0.000621,-0.011975,-0.009471,0.007466,0.01542,0.005728,0.002749,-0.011995
2023-04-04,0.0,0.0,0.0,0.0,0.0,0.0,0.0,0.0,0.0,0.0
2023-04-05,-0.002402,0.012438,0.026823,0.009002,0.018394,0.000905,0.003813,-0.007119,0.040366,0.019794
2023-04-06,0.006707,-0.005896,0.007619,-0.001159,-0.006776,-0.010852,0.003275,0.008891,0.007308,0.002458
2023-04-07,0.0,0.0,0.0,0.0,0.0,0.0,0.0,0.0,0.0,0.0
2023-04-10,-0.00709,0.013258,-0.004741,0.004009,-0.012903,-0.007486,0.004961,-0.002559,0.015587,0.003098
2023-04-11,0.004947,-0.015199,0.002924,-0.015025,0.006161,0.015487,0.005716,0.01102,-0.00355,0.019174
2023-04-12,0.004409,0.008666,0.012986,0.015752,-0.007379,0.009355,-0.00394,-0.007329,-0.005648,-0.006187
2023-04-13,0.003771,-0.016288,0.004481,-0.027375,0.002867,0.009942,-0.005252,0.008993,-0.013,0.005209
2023-04-14,0.0,0.0,0.0,0.0,0.0,0.0,0.0,0.0,0.0,0.0
2023-04-17,0.005073,-0.015476,-0.015244,-0.094227,0.006171,0.002558,-0.009647,0.020734,-0.019812,0.011502
2023-04-18,-0.011447,-0.002787,-0.00423,0.000834,-0.004232,-0.004937,0.000132,0.003401,0.001174,-0.004124
2023-04-19,0.004978,-0.013144,0.003676,-0.021559,-0.003719,-0.005519,0.006449,-0.010168,0.001353,0.000627
2023-04-20,-0.00253,0.00492,0.003722,-0.007142,-0.015405,0.002803,0.010005,0.008329,0.005925,0.003887
2023-04-21,0.001258,0.018053,0.001615,0.003229,0.002146,-0.009783,-0.009193,-0.003029,-0.00786,0.01986
2023-04-24,0.003831,0.004413,0.008092,-0.000855,0.000721,0.021566,-0.006469,0.021081,0.006184,0.001102
2023-04-25,0.007655,0.000378,-0.014217,-0.001142,-0.00372,0.009616,0.016245,0.012982,0.008547,0.006973
2023-04-26,-0.005871,0.006974,0.004597,0.002163,0.008171,0.001642,0.0011,0.008099,0.012545,0.001701
2023-04-27,0.006329,-0.003189,0.005503,0.015233,-0.016668,0.003716,0.016872,-0.002825,0.012939,0.009096
2023-04-28,0.018279,0.009818,0.003926,0.005216,-0.004718,-0.000762,0.016275,0.023993,0.025503,0.022957
2023-05-01,0.0,0.0,0.0,0.0,0.0,0.0,0.0,0.0,0.0,0.0
2023-05-02,0.00849,4.7e-05,-0.000207,0.019717,-0.002279,0.004849,-0.011385,-0.005188,0.00848,-0.002585
2023-05-03,-0.008582,-0.012269,0.003497,-0.006497,0.01399,0.000813,-0.013794,-0.008343,-0.011806,0.006361
2023-05-04,0.011528,0.01283,0.020465,0.003467,0.008347,-0.001246,0.012575,0.016652,0.000255,-0.00597
2023-05-05,-0.002553,0.003105,-0.059121,-0.011346,-0.002393,0.005696,-0.002281,-0.006034,0.00874,0.009774
2023-05-08,0.012348,0.00616,0.011564,0.005163,0.006218,0.011813,0.008193,0.012316,-0.005089,0.006297
2023-05-09,0.003095,0.010044,3e-05,0.00403,-0.000199,-0.003732,-0.000189,-0.017306,0.003784,-0.017731
2023-05-10,0.006876,0.001081,0.004621,-0.005863,0.002743,0.001766,0.003087,-0.002267,-0.00417,0.003657
2023-05-11,-0.006529,-0.001415,0.000666,-0.00566,0.027629,0.003365,-0.009359,0.002185,-0.051725,-0.011637
2023-05-12,0.001633,-0.002392,0.008831,-0.008678,0.011958,0.005004,0.004248,0.008196,-0.009388,0.000119
2023-05-15,0.001972,-0.005879,0.004797,0.010561,0.014809,0.00196,0.00644,0.006486,0.011593,0.017481
2023-05-16,-0.014241,0.000952,-0.005734,0.004729,0.005127,0.000634,-0.01217,0.007561,-0.008746,-0.009
2023-05-17,-0.005909,-0.015177,-0.005372,-0.013763,-0.005288,-0.007397,0.006223,0.0,-0.003412,0.00861
2023-05-18,-0.002152,-0.002758,0.003998,-0.000722,-0.012849,0.007612,0.008962,-0.020638,-0.014147,-0.018475
2023-05-19,0.003245,0.007188,0.001155,0.018379,0.00529,0.008241,0.008006,0.001655,0.000845,0.000357
2023-05-22,0.005344,0.023535,-0.003552,0.018835,-0.001268,-0.004139,-0.00484,0.003477,0.012123,0.011671
2023-05-23,-0.000183,-0.0005,-0.002346,0.005608,-0.003715,0.003209,-0.00237,0.00771,-0.008549,0.010359
2023-05-24,-0.005826,0.001911,-0.013071,-0.001077,-0.005079,-0.013373,0.001813,0.001891,-0.005688,0.010136
2023-05-25,-0.000123,-0.002982,-0.003837,0.004389,-0.006769,-0.00085,0.026578,-0.002488,0.008947,0.017647
2023-05-26,0.027275,0.010748,0.003852,0.010043,0.021215,0.011544,-0.005774,0.008172,0.006237,0.005554
2023-05-29,0.005625,-0.002568,0.012192,-0.002315,-0.000773,-0.002682,0.004034,0.015358,0.00275,0.012399
2023-05-30,-0.000258,-0.00125,0.000764,0.00719,0.002358,0.001898,-0.003409,-0.003698,-0.006181,0.024283
2023-05-31,-0.019862,-0.008051,-0.015824,-0.004192,0.004141,-0.000842,0.038426,-0.002838,-0.002329,-0.00978
2023-06-01,-0.002692,0.010488,-0.004252,0.00091,0.011377,-0.013749,-0.025827,0.005001,0.000975,-0.013019
2023-06-02,-0.003268,-0.005536,0.001559,-0.002304,0.006968,0.00219,0.010327,0.007636,0.012116,0.008415
2023-06-05,0.008981,-0.005052,-0.001307,0.004234,-0.007693,0.009167,-0.002391,0.0,0.015104,-0.006202
2023-06-06,0.000848,-0.017209,-0.003116,-0.019548,-0.001725,-0.004912,-0.006052,-0.003151,0.004254,0.004879
2023-06-07,0.007583,0.013179,0.005189,0.007779,0.009308,-0.002017,0.017843,0.006577,0.016484,0.002597
2023-06-08,0.0006,-0.011741,0.000622,-0.004771,-0.013364,-0.002446,-0.009772,-0.001188,0.01071,-0.002365
2023-06-09,-0.007081,-0.008389,0.001181,-0.013135,-0.016307,0.00016,-0.00299,-0.016652,0.009699,-0.010047
2023-06-12,0.000886,0.011716,-0.006085,0.020538,0.00275,-0.002239,0.003419,-8.6e-05,-0.009754,-0.003421
2023-06-13,0.014774,-0.000986,0.001687,0.009985,0.012276,0.00812,-0.002391,-0.003888,0.006175,0.019339
2023-06-14,0.012297,0.002266,-0.001091,-0.00341,0.008539,-0.003974,-0.007671,0.00026,0.000276,-0.002021
2023-06-15,0.000274,-0.003331,-0.012299,-0.010458,-0.003353,-0.014046,0.002114,-0.017431,0.002654,0.008099
2023-06-16,0.009736,-0.012872,0.013084,0.003769,0.009648,0.008202,0.009762,0.008385,0.002329,0.011158
2023-06-19,-0.009933,0.011181,0.000874,0.001819,-0.003861,-0.011828,-0.011518,-0.004201,-0.00019,0.001103
2023-06-20,0.002077,0.005389,0.002088,0.007264,-0.002665,0.0026,0.003683,-0.002549,0.006614,-0.001653
2023-06-21,0.002816,0.009449,0.01748,-0.003107,0.000187,-0.000918,0.009384,-0.001851,0.005227,-0.012808
2023-06-22,-0.011231,-0.006046,0.004891,-0.013699,-0.008313,0.001136,0.004529,-0.006003,0.009104,0.001342
2023-06-23,-0.008184,-0.00684,-6.1e-05,-0.012914,-0.004803,-0.002431,0.014238,-0.014833,-0.01105,-0.006478
2023-06-26,-0.007635,-0.008301,-0.004837,0.004229,0.003975,0.004277,-0.003334,0.004418,-0.005022,0.002136
2023-06-27,0.000361,0.002414,0.014093,0.006927,-0.000283,0.009327,0.0152,0.016246,0.004416,-0.001346
2023-06-28,0.013239,0.005661,0.010581,0.011101,0.003734,0.001442,0.00844,0.006536,0.013986,0.009548
2023-06-29,0.0,0.0,0.0,0.0,0.0,0.0,0.0,0.0,0.0,0.0
2023-06-30,0.008203,0.026995,0.015064,0.03259,0.00635,-0.00304,0.00751,0.005353,0.022342,0.005007
2023-07-03,0.025664,-0.009069,0.010815,-0.001348,0.008551,0.008506,0.000455,0.021995,-0.008685,0.025797
2023-07-04,-0.010303,0.011169,0.004884,0.008585,-0.000389,0.002281,-0.015924,0.006491,0.003178,0.006692
2023-07-05,-0.001642,0.003355,-0.031767,0.001598,0.020685,0.014079,0.001734,0.002291,0.003635,0.018763
2023-07-06,0.02099,0.000889,0.001016,-0.002524,0.000453,0.001461,0.003462,0.003217,0.007204,-0.002526
2023-07-07,-0.001952,0.001911,-0.008716,-0.010194,-0.021399,-0.01355,0.00092,0.001857,-0.015772,-0.011606
2023-07-10,0.038521,-0.017211,-0.002379,-0.000789,-0.0154,0.002113,0.017175,-0.001685,-0.004328,-0.005444
2023-07-11,0.010841,0.000138,-0.00486,0.014633,0.010521,-0.003638,0.007341,-0.006834,0.01468,0.01567
2023-07-12,0.001103,-0.00382,-0.009373,-0.011345,-0.004042,-0.000582,-0.002186,0.001189,-0.007921,-0.001796
2023-07-13,-0.008942,0.02474,0.004991,0.02385,-0.007088,0.011965,-0.005506,-0.006109,-0.001955,-0.000635
2023-07-14,-0.000838,0.052117,0.002072,0.044575,0.008363,0.004552,0.001638,-0.002134,0.00902,0.001907
2023-07-17,0.020433,-0.00653,0.020918,-0.002104,0.001793,0.00901,-0.009475,0.028576,-0.001395,-0.001163
2023-07-18,0.008492,0.001475,-0.000834,0.036719,0.00041,0.006968,-0.003018,-0.014557,0.00239,0.000318
2023-07-19,0.007588,-0.007664,0.004531,-0.000169,-0.004175,-0.00205,-0.005369,0.015363,0.00786,0.013439
2023-07-20,-0.001211,0.00065,0.002166,-0.017255,0.011847,0.022754,0.016193,0.014299,-0.001784,0.027775
2023-07-21,-0.030956,-0.027431,-0.007698,-0.081338,-0.036715,0.001406,0.0013,0.008278,0.03878,-0.003454
2023-07-24,-0.020227,0.007853,0.001581,0.003755,-0.009121,-0.005015,0.002427,0.004146,0.007347,-0.038944
2023-07-25,-0.000643,0.001296,0.010844,-0.001496,-0.00469,0.002722,-0.005067,-0.013033,-0.017023,-0.0192
2023-07-26,0.016252,-0.003192,-0.003478,0.010677,0.005899,0.001759,0.006507,0.009104,0.033328,0.021523
2023-07-27,-0.009302,0.002538,-0.01038,0.003188,-0.005206,-0.006222,0.006465,0.002276,0.005272,-0.015246
2023-07-28,0.010049,-0.012217,-0.017721,-0.009349,0.00574,0.006009,-5.6e-05,-0.000811,-0.004003,0.007311
2023-07-31,0.008466,0.019685,0.004685,0.011339,-0.009209,0.002108,-0.005809,0.006737,0.012002,-0.00587
2023-08-01,-0.014141,0.008944,0.006692,0.007007,-0.003788,-0.003756,0.001966,-0.013464,-0.005482,-0.001932
2023-08-02,-0.010684,-0.003302,-0.013085,-0.006116,0.006997,-0.007642,-0.015197,-0.021901,-0.005499,-0.010112
2023-08-03,-0.004203,-0.011829,-0.007223,0.005491,-0.00687,-0.02224,-0.007288,-0.013284,-0.009172,-0.008802
2023-08-04,0.013591,0.012824,0.01446,0.010299,-0.002078,0.005699,0.020592,-0.029128,0.011085,-0.002412
2023-08-07,0.005698,0.011761,-0.000575,0.010629,0.009112,0.005307,0.001967,-0.009419,0.003426,-0.00011
2023-08-08,-0.006023,-0.00386,-0.000818,-0.00201,-0.001304,0.004356,-0.006731,0.009156,-0.001404,-0.005606
2023-08-09,0.006597,-0.002334,0.000364,0.003021,-0.00532,0.000823,-0.00192,0.001134,0.00737,0.013927
2023-08-10,0.004455,-0.005892,-0.008876,-0.003801,-0.006073,-0.008841,-0.010071,-0.000174,-0.003055,-0.015044
2023-08-11,0.004218,0.001946,-0.010423,-0.012418,-0.013758,-0.011669,-0.000287,0.000872,-0.001891,-0.006641
2023-08-14,0.011817,0.000305,-0.00488,0.015818,0.012511,0.007032,-0.00402,-0.023252,0.008111,0.001003
2023-08-15,0.0,0.0,0.0,0.0,0.0,0.0,0.0,0.0,0.0,0.0
2023-08-16,-0.000815,0.002478,-0.002918,0.017904,0.007698,-0.003178,-0.011649,0.008113,0.011711,0.002337
2023-08-17,-0.014426,-0.006549,-0.005541,-0.0049,-0.003663,-0.005071,-0.000292,0.012028,-0.014325,-0.020544
2023-08-18,0.007407,-0.019981,-0.004101,-0.016117,0.004522,-0.001051,-0.000525,0.001398,-0.003978,0.001474
2023-08-21,-0.010911,0.010261,-0.000786,0.011953,0.003131,0.004786,0.018336,-0.002182,0.007684,0.013925
2023-08-22,-0.000238,-0.005733,-0.004278,-0.001174,0.00119,-0.00335,0.006537,-0.005597,0.006217,0.014404
2023-08-23,0.001111,0.00476,0.002464,0.002992,0.003215,0.015599,-0.010824,0.014776,0.014484,-0.008365
2023-08-24,-0.016811,-0.00309,-0.004601,0.011116,0.002797,0.002172,0.001497,8.7e-05,-0.010837,0.000999
2023-08-25,-0.004617,-0.001904,-0.011271,-0.002459,-0.006857,0.001496,0.004658,-0.012133,-0.018507,-0.016744
2023-08-28,-0.009966,-0.0017,0.010407,-0.003134,-0.003062,0.000155,-0.003606,0.005088,0.021585,-0.004398
2023-08-29,-0.009575,0.000178,0.007954,0.001413,-0.011563,-0.002885,-0.017407,0.003491,0.008756,-0.002945
2023-08-30,-0.00095,0.004384,-0.007294,0.012344,0.002296,-0.009145,0.002982,-0.01296,-0.003659,0.006135
2023-08-31,-0.00457,-0.010071,-0.004592,0.000209,-0.010624,-0.000156,-0.001574,-0.010663,-0.002326,-0.007001
2023-09-01,0.002347,0.006673,0.002068,0.005852,-0.0001,0.010378,0.011151,0.014608,-0.000222,0.00307
2023-09-04,-0.000808,0.01163,0.006255,0.014718,-0.001357,-0.001394,-0.000751,0.010535,0.003331,-0.008049
2023-09-05,0.005351,0.003174,-0.00609,0.009419,0.002259,0.001085,0.000693,-0.004431,0.008059,0.0128
2023-09-06,0.002104,0.00016,0.01308,-0.00098,0.006561,-0.011256,0.01663,-0.004363,-0.000915,0.009817
2023-09-07,0.001359,0.007391,0.009621,-0.007615,-0.00636,0.008512,-0.00568,0.014987,0.042465,-0.003464
2023-09-08,0.006661,-0.003864,0.007791,0.002319,0.002532,0.005074,0.012053,0.007599,0.019393,-0.007289
2023-09-11,0.010783,0.011258,0.005174,0.004661,0.008931,0.007934,0.005588,0.01414,-0.00255,0.010279
2023-09-12,-0.014447,0.028773,0.003125,0.016695,-0.014746,0.012522,-0.000449,-0.005662,0.017242,0.008833
2023-09-13,0.005002,-0.003617,0.004276,-0.001832,0.003081,-0.000707,0.027796,0.013767,-0.012686,0.005209
2023-09-14,0.000918,-0.002186,-0.000608,0.00574,-0.002294,-0.002122,-0.000219,0.001425,0.004077,-0.007828
2023-09-15,0.001855,0.010744,0.011474,0.003086,-0.012436,0.004809,0.023171,0.002511,-0.003443,-0.003556
2023-09-18,-0.008707,0.002182,-0.019678,-0.013099,0.007673,-0.002267,-0.017038,0.008601,0.003885,0.008252
2023-09-19,0.0,0.0,0.0,0.0,0.0,0.0,0.0,0.0,0.0,0.0
2023-09-20,-0.022287,-2.8e-05,-0.040116,-0.001039,-0.00876,-0.00308,-0.010324,-0.004719,-0.010223,0.001991
2023-09-21,-0.007283,-0.005754,-0.006619,0.007717,0.002635,-0.028213,0.007961,-0.021544,0.003235,-0.012032
2023-09-22,-0.004165,0.005118,-0.015257,-0.003729,0.003679,-0.009382,-0.007135,0.017002,0.006605,-0.009832
2023-09-25,-0.006157,-0.007354,0.000882,-0.014704,-0.002658,0.006366,-0.001097,-0.006855,-0.005482,-0.001128
2023-09-26,0.000876,0.00239,0.004344,-0.009158,0.001252,-0.007999,0.002526,0.000589,0.003463,-0.000339
2023-09-27,0.01127,0.001004,-0.007024,0.004347,0.009198,-0.005903,0.008272,-0.007823,0.018026,0.015143
2023-09-28,-0.01469,-0.014641,-0.002063,-0.01878,-0.016549,-0.00053,0.005868,0.000339,0.01516,-0.018702
2023-09-29,0.00467,-0.002304,0.001706,-0.002779,0.002134,0.009866,0.00081,0.014577,0.004502,0.008281
2023-10-02,0.0,0.0,0.0,0.0,0.0,0.0,0.0,0.0,0.0,0.0
2023-10-03,-0.01145,-0.00418,-0.011957,-0.00101,0.001338,-0.012186,-0.001187,0.007351,0.016438,-0.010463
2023-10-04,-0.001725,0.006801,0.014257,0.007218,0.015776,-0.010901,-0.001135,-0.027697,-0.014805,-0.0083
2023-10-05,-2.2e-05,0.014586,0.004053,0.013224,0.004665,0.011612,0.004977,0.010064,0.022558,-0.000115
2023-10-06,0.001685,0.008929,-0.001107,0.010421,-0.007997,0.004624,-0.003014,0.003546,-0.000759,0.013989
2023-10-09,-0.00852,0.004681,-0.011603,-0.002198,0.004761,-0.006983,-0.00162,-0.015398,-0.006142,-0.003845
2023-10-10,0.004416,-0.002597,0.005672,0.013352,0.001951,0.013424,0.025742,0.011195,0.000423,0.008968
2023-10-11,0.015877,-0.005236,0.009673,-0.000502,0.015976,0.001997,0.007645,-0.005578,0.004129,0.008664
2023-10-12,0.001855,-0.018657,0.006657,-0.019339,0.000235,0.001207,-0.005494,-0.003909,-0.00225,0.005466
2023-10-13,-4.2e-05,0.007989,-0.009098,-0.023439,0.004869,-0.003091,0.004051,-0.016893,0.002547,-0.005214
2023-10-16,-0.002235,-0.013106,-0.004005,0.002096,-0.004339,0.000105,-0.008017,-0.000868,0.003981,0.001338
2023-10-17,0.004778,-0.004824,0.007584,0.005787,-0.00084,0.002628,0.007501,0.00139,-0.011477,0.010023
2023-10-18,-0.013268,-0.005646,-0.013918,-0.001317,-0.003091,-0.01064,-0.000839,-0.006592,-0.006751,-0.00397
2023-10-19,-0.007681,-0.006498,-0.003159,-0.00479,-5.9e-05,-0.008477,-0.01039,-0.002532,0.002889,-0.002768
2023-10-20,-0.003057,0.011257,0.005182,-0.004464,-0.02078,-0.003206,0.002386,-0.014181,-0.013767,-0.026865
2023-10-23,-0.015615,-0.024152,-0.010999,-0.013032,-0.004669,-0.003002,-0.006242,-0.018025,-0.017943,-0.005476
2023-10-24,0.0,0.0,0.0,0.0,0.0,0.0,0.0,0.0,0.0,0.0
2023-10-25,-0.00232,-0.00588,-0.006341,-0.014813,-0.002496,-0.014893,-0.017779,0.005878,-0.014265,-0.007341
2023-10-26,-0.013928,-0.015737,-0.022118,-0.007737,-0.000363,-0.008132,-0.018535,-0.016541,-0.017661,0.003813
2023-10-27,0.017651,0.004255,0.003929,0.015374,0.002282,0.004512,0.01005,0.025869,0.013021,-0.001381
2023-10-30,0.020611,0.008237,0.010857,-0.002391,-0.001269,0.013311,0.012738,0.007217,0.008426,-0.007608
2023-10-31,-0.010638,-0.002901,-0.005791,-0.006282,0.002057,-0.010326,-0.012794,0.000619,0.000923,-0.004762
2023-11-01,0.004152,-0.01131,-0.001355,-0.010414,-0.00473,-0.00142,-0.001039,0.001503,-0.011522,-0.0007
2023-11-02,0.009924,0.008842,0.001526,0.011816,0.013263,0.006455,0.011385,0.010063,0.007875,0.007124
2023-11-03,-0.000216,-0.002738,0.00474,0.013794,0.009028,0.015055,0.007469,0.010575,-0.002347,0.004871
2023-11-06,0.00832,0.008759,0.007245,0.010259,-0.004723,0.012476,0.009079,-0.006573,0.022052,0.004847
2023-11-07,-0.006499,-0.002899,-0.004851,0.000713,-0.00038,0.002803,-0.002183,0.009402,-0.004756,-0.006087
2023-11-08,0.005207,0.003293,0.002891,-0.009471,0.009173,-0.013026,-0.000427,0.000949,0.01187,0.009822
2023-11-09,-0.010852,-0.010084,-0.003956,-0.011646,-0.016929,0.00171,-0.004697,-0.00336,0.009478,-0.005836
2023-11-10,0.001883,-0.004182,0.003938,-0.004328,0.003977,0.001334,0.003379,0.001988,0.002777,0.004949
2023-11-13,-0.00013,-0.00057,-0.00181,0.003434,-0.003378,-0.004421,-0.000534,0.003192,0.005028,-0.00126
2023-11-14,0.0,0.0,0.0,0.0,0.0,0.0,0.0,0.0,0.0,0.0
2023-11-15,0.018081,0.021837,0.010478,0.026901,0.003329,0.007116,0.016043,0.005763,0.005396,0.013647
2023-11-16,0.001804,0.02748,0.002626,0.024388,0.00193,-0.005419,-0.000474,-8.6e-05,-0.004503,-0.007467
2023-11-17,-0.002182,0.001315,-0.002155,-0.005087,0.015093,-0.015118,-0.00237,-0.036945,0.01896,0.001368
2023-11-20,-0.002632,0.004897,6.6e-05,-0.000661,-0.008838,-0.000434,0.014885,0.001243,-0.006497,-0.005578
2023-11-21,0.012578,-0.002671,0.008471,0.001671,-0.000479,0.005046,0.009829,-0.003991,-0.004516,-0.001259
2023-11-22,0.003909,0.005683,-0.003557,0.013065,0.006646,-0.003617,-0.001133,-0.004541,0.002423,0.007908
2023-11-23,0.003057,-0.006203,0.005785,-0.005865,-0.000793,0.000271,0.007115,0.001789,-0.011891,0.001478
2023-11-24,-0.000668,-0.01458,0.007099,-0.008177,-0.001865,0.006934,-0.003584,0.000714,0.002824,-0.005791
2023-11-27,0.0,0.0,0.0,0.0,0.0,0.0,0.0,0.0,0.0,0.0
2023-11-28,0.000209,0.003775,-0.002252,0.003687,-0.001849,-0.004196,0.012074,0.007317,-0.001391,-0.005825
2023-11-29,0.002631,0.012564,0.019952,0.011714,0.005776,0.015235,0.010661,0.007352,0.011066,0.00448
2023-11-30,-0.009685,-0.007442,-0.000224,-0.003049,0.008119,-0.004949,0.019389,-0.006771,0.008253,-0.003202
2023-12-01,0.007087,0.006896,-0.002181,-0.001958,0.00711,0.012567,0.0,0.012395,0.026196,0.032125
2023-12-04,0.010817,0.000228,0.034718,0.008297,0.015076,0.047005,0.017936,0.04014,0.038519,0.009449
2023-12-05,0.007252,0.005452,0.008885,-0.007102,-0.015006,0.022448,-0.001743,0.022785,0.000573,-0.005066
2023-12-06,0.009579,0.020529,0.002525,0.013996,0.001717,-0.010065,-0.00645,0.000329,0.023179,0.025457
2023-12-07,-0.001646,0.002997,0.001628,-0.005698,-0.019239,-0.004236,-0.023866,0.005341,-0.010819,-0.011117
2023-12-08,-0.000529,0.003264,0.013953,0.017225,0.001608,0.011862,0.00025,0.004005,0.00681,-0.019537
2023-12-11,0.001466,0.004467,-0.001331,-0.001777,-0.007394,0.006183,0.0006,0.000163,0.002175,0.007347
2023-12-12,-0.014353,0.008016,-0.009933,-0.008364,-0.000359,-0.001376,-0.005595,-0.003012,-0.012818,0.001437
2023-12-13,0.004084,-0.021391,-0.002264,-0.018326,0.003656,-0.001772,0.004672,0.012165,0.017173,0.005628
2023-12-14,0.012408,0.020509,0.011803,0.036197,0.001772,0.019479,0.005301,0.006131,0.009795,0.009766
2023-12-15,0.012763,0.052832,0.003878,0.051251,0.002603,0.003628,-0.012585,0.039445,0.015991,-0.00413
2023-12-18,0.010178,-0.000466,-0.000513,-0.008901,0.004994,-0.015375,-0.002317,0.000386,0.001032,-0.014295
2023-12-19,0.014716,-0.011142,-0.001691,-0.003867,0.009939,-0.005874,-0.001818,0.01064,0.002105,0.009853
2023-12-20,-0.012099,-0.009473,0.00248,-0.014054,-0.00125,-0.008666,-0.017098,-0.028914,-0.022993,-0.011182
2023-12-21,0.014008,0.001971,0.017924,-0.00026,-0.001681,-0.002235,0.006536,0.01147,0.001653,0.000998
2023-12-22,0.000976,0.009637,-0.009397,0.017513,0.008773,-0.010056,0.011913,-0.010874,0.015712,0.008307
2023-12-25,0.0,0.0,0.0,0.0,0.0,0.0,0.0,0.0,0.0,0.0
2023-12-26,0.005068,-0.00744,0.006943,-0.012125,0.003553,0.000805,0.010409,0.002042,0.003479,0.002746
2023-12-27,0.003413,0.004123,0.012393,0.014994,0.009111,0.007185,0.021353,0.016456,0.015458,0.001424
2023-12-28,0.007229,-0.002965,0.001145,-0.00284,0.009777,0.003642,0.015178,0.004394,-0.007322,0.015314
2023-12-29,-0.007906,-0.00171,0.002346,-0.012639,0.011447,-0.009246,-0.004341,-0.014354,0.00226,-0.004309
2024-01-01,0.00205,0.004666,-0.006523,0.005477,-0.003454,0.00281,-0.018553,-0.00109,-0.000156,0.012876
2024-01-02,0.008281,-0.007321,0.000589,-0.010926,-0.015425,-0.01716,0.008539,-0.002962,-0.024777,0.004914
2024-01-03,-0.010874,-0.024173,-0.01542,-0.028936,-0.002774,0.001832,0.013213,0.006255,0.000654,0.01467
2024-01-04,0.005168,-0.006758,0.01073,0.015235,-0.005371,0.00315,0.012268,-0.001088,0.005334,-0.001781
2024-01-05,0.004256,0.01939,-0.005116,0.013122,0.010607,0.006635,-0.00124,-0.001245,0.018273,-0.005143
2024-01-08,-0.007804,-0.015945,-0.011146,-0.006362,-0.015954,-0.011774,0.002341,-0.023289,-0.005906,-0.017829
2024-01-09,-0.002648,0.003154,-0.007785,0.004268,0.000582,-0.002291,0.014728,-0.002552,0.015666,-0.002041
2024-01-10,0.026972,0.006274,0.003302,-0.006147,-0.000911,0.013575,-0.001691,-0.005836,-0.002939,-0.002691
2024-01-11,0.026301,0.00606,-0.004197,-0.016909,-0.015985,-0.001913,0.000141,-0.002493,-0.011465,-0.001403
2024-01-12,0.00796,0.039418,-0.00473,0.07934,0.003075,0.01246,0.012702,0.021606,0.018246,0.008754
2024-01-15,0.017071,0.005409,0.019254,0.024399,0.011478,0.006328,0.024202,0.010259,-0.007215,0.001928
2024-01-16,-0.013987,-0.010887,0.003796,-0.012439,-0.001593,-0.000792,-0.005896,-0.004999,0.008594,0.010051
2024-01-17,-0.009493,0.006034,-0.084358,0.005302,-0.002413,-0.027055,-0.009718,-0.017114,-0.000714,-0.012069
2024-01-18,0.004682,0.004634,-0.033398,0.001463,-0.005814,0.004685,0.001659,0.003674,0.007015,-0.002357
2024-01-19,-0.000366,0.017404,-0.01043,0.010106,0.006829,0.013028,0.034911,-0.000875,0.013904,0.012889
2024-01-22,0.0,0.0,0.0,0.0,0.0,0.0,0.0,0.0,0.0,0.0
2024-01-23,-0.028429,-0.021506,-0.029443,-0.010276,-0.074004,0.029874,0.029333,-0.036081,-0.026056,-0.025875
2024-01-24,0.011516,-0.004264,0.020002,0.020248,0.027825,-0.029007,0.027591,0.021815,0.010758,0.009362
2024-01-25,0.006846,-0.008199,-0.014424,-0.00376,-0.005468,0.010759,-0.024707,-0.008976,0.001184,-0.017148
2024-01-26,0.0,0.0,0.0,0.0,0.0,0.0,0.0,0.0,0.0,0.0
2024-01-29,0.070192,-0.002441,0.013764,-0.007489,0.00663,0.006386,0.001379,0.016646,0.031877,-0.012839
2024-01-30,-0.027917,-0.000118,-0.007115,-0.003109,0.00583,0.000492,-0.003012,0.0061,-0.020146,-0.026123
2024-01-31,0.013498,0.004052,0.012636,0.005722,0.009314,0.011063,0.0104,0.021939,-0.042262,0.00799
2024-02-01,1.8e-05,0.010011,0.002598,-0.002318,-0.003204,-0.002918,-0.016657,0.011163,-0.023493,0.003058
2024-02-02,0.021764,0.029099,-0.013776,0.021906,-0.00849,-0.001122,-0.000347,0.003088,-0.00646,-0.006322
2024-02-05,-0.012811,0.001765,-0.000899,-0.003632,-0.013496,-0.000488,-0.032369,-0.010313,-0.01016,-0.004658
2024-02-06,-0.0078,0.040948,-0.000519,0.025041,0.002831,0.002833,0.01841,0.011354,0.024688,-0.015181
2024-02-07,0.01005,-0.012718,-0.009799,-0.020642,-0.000371,-0.004141,0.00022,0.038447,-0.00863,0.000927
2024-02-08,0.00553,0.012416,-0.018812,-0.000974,-0.003463,-0.032138,0.006921,0.035987,-0.017439,-0.025298
2024-02-09,0.007327,-9.7e-05,0.000392,-0.013445,0.002937,0.021632,-0.019174,0.036738,-0.003283,0.002292
2024-02-12,-0.00575,-0.003145,-0.009689,0.00644,-0.015882,-0.014446,-0.001384,-0.023923,-0.00752,-0.020818
2024-02-13,0.008779,0.006989,0.003201,0.002649,0.0035,0.023793,-0.00076,0.00784,0.006652,-0.000246
2024-02-14,0.011109,-0.011905,-0.007458,-0.010893,-0.002527,0.002844,-0.001789,0.041979,-0.003763,0.011801
2024-02-15,-0.007274,0.000756,0.021675,0.006092,-0.015536,-0.005916,0.004347,0.024617,-0.002629,-0.018588
2024-02-16,-0.006817,0.006117,0.004137,0.015092,0.010379,0.006492,-0.000625,-0.00919,0.026195,0.001733
2024-02-19,0.009192,-0.005935,-0.001972,-0.001116,0.00501,0.020034,0.019821,0.006029,-0.013848,0.011493
2024-02-20,-0.002018,-0.017825,0.026251,-0.008531,0.007101,0.00479,0.001532,0.00112,0.00506,-0.007697
2024-02-21,-0.00226,-0.009713,-0.010417,-0.017623,0.001248,0.003051,-0.00354,0.014998,-0.017979,-0.006772
2024-02-22,0.009573,0.023951,-0.013619,0.015584,-0.007893,0.010219,-0.003816,-0.007259,0.020431,0.02752
2024-02-23,0.008014,-0.008564,0.00074,-0.002676,0.002512,-0.001317,-0.00863,-0.008944,0.007194,-0.007359
2024-02-26,-0.004218,-0.012598,0.001197,-0.009959,0.00424,-0.00669,-0.013946,-0.000197,0.024262,-0.005348
2024-02-27,-0.001126,0.025831,-0.001512,0.002078,0.000437,0.005692,0.01572,-0.011925,0.010461,0.004765
2024-02-28,-0.02021,0.003545,-0.00757,0.004599,0.006756,-0.013205,0.001109,-0.009802,-0.010338,-0.006932
2024-02-29,0.003555,-0.00579,-0.004257,0.001586,-0.00382,0.005735,-0.004784,0.007542,0.002118,-0.004898
2024-03-01,0.021444,-0.000183,0.019488,-0.01147,-0.001078,0.032979,0.004763,0.028138,0.044845,0.007876
2024-03-04,0.010237,-0.003334,0.001363,-0.010576,0.005104,0.005014,0.004253,0.00377,0.003014,-0.000977
2024-03-05,-0.004776,-0.016811,0.005689,-0.018752,-0.009145,-0.003936,0.031231,0.015414,-0.008739,-0.007211
2024-03-06,0.001866,0.013011,0.001215,0.006878,0.000396,0.008318,0.021216,-6.4e-05,0.008193,0.004186
2024-03-07,-0.016018,0.0109,0.002426,-0.00068,0.00781,-0.00834,0.005026,0.005294,0.009541,0.013976
2024-03-08,0.0,0.0,0.0,0.0,0.0,0.0,0.0,0.0,0.0,0.0
2024-03-11,-0.008334,0.003347,-0.012655,-0.009805,-0.012275,-0.008502,-0.002584,-0.018209,-0.009886,-0.010035
2024-03-12,0.006017,0.016956,0.022237,0.007716,-0.004896,-0.001715,0.006393,-0.018095,-0.005205,-0.012091
2024-03-13,-0.029314,-0.010317,0.000582,-0.000961,-0.027563,0.006593,-0.029479,-0.016388,-0.022945,0.044505
2024-03-14,-0.000489,0.014124,-0.00339,0.026002,0.009513,-0.000323,0.022118,-0.008297,0.019683,-0.006628
2024-03-15,-0.009256,0.002769,-0.001924,-0.011674,-0.002956,-0.002999,0.021262,-0.012347,-0.019691,-0.001311
2024-03-18,0.014984,-0.01582,-0.004543,-0.019186,-0.011922,0.000787,0.004344,-0.001298,0.006799,-0.003937
2024-03-19,-0.009882,-0.042192,0.002282,-0.025708,-0.014348,0.002543,0.002489,-0.009782,-0.016708,-0.018924
2024-03-20,0.01298,-0.001609,-0.012626,-0.004163,-0.011028,0.000508,0.002809,0.017201,0.002285,0.015017
2024-03-21,0.005004,0.000516,0.010272,-0.000161,0.000179,-0.00249,-0.00893,0.010934,0.014332,0.013351
2024-03-22,0.002791,-0.015618,-0.002006,-0.029491,0.006333,0.007857,0.012533,0.003225,0.016236,0.017448
2024-03-25,0.0,0.0,0.0,0.0,0.0,0.0,0.0,0.0,0.0,0.0
2024-03-26,-0.009244,-0.00854,-0.012094,-0.010737,-0.007334,-0.006053,-0.018607,-0.008906,0.014456,-0.002217
2024-03-27,0.035569,-0.009439,0.010734,-0.005896,-0.000134,4.6e-05,0.009645,-0.009121,0.009891,0.000818
2024-03-28,-0.004689,0.009217,0.004998,0.00957,0.011006,0.008812,0.003103,0.025978,0.015514,0.000818
2024-03-29,0.0,0.0,0.0,0.0,0.0,0.0,0.0,0.0,0.0,0.0
2024-04-01,-0.000724,0.010435,0.015609,-0.001736,0.009517,0.005808,-0.009157,0.007909,0.019687,-0.003852
2024-04-02,0.001465,-0.008413,0.006562,-0.008425,0.00035,-0.016778,-0.007475,0.010682,-0.007973,-0.001992
2024-04-03,-0.010323,0.01635,0.001453,-0.001484,-0.009402,-0.0037,0.014442,0.006067,-0.006553,-0.001526
2024-04-04,-0.005895,0.014187,0.030561,0.004086,-0.00011,0.001532,-0.015379,-0.015239,0.004071,-0.005762
2024-04-05,-0.001931,-0.006008,0.014369,-0.005112,0.000883,0.004218,-0.013133,0.007178,-0.014416,0.011354
2024-04-08,0.017721,-0.001684,-0.001904,-0.001623,0.000882,0.003461,0.011503,0.004642,0.017299,0.003625
2024-04-09,-0.015024,-0.006545,0.001261,0.012291,-0.002115,0.018305,-0.000208,-0.005336,-0.005935,-0.006409
2024-04-10,0.01088,0.009654,-0.007878,0.007994,-0.001435,0.002123,0.020715,0.019432,-0.008467,0.024862
2024-04-11,0.0,0.0,0.0,0.0,0.0,0.0,0.0,0.0,0.0,0.0
2024-04-12,-0.008398,0.004204,-0.011326,-0.014634,-0.01265,-0.004507,-0.003132,-0.016366,-0.019703,-0.015677
2024-04-15,-0.001585,-0.015045,-0.015965,-0.01118,-0.017135,-0.023587,-0.000816,-0.011484,-0.021322,-0.009765
2024-04-16,0.000631,-0.017355,0.009734,-0.036577,0.012192,-0.010479,-0.006615,-0.007657,-0.015927,0.0
2024-04-17,0.0,0.0,0.0,0.0,0.0,0.0,0.0,0.0,0.0,0.0
2024-04-18,-0.000972,-0.002789,-0.009641,0.003393,-0.002702,-0.010871,0.040528,-0.009179,0.002117,-0.016553
2024-04-19,0.003961,-0.00927,0.024487,-0.005637,0.007585,0.01118,0.018369,0.007586,-0.009181,0.014086
2024-04-22,0.006615,0.010036,-0.012473,0.015235,0.004436,0.018178,0.006633,0.020854,0.026816,0.001295
2024-04-23,-0.01387,0.002613,-0.003042,0.006735,0.00948,0.003313,0.034527,0.009007,-0.000706,0.00917
2024-04-24,-0.00627,-0.011266,0.002719,-0.008077,-0.001105,0.005962,-0.004432,0.000129,0.006842,-0.000699
2024-04-25,0.006758,0.005521,-0.000628,0.005382,-0.013007,0.0155,0.001721,0.051222,0.004801,0.020168
2024-04-26,-0.005086,-0.008008,-0.000629,-0.005701,-0.003676,-0.005252,-0.009487,-0.014027,-0.012896,0.005599
2024-04-29,0.008588,0.012783,0.013048,0.003146,0.001552,0.047161,0.004864,0.031449,0.008072,-0.004091
2024-04-30,0.001348,-0.012803,-0.006146,-0.009897,0.001954,-0.008404,-0.007618,-0.000302,-0.011006,-0.005819
2024-05-01,0.0,0.0,0.0,0.0,0.0,0.0,0.0,0.0,0.0,0.0
2024-05-02,-0.000307,0.011163,0.007993,-0.004294,-0.00186,-0.009518,-0.013802,0.004599,0.001447,0.00769
2024-05-03,-0.022195,-0.005151,-0.008256,0.001308,-0.004155,0.002282,-0.020436,0.001687,-0.027698,-0.005809
2024-05-06,-0.010094,0.020204,0.002007,0.006778,0.017659,0.003721,0.004697,-0.028444,-0.010429,-0.003895
2024-05-07,-0.012716,0.014766,-0.010836,0.010555,0.054605,-0.012562,0.002143,-0.007304,-0.010265,0.012881
2024-05-08,0.012184,-0.000503,-0.015603,-0.009473,-0.016117,-0.007863,0.001905,0.011099,0.017242,0.001476
2024-05-09,-0.017218,-0.004212,-0.023708,0.008583,-0.006578,-0.006501,-0.010205,0.0111,-0.060628,-0.036054
2024-05-10,0.00954,-0.016742,0.006933,-0.010177,0.015867,0.00121,0.02015,-0.002988,-0.001221,0.019407
2024-05-13,-0.003357,0.013842,0.012066,-0.001018,-0.000804,0.009803,-0.011682,-0.010461,0.006847,-0.003461
2024-05-14,0.012387,-0.011804,0.003917,0.000878,-0.004681,-0.006605,-0.001283,0.011622,0.025988,-0.004979
2024-05-15,-0.002676,-0.005332,-0.015367,-0.003334,-0.011193,0.003391,0.019933,0.002567,0.009425,-0.004422
2024-05-16,0.006408,0.012602,0.01512,0.023522,0.008544,0.005959,0.026872,-0.010179,0.014452,0.008532
2024-05-17,0.007261,-0.017137,0.002637,-0.006227,-0.00973,-0.000486,-0.000483,0.007266,-0.002846,0.011241
2024-05-20,0.0,0.0,0.0,0.0,0.0,0.0,0.0,0.0,0.0,0.0
2024-05-21,0.000296,-0.003625,-0.00362,-0.007028,-0.004159,-0.008448,-0.000111,0.015651,-0.00284,-0.003438
2024-05-22,0.017077,0.003089,0.000274,0.014399,0.024322,-0.008787,0.002678,0.002203,0.005783,0.01173
2024-05-23,0.01739,0.016036,0.022889,0.012098,0.006591,0.02106,0.019401,0.016305,0.035988,0.003296
2024-05-24,-0.003903,-0.011288,0.016481,-0.004958,-0.005645,-0.002248,0.010516,-0.004206,0.011296,-0.011669
2024-05-27,-0.009458,-0.000636,0.006921,0.004266,0.006522,-0.001899,-0.002989,0.006155,0.007198,-0.010775
2024-05-28,-0.006854,-0.001859,0.001833,-0.002922,0.004802,-0.002523,-0.009607,-0.003059,0.001698,-0.005794
2024-05-29,-0.010593,-0.00944,-0.014505,-0.010974,-0.009412,-0.022139,0.004413,-0.010227,-0.006397,0.004546
2024-05-30,-0.011053,-0.017759,0.004343,-0.016196,-0.009269,0.010617,3.6e-05,0.00389,-2.8e-05,-0.016475
2024-05-31,0.003895,-0.017438,0.011024,0.005324,-0.009505,0.0066,-0.003195,0.005449,0.009519,0.006134
2024-06-03,0.055876,0.00869,0.026542,-0.000711,0.011528,0.034744,0.013367,0.090685,0.062096,0.009145
2024-06-04,-0.074851,0.003281,-0.05664,-0.008713,0.059595,-0.076336,-0.065703,-0.14404,-0.126746,-0.01742
2024-06-05,0.016801,0.008466,0.046287,0.026154,0.042643,0.034719,0.034354,0.018769,0.001704,0.036368
2024-06-06,0.007637,0.022408,0.005091,0.029474,-0.020421,0.001579,0.019526,0.034441,0.021575,0.011852
2024-06-07,0.026788,0.016591,0.008752,0.041671,0.01106,0.010176,0.039873,0.015913,0.014343,0.008613
2024-06-10,0.000987,-0.009052,-0.007659,-0.022072,-0.00483,0.001872,0.000561,0.002229,0.003185,-0.005124
2024-06-11,-0.010007,-0.00171,0.002242,-0.002667,-0.003508,-0.004983,0.000841,0.004508,0.015506,-0.008927
2024-06-12,0.004565,-0.005309,0.005975,-0.007053,-0.010816,0.001207,0.007812,0.004249,0.008781,-0.001617
2024-06-13,0.001316,0.012136,0.004193,0.005891,-0.016333,-0.010897,-0.008795,0.00572,0.020205,-0.004626
2024-06-14,0.008395,-0.011887,0.010217,-0.00338,0.006637,-0.001535,0.001157,-0.005569,-0.00428,0.001975
2024-06-17,0.0,0.0,0.0,0.0,0.0,0.0,0.0,0.0,0.0,0.0
2024-06-18,0.002352,-0.004423,0.006826,0.006246,0.002621,0.015556,0.000665,0.006792,0.00038,-0.005566
2024-06-19,-0.015108,-0.003512,0.031129,0.008777,-0.011765,0.019237,-0.025204,0.009113,-0.026903,-0.011895
2024-06-20,0.010318,-0.003801,0.006937,0.00268,0.010256,0.010791,-0.008044,-0.01038,0.009124,-0.000826
2024-06-21,-0.013232,0.006205,-0.002157,0.011416,-0.016477,0.001599,0.025269,-0.00883,-0.016539,-0.008741
2024-06-24,-0.008751,0.001588,0.003992,-0.003621,0.000369,0.009882,0.002648,-0.004305,-0.000962,0.008818
2024-06-25,0.008793,0.005672,0.02329,0.009691,-0.004095,0.023801,-0.003416,0.011469,0.015913,0.0
2024-06-26,0.041175,0.004533,-0.005756,-0.000811,0.005509,0.016737,0.031485,0.003681,0.004223,0.001536
2024-06-27,0.010915,0.020307,-0.003144,0.021192,0.006767,0.00156,0.011168,-0.001597,-0.0107,0.003892
2024-06-28,0.02277,-0.007626,-0.007281,-0.004195,0.004427,-0.016641,-0.021514,0.005865,-0.004475,-0.001645
2024-07-01,-0.003354,0.018967,0.012709,0.01535,0.01296,0.010212,0.00689,-0.008245,-0.006172,0.009767
2024-07-02,0.003221,0.009854,0.014896,0.019016,-0.007964,-0.017535,-0.024106,-0.018766,0.028342,-0.008274
2024-07-03,-0.008146,-0.012981,0.021987,0.003917,0.01014,0.009239,0.000634,0.016704,-0.00335,0.00658
2024-07-04,0.001031,0.014047,-0.023464,0.014287,-0.005736,0.026132,0.002254,-0.000774,-0.011357,0.001751
2024-07-05,0.022265,-0.002276,-0.045769,-0.001939,0.020453,0.000324,0.004673,0.024366,0.01507,0.010721
2024-07-08,0.007727,-0.004636,-0.007736,0.008619,0.015764,0.001338,0.003812,-0.004071,0.001337,0.022945
2024-07-09,-0.006637,-0.001928,0.000703,-0.002708,0.001159,0.010688,0.000279,0.005898,0.009389,0.020289
2024-07-10,-0.003804,-0.019157,-0.006355,-0.005371,0.007838,-0.004046,0.006618,-0.014281,-0.004378,-0.002541
2024-07-11,-0.002257,0.003722,-0.002583,0.0027,-0.000613,-0.003821,-0.004913,0.00907,-0.007931,0.015949
2024-07-12,0.01017,0.066328,0.000493,0.035729,0.005136,-0.004481,-0.003268,0.003502,0.007802,0.000872
2024-07-15,0.000313,-0.003525,-0.00037,-0.002746,-0.000744,-0.002393,0.003035,0.025183,0.000616,0.009476
2024-07-16,-0.013132,0.002219,-0.001449,0.01113,0.026008,0.00809,0.020103,-0.000738,-0.004121,0.00464
2024-07-17,0.0,0.0,0.0,0.0,0.0,0.0,0.0,0.0,0.0,0.0
2024-07-18,0.006614,0.032811,-0.003056,0.018539,0.01858,0.008388,0.011695,0.014591,0.005403,0.010096
2024-07-19,-0.019869,-0.000732,-0.004644,0.019851,-0.004163,-0.00132,-0.014761,-0.0047,-0.010311,0.009144
2024-07-22,-0.035029,-0.003498,0.021931,0.009984,0.003044,-0.006006,0.002497,-0.014111,0.009106,-0.016858
2024-07-23,-0.008513,0.003499,-0.014703,0.014386,0.011352,-0.011602,0.000205,-0.014713,-0.031056,0.054978
2024-07-24,0.005242,0.000907,-0.008867,-0.001606,-0.017821,-0.003057,-0.007164,-0.013775,-0.005257,0.003759
2024-07-25,-0.002206,0.003774,0.007824,-0.004962,-0.003625,-0.020523,-0.004157,-0.004108,0.028328,-0.008299
2024-07-26,0.01114,0.015119,0.000959,0.029619,0.001422,0.007763,0.045026,0.016441,0.016786,0.025003
2024-07-29,0.007339,-0.001538,-0.008096,-0.004151,0.000203,0.004556,-0.021824,0.010609,0.02583,-0.012246
2024-07-30,-0.004572,-0.003595,0.006542,0.003233,-0.00745,-0.00268,-0.007426,0.001377,0.00257,-0.012398
2024-07-31,-0.005105,0.004582,0.000124,-0.004741,0.005295,0.004506,0.014418,-0.000458,0.008019,0.011125
2024-08-01,0.00656,0.002679,0.014266,-0.008377,0.003659,-0.003951,0.009353,-0.011176,-0.009358,-0.003331
2024-08-02,-0.010543,-0.025938,0.012418,-0.016949,-0.00847,-0.011197,-0.007772,-0.017157,-0.030058,-0.009317
2024-08-05,-0.034682,-0.029885,-0.026158,-0.038052,0.008672,-0.020016,-0.018811,-0.042696,-0.037564,-0.006338
2024-08-06,0.006028,0.003887,-0.009005,-0.000457,0.012574,-0.004904,-0.015112,-0.017187,0.013662,0.000617
2024-08-07,0.006027,0.007012,0.013927,0.023157,-0.002182,0.004799,0.004319,0.013727,0.017351,0.013058
2024-08-08,-0.010718,-0.006642,0.011826,-0.02707,-0.003954,-0.006695,0.006971,-0.000742,-0.02328,0.004263
2024-08-09,0.017373,0.013469,0.004566,0.015833,0.005122,0.006011,0.008472,0.02011,0.010834,0.002324
2024-08-12,-0.009276,-0.007827,0.005999,0.01505,0.000546,0.009642,-0.003757,-0.014194,-0.005596,-0.002622
2024-08-13,0.002054,0.00031,-0.034275,2.8e-05,-0.002656,-0.003794,0.000754,-0.018521,-0.005641,-0.0093
2024-08-14,-0.001213,0.023422,0.002869,0.014354,-0.007058,-0.005735,0.008221,0.006833,-0.001858,0.00449
2024-08-15,0.0,0.0,0.0,0.0,0.0,0.0,0.0,0.0,0.0,0.0
2024-08-16,0.011185,0.028124,0.015114,0.01958,0.009625,0.022038,0.008052,0.011332,0.00653,0.021231
2024-08-19,0.010318,0.016746,-0.000337,0.003147,-0.002074,-0.00956,-0.009369,0.00197,-0.003727,-0.002387
2024-08-20,0.005073,0.007417,0.003769,0.003968,0.003099,0.003019,-0.013949,0.008111,0.004965,-0.005285
2024-08-21,0.001822,0.006234,-0.007266,0.000267,0.014594,-0.0039,0.009868,-0.005791,0.006536,0.013232
2024-08-22,-0.000367,-0.010876,0.003383,0.004032,0.000573,0.013832,0.015648,0.005824,0.002906,-0.001682
2024-08-23,0.001235,-0.008463,-0.003831,-0.009653,0.008164,0.010411,0.013725,-0.006034,-0.002204,0.002477
2024-08-26,0.008417,0.008636,0.009169,0.007545,0.001971,0.008143,0.004513,-0.000368,0.012047,-0.000198
2024-08-27,-0.008033,-0.001177,-0.001342,0.012765,-0.01923,0.010756,0.006078,0.001043,0.016695,-0.010085
2024-08-28,-0.001433,0.001979,-0.000397,0.020525,-0.000921,-0.002039,0.022065,-0.007967,-0.003686,-0.006592
2024-08-29,0.0151,0.001276,0.000886,-0.002965,0.00756,-0.001593,0.006136,0.006301,-0.001518,0.015685
2024-08-30,-0.00743,0.009298,-0.001007,0.005353,-0.002603,0.005974,0.014784,0.001351,0.005755,-0.006335
2024-09-02,0.004388,-0.007181,-0.006079,0.010701,0.003978,0.00061,-0.011139,0.008031,-0.005817,0.016238
2024-09-03,-0.004699,-0.001924,0.006392,-0.011835,0.001882,0.014432,-0.006841,0.003223,0.001914,-0.001274
2024-09-04,0.003595,-0.007335,0.002718,-0.009685,0.016802,-0.009097,0.000833,-0.010063,-0.010663,-0.005988
2024-09-05,-0.014245,-0.000737,0.002223,0.005566,-0.000985,-0.000324,-0.009412,0.002756,-0.0073,0.009578
2024-09-06,-0.018855,-0.00429,-0.005166,-0.016191,0.000176,-0.022493,-0.005138,-0.044275,-0.013631,-0.018584
2024-09-09,-0.001621,-0.001615,0.005834,-0.003786,0.029183,0.022224,0.002209,0.002236,0.000993,0.020032
2024-09-10,-0.000632,0.013103,0.002338,0.009316,-0.00794,0.001862,0.022818,-0.00204,0.004988,0.003615
2024-09-11,-0.006859,-0.006322,-0.003908,-0.001124,0.001915,-0.000768,-3.2e-05,-0.017952,-0.016462,0.00146
2024-09-12,0.019497,0.008562,0.013809,0.021098,0.017991,0.01278,0.0437,0.024915,0.024046,0.010013
2024-09-13,-0.004849,0.001085,-0.00039,-0.003256,-0.007932,-0.001438,-0.007469,0.003935,-0.002485,-0.010876
2024-09-16,-0.000866,-0.002067,0.003001,0.003163,-0.022452,0.009997,0.000612,-0.006702,0.013631,-0.005352
2024-09-17,0.000646,-0.001684,-0.001287,0.001179,0.002232,0.004157,0.016081,-0.003373,0.008997,-0.006555
2024-09-18,-0.006011,-0.0354,0.01558,-0.030934,0.000818,0.015969,-0.004122,0.012581,0.009539,-0.000788
2024-09-19,0.004254,-0.011505,0.008084,0.001083,0.012483,0.002833,0.006012,-0.003532,-0.012532,0.001774
2024-09-20,0.011057,-0.002618,0.01914,0.006098,0.022615,0.035952,0.028171,-0.010444,0.029916,0.0121
2024-09-23,0.005014,-0.003828,0.010682,-0.00488,0.017111,-0.012365,0.022608,0.025777,-0.001634,0.004957
2024-09-24,-0.002679,0.000656,0.004688,0.001134,-0.025755,-0.002496,0.003542,-0.00449,0.00103,-0.003288
2024-09-25,0.003072,0.000808,0.00625,-0.001738,-0.000542,0.003982,0.002135,-0.006452,0.000593,0.004464
2024-09-26,0.002677,0.004152,0.002445,0.002612,0.012598,0.003928,0.006078,0.011033,-0.008356,0.010047
2024-09-27,0.018842,0.003774,-0.01727,0.003421,-0.006647,-0.016892,-0.020609,0.000998,-0.015018,-9.6e-05
2024-09-30,-0.0325,-0.00933,-0.011754,-0.016337,-0.00268,-0.025716,-0.014441,-0.018377,-0.008123,-0.008705
2024-10-01,-0.007958,0.004545,-0.003378,0.015328,-0.011679,0.0011,-0.006347,0.011486,-0.005999,-0.003763
2024-10-02,0.0,0.0,0.0,0.0,0.0,0.0,0.0,0.0,0.0,0.0
2024-10-03,-0.039493,-0.012862,-0.025605,-0.00575,-0.010397,-0.014164,-0.014864,-0.003576,-0.042658,-0.006683
2024-10-04,-0.014535,0.004607,-0.014477,0.013072,-0.015415,-0.013213,-0.019451,0.003211,-0.001058,-0.017942
2024-10-07,-0.011395,0.004844,-0.02404,0.00842,-0.005388,-0.004719,0.012889,-0.032637,-0.007327,0.013206
2024-10-08,0.019424,-0.004587,0.020553,0.007367,-0.005153,0.002188,-0.002768,0.014014,0.018467,-0.00441
2024-10-09,-0.016281,-7.1e-05,-0.010842,0.002155,-0.017685,0.006105,0.012459,0.020411,-0.012824,-0.031991
2024-10-10,-0.002583,-0.006008,0.01791,-0.017283,-0.005146,-0.000522,0.0,-0.000376,-0.007671,0.000712
2024-10-11,0.000766,-0.018498,-0.006858,0.00839,0.010346,-0.016486,0.005542,0.003325,0.006416,-0.007824
2024-10-14,0.00031,-0.003025,0.022471,0.012299,0.00212,0.007155,0.00486,0.006752,0.020818,0.017923
2024-10-15,-0.020765,-0.004799,-0.00237,0.000204,-0.002743,0.019281,0.012768,-0.000621,-0.000886,0.00322
2024-10-16,0.007478,-0.005307,0.009323,-0.020007,-7.2e-05,-0.009837,0.009725,0.000994,-0.005434,-0.010731
2024-10-17,0.001736,0.003431,-0.015678,0.024999,-0.015317,-0.009572,-0.018916,0.006953,0.010672,-0.008719
2024-10-18,0.00212,0.005867,0.0052,-0.044967,-0.007869,0.027005,0.003938,0.011528,0.002101,-0.0045
2024-10-21,0.007283,-0.010478,0.027856,-0.014285,-0.008667,-0.00431,-0.008959,-0.007862,0.00218,-0.006267
2024-10-22,-0.01888,-0.015773,-0.008185,-0.000621,-0.0044,0.006711,-0.000177,-0.028933,-0.020554,-0.003825
2024-10-23,-0.003592,0.012639,0.012394,0.011774,-0.008353,-0.012544,-0.003811,-0.005567,-0.016088,-0.00301
2024-10-24,0.000953,-0.004513,0.007979,-0.005365,-0.057985,0.000919,-0.00436,0.010878,-0.00369,-0.018008
2024-10-25,-0.008919,0.002384,-0.003572,-0.000698,0.009161,0.002155,-0.007418,-0.017117,-0.033768,0.022472
2024-10-28,0.004895,0.008207,-0.005277,0.001772,0.018888,0.02979,-0.001591,0.014213,0.004329,0.003836
2024-10-29,0.004234,-0.003813,0.010178,-0.002738,-0.010929,0.030166,-0.015781,0.051323,0.012003,0.007849
2024-10-30,0.00291,0.002307,-0.009847,-0.020225,0.002865,-0.014791,-0.002291,-0.012309,0.008119,0.007378
2024-10-31,-0.008818,-0.028448,0.000634,-0.024888,-0.01045,-0.015166,-0.012704,-0.002736,0.062772,-0.005595
2024-11-01,0.004955,0.003969,0.000922,0.002049,0.003659,-0.000348,0.002387,0.001219,0.001118,0.003069
2024-11-04,-0.027266,-0.005032,-0.013354,0.00159,-0.005005,-0.011302,-0.01559,0.010533,-0.014312,-0.011626
2024-11-05,0.002419,0.001816,0.025524,-0.005358,-0.001366,0.015268,-0.008075,0.023317,9.8e-05,-0.00908
2024-11-06,0.01536,0.042378,-0.001479,0.039619,0.00335,0.004357,0.012924,0.006594,0.019763,0.001874
2024-11-07,-0.014864,0.002718,-0.004956,-0.011323,-0.010077,-0.01816,-0.014386,0.005615,0.000302,-0.006652
2024-11-08,-0.016773,-0.00094,0.004523,0.014919,0.013008,-0.015524,-0.003744,-0.019137,0.003771,0.000314
2024-11-11,-0.008608,0.012467,0.006754,0.016476,-0.00664,0.008301,-0.005956,0.005337,-0.008592,-0.002301
2024-11-12,0.001218,-0.00031,-0.027232,0.004677,-0.011862,0.001024,-0.00314,-0.024715,-0.010334,-0.008596
2024-11-13,-0.017422,-0.011209,-0.021447,-0.000214,0.001402,-0.013301,-0.003343,-0.021834,-0.012085,-0.001375
2024-11-14,0.01242,-0.001072,0.00678,-0.002061,-0.030731,0.002592,3.2e-05,-0.005441,-0.006116,-0.013236
2024-11-15,0.0,0.0,0.0,0.0,0.0,0.0,0.0,0.0,0.0,0.0
2024-11-18,-0.005404,-0.030488,0.007296,-0.028479,0.014105,-0.002784,-0.008707,0.012496,0.004509,0.001288
2024-11-19,-0.01515,0.004988,0.021788,0.007342,-0.00518,-0.00347,-0.007482,-0.013877,-0.010234,0.001715
2024-11-20,0.0,0.0,0.0,0.0,0.0,0.0,0.0,0.0,0.0,0.0
2024-11-21,-0.01502,0.008243,-0.000603,0.005097,-0.01143,0.001161,-0.000229,-0.027709,-0.006389,-0.021825
2024-11-22,0.034669,0.04217,0.002527,0.037185,0.026209,0.02199,0.028948,0.045213,0.034448,0.038281
2024-11-25,0.01707,0.016609,0.022915,-0.006597,0.010715,0.017918,0.006022,0.034802,0.041487,0.00453
2024-11-26,0.00676,0.008714,-2.8e-05,0.01823,0.003136,0.003075,-0.00095,-0.00598,-0.013429,0.000419
2024-11-27,-0.00193,-0.00463,0.014981,0.000182,0.003106,-0.003257,0.000254,-0.006314,-0.001053,-0.000105
2024-11-28,-0.017321,-0.020231,-0.010567,-0.035256,-0.009932,-0.011033,-0.010934,0.005695,-0.008827,-0.004298
2024-11-29,0.01684,0.006113,0.001617,0.000646,0.013788,0.010689,0.042778,0.000119,0.016025,0.003896
2024-12-02,0.013117,0.001358,0.004816,0.011815,-0.00681,0.0035,0.01011,-0.00304,-0.005571,0.000944
2024-12-03,0.010808,0.006103,0.011969,0.006543,0.001493,0.002874,-0.014024,0.020983,0.022408,-0.009744
2024-12-04,-0.010844,0.012004,0.018507,-0.001506,-0.007391,0.005847,-0.022492,0.006733,0.000753,-0.011533
2024-12-05,0.010008,0.025181,0.003038,0.024137,0.012214,0.015539,0.019727,0.006688,0.01099,0.000856
2024-12-06,-0.007942,-0.004155,-0.005306,-0.006435,-0.004329,-0.005799,-0.010834,-0.00208,0.009174,0.007807
2024-12-09,-0.012504,0.001496,0.007625,0.00065,-0.033437,-0.004854,0.002941,-0.006484,0.020845,-0.013159
2024-12-10,-0.007953,-0.004402,-0.001016,0.012944,-0.001416,0.006163,-0.014914,0.011013,-0.006118,0.001075
2024-12-11,-0.005176,-0.001151,-0.002677,0.013138,0.001668,-0.002217,0.004656,-0.006801,-0.001631,-0.00043
2024-12-12,-0.01197,0.006211,-0.002066,0.006509,-0.023487,0.001318,0.015479,-0.009169,-0.014515,-0.009995
2024-12-13,0.007879,0.004254,0.006723,0.006392,0.019254,0.011774,0.044208,0.009195,0.007021,0.020408
2024-12-16,-0.003575,-0.013121,-0.003499,-0.009826,-0.010021,0.000892,-0.011417,-0.000696,-0.002354,0.000213
2024-12-17,-0.018135,-0.019637,-0.017129,-0.001742,-0.001226,-0.009175,-0.02842,-0.01208,-0.018219,-0.00117
2024-12-18,0.006384,0.004471,-0.012301,0.00129,-0.001714,-0.014695,-0.008296,-0.014579,-0.012883,0.002023
2024-12-19,-0.018193,-0.017469,-0.009499,-0.016649,0.000276,-0.020736,-0.000999,-0.006383,-0.011122,-0.008395
2024-12-20,-0.02044,-0.023783,-0.012266,-0.012357,-0.010997,0.001166,-0.013872,-0.024976,-0.023276,-0.004072
2024-12-23,0.014104,-0.002878,0.016653,0.001119,0.002142,0.00652,0.005576,0.011268,0.002934,0.020661
2024-12-24,0.000368,0.005098,-0.00161,-0.007925,-0.001432,0.000347,-0.00189,-0.011082,-0.000206,0.008856
2024-12-25,0.0,0.0,0.0,0.0,0.0,0.0,0.0,0.0,0.0,0.0
2024-12-26,-0.005071,-0.002488,-0.004088,-0.000864,-0.001199,7.7e-05,0.009849,0.000493,-0.002816,-0.003135
2024-12-27,0.003699,-0.001019,0.004188,0.004902,0.003644,0.007862,0.000219,-0.015755,-0.005896,0.003459
2024-12-30,-0.008476,-0.001453,-0.011317,-0.005608,0.000961,-0.009866,-0.008095,-0.014194,-0.008079,-0.003343
2024-12-31,0.003923,-0.015389,-0.002841,-0.013641,-0.007105,-0.010041,0.000536,0.008436,0.008019,0.013941
2025-01-01,0.004772,0.00431,0.005584,0.00133,-0.002041,0.001561,0.005007,-0.002201,0.01659,0.00062
2025-01-02,0.016827,0.015392,0.00617,0.040027,0.020628,0.005414,0.008774,0.010086,0.012543,0.010538
2025-01-03,0.007529,-0.018164,-0.024836,-0.009756,0.015295,-0.019797,-0.00674,-0.009735,-0.014434,-0.015234
2025-01-06,-0.026496,-0.001195,-0.022124,-0.000464,-0.012488,-0.000751,-0.006505,-0.021427,-0.015492,-0.045478
2025-01-07,0.01876,-0.016288,0.001695,-0.003612,0.006144,0.011985,0.001511,0.003027,0.011129,-0.003502
2025-01-08,0.019865,0.019884,-0.011147,0.001191,0.004266,-0.012116,0.005249,-0.009759,-0.012887,0.019157
2025-01-09,-0.008495,-0.016929,-0.015641,-0.008199,0.014327,-0.001068,0.004909,-0.013875,-0.019033,0.001223
2025-01-10,-0.010241,0.056155,-0.006626,0.025896,0.002731,-0.009941,0.005507,-0.022618,0.002339,-0.011553
2025-01-13,-0.001651,0.005966,-0.015633,-0.002415,0.003665,-0.016082,-0.011573,-0.0185,-0.020319,-0.013149
2025-01-14,-0.000887,-0.013528,0.009658,-0.011288,-0.033884,0.008579,0.001816,0.025565,-0.000491,-0.00558
2025-01-15,0.010858,0.00391,-0.002156,0.004948,0.002133,-0.001653,0.004593,0.007418,0.011205,0.001718
2025-01-16,0.01138,-0.010189,0.005478,-0.010874,-0.011799,0.008762,0.014153,0.016717,0.001856,-0.010289
2025-01-17,0.028347,-0.001453,-0.009261,-0.058596,0.003838,-0.018934,-0.001656,-0.002871,0.017318,0.016981
2025-01-20,0.00238,-0.011275,0.008859,-0.001184,-0.003738,0.00612,0.008387,0.019827,0.006823,-0.005679
2025-01-21,-0.024321,-0.010287,-0.00536,-0.006949,-0.002004,-0.029847,-0.00914,-0.025922,-0.014445,-0.000343
2025-01-22,0.002669,0.029919,0.0144,0.03096,0.001047,0.003595,0.003444,-0.007378,-0.006467,-0.001257
2025-01-23,-0.010532,-0.002682,-0.00069,0.004848,-0.00907,0.001083,0.002605,-0.010021,-0.004249,0.007323
2025-01-24,-0.01373,0.001665,-0.00907,0.005361,0.019986,0.006199,0.005379,-0.002346,-0.01286,0.00318
2025-01-27,-0.0136,-0.021,-0.012123,-0.0285,0.010451,0.015506,-0.025657,0.006786,-0.000159,-0.003397
2025-01-28,0.004108,-0.006113,0.024911,0.004254,-0.001672,0.015432,0.009828,0.004271,-0.012653,-0.010566
2025-01-29,0.000891,0.014727,0.004131,0.028146,-0.002051,0.003809,-0.011061,0.008041,0.010487,-0.004823
2025-01-30,0.014205,6.1e-05,0.008466,-0.011322,0.010403,0.003156,0.02518,0.005472,-0.008334,0.006577
2025-01-31,0.009616,0.003012,0.004286,0.010672,0.02493,-0.00223,-0.008807,0.013506,0.04281,0.025906
2025-02-03,-0.015177,-0.010639,-0.012215,-0.008778,-0.010876,0.00016,0.016018,-0.015461,-0.077984,0.015307
2025-02-04,0.031543,0.009438,0.025566,0.019052,-0.001597,0.012131,0.005507,0.023983,0.045589,0.001761
2025-02-05,-0.005447,-0.003884,0.00982,-0.000922,-0.019278,-0.000394,-0.000602,-0.016876,-0.016269,-0.01538
2025-02-06,0.002621,-0.002041,0.003481,0.009805,-0.007675,0.003708,-0.024511,-0.018015,-0.009,-0.015731
2025-02-07,-0.011588,-0.013067,-0.006365,-0.006264,-0.00373,-0.012182,0.035191,-0.020007,-0.004727,-0.023237
2025-02-10,-0.010302,0.001874,-0.009811,-0.012266,-0.001015,0.004535,0.009721,-0.000543,-0.002472,-0.008472
2025-02-11,-0.014996,-0.018182,-0.008364,-0.002473,-0.019564,-0.007801,0.002185,-0.007736,-0.026738,-0.020833
2025-02-12,-0.01482,-0.003381,0.003174,-0.006664,0.00745,-0.000758,0.008723,0.002804,0.015434,-0.004614
2025-02-13,-0.00037,-0.010126,-0.005332,-0.010681,-0.004716,-0.002317,0.001782,-0.007502,-0.007904,-0.000488
2025-02-14,0.000946,0.006317,-0.001679,0.007134,-0.001357,0.008968,0.001429,-0.007559,-0.007967,0.001342
2025-02-17,0.006285,-0.007713,0.013276,-0.007595,0.004766,-0.007103,-0.024169,0.007685,-0.00488,-0.004022
2025-02-18,0.000408,-0.008016,0.003319,0.005238,-0.014338,-0.006474,-0.003969,-0.002611,-0.000528,-0.008199
2025-02-19,0.001673,-0.023004,0.002408,-0.02222,-0.019861,0.014963,-0.014201,0.002067,0.017313,0.002838
2025-02-20,0.004522,-0.001242,-0.023217,0.007925,-0.001044,-0.009274,-0.001033,0.0033,-3e-05,-0.010704
2025-02-21,-0.003933,0.001746,0.003201,-0.005561,-0.002847,-0.013601,-0.002586,-0.010552,0.011997,-0.00286
2025-02-24,-0.011074,-0.02916,-0.009099,-0.028044,-8.9e-05,-0.011841,-0.023151,-0.007756,-0.017315,0.002494
2025-02-25,-0.008686,-0.012529,0.00313,0.002041,0.007964,0.004761,0.025042,-0.007677,-0.009762,0.00734
2025-02-26,0.0,0.0,0.0,0.0,0.0,0.0,0.0,0.0,0.0,0.0
2025-02-27,0.002575,-0.004684,0.010907,-0.001923,-0.006352,-0.001389,0.005483,-0.009847,-0.005084,-0.008028
2025-02-28,-0.005799,-0.035792,0.018639,-0.043417,-0.024366,-0.015011,-0.048594,-0.021452,-0.014223,-0.016434
2025-03-03,-0.02404,0.002814,-0.017808,0.012384,-0.006118,0.001744,0.016304,0.009437,0.010573,0.006203
2025-03-04,-0.007983,0.011165,0.004966,-0.011881,-0.008958,0.003482,-0.012815,0.029843,0.00491,-0.006542
2025-03-05,0.011791,0.004247,-0.011696,0.013742,0.006072,0.004379,0.027232,0.019971,0.008294,0.025833
2025-03-06,0.028921,0.015379,0.00071,0.002542,0.022346,0.001933,0.005345,0.002328,0.006251,0.001605
2025-03-07,0.033234,0.002665,-0.001153,-0.017397,-0.00649,-0.002873,0.002336,0.000956,-0.004663,-0.004437
2025-03-10,-0.009122,-0.005968,-0.001036,0.009164,0.019596,0.000247,0.000153,-0.005254,-0.020649,0.002723
2025-03-11,0.007187,-0.003998,-0.001185,-0.023421,-0.013703,0.025147,0.01962,0.001303,0.005586,0.002963
2025-03-12,0.007817,-0.019327,0.015218,-0.042579,-0.010848,-0.001164,-0.012087,-0.009317,-0.000563,0.015263
2025-03-13,-0.007279,0.001383,-0.002659,-0.006915,-0.008254,0.004904,-0.0063,0.006639,-0.001988,-0.000849
2025-03-14,0.0,0.0,0.0,0.0,0.0,0.0,0.0,0.0,0.0,0.0
2025-03-17,-0.007252,-0.003802,0.002227,0.006456,-0.001632,0.015159,0.004074,-0.006457,-0.004345,-0.00995
2025-03-18,0.0,0.0,0.0,0.0,0.0,0.0,0.0,0.0,0.0,0.002819
2025-03-19,0.0067,-0.000172,0.019703,-0.002201,0.013264,0.034752,-0.00122,0.030353,0.046038,-0.014789
2025-03-20,0.01764,0.018887,0.014133,0.018279,0.01925,0.006549,0.041597,0.005972,0.009489,0.002233
2025-03-21,0.005673,0.004196,0.000905,-0.014237,0.001695,0.016191,0.012051,0.00487,0.019367,0.003961
2025-03-24,0.020175,0.014211,0.016748,0.000126,0.004452,0.011205,-0.004056,0.036644,0.019292,0.013192
2025-03-25,-0.012787,0.007936,0.011917,0.022414,0.006693,-0.01064,0.006807,-0.010182,-0.003518,-0.002677
2025-03-26,-0.009646,-0.006001,-0.00818,-0.017808,-0.011161,-0.005805,0.004652,-0.011451,-0.007148,-0.005978
2025-03-27,0.004045,0.004236,0.010407,0.002563,-0.000579,0.000561,-0.007967,0.010864,0.016489,0.005155
2025-03-28,-0.002425,-0.012338,0.001561,-0.020517,0.006326,0.008753,0.005044,-0.001036,-0.002656,0.000733
2025-03-31,0.0,0.0,0.0,0.0,0.0,0.0,0.0,0.0,0.0,0.0
2025-04-01,-0.017646,-0.015349,-0.033011,-0.028109,-0.011067,-0.022175,-0.005336,0.000259,-0.015892,-0.007566
2025-04-02,-0.001157,-0.001929,0.016432,0.015493,0.001813,0.009708,0.017661,0.005507,-0.004917,0.005902
2025-04-03,-0.001958,-0.03973,-0.001141,-0.03461,0.002972,-0.001277,-0.004901,0.004188,7.3e-05,0.000856
2025-04-04,-0.035237,-0.030486,0.012508,-0.02997,0.0,0.004325,-0.001461,-0.01508,-0.046782,0.000733
2025-04-07,-0.032373,-0.007683,-0.032796,-0.037819,0.002161,-0.03576,-0.032579,-0.026777,-0.058786,-0.008909
2025-04-08,0.014155,0.005773,0.006514,0.022946,0.017716,0.009592,0.02001,0.029053,0.030178,0.016008
2025-04-09,0.002665,-0.014075,-0.002346,-0.017567,0.026537,0.000692,-0.002819,-0.034348,-0.033833,0.00909
2025-04-10,0.0,0.0,0.0,0.0,0.0,0.0,0.0,0.0,0.0,0.0
2025-04-11,0.028346,-0.004651,0.023654,0.004096,0.006872,0.008341,0.023928,0.015696,0.020235,0.012611
2025-04-14,0.0,0.0,0.0,0.0,0.0,0.0,0.0,0.0,0.0,0.0
2025-04-15,0.017351,0.005168,0.032185,0.011742,-0.001965,0.02939,0.024024,0.012801,0.04546,-0.002728
2025-04-16,-0.000645,0.007881,0.007025,-0.009046,0.00216,0.004592,0.013231,0.010806,-0.009179,0.009634
2025-04-17,0.028403,0.007667,0.015282,0.004529,0.003549,0.037083,0.036486,0.033301,0.006072,0.006597
2025-04-18,0.0,0.0,0.0,0.0,0.0,0.0,0.0,0.0,0.0,0.0
2025-04-21,0.016477,0.006881,0.010699,0.022191,-0.010105,0.002204,-0.003017,0.024139,0.010224,-0.010298
2025-04-22,-0.003319,-0.002168,0.017954,-0.019435,0.020289,0.004752,-0.016566,0.006979,-0.00692,0.025423
2025-04-23,0.006815,0.029749,-0.019269,0.036618,0.010464,0.005577,0.015873,-0.010883,0.01326,-0.006342
2025-04-24,0.001231,-0.00334,-0.00369,-0.002373,-0.040639,-0.015235,-0.019133,-6.1e-05,-0.000121,-0.001857
2025-04-25,-0.000922,0.013641,-0.002922,0.005981,0.002967,0.001497,-0.015388,-0.018134,-0.008635,-0.005232
2025-04-28,0.052599,-0.001305,0.004709,0.001284,-0.005831,0.017084,0.002531,0.023414,0.01687,0.002338
2025-04-29,0.022574,0.008422,-0.005937,0.010391,0.001337,0.0007,0.001098,-0.005873,-0.001503,-0.00653
2025-04-30,0.003787,-0.005414,0.008487,0.001736,0.008787,-0.001958,0.022316,-0.029414,0.005629,-0.000469
2025-05-01,0.0,0.0,0.0,0.0,0.0,0.0,0.0,0.0,0.0,0.0
2025-05-02,0.010534,-0.006573,-0.00161,0.004533,-0.010034,0.002172,-0.008742,0.010207,-0.001826,0.008689
2025-05-05,0.0081,0.006791,0.007753,0.001128,0.012939,-0.000489,0.009631,-0.00841,-0.001409,0.017346
2025-05-06,-0.007266,0.00165,-0.002633,0.001922,0.014136,0.001539,0.018757,-0.020127,0.001141,-0.003204
2025-05-07,-0.010486,-0.004306,0.007196,-0.002117,-0.004618,0.002654,-0.002209,0.002584,-0.003779,-0.010102
2025-05-08,0.000711,0.001103,-0.008789,0.002055,-0.006707,7e-05,-0.011546,-0.009148,0.000753,-0.001276
2025-05-09,-0.02118,-0.002493,-0.020119,-0.002514,-0.009342,-0.032463,-0.014134,0.013329,0.036102,-0.016373
2025-05-12,0.043058,0.05235,0.03572,0.079132,0.021261,0.042912,0.012119,0.028746,0.04161,0.028214
2025-05-13,-0.01448,-0.029113,-0.017678,-0.035835,-0.009444,-0.012358,-0.026834,0.000125,-0.005631,-0.017451
2025-05-14,0.006145,0.009587,-0.006242,0.015173,-0.004025,-0.003076,0.00747,-0.00131,0.00171,0.002804
2025-05-15,0.020921,0.008792,0.012143,0.012936,0.002,0.017249,0.017991,0.008805,0.012622,0.008273
2025-05-16,0.001513,-0.005196,0.000465,-0.014321,0.011124,0.002206,-0.028492,0.000316,-0.003731,0.00705
2025-05-19,-0.010711,-0.011934,0.002068,-0.018932,0.000546,-0.003439,0.00237,0.003661,-0.001248,-0.000803
2025-05-20,-0.011244,-0.005826,-0.012276,0.000513,-0.017459,-0.007453,-0.00517,-0.011761,-0.008999,-0.001034
2025-05-21,0.003229,0.007861,0.006214,0.005062,0.009739,0.00452,0.007518,0.001846,0.005942,-0.004369
2025-05-22,-0.013854,-0.013841,-0.003581,-0.013389,-0.014044,-0.0018,0.004883,-0.00235,-0.010476,-0.015935
2025-05-23,0.012346,0.010814,0.007136,0.011179,0.012228,0.005339,0.000164,0.006686,0.013657,0.023938
2025-05-26,0.005607,0.006459,0.003413,0.010033,0.014793,0.007449,0.008571,0.004934,0.013556,0.015127
2025-05-27,-0.008851,-0.010912,-0.007164,-0.00658,-0.005806,-0.009722,-0.001949,-0.000881,-0.002384,-0.020321
2025-05-28,-0.006469,-0.000286,-0.001454,0.001083,-0.007646,0.005116,0.006671,0.003591,0.001731,-0.013731
2025-05-29,0.003468,0.000114,0.002079,0.00878,0.00199,0.001857,0.004041,0.001004,0.002468,-0.003451
2025-05-30,0.002186,-0.00992,0.009027,-0.000576,-0.007775,-0.007346,-0.003971,0.01875,0.005417,-0.001672
2025-06-02,-0.005067,-0.003927,-0.006581,-0.005695,0.009922,0.003251,-0.001131,0.001662,0.001224,0.00299
2025-06-03,-0.0058,-0.012928,-0.003882,-0.006951,-0.008138,-0.008687,-0.006904,-0.004732,-0.000219,-0.005604
2025-06-04,0.012807,0.001689,0.008625,0.005314,0.005186,-0.004799,0.01852,-0.004075,-0.005021,0.00012
2025-06-05,0.013277,-0.002899,0.004327,0.001999,0.005033,0.016632,0.001813,-0.00062,0.00444,0.005036
2025-06-06,0.000763,0.003886,0.014926,0.006112,0.005639,0.003368,-0.004577,0.008747,0.003761,0.004653
2025-06-09,0.003672,0.01114,0.000101,0.005819,0.001423,-0.017058,-0.002727,0.00861,0.006181,0.00475
2025-06-10,-0.007109,0.011982,-0.006872,0.014686,0.000836,-0.008294,-0.004289,-0.003658,0.000245,0.009337
2025-06-11,0.00723,0.002599,-0.007582,0.021992,-0.007849,0.005693,0.001669,-0.002448,0.001359,-0.001991
2025-06-12,-0.005038,-0.010859,-0.003589,-0.013794,-0.018389,-0.004053,-0.008601,-0.011165,-0.021955,-0.012085
2025-06-13,-0.009503,0.003349,-0.013276,-0.004103,-0.005873,-0.006385,-0.00206,-0.016875,-0.004578,-0.016865
2025-06-16,0.006933,0.014685,0.009282,0.013608,0.003622,0.007627,0.011356,0.000189,0.011513,0.010389
2025-06-17,-0.00459,0.005434,-0.002997,0.009915,0.000516,-0.002593,-0.003492,-0.000252,-0.001764,-0.001913
2025-06-18,-0.000769,-0.018178,0.002228,-0.004269,-0.013442,-0.007448,0.005985,-0.000505,-0.005742,-0.003594
2025-06-19,0.002238,-0.007939,0.000724,-0.00888,-0.001349,-0.00092,0.005949,-0.008587,0.005442,0.00024
2025-06-20,0.022954,0.003417,0.015191,0.002781,0.005231,0.011195,0.031806,0.014075,0.011295,0.00613
2025-06-23,-0.006411,-0.012254,-0.008296,-0.023969,-0.003111,-0.004905,-0.000206,-0.007473,-0.021382,-0.01111
2025-06-24,-0.004119,-0.000943,0.006416,-0.001515,-0.005274,0.002817,-0.001394,0.006581,0.005888,0.001087
2025-06-25,0.011373,0.016045,0.009842,0.021055,0.006893,0.001194,0.016549,0.005846,0.004161,0.004827
2025-06-26,0.019083,-0.000871,0.021008,0.000681,0.000922,0.009328,0.024776,-0.00375,0.010995,0.009487
2025-06-27,0.013442,-0.000203,0.007551,-0.004951,0.011443,0.016052,0.006354,0.010476,0.005356,-0.003926
2025-06-30,-0.009766,0.006074,-0.00665,-0.003856,-0.005332,-0.011216,-0.008633,0.018562,-0.002555,-0.005255
2025-07-01,0.018526,-0.00933,0.005296,0.003122,0.000392,-0.009545,0.004877,-6.1e-05,-0.000845,-0.003242
2025-07-02,-0.006281,-0.001866,-0.012971,0.002303,0.005053,-0.002933,0.006883,-0.009021,-0.019063,-0.005179
2025-07-03,-0.000658,-0.006573,0.000554,0.005092,0.002731,-0.001331,-0.006885,-0.007135,-0.003865,0.000969
2025-07-04,0.006259,0.005587,0.001107,0.013591,0.011196,0.011852,-0.00104,0.005885,0.003266,-0.001935
2025-07-07,0.009297,-0.002369,-0.000955,-0.00835,0.030394,-0.004921,0.008279,-0.006159,-0.003672,0.008726
2025-07-08,-0.00253,-0.001612,0.007044,0.007191,-0.007343,0.004388,-0.001918,0.007189,0.006981,0.002523
2025-07-09,-0.012097,-0.006576,0.004896,-0.003051,0.012831,-0.007004,-0.005074,-0.002092,-0.007403,0.005393
2025-07-10,-0.001185,-0.000532,-0.002486,-0.010957,-0.00619,-0.005447,-0.027331,-0.003638,-0.001397,-0.006199
2025-07-11,-0.0145,-0.034299,-0.011215,-0.012935,0.046172,-0.001545,-0.021685,0.000804,-0.009539,-0.00012
2025-07-14,-0.007691,-0.013258,-0.000353,-0.015424,-0.001191,0.000774,-0.00052,0.000247,-0.012625,0.006238
2025-07-15,0.001146,0.009185,0.006304,0.009743,0.004093,0.005481,0.006924,0.009396,-0.000543,0.006438
2025-07-16,0.000135,-0.00253,0.000401,0.014064,-0.00368,-0.003075,0.001241,0.018678,0.002805,0.005923
2025-07-17,-0.006193,-0.007392,-0.004709,-0.015175,-0.003098,-0.005398,-0.00346,-0.003246,-0.008505,-0.001531
2025-07-18,-0.000271,-0.006014,-0.014847,0.001642,-0.008048,0.005005,-0.00674,-0.006815,-0.002648,-0.002831
2025-07-21,-0.032114,-0.009938,0.022019,-0.001135,-0.009921,0.028054,0.004313,0.001032,0.010967,-0.006268
2025-07-22,-0.01106,0.000443,0.003299,-0.008458,0.006004,0.005321,-0.001257,-0.011162,-0.010906,-0.00976
2025-07-23,0.008352,0.006172,0.00857,0.002292,-0.011816,0.010179,0.019404,0.006933,0.005859,-0.002524
2025-07-24,-0.015232,-0.009783,-0.004989,-0.013973,-0.005142,-0.003493,-0.003961,-0.006032,-0.002123,-0.01205
2025-07-25,-0.007984,-0.003876,-0.002289,-0.023704,-0.009189,-0.004247,0.00093,-0.011217,-0.00995,-0.001342
2025-07-28,-0.002946,-0.018018,0.001946,0.000198,0.010847,0.00765,-0.024563,-0.011655,-0.006012,0.001221
2025-07-29,0.02126,-0.007567,0.006522,-0.001517,0.004915,-0.001478,0.014812,0.002572,0.021448,-0.003537
2025-07-30,-0.00494,-0.000785,0.002078,0.003501,-0.006603,-0.002557,0.007454,0.003066,0.04849,-0.002081
2025-07-31,-0.014113,-0.005502,-0.003752,-0.006583,0.034381,-0.000675,-0.009469,-0.006362,-0.007803,0.010672
2025-08-01,0.002518,-0.01113,-0.002973,-0.02611,0.012891,-0.006615,-0.015619,-0.003201,-0.013529,0.010924
2025-08-04,0.012772,0.023776,-0.010039,0.007417,-0.003916,-0.005708,0.016026,0.002141,0.01221,0.00096
2025-08-05,-0.014028,-0.003415,-0.007229,-0.013644,-0.003538,-0.012849,0.008984,0.006158,0.005921,-0.006477
2025-08-06,0.000791,-0.010314,0.003894,-0.016161,0.000355,-0.000554,-0.001087,0.005683,-0.006625,-0.005191
2025-08-07,-0.002441,0.004848,0.005087,0.000139,-0.007138,-0.002286,-0.003679,0.0,0.003638,0.003884
2025-08-08,-0.015546,-0.003479,-0.010775,-0.009604,-0.007507,-0.003055,-0.033288,-0.001056,-0.009337,0.002176
2025-08-11,0.013452,0.001449,0.010993,0.003584,0.007924,0.000487,-0.000646,0.02381,0.016853,0.005669
2025-08-12,-0.004184,-0.001776,-0.012878,-0.002871,-0.013739,-0.002525,-0.003823,-0.003461,0.004825,-0.001199
2025-08-13,0.001594,0.000264,0.005279,0.001755,0.00455,-0.000844,0.009242,0.001523,0.002062,-0.005404
2025-08-14,-0.002396,-0.004578,0.005454,0.01479,-0.005811,0.004575,0.003427,0.005719,-0.004521,-0.006399
2025-08-15,0.0,0.0,0.0,0.0,0.0,0.0,0.0,0.0,0.0,0.0
2025-08-18,0.00575,-0.003673,0.006278,-0.00822,0.035274,0.005115,0.009873,0.001331,-0.011395,-0.012517
2025-08-19,0.027792,0.001661,-0.006239,0.002925,0.014291,0.001185,0.009195,0.003323,-0.00608,0.006892
2025-08-20,-0.005,0.027319,-0.001456,0.039028,0.024954,-0.003969,0.009792,-0.001746,-0.005729,-0.007455
2025-08-21,0.008351,0.001291,0.001509,0.000134,-0.008165,0.010765,0.000778,-0.003921,0.005651,-0.001231
2025-08-22,-0.010949,-0.015664,-0.013359,-0.005948,-0.006835,-0.006639,0.001762,-0.011445,-0.00465,-0.017877
2025-08-25,0.002413,0.028356,-0.000255,0.029983,0.000647,-0.002228,-0.001345,0.000245,0.00203,0.002636
2025-08-26,-0.019609,0.005286,-0.008808,-0.001632,0.02318,-0.011582,-0.013467,-0.010533,-0.017152,0.010016
2025-08-27,0.0,0.0,0.0,0.0,0.0,0.0,0.0,0.0,0.0,0.0
2025-08-28,0.000722,-0.020113,-0.016026,-0.019286,-0.014187,-0.012354,-0.01239,-0.007303,0.005309,-0.006074
2025-08-29,-0.020709,-0.002909,-0.006473,-0.020332,0.002034,-0.000929,0.004093,0.000686,0.011488,0.022075
2025-09-01,-0.002431,0.009045,-0.001051,0.020278,-0.003872,0.009443,0.006247,0.004424,-0.000722,-0.009518
2025-09-02,0.009306,-0.000353,-0.006417,-0.000467,0.010379,-0.011906,-0.00705,-0.002667,-0.006531,0.002218
2025-09-03,0.004464,-0.004499,0.010535,-0.013078,-0.004595,0.002008,-0.001749,0.010262,0.007245,0.012293
2025-09-04,-0.00969,-0.000581,0.007125,-0.010885,0.000713,0.006084,-0.001858,-0.003386,-0.002277,0.010079
2025-09-05,0.01155,-0.015312,0.002237,-0.012577,-0.01245,-0.001921,0.007924,-0.003459,-0.010856,-0.020558
2025-09-08,0.002545,-0.009612,0.002699,-0.008099,-0.003607,-7.1e-05,-0.00401,0.002728,-0.006754,0.000491
2025-09-09,-0.001669,0.010069,-0.00088,0.049829,0.006898,0.000713,0.003178,6.2e-05,-0.001303,0.006134
2025-09-10,0.000581,0.019873,0.000777,0.018813,0.000568,0.000143,-0.001215,0.01156,0.007092,0.007316
2025-09-11,0.004575,0.004566,0.001967,-0.014942,-0.008133,-0.001638,0.01142,0.006661,-0.002901,0.004842
2025-09-12,0.008458,0.002945,-0.000517,0.010532,-0.015828,0.011487,-0.005436,-0.000121,0.011329,-0.003132
2025-09-15,0.003082,-0.006862,-0.000258,-0.011274,0.000194,0.001199,0.000999,0.001457,0.001788,-0.002659
2025-09-16,0.004288,0.010862,-0.000207,0.001923,-3.9e-05,0.00155,0.018378,0.008245,0.022754,0.001091
2025-09-17,0.006049,0.008615,-0.000362,0.007345,-0.00434,-0.001688,0.000928,0.030786,0.004826,-0.009199
2025-09-18,0.000849,0.001229,0.010761,0.011955,0.006655,0.001762,-0.000103,-0.003267,0.000136,0.005497
2025-09-19,-0.005371,-0.002361,-0.010236,-0.00026,-0.010515,-0.013716,0.010973,0.009364,-0.002876,-0.002187
2025-09-22,-0.011937,-0.030102,-0.002792,-0.026425,0.004923,-0.000499,-0.003159,-0.008233,-0.008407,-0.00901
2025-09-23,-0.000575,-0.003709,-0.00726,-0.001334,-0.019439,-0.005137,-0.008946,0.017948,0.003594,-0.009215
2025-09-24,-0.004893,-0.008817,-0.006425,-0.001937,0.010824,-0.00832,-0.00392,-0.005054,0.004429,-0.005456
2025-09-25,-0.007664,-0.025697,-0.001262,-0.006557,-0.004393,-0.00499,0.00233,-0.00583,-0.008003,-0.002244
2025-09-26,0.003789,-0.019713,-0.005053,-0.024178,-0.01044,-0.011775,-0.009816,-0.004877,0.023351,0.012497
2025-09-29,-0.003484,-0.001035,0.005555,-0.0049,-0.005534,-0.008458,-0.007513,0.016104,-0.01102,0.005307
2025-09-30,-0.00641,-0.002659,0.000737,0.0,0.006606,-7.4e-05,-0.012512,0.001952,-0.007971,-0.013996
2025-10-01,0.003446,0.008932,0.014984,0.002774,0.00867,0.017804,-0.00575,-0.009571,0.003088,0.010086
2025-10-02,0.0,0.0,0.0,0.0,0.0,0.0,0.0,0.0,0.0,0.0
2025-10-03,-0.003872,-0.004221,-0.000104,0.000553,0.00343,-0.004956,0.015581,0.003703,0.01711,-0.003205
2025-10-06,0.008508,0.029808,0.0086,0.020324,-0.001218,-0.001318,0.003374,0.007783,0.001045,-0.008781
2025-10-07,0.007127,-0.004919,0.009297,-0.011856,-0.009678,0.009168,0.013609,-0.010697,-0.001953,-0.002371
2025-10-08,-0.012565,0.017991,-0.003868,0.025026,-0.006793,-0.00407,0.007517,-0.007459,2.7e-05,-0.000125
2025-10-09,0.007606,0.011397,-0.001635,0.009565,0.007,0.004306,-0.000772,0.004486,0.010564,0.000375
2025-10-10,0.002831,-0.010909,0.003889,0.00371,0.004488,0.002979,-0.001081,0.021517,0.003927,0.007252
2025-10-13,-0.004849,-0.006968,-0.003976,-0.014324,-0.014275,-0.000652,0.007732,0.002612,-0.003832,-0.008813
2025-10-14,0.000655,-0.015596,0.000154,-0.00221,0.003811,0.003407,-0.004246,-0.006795,-0.006685,-0.006137
2025-10-15,-0.001163,0.006951,0.001126,-0.010403,0.006674,0.010332,0.01125,0.010434,0.022541,0.007813
2025-10-16,0.017463,0.000303,0.016458,-0.001967,0.016872,0.013515,-0.000559,0.000959,0.008645,0.013128
2025-10-17,0.01323,-0.002861,0.008247,-0.020659,0.016475,0.013617,0.02267,0.00248,-0.0058,0.017278
2025-10-20,0.035291,0.017892,0.000399,0.01374,-0.003572,-0.032229,0.019632,0.020638,0.008673,0.002184
2025-10-21,-0.001091,-0.002819,0.004736,0.007872,-0.001041,-0.00597,-0.0039,0.000386,0.004002,-0.000484
2025-10-22,0.0,0.0,0.0,0.0,0.0,0.0,0.0,0.0,0.0,0.0
2025-10-23,-0.011466,0.022117,0.001092,0.038101,0.00382,-0.013242,-0.017421,0.004076,0.007844,0.007509
2025-10-24,0.002209,-0.003254,-0.013927,-0.002028,-0.032749,0.010266,0.010658,-0.007734,-0.003522,0.002044
2025-10-27,0.022389,0.007084,0.008243,0.001398,-0.001828,-7.3e-05,0.025033,0.020177,0.00484,0.009237
2025-10-28,0.001887,-0.008752,0.000598,-0.002858,-0.005852,-0.010526,0.004855,0.008128,0.012488,-0.006537
2025-10-29,0.011635,-9.8e-05,0.004285,0.006799,-0.003604,0.005355,0.004976,0.010212,-0.0037,0.008854
2025-10-30,-0.010437,-0.007293,-0.009624,-0.01099,-0.007435,-0.005838,-0.016329,-0.005746,0.007428,-0.00676
2025-10-31,-0.001411,0.007479,-0.01087,-0.007698,-0.00166,-0.012551,-0.005711,0.002836,0.010884,0.003821
2025-11-03,-0.001144,-0.013473,0.005419,0.002159,-0.002231,0.000818,0.009491,0.013554,-0.012503,-0.015225
2025-11-04,-0.007813,-0.008817,-0.007455,-0.011848,-0.005813,-0.007056,0.018949,0.008318,-0.014094,-0.0122
2025-11-05,0.0,0.0,0.0,0.0,0.0,0.0,0.0,0.0,0.0,0.0
2025-11-06,0.015613,0.006923,-0.000609,-0.000818,-0.003966,-0.012342,-0.008707,0.003289,-0.010906,-0.003424
2025-11-07,-0.012098,-0.006344,-0.002387,0.006886,-0.001241,0.017116,-0.044728,-0.0051,0.000232,-0.008466
2025-11-10,0.007645,0.011164,0.00224,0.024851,-0.002154,0.003723,0.009294,-0.004917,0.009272,0.003712
2025-11-11,0.002753,0.007206,0.007313,0.0111,0.007763,0.007641,0.01114,0.00226,0.009315,0.003206
2025-11-12,0.01212,0.027831,-0.002218,0.013984,-0.001236,0.000442,0.015424,0.004039,-0.000101,0.000369
2025-11-13,-0.000397,-0.008334,-0.00288,-0.00638,-0.00697,0.019869,0.00868,-0.003291,0.012112,-0.003194
2025-11-14,0.005295,9.7e-05,0.00299,-0.025295,0.008349,-0.009308,0.004255,0.014518,0.000475,0.006039
2025-11-17,-0.000395,-0.001223,0.007023,0.003194,-0.001112,0.00437,0.005474,0.005683,0.005819,-0.002573
2025-11-18,0.000724,-0.004867,-0.004114,-0.014062,-0.00866,-0.004061,0.017517,-0.000925,-0.006977,-0.00307
2025-11-19,-0.000329,0.01963,0.002166,0.0368,0.015641,0.007063,0.004932,0.010592,0.005,-0.005667
2025-11-20,0.019883,-0.000921,0.014327,-0.002985,-0.005406,-7.2e-05,-0.000695,-0.001221,0.004428,0.004708
2025-11-21,-0.001614,0.001844,-0.010705,0.005532,0.002183,-0.009761,0.002039,-0.009118,-0.003096,0.005919
2025-11-24,-0.006918,-0.002984,0.001102,0.001942,-0.003904,-0.000803,-0.004901,-0.002056,-0.002882,-0.010543
2025-11-25,0.002474,-0.007004,-0.009358,-0.01124,-0.004166,-0.007746,0.004414,0.013394,-0.004136,-0.006815
2025-11-26,0.019614,0.01401,0.014245,0.017836,0.004598,0.012668,-0.016099,0.000305,0.016338,0.003743
2025-11-27,-0.00414,-0.008315,0.005578,0.005456,0.010927,0.012509,-0.005266,-0.011231,0.004751,0.004971
2025-11-28,0.002622,0.000287,-0.001882,-0.004022,0.006077,-0.002442,-0.006618,0.006322,-0.002867,-0.000124
2025-12-01,-0.000893,-0.001307,-0.005459,0.0025,-0.000851,0.000936,-0.005662,-0.006027,0.000885,0.0
2025-12-02,-0.012643,0.000734,-0.012274,-0.001918,0.005397,-0.012301,0.006843,-0.00596,-0.010483,-0.008163
2025-12-03,-0.00485,0.014128,0.01081,0.011339,-0.012027,0.013474,-0.008555,-0.016799,-0.010545,-0.001122
2025-12-04,-0.00208,0.015472,-0.003298,0.011972,0.005801,-0.00345,0.008533,-0.003102,-0.001103,0.006367
2025-12-05,0.003256,0.002787,0.006117,0.011642,-0.050199,0.004183,0.002377,0.024681,0.013706,0.004714
2025-12-08,0.001558,-0.000525,-0.000199,-0.003341,-0.010519,-0.002083,-0.010717,-0.015543,-0.010277,-0.006544
2025-12-09,-0.008814,-0.008713,-0.005981,-0.007326,-0.003241,-0.010363,0.001678,0.003084,0.0002,-0.003107
2025-12-10,0.004904,-0.005953,-0.007321,-0.008881,-0.002081,-0.008435,-0.010863,0.000417,-0.001551,0.005236
2025-12-11,0.00527,0.000847,0.010608,0.008329,0.001694,-0.00264,-0.006676,0.003647,0.003157,-0.00062
2025-12-12,0.007443,0.00896,0.0012,0.000125,-0.019518,0.004412,0.014709,-0.000104,0.017533,-0.00695
2025-12-15,-0.000193,0.003012,-0.005392,0.005381,0.014554,-0.000586,-0.006576,0.004257,0.004467,0.005499
2025-12-16,-0.008932,-0.00777,-0.001807,-0.008651,-0.005407,0.000586,0.015606,-0.006307,-0.006964,-0.001491
2025-12-17,0.001362,0.003962,-0.010359,0.005713,-0.002411,-0.009956,0.002854,0.015294,-0.000345,-0.00473
2025-12-18,0.0,0.019579,-0.00437,0.015481,-0.004438,0.003253,-0.00759,0.001742,-0.007705,0.001501
2025-12-19,0.013403,0.000366,0.00592,0.007315,0.0064,-0.00199,0.002725,0.002813,0.010518,0.001623
2025-12-22,0.006581,0.013071,0.002232,0.031061,0.004167,0.010634,0.023788,-0.006121,-0.00027,0.004114
2025-12-23,-0.002983,-0.004481,0.009011,-0.012606,0.005722,-0.004019,-0.011501,-0.002463,-0.00334,0.011547
2025-12-24,-0.007958,0.002719,0.000602,-0.002937,-0.00886,-0.002348,0.000377,-0.003035,-0.001281,-0.001841
2025-12-25,0.0,0.0,0.0,0.0,0.0,0.0,0.0,0.0,0.0,0.0
2025-12-26,0.000642,-0.011751,-0.005114,-0.004389,0.001402,-0.006913,-0.008617,-0.002735,-0.001554,-0.006026
2025-12-29,-0.008722,-0.008689,-0.000403,-0.006884,0.003457,-0.005258,-0.011304,-0.001294,-0.002125,-0.003835
2025-12-30,-0.003753,-0.001445,-0.000807,-0.014045,-0.001352,-0.000596,0.008743,0.008704,0.003293,-0.004968
2025-12-31,0.019873,-0.012505,0.000303,-0.003823,0.011222,0.000298,0.002762,0.008989,0.007774,0.005991
2026-01-01,0.003311,0.006612,-5e-05,0.008914,0.003066,-0.003649,0.00228,0.002596,0.013934,-0.097146
2026-01-02,0.010599,0.007219,0.010543,0.006504,0.010762,0.013005,-0.001943,0.01442,0.005555,-0.037928
2026-01-05,-0.008918,-0.010644,-0.024061,-0.020727,0.015375,0.011878,-0.000617,0.006607,-0.003122,-0.001
2026-01-06,-0.044674,0.012344,-0.015652,0.003611,0.017029,0.028946,0.000143,0.013276,-0.002361,-0.020732
2026-01-07,-0.002255,0.012224,-0.013667,0.016623,-0.010434,0.011692,-0.010022,-0.011532,0.003961,-0.003504
2026-01-08,-0.022337,-0.027825,-0.002476,-0.01568,-0.005293,0.005113,-0.008588,-0.009085,-0.030936,-0.001026
2026-01-09,0.003196,0.001217,-0.008134,0.000496,-0.005908,-0.021394,-0.018971,0.002505,-0.000794,-0.011
2026-01-12,0.005355,0.009913,-0.002183,-0.011276,0.014162,0.006266,0.008337,0.014643,-0.00154,0.003708
2026-01-13,-0.020496,0.008766,0.000427,0.001942,-0.00694,0.016913,-0.008366,0.013101,-0.032744,-0.010934
2026-01-14,0.00413,-0.023103,-0.012695,0.0005,-0.015066,-0.012944,-0.002171,-9.7e-05,-0.005556,0.000149
2026-01-15,0.0,0.0,0.0,0.0,0.0,0.0,0.0,0.0,0.0,0.0
2026-01-16,-0.000617,0.022708,0.006105,0.056257,0.002932,-0.005358,-0.003016,0.013565,-0.002432,-0.01658
2026-01-19,-0.030386,-0.013441,-0.003437,-0.005089,0.022666,-0.021406,-0.003174,-0.003742,0.003475,0.012151
2026-01-20,-0.013865,-0.019377,0.003556,-0.013264,-0.014416,-0.003477,-0.006965,-0.001926,-0.015324,-0.020708
2026-01-21,0.007604,0.006544,-0.011652,-0.002713,-0.004666,-0.01948,5e-05,-0.007478,-0.011547,-0.00475
2026-01-22,-0.001495,0.008903,-0.001793,0.0055,0.009544,-0.002595,0.003056,0.019151,0.007248,0.000308
2026-01-23,-0.011693,0.003841,-0.00283,0.004388,0.007906,-0.001561,-0.00874,-0.017981,-0.013179,-0.004464
2026-01-26,0.0,0.0,0.0,0.0,0.0,0.0,0.0,0.0,0.0,0.0
2026-01-27,-0.00404,-0.001423,0.011243,0.007122,-0.003569,0.013399,-0.005694,0.022972,0.011753,-0.014688
2026-01-28,0.011735,0.013331,0.006801,-0.009627,-0.009371,0.004628,-0.007956,0.009828,0.001637,0.007846
2026-01-29,-0.004081,-0.017406,0.003002,-0.0042,-0.010848,0.011625,0.00521,0.002539,0.03661,-0.00794
2026-01-30,0.003163,-0.00652,-0.006681,-0.011148,0.008671,-0.020671,0.000406,0.01027,-0.000153,0.011142
2026-02-02,-0.003583,0.014629,-0.001238,-0.007069,-0.006616,-0.001624,-0.001676,-0.04498,-0.002797,-0.023126
2026-02-03,0.033587,0.017573,0.022196,0.016325,0.004794,0.027277,0.016231,0.03451,0.029965,0.006196
2026-02-04,0.013708,-0.070133,0.004638,-0.072585,0.001013,0.013456,0.014269,0.003759,0.011959,0.01193
2026-02-05,-0.009198,-0.002534,-0.003567,-0.010158,-0.007001,-0.008449,-0.016487,0.004962,-0.005823,-0.01163
2026-02-06,0.005127,-0.016681,-0.009056,-0.008617,0.029647,0.006874,0.023088,-0.006614,0.001181,0.05029
2026-02-09,0.007444,0.002244,-0.004091,-0.006569,0.004455,-0.00697,-9.8e-05,0.074644,0.011185,-0.009208
2026-02-10,-0.002121,0.012347,-0.005175,0.000401,0.007639,0.007305,-0.013198,-0.001658,0.013467,-0.004337
2026-02-11,0.006993,-0.025062,-0.005684,-0.017292,0.00379,-0.000284,0.000398,0.033913,0.000336,-0.009801
2026-02-12,-0.013481,-0.054883,-0.007011,-0.05836,-0.021601,0.016997,0.001193,0.008031,0.003717,-0.002514
2026-02-13,-0.020222,-0.021054,-0.01814,-0.012193,-0.043366,-0.010769,-0.004865,0.0052,-0.002867,-0.011655
